2026-07-21 07:33:05 - GeoTravelGlobalLogger - INFO     - [logger.py:345] - Git Metadata - Branch: MAIN, Commit: b1d5cb1
2026-07-21 07:33:05 - GeoTravelGlobalLogger - INFO     - [logger.py:345] - Git Metadata - Branch: MAIN, Commit: b1d5cb1
2026-07-21 07:33:05 - GeoTravelGlobalLogger - INFO     - [logger.py:345] - Branch: MAIN
2026-07-21 07:33:05 - GeoTravelGlobalLogger - INFO     - [logger.py:345] - Build ID: #2026.07.21.0733
2026-07-21 07:33:05 - GeoTravelGlobalLogger - INFO     - [logger.py:345] - Browser: CHROME
2026-07-21 07:33:05 - GeoTravelGlobalLogger - INFO     - [logger.py:345] - Environment: STAGING
2026-07-21 07:33:05 - GeoTravelGlobalLogger - INFO     - [logger.py:345] - Starting unified test run for: smoke, api
2026-07-21 07:33:05 - GeoTravelGlobalLogger - INFO     - [logger.py:345] - Slack webhook response: 200
2026-07-21 07:33:05 - GeoTravelGlobalLogger - INFO     - [logger.py:345] - 🚀 Starting SMOKE test suite...
2026-07-21 07:33:05 - GeoTravelGlobalLogger - INFO     - [logger.py:345] - Git Metadata - Branch: MAIN, Commit: b1d5cb1
2026-07-21 07:33:05 - GeoTravelGlobalLogger - INFO     - [logger.py:345] - Branch: MAIN
2026-07-21 07:33:05 - GeoTravelGlobalLogger - INFO     - [logger.py:345] - Build ID: #2026.07.21.0733
2026-07-21 07:33:05 - GeoTravelGlobalLogger - INFO     - [logger.py:345] - Browser: CHROME
2026-07-21 07:33:05 - GeoTravelGlobalLogger - INFO     - [logger.py:345] - Environment: STAGING
2026-07-21 07:33:05 - GeoTravelGlobalLogger - INFO     - [logger.py:345] - Running SMOKE tests from src/tests/smoke_tests/
2026-07-21 07:33:05 - GeoTravelGlobalLogger - INFO     - [logger.py:345] - Checking UI environment availability...
2026-07-21 07:33:05 - GeoTravelGlobalLogger - INFO     - [logger.py:345] - UI environment check attempt 1/3 for https://retail.stg.gowithgeo.com
2026-07-21 07:33:05 - GeoTravelGlobalLogger - INFO     - [logger.py:345] - SUCCESS: UI environment staging is accessible (Status: 200)
2026-07-21 07:33:05 - GeoTravelGlobalLogger - INFO     - [logger.py:345] - SUCCESS: UI environment is accessible - proceeding with tests
2026-07-21 07:33:05 - GeoTravelGlobalLogger - INFO     - [logger.py:345] - Starting test suite: Unified UI Smoke + API TEST REPORT
2026-07-21 07:33:06 - GeoTravelGlobalLogger - INFO     - [logger.py:345] - Environment checks will be performed after test collection
2026-07-21 07:33:06 - GeoTravelGlobalLogger - INFO     - [logger.py:345] - 🔍 Checking required environments based on detected test types...
2026-07-21 07:33:06 - GeoTravelGlobalLogger - INFO     - [logger.py:345] - 🔍 Detected test types: {'ui': True, 'api': False, 'partners_api': False}
2026-07-21 07:33:06 - GeoTravelGlobalLogger - INFO     - [logger.py:345] - UI check attempt 1/3 for https://retail.stg.gowithgeo.com
2026-07-21 07:33:06 - GeoTravelGlobalLogger - INFO     - [logger.py:345] - UI environment check attempt 1/1 for https://retail.stg.gowithgeo.com
2026-07-21 07:33:06 - GeoTravelGlobalLogger - INFO     - [logger.py:345] - SUCCESS: UI environment staging is accessible (Status: 200)
2026-07-21 07:33:06 - GeoTravelGlobalLogger - INFO     - [logger.py:345] - SUCCESS: UI environment is accessible
2026-07-21 07:33:06 - GeoTravelGlobalLogger - INFO     - [logger.py:345] - SUCCESS: ✅ All required environments are accessible: ui
2026-07-21 07:33:06 - GeoTravelGlobalLogger - INFO     - [logger.py:345] - Creating chrome driver...
2026-07-21 07:33:17 - GeoTravelGlobalLogger - INFO     - [logger.py:345] - chrome driver created successfully
2026-07-21 07:33:17 - GeoTravelGlobalLogger - INFO     - [logger.py:345] - === Testing Login Page Accessibility ===
2026-07-21 07:33:17 - GeoTravelGlobalLogger - INFO     - [logger.py:345] - 🔄 STEP 1: Navigating to homepage
2026-07-21 07:33:19 - GeoTravelGlobalLogger - INFO     - [logger.py:345] - Navigated to: https://retail.stg.gowithgeo.com/
2026-07-21 07:33:19 - GeoTravelGlobalLogger - INFO     - [logger.py:345] - 🏁 Warming up site before homepage load...
2026-07-21 07:33:20 - GeoTravelGlobalLogger - INFO     - [logger.py:345] - Navigated to: https://retail.stg.gowithgeo.com/
2026-07-21 07:33:20 - GeoTravelGlobalLogger - INFO     - [logger.py:345] - Warm-up page opened successfully.
2026-07-21 07:33:25 - GeoTravelGlobalLogger - INFO     - [logger.py:345] - 🏠 Waiting for homepage to load (max retries: 3)
2026-07-21 07:33:25 - GeoTravelGlobalLogger - INFO     - [logger.py:345] - Attempt 1/3
2026-07-21 07:33:25 - GeoTravelGlobalLogger - INFO     - [logger.py:345] - Page body loaded
2026-07-21 07:33:25 - GeoTravelGlobalLogger - INFO     - [logger.py:345] - Validating Geo Travel page...
2026-07-21 07:33:25 - GeoTravelGlobalLogger - INFO     - [logger.py:345] - Validating page HTML structure...
2026-07-21 07:33:25 - GeoTravelGlobalLogger - INFO     - [logger.py:345] - Validating page content keywords...
2026-07-21 07:33:25 - GeoTravelGlobalLogger - INFO     - [logger.py:345] - Page validation confidence: 100.0%
2026-07-21 07:33:25 - GeoTravelGlobalLogger - INFO     - [logger.py:345] - Found keywords: ['geo', 'travel', 'destination', 'book', 'tour', 'package', 'hotel', 'flight', 'vacation', 'adventure']
2026-07-21 07:33:25 - GeoTravelGlobalLogger - INFO     - [logger.py:345] - Homepage validation passed! Confidence: 100.0%
2026-07-21 07:33:25 - GeoTravelGlobalLogger - INFO     - [logger.py:345] - 🔄 STEP 2: Navigating to login page
2026-07-21 07:33:25 - GeoTravelGlobalLogger - INFO     - [logger.py:345] - Navigated to: https://retail.stg.gowithgeo.com/auth/login
2026-07-21 07:33:25 - GeoTravelGlobalLogger - INFO     - [logger.py:345] - 🔐 Navigated to login page
2026-07-21 07:33:25 - GeoTravelGlobalLogger - INFO     - [logger.py:345] - 🔄 STEP 3: Verifying login page loads
2026-07-21 07:33:25 - GeoTravelGlobalLogger - INFO     - [logger.py:345] - ⏳ Waiting for login page to load...
2026-07-21 07:33:25 - GeoTravelGlobalLogger - INFO     - [logger.py:345] - Login page loaded successfully
2026-07-21 07:33:25 - GeoTravelGlobalLogger - INFO     - [logger.py:345] - 🔄 STEP 4: Verifying required elements on login page
2026-07-21 07:33:25 - GeoTravelGlobalLogger - INFO     - [logger.py:345] - 🔄 STEP 5: Verifying login page title and content
2026-07-21 07:33:25 - GeoTravelGlobalLogger - INFO     - [logger.py:345] - SUCCESS: Login page accessibility test passed
2026-07-21 07:33:25 - GeoTravelGlobalLogger - INFO     - [logger.py:345] - ✅ Saved test-specific logs: reports/logs/src_tests_smoke_tests_test_auth_flow_smoke.py_TestAuthFlowSmoke_test_login_page_accessibility_073325.log
2026-07-21 07:33:25 - GeoTravelGlobalLogger - INFO     - [logger.py:345] - Test result added: src/tests/smoke_tests/test_auth_flow_smoke.py::TestAuthFlowSmoke::test_login_page_accessibility - PASS (Duration: 8.60s)
2026-07-21 07:33:25 - GeoTravelGlobalLogger - INFO     - [logger.py:345] - Added test result to Unified UI Smoke + API TEST REPORT: src/tests/smoke_tests/test_auth_flow_smoke.py::TestAuthFlowSmoke::test_login_page_accessibility - PASS
2026-07-21 07:33:25 - GeoTravelGlobalLogger - INFO     - [logger.py:345] - Test result added: test_login_page_accessibility - PASS (Duration: 19.56s)
2026-07-21 07:33:25 - GeoTravelGlobalLogger - INFO     - [logger.py:345] - Creating chrome driver...
2026-07-21 07:33:26 - GeoTravelGlobalLogger - INFO     - [logger.py:345] - chrome driver created successfully
2026-07-21 07:33:26 - GeoTravelGlobalLogger - INFO     - [logger.py:345] - === Testing Successful Login and Redirect ===
2026-07-21 07:33:26 - GeoTravelGlobalLogger - INFO     - [logger.py:345] - 🔄 STEP 1: Navigating to login page
2026-07-21 07:33:26 - GeoTravelGlobalLogger - INFO     - [logger.py:345] - Navigated to: https://retail.stg.gowithgeo.com/auth/login
2026-07-21 07:33:26 - GeoTravelGlobalLogger - INFO     - [logger.py:345] - 🔐 Navigated to login page
2026-07-21 07:33:26 - GeoTravelGlobalLogger - INFO     - [logger.py:345] - ⏳ Waiting for login page to load...
2026-07-21 07:33:27 - GeoTravelGlobalLogger - INFO     - [logger.py:345] - Login page loaded successfully
2026-07-21 07:33:27 - GeoTravelGlobalLogger - INFO     - [logger.py:345] - 🔄 STEP 2: Attempting login with valid credentials
2026-07-21 07:33:27 - GeoTravelGlobalLogger - INFO     - [logger.py:345] - Attempting login for user: geo.qa.bot@gmail.com
2026-07-21 07:33:27 - GeoTravelGlobalLogger - INFO     - [logger.py:345] - Login attempt completed
2026-07-21 07:33:27 - GeoTravelGlobalLogger - INFO     - [logger.py:345] - 🔍 Verifying login status...
2026-07-21 07:33:28 - GeoTravelGlobalLogger - INFO     - [logger.py:345] - Getting current URL
2026-07-21 07:33:28 - GeoTravelGlobalLogger - INFO     - [logger.py:345] - Redirected to: https://retail.stg.gowithgeo.com/dashboard/bookings/upcoming
2026-07-21 07:33:28 - GeoTravelGlobalLogger - INFO     - [logger.py:345] - Looking for dashboard indicators...
2026-07-21 07:33:28 - GeoTravelGlobalLogger - INFO     - [logger.py:345] -   Trying indicator 1: ('xpath', "//span[contains(text(),'Bookings')]")
2026-07-21 07:33:28 - GeoTravelGlobalLogger - INFO     - [logger.py:345] - Dashboard found with indicator 1: ('xpath', "//span[contains(text(),'Bookings')]")
2026-07-21 07:33:28 - GeoTravelGlobalLogger - INFO     - [logger.py:345] - SUCCESS: Login confirmed – Dashboard detected.
2026-07-21 07:33:28 - GeoTravelGlobalLogger - INFO     - [logger.py:345] - 🔄 STEP 3: Verifying user is redirected to dashboard
2026-07-21 07:33:28 - GeoTravelGlobalLogger - INFO     - [logger.py:345] - Dashboard verified via UI element: ('xpath', "//span[contains(text(),'Bookings')]")
2026-07-21 07:33:28 - GeoTravelGlobalLogger - INFO     - [logger.py:345] - SUCCESS: Successful login & redirect test passed
2026-07-21 07:33:28 - GeoTravelGlobalLogger - INFO     - [logger.py:345] - ✅ Saved test-specific logs: reports/logs/src_tests_smoke_tests_test_auth_flow_smoke.py_TestAuthFlowSmoke_test_successful_login_and_redirect_073328.log
2026-07-21 07:33:28 - GeoTravelGlobalLogger - INFO     - [logger.py:345] - Test result added: src/tests/smoke_tests/test_auth_flow_smoke.py::TestAuthFlowSmoke::test_successful_login_and_redirect - PASS (Duration: 2.42s)
2026-07-21 07:33:28 - GeoTravelGlobalLogger - INFO     - [logger.py:345] - Added test result to Unified UI Smoke + API TEST REPORT: src/tests/smoke_tests/test_auth_flow_smoke.py::TestAuthFlowSmoke::test_successful_login_and_redirect - PASS
2026-07-21 07:33:28 - GeoTravelGlobalLogger - INFO     - [logger.py:345] - Test result added: test_successful_login_and_redirect - PASS (Duration: 2.92s)
2026-07-21 07:33:28 - GeoTravelGlobalLogger - INFO     - [logger.py:345] - Creating chrome driver...
2026-07-21 07:33:29 - GeoTravelGlobalLogger - INFO     - [logger.py:345] - chrome driver created successfully
2026-07-21 07:33:29 - GeoTravelGlobalLogger - INFO     - [logger.py:345] - === Testing Failed Login with Error Message ===
2026-07-21 07:33:29 - GeoTravelGlobalLogger - INFO     - [logger.py:345] - 🔄 STEP 1: Navigating to login page
2026-07-21 07:33:29 - GeoTravelGlobalLogger - INFO     - [logger.py:345] - Navigated to: https://retail.stg.gowithgeo.com/auth/login
2026-07-21 07:33:29 - GeoTravelGlobalLogger - INFO     - [logger.py:345] - 🔐 Navigated to login page
2026-07-21 07:33:29 - GeoTravelGlobalLogger - INFO     - [logger.py:345] - ⏳ Waiting for login page to load...
2026-07-21 07:33:29 - GeoTravelGlobalLogger - INFO     - [logger.py:345] - Login page loaded successfully
2026-07-21 07:33:29 - GeoTravelGlobalLogger - INFO     - [logger.py:345] - 🔄 STEP 2: Attempting login with invalid credentials
2026-07-21 07:33:29 - GeoTravelGlobalLogger - INFO     - [logger.py:345] - Attempting login for user: invalid_user@example.com
2026-07-21 07:33:30 - GeoTravelGlobalLogger - INFO     - [logger.py:345] - Login attempt completed
2026-07-21 07:33:30 - GeoTravelGlobalLogger - INFO     - [logger.py:345] - 🔍 Verifying login status...
2026-07-21 07:34:00 - GeoTravelGlobalLogger - ERROR    - [logger.py:363] - Login did not reach dashboard: Message: 

2026-07-21 07:34:00 - GeoTravelGlobalLogger - INFO     - [logger.py:345] - 🔄 STEP 3: Fetching error message from toast
2026-07-21 07:34:12 - GeoTravelGlobalLogger - INFO     - [logger.py:345] - Getting current URL
2026-07-21 07:34:12 - GeoTravelGlobalLogger - INFO     - [logger.py:345] - SUCCESS: Failed login confirmed — user remained on login page
2026-07-21 07:34:12 - GeoTravelGlobalLogger - INFO     - [logger.py:345] - ✅ Saved test-specific logs: reports/logs/src_tests_smoke_tests_test_auth_flow_smoke.py_TestAuthFlowSmoke_test_failed_login_with_error_message_073412.log
2026-07-21 07:34:12 - GeoTravelGlobalLogger - INFO     - [logger.py:345] - Test result added: src/tests/smoke_tests/test_auth_flow_smoke.py::TestAuthFlowSmoke::test_failed_login_with_error_message - PASS (Duration: 42.94s)
2026-07-21 07:34:12 - GeoTravelGlobalLogger - INFO     - [logger.py:345] - Added test result to Unified UI Smoke + API TEST REPORT: src/tests/smoke_tests/test_auth_flow_smoke.py::TestAuthFlowSmoke::test_failed_login_with_error_message - PASS
2026-07-21 07:34:12 - GeoTravelGlobalLogger - INFO     - [logger.py:345] - Test result added: test_failed_login_with_error_message - PASS (Duration: 43.43s)
2026-07-21 07:34:12 - GeoTravelGlobalLogger - INFO     - [logger.py:345] - Creating chrome driver...
2026-07-21 07:34:12 - GeoTravelGlobalLogger - INFO     - [logger.py:345] - chrome driver created successfully
2026-07-21 07:34:12 - GeoTravelGlobalLogger - INFO     - [logger.py:345] - === Testing Logout Functionality ===
2026-07-21 07:34:12 - GeoTravelGlobalLogger - INFO     - [logger.py:345] - 🔄 STEP 1: Logging in with valid credentials
2026-07-21 07:34:13 - GeoTravelGlobalLogger - INFO     - [logger.py:345] - Navigated to: https://retail.stg.gowithgeo.com/auth/login
2026-07-21 07:34:13 - GeoTravelGlobalLogger - INFO     - [logger.py:345] - 🔐 Navigated to login page
2026-07-21 07:34:13 - GeoTravelGlobalLogger - INFO     - [logger.py:345] - ⏳ Waiting for login page to load...
2026-07-21 07:34:13 - GeoTravelGlobalLogger - INFO     - [logger.py:345] - Login page loaded successfully
2026-07-21 07:34:13 - GeoTravelGlobalLogger - INFO     - [logger.py:345] - Attempting login for user: geo.qa.bot@gmail.com
2026-07-21 07:34:13 - GeoTravelGlobalLogger - INFO     - [logger.py:345] - Login attempt completed
2026-07-21 07:34:13 - GeoTravelGlobalLogger - INFO     - [logger.py:345] - 🔍 Verifying login status...
2026-07-21 07:34:15 - GeoTravelGlobalLogger - INFO     - [logger.py:345] - Getting current URL
2026-07-21 07:34:15 - GeoTravelGlobalLogger - INFO     - [logger.py:345] - Redirected to: https://retail.stg.gowithgeo.com/dashboard/bookings/upcoming
2026-07-21 07:34:15 - GeoTravelGlobalLogger - INFO     - [logger.py:345] - Looking for dashboard indicators...
2026-07-21 07:34:15 - GeoTravelGlobalLogger - INFO     - [logger.py:345] -   Trying indicator 1: ('xpath', "//span[contains(text(),'Bookings')]")
2026-07-21 07:34:15 - GeoTravelGlobalLogger - INFO     - [logger.py:345] - Dashboard found with indicator 1: ('xpath', "//span[contains(text(),'Bookings')]")
2026-07-21 07:34:15 - GeoTravelGlobalLogger - INFO     - [logger.py:345] - SUCCESS: Login confirmed – Dashboard detected.
2026-07-21 07:34:15 - GeoTravelGlobalLogger - INFO     - [logger.py:345] - 🔄 STEP 2: Verifying user is on dashboard after login
2026-07-21 07:34:15 - GeoTravelGlobalLogger - INFO     - [logger.py:345] - Dashboard verified via UI element: ('xpath', "//span[contains(text(),'Bookings')]")
2026-07-21 07:34:15 - GeoTravelGlobalLogger - INFO     - [logger.py:345] - 🔄 STEP 3: Performing logout
2026-07-21 07:34:15 - GeoTravelGlobalLogger - INFO     - [logger.py:345] - Attempting logout...
2026-07-21 07:34:15 - GeoTravelGlobalLogger - INFO     - [logger.py:345] - Dashboard verified via UI element: ('xpath', "//span[contains(text(),'Bookings')]")
2026-07-21 07:34:21 - GeoTravelGlobalLogger - INFO     - [logger.py:345] - Clicked logout via normal click: ('xpath', "//button[.//*[contains(@class, 'lucide-log-out')]]")
2026-07-21 07:34:24 - GeoTravelGlobalLogger - INFO     - [logger.py:345] - Getting current URL
2026-07-21 07:34:24 - GeoTravelGlobalLogger - INFO     - [logger.py:345] - SUCCESS: Successfully logged out and redirected.
2026-07-21 07:34:24 - GeoTravelGlobalLogger - INFO     - [logger.py:345] - SUCCESS: Logout functionality test passed
2026-07-21 07:34:24 - GeoTravelGlobalLogger - INFO     - [logger.py:345] - ✅ Saved test-specific logs: reports/logs/src_tests_smoke_tests_test_auth_flow_smoke.py_TestAuthFlowSmoke_test_logout_functionality_073424.log
2026-07-21 07:34:24 - GeoTravelGlobalLogger - INFO     - [logger.py:345] - Test result added: src/tests/smoke_tests/test_auth_flow_smoke.py::TestAuthFlowSmoke::test_logout_functionality - PASS (Duration: 11.28s)
2026-07-21 07:34:24 - GeoTravelGlobalLogger - INFO     - [logger.py:345] - Added test result to Unified UI Smoke + API TEST REPORT: src/tests/smoke_tests/test_auth_flow_smoke.py::TestAuthFlowSmoke::test_logout_functionality - PASS
2026-07-21 07:34:24 - GeoTravelGlobalLogger - INFO     - [logger.py:345] - Test result added: test_logout_functionality - PASS (Duration: 11.77s)
2026-07-21 07:34:24 - GeoTravelGlobalLogger - INFO     - [logger.py:345] - Creating chrome driver...
2026-07-21 07:34:24 - GeoTravelGlobalLogger - INFO     - [logger.py:345] - chrome driver created successfully
2026-07-21 07:34:24 - GeoTravelGlobalLogger - INFO     - [logger.py:345] - === Test: Blogs Page Navigation ===
2026-07-21 07:34:24 - GeoTravelGlobalLogger - INFO     - [logger.py:345] - 🔄 STEP 1: Opening homepage
2026-07-21 07:34:25 - GeoTravelGlobalLogger - INFO     - [logger.py:345] - Navigated to: https://retail.stg.gowithgeo.com/
2026-07-21 07:34:25 - GeoTravelGlobalLogger - INFO     - [logger.py:345] - 🏁 Warming up site before homepage load...
2026-07-21 07:34:25 - GeoTravelGlobalLogger - INFO     - [logger.py:345] - Navigated to: https://retail.stg.gowithgeo.com/
2026-07-21 07:34:25 - GeoTravelGlobalLogger - INFO     - [logger.py:345] - Warm-up page opened successfully.
2026-07-21 07:34:30 - GeoTravelGlobalLogger - INFO     - [logger.py:345] - 🏠 Waiting for homepage to load (max retries: 3)
2026-07-21 07:34:30 - GeoTravelGlobalLogger - INFO     - [logger.py:345] - Attempt 1/3
2026-07-21 07:34:30 - GeoTravelGlobalLogger - INFO     - [logger.py:345] - Page body loaded
2026-07-21 07:34:30 - GeoTravelGlobalLogger - INFO     - [logger.py:345] - Validating Geo Travel page...
2026-07-21 07:34:30 - GeoTravelGlobalLogger - INFO     - [logger.py:345] - Validating page HTML structure...
2026-07-21 07:34:30 - GeoTravelGlobalLogger - INFO     - [logger.py:345] - Validating page content keywords...
2026-07-21 07:34:30 - GeoTravelGlobalLogger - INFO     - [logger.py:345] - Page validation confidence: 100.0%
2026-07-21 07:34:30 - GeoTravelGlobalLogger - INFO     - [logger.py:345] - Found keywords: ['geo', 'travel', 'destination', 'book', 'tour', 'package', 'hotel', 'flight', 'vacation', 'adventure']
2026-07-21 07:34:30 - GeoTravelGlobalLogger - INFO     - [logger.py:345] - Homepage validation passed! Confidence: 100.0%
2026-07-21 07:34:30 - GeoTravelGlobalLogger - INFO     - [logger.py:345] - 🔄 STEP 2: Navigating to Blogs
2026-07-21 07:34:30 - GeoTravelGlobalLogger - INFO     - [logger.py:345] - Navigating to Blogs page
2026-07-21 07:34:31 - GeoTravelGlobalLogger - INFO     - [logger.py:345] - Successfully navigated to Blogs page
2026-07-21 07:34:31 - GeoTravelGlobalLogger - INFO     - [logger.py:345] - Blogs page source verified
2026-07-21 07:34:31 - GeoTravelGlobalLogger - INFO     - [logger.py:345] - Successfully navigated to Blogs page
2026-07-21 07:34:31 - GeoTravelGlobalLogger - INFO     - [logger.py:345] - 🔄 STEP 3: Verifying Blogs page
2026-07-21 07:34:31 - GeoTravelGlobalLogger - INFO     - [logger.py:345] - Verifying Blogs page loaded
2026-07-21 07:34:31 - GeoTravelGlobalLogger - INFO     - [logger.py:345] - Blogs header is visible
2026-07-21 07:34:31 - GeoTravelGlobalLogger - INFO     - [logger.py:345] - Blogs container is present
2026-07-21 07:34:31 - GeoTravelGlobalLogger - INFO     - [logger.py:345] - Blogs page verified
2026-07-21 07:34:31 - GeoTravelGlobalLogger - INFO     - [logger.py:345] - SUCCESS: ✅ Blogs page navigation verified
2026-07-21 07:34:31 - GeoTravelGlobalLogger - INFO     - [logger.py:345] - ✅ Saved test-specific logs: reports/logs/src_tests_smoke_tests_test_blogs_smoke.py_TestBlogs_test_blogs_page_navigation_073431.log
2026-07-21 07:34:31 - GeoTravelGlobalLogger - INFO     - [logger.py:345] - Test result added: src/tests/smoke_tests/test_blogs_smoke.py::TestBlogs::test_blogs_page_navigation - PASS (Duration: 6.73s)
2026-07-21 07:34:31 - GeoTravelGlobalLogger - INFO     - [logger.py:345] - Added test result to Unified UI Smoke + API TEST REPORT: src/tests/smoke_tests/test_blogs_smoke.py::TestBlogs::test_blogs_page_navigation - PASS
2026-07-21 07:34:31 - GeoTravelGlobalLogger - INFO     - [logger.py:345] - Test result added: test_blogs_page_navigation - PASS (Duration: 7.22s)
2026-07-21 07:34:31 - GeoTravelGlobalLogger - INFO     - [logger.py:345] - Creating chrome driver...
2026-07-21 07:34:31 - GeoTravelGlobalLogger - INFO     - [logger.py:345] - chrome driver created successfully
2026-07-21 07:34:31 - GeoTravelGlobalLogger - INFO     - [logger.py:345] - === Test: Read Blog ===
2026-07-21 07:34:31 - GeoTravelGlobalLogger - INFO     - [logger.py:345] - 🔄 STEP 1: Navigating to Blogs
2026-07-21 07:34:32 - GeoTravelGlobalLogger - INFO     - [logger.py:345] - Navigated to: https://retail.stg.gowithgeo.com/
2026-07-21 07:34:32 - GeoTravelGlobalLogger - INFO     - [logger.py:345] - 🏁 Warming up site before homepage load...
2026-07-21 07:34:33 - GeoTravelGlobalLogger - INFO     - [logger.py:345] - Navigated to: https://retail.stg.gowithgeo.com/
2026-07-21 07:34:33 - GeoTravelGlobalLogger - INFO     - [logger.py:345] - Warm-up page opened successfully.
2026-07-21 07:34:38 - GeoTravelGlobalLogger - INFO     - [logger.py:345] - 🏠 Waiting for homepage to load (max retries: 3)
2026-07-21 07:34:38 - GeoTravelGlobalLogger - INFO     - [logger.py:345] - Attempt 1/3
2026-07-21 07:34:38 - GeoTravelGlobalLogger - INFO     - [logger.py:345] - Page body loaded
2026-07-21 07:34:38 - GeoTravelGlobalLogger - INFO     - [logger.py:345] - Validating Geo Travel page...
2026-07-21 07:34:38 - GeoTravelGlobalLogger - INFO     - [logger.py:345] - Validating page HTML structure...
2026-07-21 07:34:38 - GeoTravelGlobalLogger - INFO     - [logger.py:345] - Validating page content keywords...
2026-07-21 07:34:38 - GeoTravelGlobalLogger - INFO     - [logger.py:345] - Page validation confidence: 100.0%
2026-07-21 07:34:38 - GeoTravelGlobalLogger - INFO     - [logger.py:345] - Found keywords: ['geo', 'travel', 'destination', 'book', 'tour', 'package', 'hotel', 'flight', 'vacation', 'adventure']
2026-07-21 07:34:38 - GeoTravelGlobalLogger - INFO     - [logger.py:345] - Homepage validation passed! Confidence: 100.0%
2026-07-21 07:34:38 - GeoTravelGlobalLogger - INFO     - [logger.py:345] - Navigating to Blogs page
2026-07-21 07:34:38 - GeoTravelGlobalLogger - INFO     - [logger.py:345] - Successfully navigated to Blogs page
2026-07-21 07:34:38 - GeoTravelGlobalLogger - INFO     - [logger.py:345] - Blogs page source verified
2026-07-21 07:34:38 - GeoTravelGlobalLogger - INFO     - [logger.py:345] - Successfully navigated to Blogs page
2026-07-21 07:34:38 - GeoTravelGlobalLogger - INFO     - [logger.py:345] - 🔄 STEP 2: Clicking on first blog
2026-07-21 07:34:38 - GeoTravelGlobalLogger - INFO     - [logger.py:345] - Clicking on first blog's Read article button
2026-07-21 07:34:46 - GeoTravelGlobalLogger - INFO     - [logger.py:345] - Successfully clicked on first blog's Read article button
2026-07-21 07:34:46 - GeoTravelGlobalLogger - INFO     - [logger.py:345] - 🔄 STEP 3: Waiting for blog detail
2026-07-21 07:34:46 - GeoTravelGlobalLogger - INFO     - [logger.py:345] - Waiting for blog detail to load
2026-07-21 07:34:46 - GeoTravelGlobalLogger - INFO     - [logger.py:345] - Blog detail loaded
2026-07-21 07:34:46 - GeoTravelGlobalLogger - INFO     - [logger.py:345] - 🔄 STEP 4: Verifying URL
2026-07-21 07:34:46 - GeoTravelGlobalLogger - INFO     - [logger.py:345] - SUCCESS: ✅ Read blog verified
2026-07-21 07:34:46 - GeoTravelGlobalLogger - INFO     - [logger.py:345] - ✅ Saved test-specific logs: reports/logs/src_tests_smoke_tests_test_blogs_smoke.py_TestBlogs_test_read_blog_073446.log
2026-07-21 07:34:46 - GeoTravelGlobalLogger - INFO     - [logger.py:345] - Test result added: src/tests/smoke_tests/test_blogs_smoke.py::TestBlogs::test_read_blog - PASS (Duration: 14.55s)
2026-07-21 07:34:46 - GeoTravelGlobalLogger - INFO     - [logger.py:345] - Added test result to Unified UI Smoke + API TEST REPORT: src/tests/smoke_tests/test_blogs_smoke.py::TestBlogs::test_read_blog - PASS
2026-07-21 07:34:46 - GeoTravelGlobalLogger - INFO     - [logger.py:345] - Test result added: test_read_blog - PASS (Duration: 15.03s)
2026-07-21 07:34:46 - GeoTravelGlobalLogger - INFO     - [logger.py:345] - Creating chrome driver...
2026-07-21 07:34:46 - GeoTravelGlobalLogger - INFO     - [logger.py:345] - chrome driver created successfully
2026-07-21 07:34:46 - GeoTravelGlobalLogger - INFO     - [logger.py:345] - === Test: Comment Flow ===
2026-07-21 07:34:46 - GeoTravelGlobalLogger - INFO     - [logger.py:345] - 🔄 STEP 1: Navigating to blog detail
2026-07-21 07:34:47 - GeoTravelGlobalLogger - INFO     - [logger.py:345] - Navigated to: https://retail.stg.gowithgeo.com/
2026-07-21 07:34:47 - GeoTravelGlobalLogger - INFO     - [logger.py:345] - 🏁 Warming up site before homepage load...
2026-07-21 07:34:48 - GeoTravelGlobalLogger - INFO     - [logger.py:345] - Navigated to: https://retail.stg.gowithgeo.com/
2026-07-21 07:34:48 - GeoTravelGlobalLogger - INFO     - [logger.py:345] - Warm-up page opened successfully.
2026-07-21 07:34:53 - GeoTravelGlobalLogger - INFO     - [logger.py:345] - 🏠 Waiting for homepage to load (max retries: 3)
2026-07-21 07:34:53 - GeoTravelGlobalLogger - INFO     - [logger.py:345] - Attempt 1/3
2026-07-21 07:34:53 - GeoTravelGlobalLogger - INFO     - [logger.py:345] - Page body loaded
2026-07-21 07:34:53 - GeoTravelGlobalLogger - INFO     - [logger.py:345] - Validating Geo Travel page...
2026-07-21 07:34:53 - GeoTravelGlobalLogger - INFO     - [logger.py:345] - Validating page HTML structure...
2026-07-21 07:34:53 - GeoTravelGlobalLogger - INFO     - [logger.py:345] - Validating page content keywords...
2026-07-21 07:34:53 - GeoTravelGlobalLogger - INFO     - [logger.py:345] - Page validation confidence: 100.0%
2026-07-21 07:34:53 - GeoTravelGlobalLogger - INFO     - [logger.py:345] - Found keywords: ['geo', 'travel', 'destination', 'book', 'tour', 'package', 'hotel', 'flight', 'vacation', 'adventure']
2026-07-21 07:34:53 - GeoTravelGlobalLogger - INFO     - [logger.py:345] - Homepage validation passed! Confidence: 100.0%
2026-07-21 07:34:53 - GeoTravelGlobalLogger - INFO     - [logger.py:345] - Navigating to Blogs page
2026-07-21 07:34:53 - GeoTravelGlobalLogger - INFO     - [logger.py:345] - Successfully navigated to Blogs page
2026-07-21 07:34:53 - GeoTravelGlobalLogger - INFO     - [logger.py:345] - Blogs page source verified
2026-07-21 07:34:53 - GeoTravelGlobalLogger - INFO     - [logger.py:345] - Successfully navigated to Blogs page
2026-07-21 07:34:53 - GeoTravelGlobalLogger - INFO     - [logger.py:345] - Clicking on first blog's Read article button
2026-07-21 07:35:01 - GeoTravelGlobalLogger - INFO     - [logger.py:345] - Successfully clicked on first blog's Read article button
2026-07-21 07:35:01 - GeoTravelGlobalLogger - INFO     - [logger.py:345] - Waiting for blog detail to load
2026-07-21 07:35:01 - GeoTravelGlobalLogger - INFO     - [logger.py:345] - Blog detail loaded
2026-07-21 07:35:01 - GeoTravelGlobalLogger - INFO     - [logger.py:345] - 🔄 STEP 2: Filling comment form
2026-07-21 07:35:01 - GeoTravelGlobalLogger - INFO     - [logger.py:345] - Filling comment form with name: QA Bot 20260721_073446
2026-07-21 07:35:04 - GeoTravelGlobalLogger - INFO     - [logger.py:345] - Comment form filled successfully
2026-07-21 07:35:04 - GeoTravelGlobalLogger - INFO     - [logger.py:345] - 🔄 STEP 3: Submitting comment
2026-07-21 07:35:04 - GeoTravelGlobalLogger - INFO     - [logger.py:345] - Submitting comment
2026-07-21 07:35:10 - GeoTravelGlobalLogger - INFO     - [logger.py:345] - Comment submitted
2026-07-21 07:35:10 - GeoTravelGlobalLogger - INFO     - [logger.py:345] - 🔄 STEP 4: Verifying success message
2026-07-21 07:35:10 - GeoTravelGlobalLogger - INFO     - [logger.py:345] - Checking success toast message
2026-07-21 07:35:10 - GeoTravelGlobalLogger - INFO     - [logger.py:345] - SUCCESS: ✅ Comment flow verified
2026-07-21 07:35:10 - GeoTravelGlobalLogger - INFO     - [logger.py:345] - ✅ Saved test-specific logs: reports/logs/src_tests_smoke_tests_test_blogs_smoke.py_TestBlogs_test_comment_flow_073510.log
2026-07-21 07:35:10 - GeoTravelGlobalLogger - INFO     - [logger.py:345] - Test result added: src/tests/smoke_tests/test_blogs_smoke.py::TestBlogs::test_comment_flow - PASS (Duration: 23.51s)
2026-07-21 07:35:10 - GeoTravelGlobalLogger - INFO     - [logger.py:345] - Added test result to Unified UI Smoke + API TEST REPORT: src/tests/smoke_tests/test_blogs_smoke.py::TestBlogs::test_comment_flow - PASS
2026-07-21 07:35:10 - GeoTravelGlobalLogger - INFO     - [logger.py:345] - Test result added: test_comment_flow - PASS (Duration: 24.02s)
2026-07-21 07:35:10 - GeoTravelGlobalLogger - INFO     - [logger.py:345] - Creating chrome driver...
2026-07-21 07:35:10 - GeoTravelGlobalLogger - INFO     - [logger.py:345] - chrome driver created successfully
2026-07-21 07:35:10 - GeoTravelGlobalLogger - INFO     - [logger.py:345] - === Test: Scroll Functionality ===
2026-07-21 07:35:10 - GeoTravelGlobalLogger - INFO     - [logger.py:345] - 🔄 STEP 1: Navigating to blog detail
2026-07-21 07:35:11 - GeoTravelGlobalLogger - INFO     - [logger.py:345] - Navigated to: https://retail.stg.gowithgeo.com/
2026-07-21 07:35:11 - GeoTravelGlobalLogger - INFO     - [logger.py:345] - 🏁 Warming up site before homepage load...
2026-07-21 07:35:12 - GeoTravelGlobalLogger - INFO     - [logger.py:345] - Navigated to: https://retail.stg.gowithgeo.com/
2026-07-21 07:35:12 - GeoTravelGlobalLogger - INFO     - [logger.py:345] - Warm-up page opened successfully.
2026-07-21 07:35:17 - GeoTravelGlobalLogger - INFO     - [logger.py:345] - 🏠 Waiting for homepage to load (max retries: 3)
2026-07-21 07:35:17 - GeoTravelGlobalLogger - INFO     - [logger.py:345] - Attempt 1/3
2026-07-21 07:35:17 - GeoTravelGlobalLogger - INFO     - [logger.py:345] - Page body loaded
2026-07-21 07:35:17 - GeoTravelGlobalLogger - INFO     - [logger.py:345] - Validating Geo Travel page...
2026-07-21 07:35:17 - GeoTravelGlobalLogger - INFO     - [logger.py:345] - Validating page HTML structure...
2026-07-21 07:35:17 - GeoTravelGlobalLogger - INFO     - [logger.py:345] - Validating page content keywords...
2026-07-21 07:35:17 - GeoTravelGlobalLogger - INFO     - [logger.py:345] - Page validation confidence: 100.0%
2026-07-21 07:35:17 - GeoTravelGlobalLogger - INFO     - [logger.py:345] - Found keywords: ['geo', 'travel', 'destination', 'book', 'tour', 'package', 'hotel', 'flight', 'vacation', 'adventure']
2026-07-21 07:35:17 - GeoTravelGlobalLogger - INFO     - [logger.py:345] - Homepage validation passed! Confidence: 100.0%
2026-07-21 07:35:17 - GeoTravelGlobalLogger - INFO     - [logger.py:345] - Navigating to Blogs page
2026-07-21 07:35:17 - GeoTravelGlobalLogger - INFO     - [logger.py:345] - Successfully navigated to Blogs page
2026-07-21 07:35:17 - GeoTravelGlobalLogger - INFO     - [logger.py:345] - Blogs page source verified
2026-07-21 07:35:17 - GeoTravelGlobalLogger - INFO     - [logger.py:345] - Successfully navigated to Blogs page
2026-07-21 07:35:17 - GeoTravelGlobalLogger - INFO     - [logger.py:345] - Clicking on first blog's Read article button
2026-07-21 07:35:25 - GeoTravelGlobalLogger - INFO     - [logger.py:345] - Successfully clicked on first blog's Read article button
2026-07-21 07:35:25 - GeoTravelGlobalLogger - INFO     - [logger.py:345] - Waiting for blog detail to load
2026-07-21 07:35:25 - GeoTravelGlobalLogger - INFO     - [logger.py:345] - Blog detail loaded
2026-07-21 07:35:25 - GeoTravelGlobalLogger - INFO     - [logger.py:345] - Initial scroll position: 0
2026-07-21 07:35:25 - GeoTravelGlobalLogger - INFO     - [logger.py:345] - 🔄 STEP 2: Scrolling down
2026-07-21 07:35:26 - GeoTravelGlobalLogger - INFO     - [logger.py:345] - After scroll down position: 1597
2026-07-21 07:35:26 - GeoTravelGlobalLogger - INFO     - [logger.py:345] - 🔄 STEP 3: Scrolling up
2026-07-21 07:35:27 - GeoTravelGlobalLogger - INFO     - [logger.py:345] - After scroll up position: 0
2026-07-21 07:35:27 - GeoTravelGlobalLogger - INFO     - [logger.py:345] - SUCCESS: ✅ Scroll functionality verified
2026-07-21 07:35:27 - GeoTravelGlobalLogger - INFO     - [logger.py:345] - ✅ Saved test-specific logs: reports/logs/src_tests_smoke_tests_test_blogs_smoke.py_TestBlogs_test_scroll_functionality_073527.log
2026-07-21 07:35:27 - GeoTravelGlobalLogger - INFO     - [logger.py:345] - Test result added: src/tests/smoke_tests/test_blogs_smoke.py::TestBlogs::test_scroll_functionality - PASS (Duration: 16.53s)
2026-07-21 07:35:27 - GeoTravelGlobalLogger - INFO     - [logger.py:345] - Added test result to Unified UI Smoke + API TEST REPORT: src/tests/smoke_tests/test_blogs_smoke.py::TestBlogs::test_scroll_functionality - PASS
2026-07-21 07:35:27 - GeoTravelGlobalLogger - INFO     - [logger.py:345] - Test result added: test_scroll_functionality - PASS (Duration: 17.02s)
2026-07-21 07:35:27 - GeoTravelGlobalLogger - INFO     - [logger.py:345] - Creating chrome driver...
2026-07-21 07:35:27 - GeoTravelGlobalLogger - INFO     - [logger.py:345] - chrome driver created successfully
2026-07-21 07:35:27 - GeoTravelGlobalLogger - INFO     - [logger.py:345] - === Test: More Like This ===
2026-07-21 07:35:27 - GeoTravelGlobalLogger - INFO     - [logger.py:345] - 🔄 STEP 1: Navigating to blog detail
2026-07-21 07:35:28 - GeoTravelGlobalLogger - INFO     - [logger.py:345] - Navigated to: https://retail.stg.gowithgeo.com/
2026-07-21 07:35:28 - GeoTravelGlobalLogger - INFO     - [logger.py:345] - 🏁 Warming up site before homepage load...
2026-07-21 07:35:29 - GeoTravelGlobalLogger - INFO     - [logger.py:345] - Navigated to: https://retail.stg.gowithgeo.com/
2026-07-21 07:35:29 - GeoTravelGlobalLogger - INFO     - [logger.py:345] - Warm-up page opened successfully.
2026-07-21 07:35:34 - GeoTravelGlobalLogger - INFO     - [logger.py:345] - 🏠 Waiting for homepage to load (max retries: 3)
2026-07-21 07:35:34 - GeoTravelGlobalLogger - INFO     - [logger.py:345] - Attempt 1/3
2026-07-21 07:35:34 - GeoTravelGlobalLogger - INFO     - [logger.py:345] - Page body loaded
2026-07-21 07:35:34 - GeoTravelGlobalLogger - INFO     - [logger.py:345] - Validating Geo Travel page...
2026-07-21 07:35:34 - GeoTravelGlobalLogger - INFO     - [logger.py:345] - Validating page HTML structure...
2026-07-21 07:35:34 - GeoTravelGlobalLogger - INFO     - [logger.py:345] - Validating page content keywords...
2026-07-21 07:35:34 - GeoTravelGlobalLogger - INFO     - [logger.py:345] - Page validation confidence: 100.0%
2026-07-21 07:35:34 - GeoTravelGlobalLogger - INFO     - [logger.py:345] - Found keywords: ['geo', 'travel', 'destination', 'book', 'tour', 'package', 'hotel', 'flight', 'vacation', 'adventure']
2026-07-21 07:35:34 - GeoTravelGlobalLogger - INFO     - [logger.py:345] - Homepage validation passed! Confidence: 100.0%
2026-07-21 07:35:34 - GeoTravelGlobalLogger - INFO     - [logger.py:345] - Navigating to Blogs page
2026-07-21 07:35:34 - GeoTravelGlobalLogger - INFO     - [logger.py:345] - Successfully navigated to Blogs page
2026-07-21 07:35:34 - GeoTravelGlobalLogger - INFO     - [logger.py:345] - Blogs page source verified
2026-07-21 07:35:34 - GeoTravelGlobalLogger - INFO     - [logger.py:345] - Successfully navigated to Blogs page
2026-07-21 07:35:34 - GeoTravelGlobalLogger - INFO     - [logger.py:345] - Clicking on first blog's Read article button
2026-07-21 07:35:42 - GeoTravelGlobalLogger - INFO     - [logger.py:345] - Successfully clicked on first blog's Read article button
2026-07-21 07:35:42 - GeoTravelGlobalLogger - INFO     - [logger.py:345] - Waiting for blog detail to load
2026-07-21 07:35:42 - GeoTravelGlobalLogger - INFO     - [logger.py:345] - Blog detail loaded
2026-07-21 07:35:42 - GeoTravelGlobalLogger - INFO     - [logger.py:345] - 🔄 STEP 2: Scrolling to More like this
2026-07-21 07:35:42 - GeoTravelGlobalLogger - INFO     - [logger.py:345] - Scrolling to More like this section
2026-07-21 07:35:45 - GeoTravelGlobalLogger - INFO     - [logger.py:345] - 🔄 STEP 3: Verifying related blogs
2026-07-21 07:35:45 - GeoTravelGlobalLogger - INFO     - [logger.py:345] - Verifying related blogs exist
2026-07-21 07:35:45 - GeoTravelGlobalLogger - INFO     - [logger.py:345] - Found 4 related blogs
2026-07-21 07:35:45 - GeoTravelGlobalLogger - INFO     - [logger.py:345] - SUCCESS: ✅ More like this verified
2026-07-21 07:35:45 - GeoTravelGlobalLogger - INFO     - [logger.py:345] - ✅ Saved test-specific logs: reports/logs/src_tests_smoke_tests_test_blogs_smoke.py_TestBlogs_test_more_like_this_073545.log
2026-07-21 07:35:45 - GeoTravelGlobalLogger - INFO     - [logger.py:345] - Test result added: src/tests/smoke_tests/test_blogs_smoke.py::TestBlogs::test_more_like_this - PASS (Duration: 17.80s)
2026-07-21 07:35:45 - GeoTravelGlobalLogger - INFO     - [logger.py:345] - Added test result to Unified UI Smoke + API TEST REPORT: src/tests/smoke_tests/test_blogs_smoke.py::TestBlogs::test_more_like_this - PASS
2026-07-21 07:35:45 - GeoTravelGlobalLogger - INFO     - [logger.py:345] - Test result added: test_more_like_this - PASS (Duration: 18.29s)
2026-07-21 07:35:45 - GeoTravelGlobalLogger - INFO     - [logger.py:345] - Creating chrome driver...
2026-07-21 07:35:46 - GeoTravelGlobalLogger - INFO     - [logger.py:345] - chrome driver created successfully
2026-07-21 07:35:46 - GeoTravelGlobalLogger - INFO     - [logger.py:345] - === Comprehensive Test: Complete Blog Flow ===
2026-07-21 07:35:46 - GeoTravelGlobalLogger - INFO     - [logger.py:345] - 🔄 STEP 1: Navigating to Blogs
2026-07-21 07:35:47 - GeoTravelGlobalLogger - INFO     - [logger.py:345] - Navigated to: https://retail.stg.gowithgeo.com/
2026-07-21 07:35:47 - GeoTravelGlobalLogger - INFO     - [logger.py:345] - 🏁 Warming up site before homepage load...
2026-07-21 07:35:47 - GeoTravelGlobalLogger - INFO     - [logger.py:345] - Navigated to: https://retail.stg.gowithgeo.com/
2026-07-21 07:35:47 - GeoTravelGlobalLogger - INFO     - [logger.py:345] - Warm-up page opened successfully.
2026-07-21 07:35:52 - GeoTravelGlobalLogger - INFO     - [logger.py:345] - 🏠 Waiting for homepage to load (max retries: 3)
2026-07-21 07:35:52 - GeoTravelGlobalLogger - INFO     - [logger.py:345] - Attempt 1/3
2026-07-21 07:35:52 - GeoTravelGlobalLogger - INFO     - [logger.py:345] - Page body loaded
2026-07-21 07:35:52 - GeoTravelGlobalLogger - INFO     - [logger.py:345] - Validating Geo Travel page...
2026-07-21 07:35:52 - GeoTravelGlobalLogger - INFO     - [logger.py:345] - Validating page HTML structure...
2026-07-21 07:35:52 - GeoTravelGlobalLogger - INFO     - [logger.py:345] - Validating page content keywords...
2026-07-21 07:35:52 - GeoTravelGlobalLogger - INFO     - [logger.py:345] - Page validation confidence: 100.0%
2026-07-21 07:35:52 - GeoTravelGlobalLogger - INFO     - [logger.py:345] - Found keywords: ['geo', 'travel', 'destination', 'book', 'tour', 'package', 'hotel', 'flight', 'vacation', 'adventure']
2026-07-21 07:35:52 - GeoTravelGlobalLogger - INFO     - [logger.py:345] - Homepage validation passed! Confidence: 100.0%
2026-07-21 07:35:52 - GeoTravelGlobalLogger - INFO     - [logger.py:345] - Navigating to Blogs page
2026-07-21 07:35:53 - GeoTravelGlobalLogger - INFO     - [logger.py:345] - Successfully navigated to Blogs page
2026-07-21 07:35:53 - GeoTravelGlobalLogger - INFO     - [logger.py:345] - Blogs page source verified
2026-07-21 07:35:53 - GeoTravelGlobalLogger - INFO     - [logger.py:345] - Successfully navigated to Blogs page
2026-07-21 07:35:53 - GeoTravelGlobalLogger - INFO     - [logger.py:345] - 🔄 STEP 3: Clicking first blog
2026-07-21 07:35:53 - GeoTravelGlobalLogger - INFO     - [logger.py:345] - Clicking on first blog's Read article button
2026-07-21 07:36:00 - GeoTravelGlobalLogger - INFO     - [logger.py:345] - Successfully clicked on first blog's Read article button
2026-07-21 07:36:00 - GeoTravelGlobalLogger - INFO     - [logger.py:345] - Waiting for blog detail to load
2026-07-21 07:36:00 - GeoTravelGlobalLogger - INFO     - [logger.py:345] - Blog detail loaded
2026-07-21 07:36:00 - GeoTravelGlobalLogger - INFO     - [logger.py:345] - 🔄 STEP 4: Scrolling to comments
2026-07-21 07:36:00 - GeoTravelGlobalLogger - INFO     - [logger.py:345] - Scrolling to comments section
2026-07-21 07:36:03 - GeoTravelGlobalLogger - INFO     - [logger.py:345] - 🔄 STEP 5: Filling and submitting comment
2026-07-21 07:36:03 - GeoTravelGlobalLogger - INFO     - [logger.py:345] - Filling comment form with name: QA Bot 20260721_073546
2026-07-21 07:36:07 - GeoTravelGlobalLogger - INFO     - [logger.py:345] - Comment form filled successfully
2026-07-21 07:36:07 - GeoTravelGlobalLogger - INFO     - [logger.py:345] - Submitting comment
2026-07-21 07:36:12 - GeoTravelGlobalLogger - INFO     - [logger.py:345] - Comment submitted
2026-07-21 07:36:12 - GeoTravelGlobalLogger - INFO     - [logger.py:345] - 🔄 STEP 6: Verifying comment submission
2026-07-21 07:36:12 - GeoTravelGlobalLogger - INFO     - [logger.py:345] - Checking success toast message
2026-07-21 07:36:12 - GeoTravelGlobalLogger - INFO     - [logger.py:345] - 🔄 STEP 7: Scrolling to More like this
2026-07-21 07:36:12 - GeoTravelGlobalLogger - INFO     - [logger.py:345] - Scrolling to More like this section
2026-07-21 07:36:16 - GeoTravelGlobalLogger - INFO     - [logger.py:345] - 🔄 STEP 8: Verifying related blogs
2026-07-21 07:36:16 - GeoTravelGlobalLogger - INFO     - [logger.py:345] - Verifying related blogs exist
2026-07-21 07:36:16 - GeoTravelGlobalLogger - INFO     - [logger.py:345] - Found 4 related blogs
2026-07-21 07:36:16 - GeoTravelGlobalLogger - INFO     - [logger.py:345] - SUCCESS: ✅ Complete blog flow verified
2026-07-21 07:36:16 - GeoTravelGlobalLogger - INFO     - [logger.py:345] - ✅ Saved test-specific logs: reports/logs/src_tests_smoke_tests_test_blogs_smoke.py_TestBlogs_test_complete_blog_flow_073616.log
2026-07-21 07:36:16 - GeoTravelGlobalLogger - INFO     - [logger.py:345] - Test result added: src/tests/smoke_tests/test_blogs_smoke.py::TestBlogs::test_complete_blog_flow - PASS (Duration: 30.11s)
2026-07-21 07:36:16 - GeoTravelGlobalLogger - INFO     - [logger.py:345] - Added test result to Unified UI Smoke + API TEST REPORT: src/tests/smoke_tests/test_blogs_smoke.py::TestBlogs::test_complete_blog_flow - PASS
2026-07-21 07:36:16 - GeoTravelGlobalLogger - INFO     - [logger.py:345] - Test result added: test_complete_blog_flow - PASS (Duration: 30.63s)
2026-07-21 07:36:16 - GeoTravelGlobalLogger - INFO     - [logger.py:345] - Creating chrome driver...
2026-07-21 07:36:16 - GeoTravelGlobalLogger - INFO     - [logger.py:345] - chrome driver created successfully
2026-07-21 07:36:16 - GeoTravelGlobalLogger - INFO     - [logger.py:345] - === Test: Contact Page Navigation ===
2026-07-21 07:36:16 - GeoTravelGlobalLogger - INFO     - [logger.py:345] - 🔄 STEP 1: Opening homepage
2026-07-21 07:36:17 - GeoTravelGlobalLogger - INFO     - [logger.py:345] - Navigated to: https://retail.stg.gowithgeo.com/
2026-07-21 07:36:17 - GeoTravelGlobalLogger - INFO     - [logger.py:345] - 🏁 Warming up site before homepage load...
2026-07-21 07:36:18 - GeoTravelGlobalLogger - INFO     - [logger.py:345] - Navigated to: https://retail.stg.gowithgeo.com/
2026-07-21 07:36:18 - GeoTravelGlobalLogger - INFO     - [logger.py:345] - Warm-up page opened successfully.
2026-07-21 07:36:23 - GeoTravelGlobalLogger - INFO     - [logger.py:345] - 🏠 Waiting for homepage to load (max retries: 3)
2026-07-21 07:36:23 - GeoTravelGlobalLogger - INFO     - [logger.py:345] - Attempt 1/3
2026-07-21 07:36:23 - GeoTravelGlobalLogger - INFO     - [logger.py:345] - Page body loaded
2026-07-21 07:36:23 - GeoTravelGlobalLogger - INFO     - [logger.py:345] - Validating Geo Travel page...
2026-07-21 07:36:23 - GeoTravelGlobalLogger - INFO     - [logger.py:345] - Validating page HTML structure...
2026-07-21 07:36:23 - GeoTravelGlobalLogger - INFO     - [logger.py:345] - Validating page content keywords...
2026-07-21 07:36:23 - GeoTravelGlobalLogger - INFO     - [logger.py:345] - Page validation confidence: 100.0%
2026-07-21 07:36:23 - GeoTravelGlobalLogger - INFO     - [logger.py:345] - Found keywords: ['geo', 'travel', 'destination', 'book', 'tour', 'package', 'hotel', 'flight', 'vacation', 'adventure']
2026-07-21 07:36:23 - GeoTravelGlobalLogger - INFO     - [logger.py:345] - Homepage validation passed! Confidence: 100.0%
2026-07-21 07:36:23 - GeoTravelGlobalLogger - INFO     - [logger.py:345] - 🔄 STEP 2: Navigating to Contact
2026-07-21 07:36:23 - GeoTravelGlobalLogger - INFO     - [logger.py:345] - Navigating to Contact page
2026-07-21 07:36:23 - GeoTravelGlobalLogger - INFO     - [logger.py:345] - Successfully navigated to Contact page
2026-07-21 07:36:23 - GeoTravelGlobalLogger - INFO     - [logger.py:345] - 🔄 STEP 3: Verifying Contact page
2026-07-21 07:36:23 - GeoTravelGlobalLogger - INFO     - [logger.py:345] - SUCCESS: ✅ Contact page navigation verified
2026-07-21 07:36:23 - GeoTravelGlobalLogger - INFO     - [logger.py:345] - ✅ Saved test-specific logs: reports/logs/src_tests_smoke_tests_test_contact_us_smoke.py_TestContact_test_contact_page_navigation_073623.log
2026-07-21 07:36:23 - GeoTravelGlobalLogger - INFO     - [logger.py:345] - Test result added: src/tests/smoke_tests/test_contact_us_smoke.py::TestContact::test_contact_page_navigation - PASS (Duration: 6.93s)
2026-07-21 07:36:23 - GeoTravelGlobalLogger - INFO     - [logger.py:345] - Added test result to Unified UI Smoke + API TEST REPORT: src/tests/smoke_tests/test_contact_us_smoke.py::TestContact::test_contact_page_navigation - PASS
2026-07-21 07:36:23 - GeoTravelGlobalLogger - INFO     - [logger.py:345] - Test result added: test_contact_page_navigation - PASS (Duration: 7.41s)
2026-07-21 07:36:23 - GeoTravelGlobalLogger - INFO     - [logger.py:345] - Creating chrome driver...
2026-07-21 07:36:24 - GeoTravelGlobalLogger - INFO     - [logger.py:345] - chrome driver created successfully
2026-07-21 07:36:24 - GeoTravelGlobalLogger - INFO     - [logger.py:345] - === Test: Submit Contact Form ===
2026-07-21 07:36:24 - GeoTravelGlobalLogger - INFO     - [logger.py:345] - 🔄 STEP 1: Navigating to Contact
2026-07-21 07:36:25 - GeoTravelGlobalLogger - INFO     - [logger.py:345] - Navigated to: https://retail.stg.gowithgeo.com/
2026-07-21 07:36:25 - GeoTravelGlobalLogger - INFO     - [logger.py:345] - 🏁 Warming up site before homepage load...
2026-07-21 07:36:25 - GeoTravelGlobalLogger - INFO     - [logger.py:345] - Navigated to: https://retail.stg.gowithgeo.com/
2026-07-21 07:36:25 - GeoTravelGlobalLogger - INFO     - [logger.py:345] - Warm-up page opened successfully.
2026-07-21 07:36:30 - GeoTravelGlobalLogger - INFO     - [logger.py:345] - 🏠 Waiting for homepage to load (max retries: 3)
2026-07-21 07:36:30 - GeoTravelGlobalLogger - INFO     - [logger.py:345] - Attempt 1/3
2026-07-21 07:36:30 - GeoTravelGlobalLogger - INFO     - [logger.py:345] - Page body loaded
2026-07-21 07:36:30 - GeoTravelGlobalLogger - INFO     - [logger.py:345] - Validating Geo Travel page...
2026-07-21 07:36:30 - GeoTravelGlobalLogger - INFO     - [logger.py:345] - Validating page HTML structure...
2026-07-21 07:36:30 - GeoTravelGlobalLogger - INFO     - [logger.py:345] - Validating page content keywords...
2026-07-21 07:36:30 - GeoTravelGlobalLogger - INFO     - [logger.py:345] - Page validation confidence: 100.0%
2026-07-21 07:36:30 - GeoTravelGlobalLogger - INFO     - [logger.py:345] - Found keywords: ['geo', 'travel', 'destination', 'book', 'tour', 'package', 'hotel', 'flight', 'vacation', 'adventure']
2026-07-21 07:36:30 - GeoTravelGlobalLogger - INFO     - [logger.py:345] - Homepage validation passed! Confidence: 100.0%
2026-07-21 07:36:30 - GeoTravelGlobalLogger - INFO     - [logger.py:345] - Navigating to Contact page
2026-07-21 07:36:31 - GeoTravelGlobalLogger - INFO     - [logger.py:345] - Successfully navigated to Contact page
2026-07-21 07:36:31 - GeoTravelGlobalLogger - INFO     - [logger.py:345] - 🔄 STEP 2: Filling contact form
2026-07-21 07:36:31 - GeoTravelGlobalLogger - INFO     - [logger.py:345] - Filling contact form with name: Geo QA Bot
2026-07-21 07:36:31 - GeoTravelGlobalLogger - INFO     - [logger.py:345] - Filled name input
2026-07-21 07:36:31 - GeoTravelGlobalLogger - INFO     - [logger.py:345] - Filled email input
2026-07-21 07:36:31 - GeoTravelGlobalLogger - INFO     - [logger.py:345] - Filled phone input
2026-07-21 07:36:31 - GeoTravelGlobalLogger - INFO     - [logger.py:345] - Selecting support type: technical support
2026-07-21 07:36:35 - GeoTravelGlobalLogger - INFO     - [logger.py:345] - Selected support type: technical support
2026-07-21 07:36:35 - GeoTravelGlobalLogger - INFO     - [logger.py:345] - Filled message textarea
2026-07-21 07:36:35 - GeoTravelGlobalLogger - INFO     - [logger.py:345] - Scrolling to privacy checkbox
2026-07-21 07:36:40 - GeoTravelGlobalLogger - INFO     - [logger.py:345] - Privacy checkbox checked
2026-07-21 07:36:40 - GeoTravelGlobalLogger - INFO     - [logger.py:345] - Contact form filled successfully
2026-07-21 07:36:40 - GeoTravelGlobalLogger - INFO     - [logger.py:345] - 🔄 STEP 3: Submitting form
2026-07-21 07:36:40 - GeoTravelGlobalLogger - INFO     - [logger.py:345] - Submitting contact form
2026-07-21 07:36:42 - GeoTravelGlobalLogger - INFO     - [logger.py:345] - 🔄 STEP 4: Verifying success message
2026-07-21 07:36:42 - GeoTravelGlobalLogger - INFO     - [logger.py:345] - Checking success message
2026-07-21 07:36:45 - GeoTravelGlobalLogger - INFO     - [logger.py:345] - SUCCESS: ✅ Contact form submission verified
2026-07-21 07:36:45 - GeoTravelGlobalLogger - INFO     - [logger.py:345] - ✅ Saved test-specific logs: reports/logs/src_tests_smoke_tests_test_contact_us_smoke.py_TestContact_test_submit_contact_form_073645.log
2026-07-21 07:36:45 - GeoTravelGlobalLogger - INFO     - [logger.py:345] - Test result added: src/tests/smoke_tests/test_contact_us_smoke.py::TestContact::test_submit_contact_form - PASS (Duration: 21.59s)
2026-07-21 07:36:45 - GeoTravelGlobalLogger - INFO     - [logger.py:345] - Added test result to Unified UI Smoke + API TEST REPORT: src/tests/smoke_tests/test_contact_us_smoke.py::TestContact::test_submit_contact_form - PASS
2026-07-21 07:36:45 - GeoTravelGlobalLogger - INFO     - [logger.py:345] - Test result added: test_submit_contact_form - PASS (Duration: 22.08s)
2026-07-21 07:36:45 - GeoTravelGlobalLogger - INFO     - [logger.py:345] - Creating chrome driver...
2026-07-21 07:36:46 - GeoTravelGlobalLogger - INFO     - [logger.py:345] - chrome driver created successfully
2026-07-21 07:36:46 - GeoTravelGlobalLogger - INFO     - [logger.py:345] - === Test: Read FAQs ===
2026-07-21 07:36:46 - GeoTravelGlobalLogger - INFO     - [logger.py:345] - 🔄 STEP 1: Navigating to Contact
2026-07-21 07:36:47 - GeoTravelGlobalLogger - INFO     - [logger.py:345] - Navigated to: https://retail.stg.gowithgeo.com/
2026-07-21 07:36:47 - GeoTravelGlobalLogger - INFO     - [logger.py:345] - 🏁 Warming up site before homepage load...
2026-07-21 07:36:47 - GeoTravelGlobalLogger - INFO     - [logger.py:345] - Navigated to: https://retail.stg.gowithgeo.com/
2026-07-21 07:36:47 - GeoTravelGlobalLogger - INFO     - [logger.py:345] - Warm-up page opened successfully.
2026-07-21 07:36:52 - GeoTravelGlobalLogger - INFO     - [logger.py:345] - 🏠 Waiting for homepage to load (max retries: 3)
2026-07-21 07:36:52 - GeoTravelGlobalLogger - INFO     - [logger.py:345] - Attempt 1/3
2026-07-21 07:36:52 - GeoTravelGlobalLogger - INFO     - [logger.py:345] - Page body loaded
2026-07-21 07:36:52 - GeoTravelGlobalLogger - INFO     - [logger.py:345] - Validating Geo Travel page...
2026-07-21 07:36:52 - GeoTravelGlobalLogger - INFO     - [logger.py:345] - Validating page HTML structure...
2026-07-21 07:36:52 - GeoTravelGlobalLogger - INFO     - [logger.py:345] - Validating page content keywords...
2026-07-21 07:36:52 - GeoTravelGlobalLogger - INFO     - [logger.py:345] - Page validation confidence: 100.0%
2026-07-21 07:36:52 - GeoTravelGlobalLogger - INFO     - [logger.py:345] - Found keywords: ['geo', 'travel', 'destination', 'book', 'tour', 'package', 'hotel', 'flight', 'vacation', 'adventure']
2026-07-21 07:36:52 - GeoTravelGlobalLogger - INFO     - [logger.py:345] - Homepage validation passed! Confidence: 100.0%
2026-07-21 07:36:52 - GeoTravelGlobalLogger - INFO     - [logger.py:345] - Navigating to Contact page
2026-07-21 07:36:53 - GeoTravelGlobalLogger - INFO     - [logger.py:345] - Successfully navigated to Contact page
2026-07-21 07:36:53 - GeoTravelGlobalLogger - INFO     - [logger.py:345] - 🔄 STEP 2: Clicking Read FAQs
2026-07-21 07:36:53 - GeoTravelGlobalLogger - INFO     - [logger.py:345] - Clicking Read FAQs
2026-07-21 07:36:57 - GeoTravelGlobalLogger - INFO     - [logger.py:345] - Clicked Read FAQs
2026-07-21 07:36:57 - GeoTravelGlobalLogger - INFO     - [logger.py:345] - 🔄 STEP 3: Verifying FAQ page
2026-07-21 07:36:57 - GeoTravelGlobalLogger - INFO     - [logger.py:345] - Verifying FAQ page loaded
2026-07-21 07:36:57 - GeoTravelGlobalLogger - INFO     - [logger.py:345] - SUCCESS: ✅ Read FAQs verified
2026-07-21 07:36:57 - GeoTravelGlobalLogger - INFO     - [logger.py:345] - ✅ Saved test-specific logs: reports/logs/src_tests_smoke_tests_test_contact_us_smoke.py_TestContact_test_read_faqs_073657.log
2026-07-21 07:36:57 - GeoTravelGlobalLogger - INFO     - [logger.py:345] - Test result added: src/tests/smoke_tests/test_contact_us_smoke.py::TestContact::test_read_faqs - PASS (Duration: 11.23s)
2026-07-21 07:36:57 - GeoTravelGlobalLogger - INFO     - [logger.py:345] - Added test result to Unified UI Smoke + API TEST REPORT: src/tests/smoke_tests/test_contact_us_smoke.py::TestContact::test_read_faqs - PASS
2026-07-21 07:36:57 - GeoTravelGlobalLogger - INFO     - [logger.py:345] - Test result added: test_read_faqs - PASS (Duration: 11.73s)
2026-07-21 07:36:57 - GeoTravelGlobalLogger - INFO     - [logger.py:345] - Creating chrome driver...
2026-07-21 07:36:57 - GeoTravelGlobalLogger - INFO     - [logger.py:345] - chrome driver created successfully
2026-07-21 07:36:57 - GeoTravelGlobalLogger - INFO     - [logger.py:345] - === Test: Privacy Statement ===
2026-07-21 07:36:57 - GeoTravelGlobalLogger - INFO     - [logger.py:345] - 🔄 STEP 1: Navigating to Contact
2026-07-21 07:36:59 - GeoTravelGlobalLogger - INFO     - [logger.py:345] - Navigated to: https://retail.stg.gowithgeo.com/
2026-07-21 07:36:59 - GeoTravelGlobalLogger - INFO     - [logger.py:345] - 🏁 Warming up site before homepage load...
2026-07-21 07:36:59 - GeoTravelGlobalLogger - INFO     - [logger.py:345] - Navigated to: https://retail.stg.gowithgeo.com/
2026-07-21 07:36:59 - GeoTravelGlobalLogger - INFO     - [logger.py:345] - Warm-up page opened successfully.
2026-07-21 07:37:04 - GeoTravelGlobalLogger - INFO     - [logger.py:345] - 🏠 Waiting for homepage to load (max retries: 3)
2026-07-21 07:37:04 - GeoTravelGlobalLogger - INFO     - [logger.py:345] - Attempt 1/3
2026-07-21 07:37:04 - GeoTravelGlobalLogger - INFO     - [logger.py:345] - Page body loaded
2026-07-21 07:37:04 - GeoTravelGlobalLogger - INFO     - [logger.py:345] - Validating Geo Travel page...
2026-07-21 07:37:04 - GeoTravelGlobalLogger - INFO     - [logger.py:345] - Validating page HTML structure...
2026-07-21 07:37:04 - GeoTravelGlobalLogger - INFO     - [logger.py:345] - Validating page content keywords...
2026-07-21 07:37:04 - GeoTravelGlobalLogger - INFO     - [logger.py:345] - Page validation confidence: 100.0%
2026-07-21 07:37:04 - GeoTravelGlobalLogger - INFO     - [logger.py:345] - Found keywords: ['geo', 'travel', 'destination', 'book', 'tour', 'package', 'hotel', 'flight', 'vacation', 'adventure']
2026-07-21 07:37:04 - GeoTravelGlobalLogger - INFO     - [logger.py:345] - Homepage validation passed! Confidence: 100.0%
2026-07-21 07:37:04 - GeoTravelGlobalLogger - INFO     - [logger.py:345] - Navigating to Contact page
2026-07-21 07:37:04 - GeoTravelGlobalLogger - INFO     - [logger.py:345] - Successfully navigated to Contact page
2026-07-21 07:37:04 - GeoTravelGlobalLogger - INFO     - [logger.py:345] - 🔄 STEP 2: Clicking Privacy Statement
2026-07-21 07:37:04 - GeoTravelGlobalLogger - INFO     - [logger.py:345] - Clicking Privacy Statement
2026-07-21 07:37:09 - GeoTravelGlobalLogger - INFO     - [logger.py:345] - Clicked Privacy Statement
2026-07-21 07:37:09 - GeoTravelGlobalLogger - INFO     - [logger.py:345] - 🔄 STEP 3: Switching to new tab
2026-07-21 07:37:09 - GeoTravelGlobalLogger - INFO     - [logger.py:345] - 🔄 STEP 4: Verifying privacy page
2026-07-21 07:37:09 - GeoTravelGlobalLogger - INFO     - [logger.py:345] - SUCCESS: ✅ Privacy Statement verified
2026-07-21 07:37:09 - GeoTravelGlobalLogger - INFO     - [logger.py:345] - ✅ Saved test-specific logs: reports/logs/src_tests_smoke_tests_test_contact_us_smoke.py_TestContact_test_privacy_statement_link_073709.log
2026-07-21 07:37:09 - GeoTravelGlobalLogger - INFO     - [logger.py:345] - Test result added: src/tests/smoke_tests/test_contact_us_smoke.py::TestContact::test_privacy_statement_link - PASS (Duration: 11.32s)
2026-07-21 07:37:09 - GeoTravelGlobalLogger - INFO     - [logger.py:345] - Added test result to Unified UI Smoke + API TEST REPORT: src/tests/smoke_tests/test_contact_us_smoke.py::TestContact::test_privacy_statement_link - PASS
2026-07-21 07:37:09 - GeoTravelGlobalLogger - INFO     - [logger.py:345] - Test result added: test_privacy_statement_link - PASS (Duration: 11.81s)
2026-07-21 07:37:09 - GeoTravelGlobalLogger - INFO     - [logger.py:345] - Creating chrome driver...
2026-07-21 07:37:09 - GeoTravelGlobalLogger - INFO     - [logger.py:345] - chrome driver created successfully
2026-07-21 07:37:09 - GeoTravelGlobalLogger - INFO     - [logger.py:345] - === Comprehensive Test: Complete Contact Flow ===
2026-07-21 07:37:09 - GeoTravelGlobalLogger - INFO     - [logger.py:345] - 🔄 STEP 1: Navigating to Contact
2026-07-21 07:37:10 - GeoTravelGlobalLogger - INFO     - [logger.py:345] - Navigated to: https://retail.stg.gowithgeo.com/
2026-07-21 07:37:10 - GeoTravelGlobalLogger - INFO     - [logger.py:345] - 🏁 Warming up site before homepage load...
2026-07-21 07:37:11 - GeoTravelGlobalLogger - INFO     - [logger.py:345] - Navigated to: https://retail.stg.gowithgeo.com/
2026-07-21 07:37:11 - GeoTravelGlobalLogger - INFO     - [logger.py:345] - Warm-up page opened successfully.
2026-07-21 07:37:16 - GeoTravelGlobalLogger - INFO     - [logger.py:345] - 🏠 Waiting for homepage to load (max retries: 3)
2026-07-21 07:37:16 - GeoTravelGlobalLogger - INFO     - [logger.py:345] - Attempt 1/3
2026-07-21 07:37:16 - GeoTravelGlobalLogger - INFO     - [logger.py:345] - Page body loaded
2026-07-21 07:37:16 - GeoTravelGlobalLogger - INFO     - [logger.py:345] - Validating Geo Travel page...
2026-07-21 07:37:16 - GeoTravelGlobalLogger - INFO     - [logger.py:345] - Validating page HTML structure...
2026-07-21 07:37:16 - GeoTravelGlobalLogger - INFO     - [logger.py:345] - Validating page content keywords...
2026-07-21 07:37:16 - GeoTravelGlobalLogger - INFO     - [logger.py:345] - Page validation confidence: 100.0%
2026-07-21 07:37:16 - GeoTravelGlobalLogger - INFO     - [logger.py:345] - Found keywords: ['geo', 'travel', 'destination', 'book', 'tour', 'package', 'hotel', 'flight', 'vacation', 'adventure']
2026-07-21 07:37:16 - GeoTravelGlobalLogger - INFO     - [logger.py:345] - Homepage validation passed! Confidence: 100.0%
2026-07-21 07:37:16 - GeoTravelGlobalLogger - INFO     - [logger.py:345] - Navigating to Contact page
2026-07-21 07:37:16 - GeoTravelGlobalLogger - INFO     - [logger.py:345] - Successfully navigated to Contact page
2026-07-21 07:37:16 - GeoTravelGlobalLogger - INFO     - [logger.py:345] - 🔄 STEP 2: Filling and submitting form
2026-07-21 07:37:16 - GeoTravelGlobalLogger - INFO     - [logger.py:345] - Filling contact form with name: Geo QA Bot
2026-07-21 07:37:16 - GeoTravelGlobalLogger - INFO     - [logger.py:345] - Filled name input
2026-07-21 07:37:16 - GeoTravelGlobalLogger - INFO     - [logger.py:345] - Filled email input
2026-07-21 07:37:17 - GeoTravelGlobalLogger - INFO     - [logger.py:345] - Filled phone input
2026-07-21 07:37:17 - GeoTravelGlobalLogger - INFO     - [logger.py:345] - Selecting support type: other
2026-07-21 07:37:21 - GeoTravelGlobalLogger - INFO     - [logger.py:345] - Selected support type: other
2026-07-21 07:37:21 - GeoTravelGlobalLogger - INFO     - [logger.py:345] - Filled message textarea
2026-07-21 07:37:21 - GeoTravelGlobalLogger - INFO     - [logger.py:345] - Scrolling to privacy checkbox
2026-07-21 07:37:25 - GeoTravelGlobalLogger - INFO     - [logger.py:345] - Privacy checkbox checked
2026-07-21 07:37:25 - GeoTravelGlobalLogger - INFO     - [logger.py:345] - Contact form filled successfully
2026-07-21 07:37:25 - GeoTravelGlobalLogger - INFO     - [logger.py:345] - Submitting contact form
2026-07-21 07:37:28 - GeoTravelGlobalLogger - INFO     - [logger.py:345] - 🔄 STEP 3: Verifying success
2026-07-21 07:37:28 - GeoTravelGlobalLogger - INFO     - [logger.py:345] - Checking success message
2026-07-21 07:37:31 - GeoTravelGlobalLogger - INFO     - [logger.py:345] - 🔄 STEP 4: Testing FAQs section
2026-07-21 07:37:31 - GeoTravelGlobalLogger - INFO     - [logger.py:345] - Navigating to Contact page
2026-07-21 07:37:31 - GeoTravelGlobalLogger - INFO     - [logger.py:345] - Successfully navigated to Contact page
2026-07-21 07:37:36 - GeoTravelGlobalLogger - INFO     - [logger.py:345] - Clicking Read FAQs
2026-07-21 07:37:40 - GeoTravelGlobalLogger - INFO     - [logger.py:345] - Clicked Read FAQs
2026-07-21 07:37:40 - GeoTravelGlobalLogger - INFO     - [logger.py:345] - Verifying FAQ page loaded
2026-07-21 07:37:40 - GeoTravelGlobalLogger - INFO     - [logger.py:345] - SUCCESS: ✅ Complete contact flow verified
2026-07-21 07:37:40 - GeoTravelGlobalLogger - INFO     - [logger.py:345] - ✅ Saved test-specific logs: reports/logs/src_tests_smoke_tests_test_contact_us_smoke.py_TestContact_test_complete_contact_flow_073740.log
2026-07-21 07:37:40 - GeoTravelGlobalLogger - INFO     - [logger.py:345] - Test result added: src/tests/smoke_tests/test_contact_us_smoke.py::TestContact::test_complete_contact_flow - PASS (Duration: 31.11s)
2026-07-21 07:37:40 - GeoTravelGlobalLogger - INFO     - [logger.py:345] - Added test result to Unified UI Smoke + API TEST REPORT: src/tests/smoke_tests/test_contact_us_smoke.py::TestContact::test_complete_contact_flow - PASS
2026-07-21 07:37:40 - GeoTravelGlobalLogger - INFO     - [logger.py:345] - Test result added: test_complete_contact_flow - PASS (Duration: 31.59s)
2026-07-21 07:37:40 - GeoTravelGlobalLogger - INFO     - [logger.py:345] - Creating chrome driver...
2026-07-21 07:37:41 - GeoTravelGlobalLogger - INFO     - [logger.py:345] - chrome driver created successfully
2026-07-21 07:37:41 - GeoTravelGlobalLogger - INFO     - [logger.py:345] - === Testing Homepage Loads Successfully ===
2026-07-21 07:37:41 - GeoTravelGlobalLogger - INFO     - [logger.py:345] - 🔄 STEP 1: Opening homepage
2026-07-21 07:37:42 - GeoTravelGlobalLogger - INFO     - [logger.py:345] - Navigated to: https://retail.stg.gowithgeo.com/
2026-07-21 07:37:42 - GeoTravelGlobalLogger - INFO     - [logger.py:345] - 🏁 Warming up site before homepage load...
2026-07-21 07:37:43 - GeoTravelGlobalLogger - INFO     - [logger.py:345] - Navigated to: https://retail.stg.gowithgeo.com/
2026-07-21 07:37:43 - GeoTravelGlobalLogger - INFO     - [logger.py:345] - Warm-up page opened successfully.
2026-07-21 07:37:48 - GeoTravelGlobalLogger - INFO     - [logger.py:345] - 🏠 Waiting for homepage to load (max retries: 3)
2026-07-21 07:37:48 - GeoTravelGlobalLogger - INFO     - [logger.py:345] - Attempt 1/3
2026-07-21 07:37:48 - GeoTravelGlobalLogger - INFO     - [logger.py:345] - Page body loaded
2026-07-21 07:37:48 - GeoTravelGlobalLogger - INFO     - [logger.py:345] - Validating Geo Travel page...
2026-07-21 07:37:48 - GeoTravelGlobalLogger - INFO     - [logger.py:345] - Validating page HTML structure...
2026-07-21 07:37:48 - GeoTravelGlobalLogger - INFO     - [logger.py:345] - Validating page content keywords...
2026-07-21 07:37:48 - GeoTravelGlobalLogger - INFO     - [logger.py:345] - Page validation confidence: 100.0%
2026-07-21 07:37:48 - GeoTravelGlobalLogger - INFO     - [logger.py:345] - Found keywords: ['geo', 'travel', 'destination', 'book', 'tour', 'package', 'hotel', 'flight', 'vacation', 'adventure']
2026-07-21 07:37:48 - GeoTravelGlobalLogger - INFO     - [logger.py:345] - Homepage validation passed! Confidence: 100.0%
2026-07-21 07:37:48 - GeoTravelGlobalLogger - INFO     - [logger.py:345] - 🔄 STEP 2: Verifying page title
2026-07-21 07:37:48 - GeoTravelGlobalLogger - INFO     - [logger.py:345] - 🔄 STEP 3: Checking current URL
2026-07-21 07:37:48 - GeoTravelGlobalLogger - INFO     - [logger.py:345] - Getting current URL
2026-07-21 07:37:48 - GeoTravelGlobalLogger - INFO     - [logger.py:345] - SUCCESS: Homepage loaded successfully
2026-07-21 07:37:48 - GeoTravelGlobalLogger - INFO     - [logger.py:345] - ✅ Saved test-specific logs: reports/logs/src_tests_smoke_tests_test_flight_booking_smoke.py_TestFlightBookingSmoke_test_homepage_loads_successfully_073748.log
2026-07-21 07:37:48 - GeoTravelGlobalLogger - INFO     - [logger.py:345] - Test result added: src/tests/smoke_tests/test_flight_booking_smoke.py::TestFlightBookingSmoke::test_homepage_loads_successfully - PASS (Duration: 6.86s)
2026-07-21 07:37:48 - GeoTravelGlobalLogger - INFO     - [logger.py:345] - Added test result to Unified UI Smoke + API TEST REPORT: src/tests/smoke_tests/test_flight_booking_smoke.py::TestFlightBookingSmoke::test_homepage_loads_successfully - PASS
2026-07-21 07:37:48 - GeoTravelGlobalLogger - INFO     - [logger.py:345] - Test result added: test_homepage_loads_successfully - PASS (Duration: 7.33s)
2026-07-21 07:37:48 - GeoTravelGlobalLogger - INFO     - [logger.py:345] - Creating chrome driver...
2026-07-21 07:37:48 - GeoTravelGlobalLogger - INFO     - [logger.py:345] - chrome driver created successfully
2026-07-21 07:37:48 - GeoTravelGlobalLogger - INFO     - [logger.py:345] - === Testing Flight Search Form Visibility ===
2026-07-21 07:37:48 - GeoTravelGlobalLogger - INFO     - [logger.py:345] - 🔄 STEP 1: Opening homepage
2026-07-21 07:37:49 - GeoTravelGlobalLogger - INFO     - [logger.py:345] - Navigated to: https://retail.stg.gowithgeo.com/
2026-07-21 07:37:49 - GeoTravelGlobalLogger - INFO     - [logger.py:345] - 🏁 Warming up site before homepage load...
2026-07-21 07:37:50 - GeoTravelGlobalLogger - INFO     - [logger.py:345] - Navigated to: https://retail.stg.gowithgeo.com/
2026-07-21 07:37:50 - GeoTravelGlobalLogger - INFO     - [logger.py:345] - Warm-up page opened successfully.
2026-07-21 07:37:55 - GeoTravelGlobalLogger - INFO     - [logger.py:345] - 🏠 Waiting for homepage to load (max retries: 3)
2026-07-21 07:37:55 - GeoTravelGlobalLogger - INFO     - [logger.py:345] - Attempt 1/3
2026-07-21 07:37:55 - GeoTravelGlobalLogger - INFO     - [logger.py:345] - Page body loaded
2026-07-21 07:37:55 - GeoTravelGlobalLogger - INFO     - [logger.py:345] - Validating Geo Travel page...
2026-07-21 07:37:55 - GeoTravelGlobalLogger - INFO     - [logger.py:345] - Validating page HTML structure...
2026-07-21 07:37:55 - GeoTravelGlobalLogger - INFO     - [logger.py:345] - Validating page content keywords...
2026-07-21 07:37:55 - GeoTravelGlobalLogger - INFO     - [logger.py:345] - Page validation confidence: 100.0%
2026-07-21 07:37:55 - GeoTravelGlobalLogger - INFO     - [logger.py:345] - Found keywords: ['geo', 'travel', 'destination', 'book', 'tour', 'package', 'hotel', 'flight', 'vacation', 'adventure']
2026-07-21 07:37:55 - GeoTravelGlobalLogger - INFO     - [logger.py:345] - Homepage validation passed! Confidence: 100.0%
2026-07-21 07:37:55 - GeoTravelGlobalLogger - INFO     - [logger.py:345] - 🔄 STEP 2: Checking flight search form visibility
2026-07-21 07:37:55 - GeoTravelGlobalLogger - INFO     - [logger.py:345] - Flight search form is visible
2026-07-21 07:37:55 - GeoTravelGlobalLogger - INFO     - [logger.py:345] - SUCCESS: Flight search form is visible
2026-07-21 07:37:55 - GeoTravelGlobalLogger - INFO     - [logger.py:345] - ✅ Saved test-specific logs: reports/logs/src_tests_smoke_tests_test_flight_booking_smoke.py_TestFlightBookingSmoke_test_flight_search_form_visible_073755.log
2026-07-21 07:37:55 - GeoTravelGlobalLogger - INFO     - [logger.py:345] - Test result added: src/tests/smoke_tests/test_flight_booking_smoke.py::TestFlightBookingSmoke::test_flight_search_form_visible - PASS (Duration: 6.80s)
2026-07-21 07:37:55 - GeoTravelGlobalLogger - INFO     - [logger.py:345] - Added test result to Unified UI Smoke + API TEST REPORT: src/tests/smoke_tests/test_flight_booking_smoke.py::TestFlightBookingSmoke::test_flight_search_form_visible - PASS
2026-07-21 07:37:55 - GeoTravelGlobalLogger - INFO     - [logger.py:345] - Test result added: test_flight_search_form_visible - PASS (Duration: 7.28s)
2026-07-21 07:37:55 - GeoTravelGlobalLogger - INFO     - [logger.py:345] - Creating chrome driver...
2026-07-21 07:37:55 - GeoTravelGlobalLogger - INFO     - [logger.py:345] - chrome driver created successfully
2026-07-21 07:37:55 - GeoTravelGlobalLogger - INFO     - [logger.py:345] - === Testing Error Handling ===
2026-07-21 07:37:55 - GeoTravelGlobalLogger - INFO     - [logger.py:345] - 🔄 STEP 1: Opening homepage
2026-07-21 07:37:57 - GeoTravelGlobalLogger - INFO     - [logger.py:345] - Navigated to: https://retail.stg.gowithgeo.com/
2026-07-21 07:37:57 - GeoTravelGlobalLogger - INFO     - [logger.py:345] - 🏁 Warming up site before homepage load...
2026-07-21 07:37:57 - GeoTravelGlobalLogger - INFO     - [logger.py:345] - Navigated to: https://retail.stg.gowithgeo.com/
2026-07-21 07:37:57 - GeoTravelGlobalLogger - INFO     - [logger.py:345] - Warm-up page opened successfully.
2026-07-21 07:38:02 - GeoTravelGlobalLogger - INFO     - [logger.py:345] - 🏠 Waiting for homepage to load (max retries: 3)
2026-07-21 07:38:02 - GeoTravelGlobalLogger - INFO     - [logger.py:345] - Attempt 1/3
2026-07-21 07:38:02 - GeoTravelGlobalLogger - INFO     - [logger.py:345] - Page body loaded
2026-07-21 07:38:02 - GeoTravelGlobalLogger - INFO     - [logger.py:345] - Validating Geo Travel page...
2026-07-21 07:38:02 - GeoTravelGlobalLogger - INFO     - [logger.py:345] - Validating page HTML structure...
2026-07-21 07:38:02 - GeoTravelGlobalLogger - INFO     - [logger.py:345] - Validating page content keywords...
2026-07-21 07:38:02 - GeoTravelGlobalLogger - INFO     - [logger.py:345] - Page validation confidence: 100.0%
2026-07-21 07:38:02 - GeoTravelGlobalLogger - INFO     - [logger.py:345] - Found keywords: ['geo', 'travel', 'destination', 'book', 'tour', 'package', 'hotel', 'flight', 'vacation', 'adventure']
2026-07-21 07:38:02 - GeoTravelGlobalLogger - INFO     - [logger.py:345] - Homepage validation passed! Confidence: 100.0%
2026-07-21 07:38:02 - GeoTravelGlobalLogger - INFO     - [logger.py:345] - 🔄 STEP 2: Testing error handling with non-existent elements
2026-07-21 07:38:12 - GeoTravelGlobalLogger - INFO     - [logger.py:345] - 🔄 STEP 3: Verifying error handling works
2026-07-21 07:38:12 - GeoTravelGlobalLogger - INFO     - [logger.py:345] - SUCCESS: Error handling works correctly
2026-07-21 07:38:12 - GeoTravelGlobalLogger - INFO     - [logger.py:345] - ✅ Saved test-specific logs: reports/logs/src_tests_smoke_tests_test_flight_booking_smoke.py_TestFlightBookingSmoke_test_error_handling_073812.log
2026-07-21 07:38:12 - GeoTravelGlobalLogger - INFO     - [logger.py:345] - Test result added: src/tests/smoke_tests/test_flight_booking_smoke.py::TestFlightBookingSmoke::test_error_handling - PASS (Duration: 16.82s)
2026-07-21 07:38:12 - GeoTravelGlobalLogger - INFO     - [logger.py:345] - Added test result to Unified UI Smoke + API TEST REPORT: src/tests/smoke_tests/test_flight_booking_smoke.py::TestFlightBookingSmoke::test_error_handling - PASS
2026-07-21 07:38:12 - GeoTravelGlobalLogger - INFO     - [logger.py:345] - Test result added: test_error_handling - PASS (Duration: 17.32s)
2026-07-21 07:38:12 - GeoTravelGlobalLogger - INFO     - [logger.py:345] - Creating chrome driver...
2026-07-21 07:38:13 - GeoTravelGlobalLogger - INFO     - [logger.py:345] - chrome driver created successfully
2026-07-21 07:38:13 - GeoTravelGlobalLogger - INFO     - [logger.py:345] - === Testing Homepage Loads Successfully ===
2026-07-21 07:38:13 - GeoTravelGlobalLogger - INFO     - [logger.py:345] - 🔄 STEP 1: Opening homepage
2026-07-21 07:38:14 - GeoTravelGlobalLogger - INFO     - [logger.py:345] - Navigated to: https://retail.stg.gowithgeo.com/
2026-07-21 07:38:14 - GeoTravelGlobalLogger - INFO     - [logger.py:345] - 🏁 Warming up site before homepage load...
2026-07-21 07:38:15 - GeoTravelGlobalLogger - INFO     - [logger.py:345] - Navigated to: https://retail.stg.gowithgeo.com/
2026-07-21 07:38:15 - GeoTravelGlobalLogger - INFO     - [logger.py:345] - Warm-up page opened successfully.
2026-07-21 07:38:20 - GeoTravelGlobalLogger - INFO     - [logger.py:345] - 🏠 Waiting for homepage to load (max retries: 3)
2026-07-21 07:38:20 - GeoTravelGlobalLogger - INFO     - [logger.py:345] - Attempt 1/3
2026-07-21 07:38:20 - GeoTravelGlobalLogger - INFO     - [logger.py:345] - Page body loaded
2026-07-21 07:38:20 - GeoTravelGlobalLogger - INFO     - [logger.py:345] - Validating Geo Travel page...
2026-07-21 07:38:20 - GeoTravelGlobalLogger - INFO     - [logger.py:345] - Validating page HTML structure...
2026-07-21 07:38:20 - GeoTravelGlobalLogger - INFO     - [logger.py:345] - Validating page content keywords...
2026-07-21 07:38:20 - GeoTravelGlobalLogger - INFO     - [logger.py:345] - Page validation confidence: 100.0%
2026-07-21 07:38:20 - GeoTravelGlobalLogger - INFO     - [logger.py:345] - Found keywords: ['geo', 'travel', 'destination', 'book', 'tour', 'package', 'hotel', 'flight', 'vacation', 'adventure']
2026-07-21 07:38:20 - GeoTravelGlobalLogger - INFO     - [logger.py:345] - Homepage validation passed! Confidence: 100.0%
2026-07-21 07:38:20 - GeoTravelGlobalLogger - INFO     - [logger.py:345] - 🔄 STEP 2: Checking page title
2026-07-21 07:38:20 - GeoTravelGlobalLogger - INFO     - [logger.py:345] - 🔄 STEP 3: Checking current URL
2026-07-21 07:38:20 - GeoTravelGlobalLogger - INFO     - [logger.py:345] - SUCCESS: Homepage loaded successfully
2026-07-21 07:38:20 - GeoTravelGlobalLogger - INFO     - [logger.py:345] - ✅ Saved test-specific logs: reports/logs/src_tests_smoke_tests_test_homepage_smoke.py_TestHomePageSmoke_test_homepage_loads_successfully_073820.log
2026-07-21 07:38:20 - GeoTravelGlobalLogger - INFO     - [logger.py:345] - Test result added: src/tests/smoke_tests/test_homepage_smoke.py::TestHomePageSmoke::test_homepage_loads_successfully - PASS (Duration: 7.12s)
2026-07-21 07:38:20 - GeoTravelGlobalLogger - INFO     - [logger.py:345] - Added test result to Unified UI Smoke + API TEST REPORT: src/tests/smoke_tests/test_homepage_smoke.py::TestHomePageSmoke::test_homepage_loads_successfully - PASS
2026-07-21 07:38:20 - GeoTravelGlobalLogger - INFO     - [logger.py:345] - Test result added: test_homepage_loads_successfully - PASS (Duration: 7.62s)
2026-07-21 07:38:20 - GeoTravelGlobalLogger - INFO     - [logger.py:345] - Creating chrome driver...
2026-07-21 07:38:20 - GeoTravelGlobalLogger - INFO     - [logger.py:345] - chrome driver created successfully
2026-07-21 07:38:20 - GeoTravelGlobalLogger - INFO     - [logger.py:345] - === Testing Basic Homepage Elements Exist ===
2026-07-21 07:38:20 - GeoTravelGlobalLogger - INFO     - [logger.py:345] - 🔄 STEP 1: Opening homepage
2026-07-21 07:38:21 - GeoTravelGlobalLogger - INFO     - [logger.py:345] - Navigated to: https://retail.stg.gowithgeo.com/
2026-07-21 07:38:21 - GeoTravelGlobalLogger - INFO     - [logger.py:345] - 🏁 Warming up site before homepage load...
2026-07-21 07:38:22 - GeoTravelGlobalLogger - INFO     - [logger.py:345] - Navigated to: https://retail.stg.gowithgeo.com/
2026-07-21 07:38:22 - GeoTravelGlobalLogger - INFO     - [logger.py:345] - Warm-up page opened successfully.
2026-07-21 07:38:27 - GeoTravelGlobalLogger - INFO     - [logger.py:345] - 🏠 Waiting for homepage to load (max retries: 3)
2026-07-21 07:38:27 - GeoTravelGlobalLogger - INFO     - [logger.py:345] - Attempt 1/3
2026-07-21 07:38:27 - GeoTravelGlobalLogger - INFO     - [logger.py:345] - Page body loaded
2026-07-21 07:38:27 - GeoTravelGlobalLogger - INFO     - [logger.py:345] - Validating Geo Travel page...
2026-07-21 07:38:27 - GeoTravelGlobalLogger - INFO     - [logger.py:345] - Validating page HTML structure...
2026-07-21 07:38:27 - GeoTravelGlobalLogger - INFO     - [logger.py:345] - Validating page content keywords...
2026-07-21 07:38:27 - GeoTravelGlobalLogger - INFO     - [logger.py:345] - Page validation confidence: 100.0%
2026-07-21 07:38:27 - GeoTravelGlobalLogger - INFO     - [logger.py:345] - Found keywords: ['geo', 'travel', 'destination', 'book', 'tour', 'package', 'hotel', 'flight', 'vacation', 'adventure']
2026-07-21 07:38:27 - GeoTravelGlobalLogger - INFO     - [logger.py:345] - Homepage validation passed! Confidence: 100.0%
2026-07-21 07:38:27 - GeoTravelGlobalLogger - INFO     - [logger.py:345] - 🔄 STEP 2: Checking page source and structure
2026-07-21 07:38:27 - GeoTravelGlobalLogger - INFO     - [logger.py:345] - 🔄 STEP 3: Checking for headings and links
2026-07-21 07:38:27 - GeoTravelGlobalLogger - INFO     - [logger.py:345] - Element present (('tag name', 'h1')): True
2026-07-21 07:38:27 - GeoTravelGlobalLogger - INFO     - [logger.py:345] - Element present (('tag name', 'a')): True
2026-07-21 07:38:27 - GeoTravelGlobalLogger - INFO     - [logger.py:345] - SUCCESS: Basic page elements check passed
2026-07-21 07:38:27 - GeoTravelGlobalLogger - INFO     - [logger.py:345] - ✅ Saved test-specific logs: reports/logs/src_tests_smoke_tests_test_homepage_smoke.py_TestHomePageSmoke_test_basic_homepage_elements_exist_073827.log
2026-07-21 07:38:27 - GeoTravelGlobalLogger - INFO     - [logger.py:345] - Test result added: src/tests/smoke_tests/test_homepage_smoke.py::TestHomePageSmoke::test_basic_homepage_elements_exist - PASS (Duration: 6.61s)
2026-07-21 07:38:27 - GeoTravelGlobalLogger - INFO     - [logger.py:345] - Added test result to Unified UI Smoke + API TEST REPORT: src/tests/smoke_tests/test_homepage_smoke.py::TestHomePageSmoke::test_basic_homepage_elements_exist - PASS
2026-07-21 07:38:27 - GeoTravelGlobalLogger - INFO     - [logger.py:345] - Test result added: test_basic_homepage_elements_exist - PASS (Duration: 7.10s)
2026-07-21 07:38:27 - GeoTravelGlobalLogger - INFO     - [logger.py:345] - Creating chrome driver...
2026-07-21 07:38:27 - GeoTravelGlobalLogger - INFO     - [logger.py:345] - chrome driver created successfully
2026-07-21 07:38:28 - GeoTravelGlobalLogger - INFO     - [logger.py:345] - === Testing Homepage Navigation Works ===
2026-07-21 07:38:28 - GeoTravelGlobalLogger - INFO     - [logger.py:345] - 🔄 STEP 1: Opening and validating homepage
2026-07-21 07:38:29 - GeoTravelGlobalLogger - INFO     - [logger.py:345] - Navigated to: https://retail.stg.gowithgeo.com/
2026-07-21 07:38:29 - GeoTravelGlobalLogger - INFO     - [logger.py:345] - 🏁 Warming up site before homepage load...
2026-07-21 07:38:29 - GeoTravelGlobalLogger - INFO     - [logger.py:345] - Navigated to: https://retail.stg.gowithgeo.com/
2026-07-21 07:38:29 - GeoTravelGlobalLogger - INFO     - [logger.py:345] - Warm-up page opened successfully.
2026-07-21 07:38:34 - GeoTravelGlobalLogger - INFO     - [logger.py:345] - 🏠 Waiting for homepage to load (max retries: 3)
2026-07-21 07:38:34 - GeoTravelGlobalLogger - INFO     - [logger.py:345] - Attempt 1/3
2026-07-21 07:38:34 - GeoTravelGlobalLogger - INFO     - [logger.py:345] - Page body loaded
2026-07-21 07:38:34 - GeoTravelGlobalLogger - INFO     - [logger.py:345] - Validating Geo Travel page...
2026-07-21 07:38:34 - GeoTravelGlobalLogger - INFO     - [logger.py:345] - Validating page HTML structure...
2026-07-21 07:38:34 - GeoTravelGlobalLogger - INFO     - [logger.py:345] - Validating page content keywords...
2026-07-21 07:38:34 - GeoTravelGlobalLogger - INFO     - [logger.py:345] - Page validation confidence: 100.0%
2026-07-21 07:38:34 - GeoTravelGlobalLogger - INFO     - [logger.py:345] - Found keywords: ['geo', 'travel', 'destination', 'book', 'tour', 'package', 'hotel', 'flight', 'vacation', 'adventure']
2026-07-21 07:38:34 - GeoTravelGlobalLogger - INFO     - [logger.py:345] - Homepage validation passed! Confidence: 100.0%
2026-07-21 07:38:34 - GeoTravelGlobalLogger - INFO     - [logger.py:345] - 🔄 STEP 2: Testing navigation functionality
2026-07-21 07:38:34 - GeoTravelGlobalLogger - INFO     - [logger.py:345] - === Testing Navigation Functionality ===
2026-07-21 07:38:34 - GeoTravelGlobalLogger - INFO     - [logger.py:345] - Finding navigation links
2026-07-21 07:38:34 - GeoTravelGlobalLogger - INFO     - [logger.py:345] - Found 3 clickable links out of 29 total
2026-07-21 07:38:34 - GeoTravelGlobalLogger - INFO     - [logger.py:345] - Attempt 1/3: Testing link to https://retail.stg.gowithgeo.com/
2026-07-21 07:38:34 - GeoTravelGlobalLogger - INFO     - [logger.py:345] - Clicking navigation link: https://retail.stg.gowithgeo.com/
2026-07-21 07:38:37 - GeoTravelGlobalLogger - INFO     - [logger.py:345] - Getting current URL
2026-07-21 07:38:37 - GeoTravelGlobalLogger - INFO     - [logger.py:345] - SUCCESS: Navigation successful: https://retail.stg.gowithgeo.com/ -> https://retail.stg.gowithgeo.com/
2026-07-21 07:38:37 - GeoTravelGlobalLogger - INFO     - [logger.py:345] - SUCCESS: Navigation verified: <bound method NavigationUtils.get_current_url of <src.utils.navigation.NavigationUtils object at 0x7f4c328b72b0>> → https://retail.stg.gowithgeo.com/
2026-07-21 07:38:37 - GeoTravelGlobalLogger - INFO     - [logger.py:345] - SUCCESS: Navigation test passed: Successfully navigated to https://retail.stg.gowithgeo.com/
2026-07-21 07:38:37 - GeoTravelGlobalLogger - INFO     - [logger.py:345] - ✅ Saved test-specific logs: reports/logs/src_tests_smoke_tests_test_homepage_smoke.py_TestHomePageSmoke_test_homepage_navigation_works_073837.log
2026-07-21 07:38:37 - GeoTravelGlobalLogger - INFO     - [logger.py:345] - Test result added: src/tests/smoke_tests/test_homepage_smoke.py::TestHomePageSmoke::test_homepage_navigation_works - PASS (Duration: 9.92s)
2026-07-21 07:38:37 - GeoTravelGlobalLogger - INFO     - [logger.py:345] - Added test result to Unified UI Smoke + API TEST REPORT: src/tests/smoke_tests/test_homepage_smoke.py::TestHomePageSmoke::test_homepage_navigation_works - PASS
2026-07-21 07:38:37 - GeoTravelGlobalLogger - INFO     - [logger.py:345] - Test result added: test_homepage_navigation_works - PASS (Duration: 10.40s)
2026-07-21 07:38:38 - GeoTravelGlobalLogger - INFO     - [logger.py:345] - Creating chrome driver...
2026-07-21 07:38:38 - GeoTravelGlobalLogger - INFO     - [logger.py:345] - chrome driver created successfully
2026-07-21 07:38:38 - GeoTravelGlobalLogger - INFO     - [logger.py:345] - === Testing Page Health Check ===
2026-07-21 07:38:38 - GeoTravelGlobalLogger - INFO     - [logger.py:345] - 🔄 STEP 1: Opening homepage
2026-07-21 07:38:39 - GeoTravelGlobalLogger - INFO     - [logger.py:345] - Navigated to: https://retail.stg.gowithgeo.com/
2026-07-21 07:38:39 - GeoTravelGlobalLogger - INFO     - [logger.py:345] - 🏁 Warming up site before homepage load...
2026-07-21 07:38:39 - GeoTravelGlobalLogger - INFO     - [logger.py:345] - Navigated to: https://retail.stg.gowithgeo.com/
2026-07-21 07:38:39 - GeoTravelGlobalLogger - INFO     - [logger.py:345] - Warm-up page opened successfully.
2026-07-21 07:38:44 - GeoTravelGlobalLogger - INFO     - [logger.py:345] - 🏠 Waiting for homepage to load (max retries: 3)
2026-07-21 07:38:44 - GeoTravelGlobalLogger - INFO     - [logger.py:345] - Attempt 1/3
2026-07-21 07:38:44 - GeoTravelGlobalLogger - INFO     - [logger.py:345] - Page body loaded
2026-07-21 07:38:45 - GeoTravelGlobalLogger - INFO     - [logger.py:345] - Validating Geo Travel page...
2026-07-21 07:38:45 - GeoTravelGlobalLogger - INFO     - [logger.py:345] - Validating page HTML structure...
2026-07-21 07:38:45 - GeoTravelGlobalLogger - INFO     - [logger.py:345] - Validating page content keywords...
2026-07-21 07:38:45 - GeoTravelGlobalLogger - INFO     - [logger.py:345] - Page validation confidence: 100.0%
2026-07-21 07:38:45 - GeoTravelGlobalLogger - INFO     - [logger.py:345] - Found keywords: ['geo', 'travel', 'destination', 'book', 'tour', 'package', 'hotel', 'flight', 'vacation', 'adventure']
2026-07-21 07:38:45 - GeoTravelGlobalLogger - INFO     - [logger.py:345] - Homepage validation passed! Confidence: 100.0%
2026-07-21 07:38:45 - GeoTravelGlobalLogger - INFO     - [logger.py:345] - 🔄 STEP 2: Performing comprehensive health check
2026-07-21 07:38:45 - GeoTravelGlobalLogger - INFO     - [logger.py:345] - Performing page health check
2026-07-21 07:39:15 - GeoTravelGlobalLogger - INFO     - [logger.py:345] - Health check - page_has_title: PASS
2026-07-21 07:39:15 - GeoTravelGlobalLogger - INFO     - [logger.py:345] - Health check - page_has_body: PASS
2026-07-21 07:39:15 - GeoTravelGlobalLogger - INFO     - [logger.py:345] - Health check - not_error_page: PASS
2026-07-21 07:39:15 - GeoTravelGlobalLogger - INFO     - [logger.py:345] - Health check - has_react_content: PASS
2026-07-21 07:39:15 - GeoTravelGlobalLogger - INFO     - [logger.py:345] - Health check - has_interactive_elements: PASS
2026-07-21 07:39:15 - GeoTravelGlobalLogger - INFO     - [logger.py:345] - Health check - has_navigation: PASS
2026-07-21 07:39:15 - GeoTravelGlobalLogger - INFO     - [logger.py:345] - Page health check overall: PASS
2026-07-21 07:39:15 - GeoTravelGlobalLogger - INFO     - [logger.py:345] - 🔄 STEP 3: Verifying critical health checks
2026-07-21 07:39:15 - GeoTravelGlobalLogger - INFO     - [logger.py:345] - 🔄 STEP 4: Checking logo visibility
2026-07-21 07:39:35 - GeoTravelGlobalLogger - WARNING  - [logger.py:360] - Element not visible within 15s: ('xpath', "//div[contains(@class,'w-28') and contains(@class,'h-12') and contains(@class,'relative')]//img[@alt='GeoTravel']")
2026-07-21 07:39:35 - GeoTravelGlobalLogger - WARNING  - [logger.py:360] - Primary logo selector failed, trying next option... | Message: 
Stacktrace:
#0 0x55dee78d244a <unknown>
#1 0x55dee72aa8c9 <unknown>
#2 0x55dee72fff32 <unknown>
#3 0x55dee7300181 <unknown>
#4 0x55dee734b374 <unknown>
#5 0x55dee734855d <unknown>
#6 0x55dee72f33ff <unknown>
#7 0x55dee72f4261 <unknown>
#8 0x55dee7897cc7 <unknown>
#9 0x55dee78964a8 <unknown>
#10 0x55dee7881196 <unknown>
#11 0x55dee789706a <unknown>
#12 0x55dee7869020 <unknown>
#13 0x55dee78bdb98 <unknown>
#14 0x55dee78bdd35 <unknown>
#15 0x55dee78d0ffe <unknown>
#16 0x7f70fd49caa4 <unknown>
#17 0x7f70fd529c6c <unknown>

2026-07-21 07:39:35 - GeoTravelGlobalLogger - INFO     - [logger.py:345] - Logo visible (Fallback): True
2026-07-21 07:39:35 - GeoTravelGlobalLogger - INFO     - [logger.py:345] - SUCCESS: Homepage health check passed
2026-07-21 07:39:35 - GeoTravelGlobalLogger - INFO     - [logger.py:345] - ✅ Saved test-specific logs: reports/logs/src_tests_smoke_tests_test_homepage_smoke.py_TestHomePageSmoke_test_homepage_health_check_073935.log
2026-07-21 07:39:35 - GeoTravelGlobalLogger - INFO     - [logger.py:345] - Test result added: src/tests/smoke_tests/test_homepage_smoke.py::TestHomePageSmoke::test_homepage_health_check - PASS (Duration: 57.55s)
2026-07-21 07:39:35 - GeoTravelGlobalLogger - INFO     - [logger.py:345] - Added test result to Unified UI Smoke + API TEST REPORT: src/tests/smoke_tests/test_homepage_smoke.py::TestHomePageSmoke::test_homepage_health_check - PASS
2026-07-21 07:39:36 - GeoTravelGlobalLogger - INFO     - [logger.py:345] - Test result added: test_homepage_health_check - PASS (Duration: 58.05s)
2026-07-21 07:39:36 - GeoTravelGlobalLogger - INFO     - [logger.py:345] - Creating chrome driver...
2026-07-21 07:39:36 - GeoTravelGlobalLogger - INFO     - [logger.py:345] - chrome driver created successfully
2026-07-21 07:39:36 - GeoTravelGlobalLogger - INFO     - [logger.py:345] - === Quick Smoke Test: Homepage Load ===
2026-07-21 07:39:36 - GeoTravelGlobalLogger - INFO     - [logger.py:345] - Step 1: Opening homepage
2026-07-21 07:39:37 - GeoTravelGlobalLogger - INFO     - [logger.py:345] - Navigated to: https://retail.stg.gowithgeo.com/
2026-07-21 07:39:37 - GeoTravelGlobalLogger - INFO     - [logger.py:345] - 🏁 Warming up site before homepage load...
2026-07-21 07:39:38 - GeoTravelGlobalLogger - INFO     - [logger.py:345] - Navigated to: https://retail.stg.gowithgeo.com/
2026-07-21 07:39:38 - GeoTravelGlobalLogger - INFO     - [logger.py:345] - Warm-up page opened successfully.
2026-07-21 07:39:43 - GeoTravelGlobalLogger - INFO     - [logger.py:345] - 🏠 Waiting for homepage to load (max retries: 3)
2026-07-21 07:39:43 - GeoTravelGlobalLogger - INFO     - [logger.py:345] - Attempt 1/3
2026-07-21 07:39:43 - GeoTravelGlobalLogger - INFO     - [logger.py:345] - Page body loaded
2026-07-21 07:39:43 - GeoTravelGlobalLogger - INFO     - [logger.py:345] - Validating Geo Travel page...
2026-07-21 07:39:43 - GeoTravelGlobalLogger - INFO     - [logger.py:345] - Validating page HTML structure...
2026-07-21 07:39:43 - GeoTravelGlobalLogger - INFO     - [logger.py:345] - Validating page content keywords...
2026-07-21 07:39:43 - GeoTravelGlobalLogger - INFO     - [logger.py:345] - Page validation confidence: 100.0%
2026-07-21 07:39:43 - GeoTravelGlobalLogger - INFO     - [logger.py:345] - Found keywords: ['geo', 'travel', 'destination', 'book', 'tour', 'package', 'hotel', 'flight', 'vacation', 'adventure']
2026-07-21 07:39:43 - GeoTravelGlobalLogger - INFO     - [logger.py:345] - Homepage validation passed! Confidence: 100.0%
2026-07-21 07:39:43 - GeoTravelGlobalLogger - INFO     - [logger.py:345] - Step 2: Verifying page title
2026-07-21 07:39:43 - GeoTravelGlobalLogger - INFO     - [logger.py:345] - SUCCESS: ✅ Homepage loaded successfully - Basic navigation works
2026-07-21 07:39:43 - GeoTravelGlobalLogger - INFO     - [logger.py:345] - ✅ Saved test-specific logs: reports/logs/src_tests_smoke_tests_test_package_booking_smoke.py_TestPackageBookingSmoke_test_homepage_loads_successfully_073943.log
2026-07-21 07:39:43 - GeoTravelGlobalLogger - INFO     - [logger.py:345] - Test result added: src/tests/smoke_tests/test_package_booking_smoke.py::TestPackageBookingSmoke::test_homepage_loads_successfully - PASS (Duration: 6.72s)
2026-07-21 07:39:43 - GeoTravelGlobalLogger - INFO     - [logger.py:345] - Added test result to Unified UI Smoke + API TEST REPORT: src/tests/smoke_tests/test_package_booking_smoke.py::TestPackageBookingSmoke::test_homepage_loads_successfully - PASS
2026-07-21 07:39:43 - GeoTravelGlobalLogger - INFO     - [logger.py:345] - Test result added: test_homepage_loads_successfully - PASS (Duration: 7.24s)
2026-07-21 07:39:43 - GeoTravelGlobalLogger - INFO     - [logger.py:345] - Creating chrome driver...
2026-07-21 07:39:43 - GeoTravelGlobalLogger - INFO     - [logger.py:345] - chrome driver created successfully
2026-07-21 07:39:43 - GeoTravelGlobalLogger - INFO     - [logger.py:345] - === Quick Smoke Test: Booking Form ===
2026-07-21 07:39:43 - GeoTravelGlobalLogger - INFO     - [logger.py:345] - Step 1: Quick navigation to trigger booking form
2026-07-21 07:39:44 - GeoTravelGlobalLogger - INFO     - [logger.py:345] - Navigated to: https://retail.stg.gowithgeo.com/
2026-07-21 07:39:44 - GeoTravelGlobalLogger - INFO     - [logger.py:345] - Clicking Package button
2026-07-21 07:39:47 - GeoTravelGlobalLogger - INFO     - [logger.py:345] - SUCCESS: ✅ Booking form basic navigation verified
2026-07-21 07:39:47 - GeoTravelGlobalLogger - INFO     - [logger.py:345] - ✅ Saved test-specific logs: reports/logs/src_tests_smoke_tests_test_package_booking_smoke.py_TestPackageBookingSmoke_test_booking_form_navigation_on_homepage_073947.log
2026-07-21 07:39:47 - GeoTravelGlobalLogger - INFO     - [logger.py:345] - Test result added: src/tests/smoke_tests/test_package_booking_smoke.py::TestPackageBookingSmoke::test_booking_form_navigation_on_homepage - PASS (Duration: 4.18s)
2026-07-21 07:39:47 - GeoTravelGlobalLogger - INFO     - [logger.py:345] - Added test result to Unified UI Smoke + API TEST REPORT: src/tests/smoke_tests/test_package_booking_smoke.py::TestPackageBookingSmoke::test_booking_form_navigation_on_homepage - PASS
2026-07-21 07:39:47 - GeoTravelGlobalLogger - INFO     - [logger.py:345] - Test result added: test_booking_form_navigation_on_homepage - PASS (Duration: 4.67s)
2026-07-21 07:39:47 - GeoTravelGlobalLogger - INFO     - [logger.py:345] - Creating chrome driver...
2026-07-21 07:39:48 - GeoTravelGlobalLogger - INFO     - [logger.py:345] - chrome driver created successfully
2026-07-21 07:39:48 - GeoTravelGlobalLogger - INFO     - [logger.py:345] - === Quick Smoke Test: Package Search ===
2026-07-21 07:39:48 - GeoTravelGlobalLogger - INFO     - [logger.py:345] - Step 1: Opening homepage and navigating to packages
2026-07-21 07:39:49 - GeoTravelGlobalLogger - INFO     - [logger.py:345] - Navigated to: https://retail.stg.gowithgeo.com/
2026-07-21 07:39:49 - GeoTravelGlobalLogger - INFO     - [logger.py:345] - Clicking Package button
2026-07-21 07:39:50 - GeoTravelGlobalLogger - INFO     - [logger.py:345] - Step 3: Selecting trip type
2026-07-21 07:39:50 - GeoTravelGlobalLogger - INFO     - [logger.py:345] - Selecting trip type as 'group'
2026-07-21 07:39:50 - GeoTravelGlobalLogger - INFO     - [logger.py:345] - Clicked trip type dropdown
2026-07-21 07:39:52 - GeoTravelGlobalLogger - INFO     - [logger.py:345] - Trip type selected: group
2026-07-21 07:39:55 - GeoTravelGlobalLogger - INFO     - [logger.py:345] - Step 2: Selecting country
2026-07-21 07:39:55 - GeoTravelGlobalLogger - INFO     - [logger.py:345] - Selecting country: Nigeria
2026-07-21 07:39:55 - GeoTravelGlobalLogger - INFO     - [logger.py:345] - Clicked country selector
2026-07-21 07:39:57 - GeoTravelGlobalLogger - INFO     - [logger.py:345] - Clicked country input
2026-07-21 07:40:01 - GeoTravelGlobalLogger - INFO     - [logger.py:345] - Typed country: Nigeria
2026-07-21 07:40:03 - GeoTravelGlobalLogger - INFO     - [logger.py:345] - Country selected: Nigeria
2026-07-21 07:40:06 - GeoTravelGlobalLogger - INFO     - [logger.py:345] - Step 4: Opening travel date selector
2026-07-21 07:40:06 - GeoTravelGlobalLogger - INFO     - [logger.py:345] - Opening travel date selector
2026-07-21 07:40:08 - GeoTravelGlobalLogger - INFO     - [logger.py:345] - Selected travel date: 
2026-07-21 07:40:11 - GeoTravelGlobalLogger - INFO     - [logger.py:345] - Step 5: Executing package search
2026-07-21 07:40:11 - GeoTravelGlobalLogger - INFO     - [logger.py:345] - Clicking Search Packages button
2026-07-21 07:40:21 - GeoTravelGlobalLogger - INFO     - [logger.py:345] - Step 6: Verifying search results
2026-07-21 07:40:21 - GeoTravelGlobalLogger - INFO     - [logger.py:345] - Checking for 'packages' in https://retail.stg.gowithgeo.com/search-results/packages?country=NIGERIA&tripType=GROUP&startDate=2026-07-21 (waiting up to 30s)...
2026-07-21 07:40:21 - GeoTravelGlobalLogger - INFO     - [logger.py:345] - Search session initialized successfully - Found 'packages' in URL: https://retail.stg.gowithgeo.com/search-results/packages?country=NIGERIA&tripType=GROUP&startDate=2026-07-21
2026-07-21 07:40:21 - GeoTravelGlobalLogger - INFO     - [logger.py:345] - SUCCESS: ✅ Package search test passed
2026-07-21 07:40:21 - GeoTravelGlobalLogger - INFO     - [logger.py:345] - ✅ Saved test-specific logs: reports/logs/src_tests_smoke_tests_test_package_booking_smoke.py_TestPackageBookingSmoke_test_package_search_functionality_074021.log
2026-07-21 07:40:21 - GeoTravelGlobalLogger - INFO     - [logger.py:345] - Test result added: src/tests/smoke_tests/test_package_booking_smoke.py::TestPackageBookingSmoke::test_package_search_functionality - PASS (Duration: 33.21s)
2026-07-21 07:40:21 - GeoTravelGlobalLogger - INFO     - [logger.py:345] - Added test result to Unified UI Smoke + API TEST REPORT: src/tests/smoke_tests/test_package_booking_smoke.py::TestPackageBookingSmoke::test_package_search_functionality - PASS
2026-07-21 07:40:21 - GeoTravelGlobalLogger - INFO     - [logger.py:345] - Test result added: test_package_search_functionality - PASS (Duration: 33.71s)
2026-07-21 07:40:21 - GeoTravelGlobalLogger - INFO     - [logger.py:345] - Creating chrome driver...
2026-07-21 07:40:22 - GeoTravelGlobalLogger - INFO     - [logger.py:345] - chrome driver created successfully
2026-07-21 07:40:22 - GeoTravelGlobalLogger - INFO     - [logger.py:345] - === TEST: All Packages Booking Flow ===
2026-07-21 07:40:22 - GeoTravelGlobalLogger - INFO     - [logger.py:345] - 🔄 STEP 1: Opening homepage
2026-07-21 07:40:23 - GeoTravelGlobalLogger - INFO     - [logger.py:345] - Navigated to: https://retail.stg.gowithgeo.com/
2026-07-21 07:40:23 - GeoTravelGlobalLogger - INFO     - [logger.py:345] - 🏁 Warming up site before homepage load...
2026-07-21 07:40:23 - GeoTravelGlobalLogger - INFO     - [logger.py:345] - Navigated to: https://retail.stg.gowithgeo.com/
2026-07-21 07:40:23 - GeoTravelGlobalLogger - INFO     - [logger.py:345] - Warm-up page opened successfully.
2026-07-21 07:40:28 - GeoTravelGlobalLogger - INFO     - [logger.py:345] - 🏠 Waiting for homepage to load (max retries: 3)
2026-07-21 07:40:28 - GeoTravelGlobalLogger - INFO     - [logger.py:345] - Attempt 1/3
2026-07-21 07:40:28 - GeoTravelGlobalLogger - INFO     - [logger.py:345] - Page body loaded
2026-07-21 07:40:28 - GeoTravelGlobalLogger - INFO     - [logger.py:345] - Validating Geo Travel page...
2026-07-21 07:40:28 - GeoTravelGlobalLogger - INFO     - [logger.py:345] - Validating page HTML structure...
2026-07-21 07:40:28 - GeoTravelGlobalLogger - INFO     - [logger.py:345] - Validating page content keywords...
2026-07-21 07:40:28 - GeoTravelGlobalLogger - INFO     - [logger.py:345] - Page validation confidence: 100.0%
2026-07-21 07:40:28 - GeoTravelGlobalLogger - INFO     - [logger.py:345] - Found keywords: ['geo', 'travel', 'destination', 'book', 'tour', 'package', 'hotel', 'flight', 'vacation', 'adventure']
2026-07-21 07:40:28 - GeoTravelGlobalLogger - INFO     - [logger.py:345] - Homepage validation passed! Confidence: 100.0%
2026-07-21 07:40:28 - GeoTravelGlobalLogger - INFO     - [logger.py:345] - 🔄 STEP 2: Clicking Packages in nav bar
2026-07-21 07:40:28 - GeoTravelGlobalLogger - INFO     - [logger.py:345] - Clicking 'Packages' link in navigation
2026-07-21 07:40:28 - GeoTravelGlobalLogger - INFO     - [logger.py:345] - 🔄 STEP 3: Verifying All Packages page
2026-07-21 07:40:28 - GeoTravelGlobalLogger - INFO     - [logger.py:345] - Verifying All Packages page loaded
2026-07-21 07:40:28 - GeoTravelGlobalLogger - INFO     - [logger.py:345] - ✅ Successfully loaded All Packages page
2026-07-21 07:40:28 - GeoTravelGlobalLogger - INFO     - [logger.py:345] - 🔄 STEP 4: Selecting first package
2026-07-21 07:40:28 - GeoTravelGlobalLogger - INFO     - [logger.py:345] - Clicking View Package button
2026-07-21 07:40:35 - GeoTravelGlobalLogger - INFO     - [logger.py:345] - 🔄 STEP 5: Verifying pricing option
2026-07-21 07:40:35 - GeoTravelGlobalLogger - INFO     - [logger.py:345] - ✅ Pricing option is present
2026-07-21 07:40:35 - GeoTravelGlobalLogger - INFO     - [logger.py:345] - 🔄 STEP 6: Verifying Book Reservation button
2026-07-21 07:40:45 - GeoTravelGlobalLogger - ERROR    - [logger.py:363] - ❌ Book Reservation button not found
2026-07-21 07:40:45 - GeoTravelGlobalLogger - ERROR    - [logger.py:363] - ❌ All Packages booking flow failed: Book Reservation button not found on package details page
assert False
2026-07-21 07:40:45 - GeoTravelGlobalLogger - INFO     - [logger.py:345] - ✅ Saved test-specific logs: reports/logs/src_tests_smoke_tests_test_package_booking_smoke.py_TestPackageBookingSmoke_test_all_packages_booking_flow_074045.log
2026-07-21 07:40:45 - GeoTravelGlobalLogger - INFO     - [logger.py:345] - Test result added: src/tests/smoke_tests/test_package_booking_smoke.py::TestPackageBookingSmoke::test_all_packages_booking_flow - PASS (Duration: 23.31s)
2026-07-21 07:40:45 - GeoTravelGlobalLogger - INFO     - [logger.py:345] - Added test result to Unified UI Smoke + API TEST REPORT: src/tests/smoke_tests/test_package_booking_smoke.py::TestPackageBookingSmoke::test_all_packages_booking_flow - PASS
2026-07-21 07:40:45 - GeoTravelGlobalLogger - INFO     - [logger.py:345] - Test result added: test_all_packages_booking_flow - PASS (Duration: 23.81s)
2026-07-21 07:40:45 - GeoTravelGlobalLogger - INFO     - [logger.py:345] - Creating chrome driver...
2026-07-21 07:40:45 - GeoTravelGlobalLogger - INFO     - [logger.py:345] - chrome driver created successfully
2026-07-21 07:40:45 - GeoTravelGlobalLogger - INFO     - [logger.py:345] - === Test: Travel Gallery Navigation ===
2026-07-21 07:40:45 - GeoTravelGlobalLogger - INFO     - [logger.py:345] - 🔄 STEP 1: Opening homepage
2026-07-21 07:40:46 - GeoTravelGlobalLogger - INFO     - [logger.py:345] - Navigated to: https://retail.stg.gowithgeo.com/
2026-07-21 07:40:46 - GeoTravelGlobalLogger - INFO     - [logger.py:345] - 🏁 Warming up site before homepage load...
2026-07-21 07:40:47 - GeoTravelGlobalLogger - INFO     - [logger.py:345] - Navigated to: https://retail.stg.gowithgeo.com/
2026-07-21 07:40:47 - GeoTravelGlobalLogger - INFO     - [logger.py:345] - Warm-up page opened successfully.
2026-07-21 07:40:52 - GeoTravelGlobalLogger - INFO     - [logger.py:345] - 🏠 Waiting for homepage to load (max retries: 3)
2026-07-21 07:40:52 - GeoTravelGlobalLogger - INFO     - [logger.py:345] - Attempt 1/3
2026-07-21 07:40:52 - GeoTravelGlobalLogger - INFO     - [logger.py:345] - Page body loaded
2026-07-21 07:40:52 - GeoTravelGlobalLogger - INFO     - [logger.py:345] - Validating Geo Travel page...
2026-07-21 07:40:52 - GeoTravelGlobalLogger - INFO     - [logger.py:345] - Validating page HTML structure...
2026-07-21 07:40:52 - GeoTravelGlobalLogger - INFO     - [logger.py:345] - Validating page content keywords...
2026-07-21 07:40:52 - GeoTravelGlobalLogger - INFO     - [logger.py:345] - Page validation confidence: 100.0%
2026-07-21 07:40:52 - GeoTravelGlobalLogger - INFO     - [logger.py:345] - Found keywords: ['geo', 'travel', 'destination', 'book', 'tour', 'package', 'hotel', 'flight', 'vacation', 'adventure']
2026-07-21 07:40:52 - GeoTravelGlobalLogger - INFO     - [logger.py:345] - Homepage validation passed! Confidence: 100.0%
2026-07-21 07:40:52 - GeoTravelGlobalLogger - INFO     - [logger.py:345] - 🔄 STEP 2: Navigating to Travel Gallery
2026-07-21 07:40:52 - GeoTravelGlobalLogger - INFO     - [logger.py:345] - Navigating to Travel Gallery page
2026-07-21 07:40:53 - GeoTravelGlobalLogger - INFO     - [logger.py:345] - Successfully navigated to Travel Gallery page
2026-07-21 07:40:53 - GeoTravelGlobalLogger - INFO     - [logger.py:345] - 🔄 STEP 3: Verifying Travel Gallery page
2026-07-21 07:40:53 - GeoTravelGlobalLogger - INFO     - [logger.py:345] - Verifying Travel Gallery page loaded
2026-07-21 07:40:53 - GeoTravelGlobalLogger - INFO     - [logger.py:345] - Travel Gallery page verified
2026-07-21 07:40:53 - GeoTravelGlobalLogger - INFO     - [logger.py:345] - SUCCESS: ✅ Travel Gallery navigation verified
2026-07-21 07:40:53 - GeoTravelGlobalLogger - INFO     - [logger.py:345] - ✅ Saved test-specific logs: reports/logs/src_tests_smoke_tests_test_travel_gallery_smoke.py_TestTravelGallery_test_travel_gallery_navigation_074053.log
2026-07-21 07:40:53 - GeoTravelGlobalLogger - INFO     - [logger.py:345] - Test result added: src/tests/smoke_tests/test_travel_gallery_smoke.py::TestTravelGallery::test_travel_gallery_navigation - PASS (Duration: 7.14s)
2026-07-21 07:40:53 - GeoTravelGlobalLogger - INFO     - [logger.py:345] - Added test result to Unified UI Smoke + API TEST REPORT: src/tests/smoke_tests/test_travel_gallery_smoke.py::TestTravelGallery::test_travel_gallery_navigation - PASS
2026-07-21 07:40:53 - GeoTravelGlobalLogger - INFO     - [logger.py:345] - Test result added: test_travel_gallery_navigation - PASS (Duration: 7.64s)
2026-07-21 07:40:53 - GeoTravelGlobalLogger - INFO     - [logger.py:345] - Creating chrome driver...
2026-07-21 07:40:53 - GeoTravelGlobalLogger - INFO     - [logger.py:345] - chrome driver created successfully
2026-07-21 07:40:53 - GeoTravelGlobalLogger - INFO     - [logger.py:345] - === Test: Tour Card Click and Close ===
2026-07-21 07:40:53 - GeoTravelGlobalLogger - INFO     - [logger.py:345] - 🔄 STEP 1: Navigating to Travel Gallery
2026-07-21 07:40:54 - GeoTravelGlobalLogger - INFO     - [logger.py:345] - Navigated to: https://retail.stg.gowithgeo.com/
2026-07-21 07:40:54 - GeoTravelGlobalLogger - INFO     - [logger.py:345] - 🏁 Warming up site before homepage load...
2026-07-21 07:40:55 - GeoTravelGlobalLogger - INFO     - [logger.py:345] - Navigated to: https://retail.stg.gowithgeo.com/
2026-07-21 07:40:55 - GeoTravelGlobalLogger - INFO     - [logger.py:345] - Warm-up page opened successfully.
2026-07-21 07:41:00 - GeoTravelGlobalLogger - INFO     - [logger.py:345] - 🏠 Waiting for homepage to load (max retries: 3)
2026-07-21 07:41:00 - GeoTravelGlobalLogger - INFO     - [logger.py:345] - Attempt 1/3
2026-07-21 07:41:00 - GeoTravelGlobalLogger - INFO     - [logger.py:345] - Page body loaded
2026-07-21 07:41:00 - GeoTravelGlobalLogger - INFO     - [logger.py:345] - Validating Geo Travel page...
2026-07-21 07:41:00 - GeoTravelGlobalLogger - INFO     - [logger.py:345] - Validating page HTML structure...
2026-07-21 07:41:00 - GeoTravelGlobalLogger - INFO     - [logger.py:345] - Validating page content keywords...
2026-07-21 07:41:00 - GeoTravelGlobalLogger - INFO     - [logger.py:345] - Page validation confidence: 100.0%
2026-07-21 07:41:00 - GeoTravelGlobalLogger - INFO     - [logger.py:345] - Found keywords: ['geo', 'travel', 'destination', 'book', 'tour', 'package', 'hotel', 'flight', 'vacation', 'adventure']
2026-07-21 07:41:00 - GeoTravelGlobalLogger - INFO     - [logger.py:345] - Homepage validation passed! Confidence: 100.0%
2026-07-21 07:41:00 - GeoTravelGlobalLogger - INFO     - [logger.py:345] - Navigating to Travel Gallery page
2026-07-21 07:41:00 - GeoTravelGlobalLogger - INFO     - [logger.py:345] - Successfully navigated to Travel Gallery page
2026-07-21 07:41:00 - GeoTravelGlobalLogger - INFO     - [logger.py:345] - 🔄 STEP 2: Clicking on first tour card
2026-07-21 07:41:00 - GeoTravelGlobalLogger - INFO     - [logger.py:345] - Clicking on first tour card
2026-07-21 07:41:03 - GeoTravelGlobalLogger - INFO     - [logger.py:345] - Successfully clicked on first tour
2026-07-21 07:41:03 - GeoTravelGlobalLogger - INFO     - [logger.py:345] - 🔄 STEP 3: Waiting for tour detail page
2026-07-21 07:41:03 - GeoTravelGlobalLogger - INFO     - [logger.py:345] - Waiting for tour detail to load
2026-07-21 07:41:03 - GeoTravelGlobalLogger - INFO     - [logger.py:345] - Tour detail loaded with images
2026-07-21 07:41:03 - GeoTravelGlobalLogger - INFO     - [logger.py:345] - 🔄 STEP 4: Clicking view button on image
2026-07-21 07:41:03 - GeoTravelGlobalLogger - INFO     - [logger.py:345] - Clicking view button on image 1
2026-07-21 07:41:06 - GeoTravelGlobalLogger - INFO     - [logger.py:345] - Clicked view button on image 1
2026-07-21 07:41:06 - GeoTravelGlobalLogger - INFO     - [logger.py:345] - 🔄 STEP 5: Closing image viewer
2026-07-21 07:41:06 - GeoTravelGlobalLogger - INFO     - [logger.py:345] - Closing image viewer
2026-07-21 07:41:07 - GeoTravelGlobalLogger - INFO     - [logger.py:345] - Image viewer closed
2026-07-21 07:41:07 - GeoTravelGlobalLogger - INFO     - [logger.py:345] - 🔄 STEP 6: Going back to gallery
2026-07-21 07:41:09 - GeoTravelGlobalLogger - INFO     - [logger.py:345] - 🔄 STEP 7: Verifying back on gallery page
2026-07-21 07:41:09 - GeoTravelGlobalLogger - INFO     - [logger.py:345] - SUCCESS: ✅ Tour card click, image view, and back navigation verified
2026-07-21 07:41:09 - GeoTravelGlobalLogger - INFO     - [logger.py:345] - ✅ Saved test-specific logs: reports/logs/src_tests_smoke_tests_test_travel_gallery_smoke.py_TestTravelGallery_test_tour_card_click_and_close_074109.log
2026-07-21 07:41:09 - GeoTravelGlobalLogger - INFO     - [logger.py:345] - Test result added: src/tests/smoke_tests/test_travel_gallery_smoke.py::TestTravelGallery::test_tour_card_click_and_close - PASS (Duration: 15.72s)
2026-07-21 07:41:09 - GeoTravelGlobalLogger - INFO     - [logger.py:345] - Added test result to Unified UI Smoke + API TEST REPORT: src/tests/smoke_tests/test_travel_gallery_smoke.py::TestTravelGallery::test_tour_card_click_and_close - PASS
2026-07-21 07:41:09 - GeoTravelGlobalLogger - INFO     - [logger.py:345] - Test result added: test_tour_card_click_and_close - PASS (Duration: 16.24s)
2026-07-21 07:41:09 - GeoTravelGlobalLogger - INFO     - [logger.py:345] - Creating chrome driver...
2026-07-21 07:41:09 - GeoTravelGlobalLogger - INFO     - [logger.py:345] - chrome driver created successfully
2026-07-21 07:41:09 - GeoTravelGlobalLogger - INFO     - [logger.py:345] - === Test: Scroll Functionality ===
2026-07-21 07:41:09 - GeoTravelGlobalLogger - INFO     - [logger.py:345] - 🔄 STEP 1: Navigating to Travel Gallery
2026-07-21 07:41:10 - GeoTravelGlobalLogger - INFO     - [logger.py:345] - Navigated to: https://retail.stg.gowithgeo.com/
2026-07-21 07:41:10 - GeoTravelGlobalLogger - INFO     - [logger.py:345] - 🏁 Warming up site before homepage load...
2026-07-21 07:41:11 - GeoTravelGlobalLogger - INFO     - [logger.py:345] - Navigated to: https://retail.stg.gowithgeo.com/
2026-07-21 07:41:11 - GeoTravelGlobalLogger - INFO     - [logger.py:345] - Warm-up page opened successfully.
2026-07-21 07:41:16 - GeoTravelGlobalLogger - INFO     - [logger.py:345] - 🏠 Waiting for homepage to load (max retries: 3)
2026-07-21 07:41:16 - GeoTravelGlobalLogger - INFO     - [logger.py:345] - Attempt 1/3
2026-07-21 07:41:16 - GeoTravelGlobalLogger - INFO     - [logger.py:345] - Page body loaded
2026-07-21 07:41:16 - GeoTravelGlobalLogger - INFO     - [logger.py:345] - Validating Geo Travel page...
2026-07-21 07:41:16 - GeoTravelGlobalLogger - INFO     - [logger.py:345] - Validating page HTML structure...
2026-07-21 07:41:16 - GeoTravelGlobalLogger - INFO     - [logger.py:345] - Validating page content keywords...
2026-07-21 07:41:16 - GeoTravelGlobalLogger - INFO     - [logger.py:345] - Page validation confidence: 100.0%
2026-07-21 07:41:16 - GeoTravelGlobalLogger - INFO     - [logger.py:345] - Found keywords: ['geo', 'travel', 'destination', 'book', 'tour', 'package', 'hotel', 'flight', 'vacation', 'adventure']
2026-07-21 07:41:16 - GeoTravelGlobalLogger - INFO     - [logger.py:345] - Homepage validation passed! Confidence: 100.0%
2026-07-21 07:41:16 - GeoTravelGlobalLogger - INFO     - [logger.py:345] - Navigating to Travel Gallery page
2026-07-21 07:41:16 - GeoTravelGlobalLogger - INFO     - [logger.py:345] - Successfully navigated to Travel Gallery page
2026-07-21 07:41:16 - GeoTravelGlobalLogger - INFO     - [logger.py:345] - Initial scroll position: 0
2026-07-21 07:41:16 - GeoTravelGlobalLogger - INFO     - [logger.py:345] - 🔄 STEP 2: Scrolling down
2026-07-21 07:41:18 - GeoTravelGlobalLogger - INFO     - [logger.py:345] - After scroll down position: 274
2026-07-21 07:41:18 - GeoTravelGlobalLogger - INFO     - [logger.py:345] - 🔄 STEP 3: Scrolling up
2026-07-21 07:41:19 - GeoTravelGlobalLogger - INFO     - [logger.py:345] - After scroll up position: 0
2026-07-21 07:41:19 - GeoTravelGlobalLogger - INFO     - [logger.py:345] - SUCCESS: ✅ Scroll functionality verified
2026-07-21 07:41:19 - GeoTravelGlobalLogger - INFO     - [logger.py:345] - ✅ Saved test-specific logs: reports/logs/src_tests_smoke_tests_test_travel_gallery_smoke.py_TestTravelGallery_test_scroll_functionality_074119.log
2026-07-21 07:41:19 - GeoTravelGlobalLogger - INFO     - [logger.py:345] - Test result added: src/tests/smoke_tests/test_travel_gallery_smoke.py::TestTravelGallery::test_scroll_functionality - PASS (Duration: 9.20s)
2026-07-21 07:41:19 - GeoTravelGlobalLogger - INFO     - [logger.py:345] - Added test result to Unified UI Smoke + API TEST REPORT: src/tests/smoke_tests/test_travel_gallery_smoke.py::TestTravelGallery::test_scroll_functionality - PASS
2026-07-21 07:41:19 - GeoTravelGlobalLogger - INFO     - [logger.py:345] - Test result added: test_scroll_functionality - PASS (Duration: 9.70s)
2026-07-21 07:41:19 - GeoTravelGlobalLogger - INFO     - [logger.py:345] - Creating chrome driver...
2026-07-21 07:41:19 - GeoTravelGlobalLogger - INFO     - [logger.py:345] - chrome driver created successfully
2026-07-21 07:41:19 - GeoTravelGlobalLogger - INFO     - [logger.py:345] - === Comprehensive Test: Complete Travel Gallery Flow ===
2026-07-21 07:41:19 - GeoTravelGlobalLogger - INFO     - [logger.py:345] - 🔄 STEP 1: Opening homepage
2026-07-21 07:41:20 - GeoTravelGlobalLogger - INFO     - [logger.py:345] - Navigated to: https://retail.stg.gowithgeo.com/
2026-07-21 07:41:20 - GeoTravelGlobalLogger - INFO     - [logger.py:345] - 🏁 Warming up site before homepage load...
2026-07-21 07:41:21 - GeoTravelGlobalLogger - INFO     - [logger.py:345] - Navigated to: https://retail.stg.gowithgeo.com/
2026-07-21 07:41:21 - GeoTravelGlobalLogger - INFO     - [logger.py:345] - Warm-up page opened successfully.
2026-07-21 07:41:26 - GeoTravelGlobalLogger - INFO     - [logger.py:345] - 🏠 Waiting for homepage to load (max retries: 3)
2026-07-21 07:41:26 - GeoTravelGlobalLogger - INFO     - [logger.py:345] - Attempt 1/3
2026-07-21 07:41:26 - GeoTravelGlobalLogger - INFO     - [logger.py:345] - Page body loaded
2026-07-21 07:41:26 - GeoTravelGlobalLogger - INFO     - [logger.py:345] - Validating Geo Travel page...
2026-07-21 07:41:26 - GeoTravelGlobalLogger - INFO     - [logger.py:345] - Validating page HTML structure...
2026-07-21 07:41:26 - GeoTravelGlobalLogger - INFO     - [logger.py:345] - Validating page content keywords...
2026-07-21 07:41:26 - GeoTravelGlobalLogger - INFO     - [logger.py:345] - Page validation confidence: 100.0%
2026-07-21 07:41:26 - GeoTravelGlobalLogger - INFO     - [logger.py:345] - Found keywords: ['geo', 'travel', 'destination', 'book', 'tour', 'package', 'hotel', 'flight', 'vacation', 'adventure']
2026-07-21 07:41:26 - GeoTravelGlobalLogger - INFO     - [logger.py:345] - Homepage validation passed! Confidence: 100.0%
2026-07-21 07:41:26 - GeoTravelGlobalLogger - INFO     - [logger.py:345] - 🔄 STEP 2: Clicking Travel Gallery menu
2026-07-21 07:41:26 - GeoTravelGlobalLogger - INFO     - [logger.py:345] - Navigating to Travel Gallery page
2026-07-21 07:41:26 - GeoTravelGlobalLogger - INFO     - [logger.py:345] - Successfully navigated to Travel Gallery page
2026-07-21 07:41:26 - GeoTravelGlobalLogger - INFO     - [logger.py:345] - 🔄 STEP 3: Verifying gallery page
2026-07-21 07:41:26 - GeoTravelGlobalLogger - INFO     - [logger.py:345] - Verifying Travel Gallery page loaded
2026-07-21 07:41:26 - GeoTravelGlobalLogger - INFO     - [logger.py:345] - Travel Gallery page verified
2026-07-21 07:41:26 - GeoTravelGlobalLogger - INFO     - [logger.py:345] - Verifying gallery has tour cards
2026-07-21 07:41:26 - GeoTravelGlobalLogger - INFO     - [logger.py:345] - Found 3 tour cards
2026-07-21 07:41:26 - GeoTravelGlobalLogger - INFO     - [logger.py:345] - Found 3 tours
2026-07-21 07:41:26 - GeoTravelGlobalLogger - INFO     - [logger.py:345] - 🔄 STEP 4: Scrolling down
2026-07-21 07:41:28 - GeoTravelGlobalLogger - INFO     - [logger.py:345] - 🔄 STEP 5: Scrolling up
2026-07-21 07:41:30 - GeoTravelGlobalLogger - INFO     - [logger.py:345] - 🔄 STEP 6: Clicking on first tour
2026-07-21 07:41:30 - GeoTravelGlobalLogger - INFO     - [logger.py:345] - Clicking on first tour card
2026-07-21 07:41:33 - GeoTravelGlobalLogger - INFO     - [logger.py:345] - Successfully clicked on first tour
2026-07-21 07:41:33 - GeoTravelGlobalLogger - INFO     - [logger.py:345] - 🔄 STEP 7: Waiting for tour detail page
2026-07-21 07:41:33 - GeoTravelGlobalLogger - INFO     - [logger.py:345] - Waiting for tour detail to load
2026-07-21 07:41:33 - GeoTravelGlobalLogger - INFO     - [logger.py:345] - Tour detail loaded with images
2026-07-21 07:41:33 - GeoTravelGlobalLogger - INFO     - [logger.py:345] - 🔄 STEP 8: Clicking view button on image
2026-07-21 07:41:33 - GeoTravelGlobalLogger - INFO     - [logger.py:345] - Clicking view button on image 1
2026-07-21 07:41:35 - GeoTravelGlobalLogger - INFO     - [logger.py:345] - Clicked view button on image 1
2026-07-21 07:41:35 - GeoTravelGlobalLogger - INFO     - [logger.py:345] - 🔄 STEP 9: Closing image viewer
2026-07-21 07:41:35 - GeoTravelGlobalLogger - INFO     - [logger.py:345] - Closing image viewer
2026-07-21 07:41:36 - GeoTravelGlobalLogger - INFO     - [logger.py:345] - Image viewer closed
2026-07-21 07:41:36 - GeoTravelGlobalLogger - INFO     - [logger.py:345] - 🔄 STEP 10: Going back to gallery
2026-07-21 07:41:38 - GeoTravelGlobalLogger - INFO     - [logger.py:345] - 🔄 STEP 11: Verifying back on gallery page
2026-07-21 07:41:38 - GeoTravelGlobalLogger - INFO     - [logger.py:345] - Verifying Travel Gallery page loaded
2026-07-21 07:41:38 - GeoTravelGlobalLogger - INFO     - [logger.py:345] - Travel Gallery page verified
2026-07-21 07:41:38 - GeoTravelGlobalLogger - INFO     - [logger.py:345] - SUCCESS: ✅ Complete travel gallery flow verified
2026-07-21 07:41:38 - GeoTravelGlobalLogger - INFO     - [logger.py:345] - ✅ Saved test-specific logs: reports/logs/src_tests_smoke_tests_test_travel_gallery_smoke.py_TestTravelGallery_test_complete_travel_gallery_flow_074138.log
2026-07-21 07:41:38 - GeoTravelGlobalLogger - INFO     - [logger.py:345] - Test result added: src/tests/smoke_tests/test_travel_gallery_smoke.py::TestTravelGallery::test_complete_travel_gallery_flow - PASS (Duration: 19.21s)
2026-07-21 07:41:38 - GeoTravelGlobalLogger - INFO     - [logger.py:345] - Added test result to Unified UI Smoke + API TEST REPORT: src/tests/smoke_tests/test_travel_gallery_smoke.py::TestTravelGallery::test_complete_travel_gallery_flow - PASS
2026-07-21 07:41:38 - GeoTravelGlobalLogger - INFO     - [logger.py:345] - Test result added: test_complete_travel_gallery_flow - PASS (Duration: 19.71s)
2026-07-21 07:41:38 - GeoTravelGlobalLogger - INFO     - [logger.py:345] - Creating chrome driver...
2026-07-21 07:41:39 - GeoTravelGlobalLogger - INFO     - [logger.py:345] - chrome driver created successfully
2026-07-21 07:41:39 - GeoTravelGlobalLogger - INFO     - [logger.py:345] - === Test: Multiple Tour Clicks ===
2026-07-21 07:41:39 - GeoTravelGlobalLogger - INFO     - [logger.py:345] - 🔄 STEP 1: Navigating to Travel Gallery
2026-07-21 07:41:40 - GeoTravelGlobalLogger - INFO     - [logger.py:345] - Navigated to: https://retail.stg.gowithgeo.com/
2026-07-21 07:41:40 - GeoTravelGlobalLogger - INFO     - [logger.py:345] - 🏁 Warming up site before homepage load...
2026-07-21 07:41:40 - GeoTravelGlobalLogger - INFO     - [logger.py:345] - Navigated to: https://retail.stg.gowithgeo.com/
2026-07-21 07:41:40 - GeoTravelGlobalLogger - INFO     - [logger.py:345] - Warm-up page opened successfully.
2026-07-21 07:41:45 - GeoTravelGlobalLogger - INFO     - [logger.py:345] - 🏠 Waiting for homepage to load (max retries: 3)
2026-07-21 07:41:45 - GeoTravelGlobalLogger - INFO     - [logger.py:345] - Attempt 1/3
2026-07-21 07:41:45 - GeoTravelGlobalLogger - INFO     - [logger.py:345] - Page body loaded
2026-07-21 07:41:45 - GeoTravelGlobalLogger - INFO     - [logger.py:345] - Validating Geo Travel page...
2026-07-21 07:41:45 - GeoTravelGlobalLogger - INFO     - [logger.py:345] - Validating page HTML structure...
2026-07-21 07:41:45 - GeoTravelGlobalLogger - INFO     - [logger.py:345] - Validating page content keywords...
2026-07-21 07:41:45 - GeoTravelGlobalLogger - INFO     - [logger.py:345] - Page validation confidence: 100.0%
2026-07-21 07:41:45 - GeoTravelGlobalLogger - INFO     - [logger.py:345] - Found keywords: ['geo', 'travel', 'destination', 'book', 'tour', 'package', 'hotel', 'flight', 'vacation', 'adventure']
2026-07-21 07:41:45 - GeoTravelGlobalLogger - INFO     - [logger.py:345] - Homepage validation passed! Confidence: 100.0%
2026-07-21 07:41:45 - GeoTravelGlobalLogger - INFO     - [logger.py:345] - Navigating to Travel Gallery page
2026-07-21 07:41:46 - GeoTravelGlobalLogger - INFO     - [logger.py:345] - Successfully navigated to Travel Gallery page
2026-07-21 07:41:46 - GeoTravelGlobalLogger - INFO     - [logger.py:345] - Testing 3 tours
2026-07-21 07:41:46 - GeoTravelGlobalLogger - INFO     - [logger.py:345] - 🔄 STEP 2: Testing tour 1
2026-07-21 07:41:46 - GeoTravelGlobalLogger - INFO     - [logger.py:345] - Clicking on tour card at index 0
2026-07-21 07:41:48 - GeoTravelGlobalLogger - INFO     - [logger.py:345] - Successfully clicked on tour card 0
2026-07-21 07:41:48 - GeoTravelGlobalLogger - INFO     - [logger.py:345] - Waiting for tour detail to load
2026-07-21 07:41:49 - GeoTravelGlobalLogger - INFO     - [logger.py:345] - Tour detail loaded with images
2026-07-21 07:41:49 - GeoTravelGlobalLogger - INFO     - [logger.py:345] - Clicking view button on image 1
2026-07-21 07:41:51 - GeoTravelGlobalLogger - INFO     - [logger.py:345] - Clicked view button on image 1
2026-07-21 07:41:51 - GeoTravelGlobalLogger - INFO     - [logger.py:345] - Closing image viewer
2026-07-21 07:41:52 - GeoTravelGlobalLogger - INFO     - [logger.py:345] - Image viewer closed
2026-07-21 07:41:54 - GeoTravelGlobalLogger - INFO     - [logger.py:345] - Verifying Travel Gallery page loaded
2026-07-21 07:41:54 - GeoTravelGlobalLogger - INFO     - [logger.py:345] - Travel Gallery page verified
2026-07-21 07:41:54 - GeoTravelGlobalLogger - INFO     - [logger.py:345] - 🔄 STEP 3: Testing tour 2
2026-07-21 07:41:54 - GeoTravelGlobalLogger - INFO     - [logger.py:345] - Clicking on tour card at index 1
2026-07-21 07:41:56 - GeoTravelGlobalLogger - INFO     - [logger.py:345] - Successfully clicked on tour card 1
2026-07-21 07:41:56 - GeoTravelGlobalLogger - INFO     - [logger.py:345] - Waiting for tour detail to load
2026-07-21 07:41:57 - GeoTravelGlobalLogger - INFO     - [logger.py:345] - Tour detail loaded with images
2026-07-21 07:41:57 - GeoTravelGlobalLogger - INFO     - [logger.py:345] - Clicking view button on image 1
2026-07-21 07:41:59 - GeoTravelGlobalLogger - INFO     - [logger.py:345] - Clicked view button on image 1
2026-07-21 07:41:59 - GeoTravelGlobalLogger - INFO     - [logger.py:345] - Closing image viewer
2026-07-21 07:42:00 - GeoTravelGlobalLogger - INFO     - [logger.py:345] - Image viewer closed
2026-07-21 07:42:02 - GeoTravelGlobalLogger - INFO     - [logger.py:345] - Verifying Travel Gallery page loaded
2026-07-21 07:42:02 - GeoTravelGlobalLogger - INFO     - [logger.py:345] - Travel Gallery page verified
2026-07-21 07:42:02 - GeoTravelGlobalLogger - INFO     - [logger.py:345] - 🔄 STEP 4: Testing tour 3
2026-07-21 07:42:02 - GeoTravelGlobalLogger - INFO     - [logger.py:345] - Clicking on tour card at index 2
2026-07-21 07:42:04 - GeoTravelGlobalLogger - INFO     - [logger.py:345] - Successfully clicked on tour card 2
2026-07-21 07:42:04 - GeoTravelGlobalLogger - INFO     - [logger.py:345] - Waiting for tour detail to load
2026-07-21 07:42:04 - GeoTravelGlobalLogger - INFO     - [logger.py:345] - Tour detail loaded with images
2026-07-21 07:42:04 - GeoTravelGlobalLogger - INFO     - [logger.py:345] - Clicking view button on image 1
2026-07-21 07:42:07 - GeoTravelGlobalLogger - INFO     - [logger.py:345] - Clicked view button on image 1
2026-07-21 07:42:07 - GeoTravelGlobalLogger - INFO     - [logger.py:345] - Closing image viewer
2026-07-21 07:42:08 - GeoTravelGlobalLogger - INFO     - [logger.py:345] - Image viewer closed
2026-07-21 07:42:10 - GeoTravelGlobalLogger - INFO     - [logger.py:345] - Verifying Travel Gallery page loaded
2026-07-21 07:42:10 - GeoTravelGlobalLogger - INFO     - [logger.py:345] - Travel Gallery page verified
2026-07-21 07:42:10 - GeoTravelGlobalLogger - INFO     - [logger.py:345] - SUCCESS: ✅ Multiple tour clicks verified
2026-07-21 07:42:10 - GeoTravelGlobalLogger - INFO     - [logger.py:345] - ✅ Saved test-specific logs: reports/logs/src_tests_smoke_tests_test_travel_gallery_smoke.py_TestTravelGallery_test_multiple_tour_clicks_074210.log
2026-07-21 07:42:10 - GeoTravelGlobalLogger - INFO     - [logger.py:345] - Test result added: src/tests/smoke_tests/test_travel_gallery_smoke.py::TestTravelGallery::test_multiple_tour_clicks - PASS (Duration: 31.14s)
2026-07-21 07:42:10 - GeoTravelGlobalLogger - INFO     - [logger.py:345] - Added test result to Unified UI Smoke + API TEST REPORT: src/tests/smoke_tests/test_travel_gallery_smoke.py::TestTravelGallery::test_multiple_tour_clicks - PASS
2026-07-21 07:42:10 - GeoTravelGlobalLogger - INFO     - [logger.py:345] - Test result added: test_multiple_tour_clicks - PASS (Duration: 31.64s)
2026-07-21 07:42:10 - GeoTravelGlobalLogger - INFO     - [logger.py:345] - Creating chrome driver...
2026-07-21 07:42:10 - GeoTravelGlobalLogger - INFO     - [logger.py:345] - chrome driver created successfully
2026-07-21 07:42:10 - GeoTravelGlobalLogger - INFO     - [logger.py:345] - === Quick Smoke Test: Visa Page Navigation ===
2026-07-21 07:42:10 - GeoTravelGlobalLogger - INFO     - [logger.py:345] - 🔄 STEP 1: Opening homepage
2026-07-21 07:42:11 - GeoTravelGlobalLogger - INFO     - [logger.py:345] - Navigated to: https://retail.stg.gowithgeo.com/
2026-07-21 07:42:11 - GeoTravelGlobalLogger - INFO     - [logger.py:345] - 🏁 Warming up site before homepage load...
2026-07-21 07:42:12 - GeoTravelGlobalLogger - INFO     - [logger.py:345] - Navigated to: https://retail.stg.gowithgeo.com/
2026-07-21 07:42:12 - GeoTravelGlobalLogger - INFO     - [logger.py:345] - Warm-up page opened successfully.
2026-07-21 07:42:17 - GeoTravelGlobalLogger - INFO     - [logger.py:345] - 🏠 Waiting for homepage to load (max retries: 3)
2026-07-21 07:42:17 - GeoTravelGlobalLogger - INFO     - [logger.py:345] - Attempt 1/3
2026-07-21 07:42:17 - GeoTravelGlobalLogger - INFO     - [logger.py:345] - Page body loaded
2026-07-21 07:42:17 - GeoTravelGlobalLogger - INFO     - [logger.py:345] - Validating Geo Travel page...
2026-07-21 07:42:17 - GeoTravelGlobalLogger - INFO     - [logger.py:345] - Validating page HTML structure...
2026-07-21 07:42:17 - GeoTravelGlobalLogger - INFO     - [logger.py:345] - Validating page content keywords...
2026-07-21 07:42:17 - GeoTravelGlobalLogger - INFO     - [logger.py:345] - Page validation confidence: 100.0%
2026-07-21 07:42:17 - GeoTravelGlobalLogger - INFO     - [logger.py:345] - Found keywords: ['geo', 'travel', 'destination', 'book', 'tour', 'package', 'hotel', 'flight', 'vacation', 'adventure']
2026-07-21 07:42:17 - GeoTravelGlobalLogger - INFO     - [logger.py:345] - Homepage validation passed! Confidence: 100.0%
2026-07-21 07:42:17 - GeoTravelGlobalLogger - INFO     - [logger.py:345] - 🔄 STEP 2: Navigating to Visa page
2026-07-21 07:42:17 - GeoTravelGlobalLogger - INFO     - [logger.py:345] - Navigating to Visa page
2026-07-21 07:42:17 - GeoTravelGlobalLogger - INFO     - [logger.py:345] - Successfully navigated to Visa page
2026-07-21 07:42:17 - GeoTravelGlobalLogger - INFO     - [logger.py:345] - SUCCESS: ✅ Visa page navigation verified
2026-07-21 07:42:17 - GeoTravelGlobalLogger - INFO     - [logger.py:345] - ✅ Saved test-specific logs: reports/logs/src_tests_smoke_tests_test_visa_enquiries_smoke.py_TestVisaSmoke_test_visa_page_navigation_074217.log
2026-07-21 07:42:17 - GeoTravelGlobalLogger - INFO     - [logger.py:345] - Test result added: src/tests/smoke_tests/test_visa_enquiries_smoke.py::TestVisaSmoke::test_visa_page_navigation - PASS (Duration: 6.87s)
2026-07-21 07:42:17 - GeoTravelGlobalLogger - INFO     - [logger.py:345] - Added test result to Unified UI Smoke + API TEST REPORT: src/tests/smoke_tests/test_visa_enquiries_smoke.py::TestVisaSmoke::test_visa_page_navigation - PASS
2026-07-21 07:42:17 - GeoTravelGlobalLogger - INFO     - [logger.py:345] - Test result added: test_visa_page_navigation - PASS (Duration: 7.36s)
2026-07-21 07:42:17 - GeoTravelGlobalLogger - INFO     - [logger.py:345] - Creating chrome driver...
2026-07-21 07:42:18 - GeoTravelGlobalLogger - INFO     - [logger.py:345] - chrome driver created successfully
2026-07-21 07:42:18 - GeoTravelGlobalLogger - INFO     - [logger.py:345] - === Quick Smoke Test: Visa Form Basic Interaction ===
2026-07-21 07:42:18 - GeoTravelGlobalLogger - INFO     - [logger.py:345] - 🔄 STEP 1: Navigating to Visa page and opening form
2026-07-21 07:42:19 - GeoTravelGlobalLogger - INFO     - [logger.py:345] - Navigated to: https://retail.stg.gowithgeo.com/
2026-07-21 07:42:19 - GeoTravelGlobalLogger - INFO     - [logger.py:345] - 🏁 Warming up site before homepage load...
2026-07-21 07:42:19 - GeoTravelGlobalLogger - INFO     - [logger.py:345] - Navigated to: https://retail.stg.gowithgeo.com/
2026-07-21 07:42:19 - GeoTravelGlobalLogger - INFO     - [logger.py:345] - Warm-up page opened successfully.
2026-07-21 07:42:24 - GeoTravelGlobalLogger - INFO     - [logger.py:345] - 🏠 Waiting for homepage to load (max retries: 3)
2026-07-21 07:42:24 - GeoTravelGlobalLogger - INFO     - [logger.py:345] - Attempt 1/3
2026-07-21 07:42:24 - GeoTravelGlobalLogger - INFO     - [logger.py:345] - Page body loaded
2026-07-21 07:42:24 - GeoTravelGlobalLogger - INFO     - [logger.py:345] - Validating Geo Travel page...
2026-07-21 07:42:24 - GeoTravelGlobalLogger - INFO     - [logger.py:345] - Validating page HTML structure...
2026-07-21 07:42:24 - GeoTravelGlobalLogger - INFO     - [logger.py:345] - Validating page content keywords...
2026-07-21 07:42:24 - GeoTravelGlobalLogger - INFO     - [logger.py:345] - Page validation confidence: 100.0%
2026-07-21 07:42:24 - GeoTravelGlobalLogger - INFO     - [logger.py:345] - Found keywords: ['geo', 'travel', 'destination', 'book', 'tour', 'package', 'hotel', 'flight', 'vacation', 'adventure']
2026-07-21 07:42:24 - GeoTravelGlobalLogger - INFO     - [logger.py:345] - Homepage validation passed! Confidence: 100.0%
2026-07-21 07:42:24 - GeoTravelGlobalLogger - INFO     - [logger.py:345] - Navigating to Visa page
2026-07-21 07:42:25 - GeoTravelGlobalLogger - INFO     - [logger.py:345] - Successfully navigated to Visa page
2026-07-21 07:42:25 - GeoTravelGlobalLogger - INFO     - [logger.py:345] - Clicking 'Get Started' button
2026-07-21 07:42:27 - GeoTravelGlobalLogger - INFO     - [logger.py:345] - Visa application form opened
2026-07-21 07:42:27 - GeoTravelGlobalLogger - INFO     - [logger.py:345] - 🔄 STEP 2: Verifying form loaded
2026-07-21 07:42:27 - GeoTravelGlobalLogger - INFO     - [logger.py:345] - Waiting for visa form to load
2026-07-21 07:42:27 - GeoTravelGlobalLogger - INFO     - [logger.py:345] - Visa form loaded successfully
2026-07-21 07:42:27 - GeoTravelGlobalLogger - INFO     - [logger.py:345] - 🔄 STEP 3: Testing form field interaction
2026-07-21 07:42:27 - GeoTravelGlobalLogger - INFO     - [logger.py:345] - Filling personal details
2026-07-21 07:42:28 - GeoTravelGlobalLogger - INFO     - [logger.py:345] - Personal details filled successfully
2026-07-21 07:42:28 - GeoTravelGlobalLogger - INFO     - [logger.py:345] - SUCCESS: ✅ Visa form basic interaction verified
2026-07-21 07:42:28 - GeoTravelGlobalLogger - INFO     - [logger.py:345] - ✅ Saved test-specific logs: reports/logs/src_tests_smoke_tests_test_visa_enquiries_smoke.py_TestVisaSmoke_test_visa_form_basic_interaction_074228.log
2026-07-21 07:42:28 - GeoTravelGlobalLogger - INFO     - [logger.py:345] - Test result added: src/tests/smoke_tests/test_visa_enquiries_smoke.py::TestVisaSmoke::test_visa_form_basic_interaction - PASS (Duration: 10.30s)
2026-07-21 07:42:28 - GeoTravelGlobalLogger - INFO     - [logger.py:345] - Added test result to Unified UI Smoke + API TEST REPORT: src/tests/smoke_tests/test_visa_enquiries_smoke.py::TestVisaSmoke::test_visa_form_basic_interaction - PASS
2026-07-21 07:42:28 - GeoTravelGlobalLogger - INFO     - [logger.py:345] - Test result added: test_visa_form_basic_interaction - PASS (Duration: 10.78s)
2026-07-21 07:42:28 - GeoTravelGlobalLogger - INFO     - [logger.py:345] - Creating chrome driver...
2026-07-21 07:42:28 - GeoTravelGlobalLogger - INFO     - [logger.py:345] - chrome driver created successfully
2026-07-21 07:42:29 - GeoTravelGlobalLogger - INFO     - [logger.py:345] - === Quick Smoke Test: Dropdown Functionality ===
2026-07-21 07:42:29 - GeoTravelGlobalLogger - INFO     - [logger.py:345] - 🔄 STEP 1: Navigating to Visa form
2026-07-21 07:42:30 - GeoTravelGlobalLogger - INFO     - [logger.py:345] - Navigated to: https://retail.stg.gowithgeo.com/
2026-07-21 07:42:30 - GeoTravelGlobalLogger - INFO     - [logger.py:345] - 🏁 Warming up site before homepage load...
2026-07-21 07:42:30 - GeoTravelGlobalLogger - INFO     - [logger.py:345] - Navigated to: https://retail.stg.gowithgeo.com/
2026-07-21 07:42:30 - GeoTravelGlobalLogger - INFO     - [logger.py:345] - Warm-up page opened successfully.
2026-07-21 07:42:35 - GeoTravelGlobalLogger - INFO     - [logger.py:345] - 🏠 Waiting for homepage to load (max retries: 3)
2026-07-21 07:42:35 - GeoTravelGlobalLogger - INFO     - [logger.py:345] - Attempt 1/3
2026-07-21 07:42:35 - GeoTravelGlobalLogger - INFO     - [logger.py:345] - Page body loaded
2026-07-21 07:42:35 - GeoTravelGlobalLogger - INFO     - [logger.py:345] - Validating Geo Travel page...
2026-07-21 07:42:35 - GeoTravelGlobalLogger - INFO     - [logger.py:345] - Validating page HTML structure...
2026-07-21 07:42:35 - GeoTravelGlobalLogger - INFO     - [logger.py:345] - Validating page content keywords...
2026-07-21 07:42:35 - GeoTravelGlobalLogger - INFO     - [logger.py:345] - Page validation confidence: 100.0%
2026-07-21 07:42:35 - GeoTravelGlobalLogger - INFO     - [logger.py:345] - Found keywords: ['geo', 'travel', 'destination', 'book', 'tour', 'package', 'hotel', 'flight', 'vacation', 'adventure']
2026-07-21 07:42:35 - GeoTravelGlobalLogger - INFO     - [logger.py:345] - Homepage validation passed! Confidence: 100.0%
2026-07-21 07:42:35 - GeoTravelGlobalLogger - INFO     - [logger.py:345] - Navigating to Visa page
2026-07-21 07:42:35 - GeoTravelGlobalLogger - INFO     - [logger.py:345] - Successfully navigated to Visa page
2026-07-21 07:42:35 - GeoTravelGlobalLogger - INFO     - [logger.py:345] - Clicking 'Get Started' button
2026-07-21 07:42:38 - GeoTravelGlobalLogger - INFO     - [logger.py:345] - Visa application form opened
2026-07-21 07:42:38 - GeoTravelGlobalLogger - INFO     - [logger.py:345] - Waiting for visa form to load
2026-07-21 07:42:38 - GeoTravelGlobalLogger - INFO     - [logger.py:345] - Visa form loaded successfully
2026-07-21 07:42:38 - GeoTravelGlobalLogger - INFO     - [logger.py:345] - 🔄 STEP 2: Testing country origin dropdown
2026-07-21 07:42:38 - GeoTravelGlobalLogger - INFO     - [logger.py:345] - Selecting country of origin: Nigeria
2026-07-21 07:42:41 - GeoTravelGlobalLogger - INFO     - [logger.py:345] - Country of origin 'Nigeria' selected
2026-07-21 07:42:42 - GeoTravelGlobalLogger - INFO     - [logger.py:345] - 🔄 STEP 3: Testing passport availability dropdown
2026-07-21 07:42:42 - GeoTravelGlobalLogger - INFO     - [logger.py:345] - Selecting passport availability: yes
2026-07-21 07:42:43 - GeoTravelGlobalLogger - INFO     - [logger.py:345] - Passport availability 'yes' selected
2026-07-21 07:42:44 - GeoTravelGlobalLogger - INFO     - [logger.py:345] - 🔄 STEP 4: Testing destination country dropdown
2026-07-21 07:42:44 - GeoTravelGlobalLogger - INFO     - [logger.py:345] - Selecting any destination country
2026-07-21 07:42:47 - GeoTravelGlobalLogger - INFO     - [logger.py:345] - Auto-selecting destination: Morocco
2026-07-21 07:42:50 - GeoTravelGlobalLogger - INFO     - [logger.py:345] - 🔄 STEP 5: Testing visa type dropdown
2026-07-21 07:42:50 - GeoTravelGlobalLogger - INFO     - [logger.py:345] - Selecting any visa type
2026-07-21 07:42:52 - GeoTravelGlobalLogger - INFO     - [logger.py:345] - Auto-selecting visa type: Business Visa
2026-07-21 07:42:56 - GeoTravelGlobalLogger - INFO     - [logger.py:345] - SUCCESS: ✅ All dropdowns functional
2026-07-21 07:42:56 - GeoTravelGlobalLogger - INFO     - [logger.py:345] - ✅ Saved test-specific logs: reports/logs/src_tests_smoke_tests_test_visa_enquiries_smoke.py_TestVisaSmoke_test_dropdown_functionality_074256.log
2026-07-21 07:42:56 - GeoTravelGlobalLogger - INFO     - [logger.py:345] - Test result added: src/tests/smoke_tests/test_visa_enquiries_smoke.py::TestVisaSmoke::test_dropdown_functionality - PASS (Duration: 27.29s)
2026-07-21 07:42:56 - GeoTravelGlobalLogger - INFO     - [logger.py:345] - Added test result to Unified UI Smoke + API TEST REPORT: src/tests/smoke_tests/test_visa_enquiries_smoke.py::TestVisaSmoke::test_dropdown_functionality - PASS
2026-07-21 07:42:56 - GeoTravelGlobalLogger - INFO     - [logger.py:345] - Test result added: test_dropdown_functionality - PASS (Duration: 27.79s)
2026-07-21 07:42:56 - GeoTravelGlobalLogger - INFO     - [logger.py:345] - Creating chrome driver...
2026-07-21 07:42:56 - GeoTravelGlobalLogger - INFO     - [logger.py:345] - chrome driver created successfully
2026-07-21 07:42:56 - GeoTravelGlobalLogger - INFO     - [logger.py:345] - === Quick Smoke Test: Date Picker ===
2026-07-21 07:42:56 - GeoTravelGlobalLogger - INFO     - [logger.py:345] - 🔄 STEP 1: Navigating to Visa form
2026-07-21 07:42:57 - GeoTravelGlobalLogger - INFO     - [logger.py:345] - Navigated to: https://retail.stg.gowithgeo.com/
2026-07-21 07:42:57 - GeoTravelGlobalLogger - INFO     - [logger.py:345] - 🏁 Warming up site before homepage load...
2026-07-21 07:42:58 - GeoTravelGlobalLogger - INFO     - [logger.py:345] - Navigated to: https://retail.stg.gowithgeo.com/
2026-07-21 07:42:58 - GeoTravelGlobalLogger - INFO     - [logger.py:345] - Warm-up page opened successfully.
2026-07-21 07:43:03 - GeoTravelGlobalLogger - INFO     - [logger.py:345] - 🏠 Waiting for homepage to load (max retries: 3)
2026-07-21 07:43:03 - GeoTravelGlobalLogger - INFO     - [logger.py:345] - Attempt 1/3
2026-07-21 07:43:03 - GeoTravelGlobalLogger - INFO     - [logger.py:345] - Page body loaded
2026-07-21 07:43:03 - GeoTravelGlobalLogger - INFO     - [logger.py:345] - Validating Geo Travel page...
2026-07-21 07:43:03 - GeoTravelGlobalLogger - INFO     - [logger.py:345] - Validating page HTML structure...
2026-07-21 07:43:03 - GeoTravelGlobalLogger - INFO     - [logger.py:345] - Validating page content keywords...
2026-07-21 07:43:03 - GeoTravelGlobalLogger - INFO     - [logger.py:345] - Page validation confidence: 100.0%
2026-07-21 07:43:03 - GeoTravelGlobalLogger - INFO     - [logger.py:345] - Found keywords: ['geo', 'travel', 'destination', 'book', 'tour', 'package', 'hotel', 'flight', 'vacation', 'adventure']
2026-07-21 07:43:03 - GeoTravelGlobalLogger - INFO     - [logger.py:345] - Homepage validation passed! Confidence: 100.0%
2026-07-21 07:43:03 - GeoTravelGlobalLogger - INFO     - [logger.py:345] - Navigating to Visa page
2026-07-21 07:43:03 - GeoTravelGlobalLogger - INFO     - [logger.py:345] - Successfully navigated to Visa page
2026-07-21 07:43:03 - GeoTravelGlobalLogger - INFO     - [logger.py:345] - Clicking 'Get Started' button
2026-07-21 07:43:06 - GeoTravelGlobalLogger - INFO     - [logger.py:345] - Visa application form opened
2026-07-21 07:43:06 - GeoTravelGlobalLogger - INFO     - [logger.py:345] - Waiting for visa form to load
2026-07-21 07:43:06 - GeoTravelGlobalLogger - INFO     - [logger.py:345] - Visa form loaded successfully
2026-07-21 07:43:06 - GeoTravelGlobalLogger - INFO     - [logger.py:345] - 🔄 STEP 2: Testing date picker
2026-07-21 07:43:06 - GeoTravelGlobalLogger - INFO     - [logger.py:345] - Selecting travel date
2026-07-21 07:43:10 - GeoTravelGlobalLogger - INFO     - [logger.py:345] - Selected travel date: 
2026-07-21 07:43:12 - GeoTravelGlobalLogger - INFO     - [logger.py:345] - Date picker opened successfully
2026-07-21 07:43:12 - GeoTravelGlobalLogger - INFO     - [logger.py:345] - SUCCESS: ✅ Date picker functional
2026-07-21 07:43:12 - GeoTravelGlobalLogger - INFO     - [logger.py:345] - ✅ Saved test-specific logs: reports/logs/src_tests_smoke_tests_test_visa_enquiries_smoke.py_TestVisaSmoke_test_date_picker_functionality_074312.log
2026-07-21 07:43:12 - GeoTravelGlobalLogger - INFO     - [logger.py:345] - Test result added: src/tests/smoke_tests/test_visa_enquiries_smoke.py::TestVisaSmoke::test_date_picker_functionality - PASS (Duration: 15.80s)
2026-07-21 07:43:12 - GeoTravelGlobalLogger - INFO     - [logger.py:345] - Added test result to Unified UI Smoke + API TEST REPORT: src/tests/smoke_tests/test_visa_enquiries_smoke.py::TestVisaSmoke::test_date_picker_functionality - PASS
2026-07-21 07:43:12 - GeoTravelGlobalLogger - INFO     - [logger.py:345] - Test result added: test_date_picker_functionality - PASS (Duration: 16.31s)
2026-07-21 07:43:12 - GeoTravelGlobalLogger - INFO     - [logger.py:345] - Creating chrome driver...
2026-07-21 07:43:13 - GeoTravelGlobalLogger - INFO     - [logger.py:345] - chrome driver created successfully
2026-07-21 07:43:13 - GeoTravelGlobalLogger - INFO     - [logger.py:345] - === COMPREHENSIVE TEST: Complete Visa Application Flow ===
2026-07-21 07:43:13 - GeoTravelGlobalLogger - INFO     - [logger.py:345] - 🔄 STEP 1: Opening homepage and navigating to Visa
2026-07-21 07:43:14 - GeoTravelGlobalLogger - INFO     - [logger.py:345] - Navigated to: https://retail.stg.gowithgeo.com/
2026-07-21 07:43:14 - GeoTravelGlobalLogger - INFO     - [logger.py:345] - 🏁 Warming up site before homepage load...
2026-07-21 07:43:14 - GeoTravelGlobalLogger - INFO     - [logger.py:345] - Navigated to: https://retail.stg.gowithgeo.com/
2026-07-21 07:43:14 - GeoTravelGlobalLogger - INFO     - [logger.py:345] - Warm-up page opened successfully.
2026-07-21 07:43:19 - GeoTravelGlobalLogger - INFO     - [logger.py:345] - 🏠 Waiting for homepage to load (max retries: 3)
2026-07-21 07:43:19 - GeoTravelGlobalLogger - INFO     - [logger.py:345] - Attempt 1/3
2026-07-21 07:43:19 - GeoTravelGlobalLogger - INFO     - [logger.py:345] - Page body loaded
2026-07-21 07:43:19 - GeoTravelGlobalLogger - INFO     - [logger.py:345] - Validating Geo Travel page...
2026-07-21 07:43:19 - GeoTravelGlobalLogger - INFO     - [logger.py:345] - Validating page HTML structure...
2026-07-21 07:43:19 - GeoTravelGlobalLogger - INFO     - [logger.py:345] - Validating page content keywords...
2026-07-21 07:43:19 - GeoTravelGlobalLogger - INFO     - [logger.py:345] - Page validation confidence: 100.0%
2026-07-21 07:43:19 - GeoTravelGlobalLogger - INFO     - [logger.py:345] - Found keywords: ['geo', 'travel', 'destination', 'book', 'tour', 'package', 'hotel', 'flight', 'vacation', 'adventure']
2026-07-21 07:43:19 - GeoTravelGlobalLogger - INFO     - [logger.py:345] - Homepage validation passed! Confidence: 100.0%
2026-07-21 07:43:19 - GeoTravelGlobalLogger - INFO     - [logger.py:345] - Navigating to Visa page
2026-07-21 07:43:19 - GeoTravelGlobalLogger - INFO     - [logger.py:345] - Successfully navigated to Visa page
2026-07-21 07:43:19 - GeoTravelGlobalLogger - INFO     - [logger.py:345] - 🔄 STEP 2: Opening visa application form
2026-07-21 07:43:19 - GeoTravelGlobalLogger - INFO     - [logger.py:345] - Clicking 'Get Started' button
2026-07-21 07:43:22 - GeoTravelGlobalLogger - INFO     - [logger.py:345] - Visa application form opened
2026-07-21 07:43:22 - GeoTravelGlobalLogger - INFO     - [logger.py:345] - Waiting for visa form to load
2026-07-21 07:43:22 - GeoTravelGlobalLogger - INFO     - [logger.py:345] - Visa form loaded successfully
2026-07-21 07:43:22 - GeoTravelGlobalLogger - INFO     - [logger.py:345] - 🔄 STEP 3: Filling personal details
2026-07-21 07:43:22 - GeoTravelGlobalLogger - INFO     - [logger.py:345] - Filling personal details
2026-07-21 07:43:23 - GeoTravelGlobalLogger - INFO     - [logger.py:345] - Personal details filled successfully
2026-07-21 07:43:23 - GeoTravelGlobalLogger - INFO     - [logger.py:345] - 🔄 STEP 4: Selecting country of origin
2026-07-21 07:43:23 - GeoTravelGlobalLogger - INFO     - [logger.py:345] - Selecting country of origin: Nigeria
2026-07-21 07:43:26 - GeoTravelGlobalLogger - INFO     - [logger.py:345] - Country of origin 'Nigeria' selected
2026-07-21 07:43:26 - GeoTravelGlobalLogger - INFO     - [logger.py:345] - 🔄 STEP 5: Selecting passport availability
2026-07-21 07:43:26 - GeoTravelGlobalLogger - INFO     - [logger.py:345] - Selecting passport availability: yes
2026-07-21 07:43:27 - GeoTravelGlobalLogger - INFO     - [logger.py:345] - Passport availability 'yes' selected
2026-07-21 07:43:27 - GeoTravelGlobalLogger - INFO     - [logger.py:345] - 🔄 STEP 6: Selecting travel date
2026-07-21 07:43:27 - GeoTravelGlobalLogger - INFO     - [logger.py:345] - Selecting travel date
2026-07-21 07:43:32 - GeoTravelGlobalLogger - INFO     - [logger.py:345] - Selected travel date: 
2026-07-21 07:43:34 - GeoTravelGlobalLogger - INFO     - [logger.py:345] - Date picker opened successfully
2026-07-21 07:43:34 - GeoTravelGlobalLogger - INFO     - [logger.py:345] - 🔄 STEP 7: Selecting destination country
2026-07-21 07:43:34 - GeoTravelGlobalLogger - INFO     - [logger.py:345] - Selecting any destination country
2026-07-21 07:43:36 - GeoTravelGlobalLogger - INFO     - [logger.py:345] - Auto-selecting destination: Uganda
2026-07-21 07:43:39 - GeoTravelGlobalLogger - INFO     - [logger.py:345] - 🔄 STEP 8: Selecting visa type
2026-07-21 07:43:39 - GeoTravelGlobalLogger - INFO     - [logger.py:345] - Selecting any visa type
2026-07-21 07:43:41 - GeoTravelGlobalLogger - INFO     - [logger.py:345] - Auto-selecting visa type: Tourist/Visit Visa
2026-07-21 07:43:43 - GeoTravelGlobalLogger - INFO     - [logger.py:345] - 🔄 STEP 9: Filling additional message
2026-07-21 07:43:43 - GeoTravelGlobalLogger - INFO     - [logger.py:345] - Filling additional message
2026-07-21 07:43:43 - GeoTravelGlobalLogger - INFO     - [logger.py:345] - Message filled successfully
2026-07-21 07:43:43 - GeoTravelGlobalLogger - INFO     - [logger.py:345] - 🔄 STEP 10: Submitting visa application
2026-07-21 07:43:43 - GeoTravelGlobalLogger - INFO     - [logger.py:345] - Submitting visa application
2026-07-21 07:43:45 - GeoTravelGlobalLogger - INFO     - [logger.py:345] - Visa application submitted
2026-07-21 07:43:45 - GeoTravelGlobalLogger - INFO     - [logger.py:345] - 🔄 STEP 11: Verifying submission response
2026-07-21 07:43:58 - GeoTravelGlobalLogger - WARNING  - [logger.py:360] - Element not visible within 10s: ('css selector', "[class*='success'], [class*='Success'], .text-green-500")
2026-07-21 07:43:58 - GeoTravelGlobalLogger - INFO     - [logger.py:345] - No success message displayed (might be expected in staging)
2026-07-21 07:43:59 - GeoTravelGlobalLogger - INFO     - [logger.py:345] - SUCCESS: ✅ Comprehensive visa application flow completed
2026-07-21 07:43:59 - GeoTravelGlobalLogger - INFO     - [logger.py:345] - ✅ Saved test-specific logs: reports/logs/src_tests_smoke_tests_test_visa_enquiries_smoke.py_TestVisaSmoke_test_complete_visa_application_flow_074359.log
2026-07-21 07:43:59 - GeoTravelGlobalLogger - INFO     - [logger.py:345] - Test result added: src/tests/smoke_tests/test_visa_enquiries_smoke.py::TestVisaSmoke::test_complete_visa_application_flow - PASS (Duration: 45.91s)
2026-07-21 07:43:59 - GeoTravelGlobalLogger - INFO     - [logger.py:345] - Added test result to Unified UI Smoke + API TEST REPORT: src/tests/smoke_tests/test_visa_enquiries_smoke.py::TestVisaSmoke::test_complete_visa_application_flow - PASS
2026-07-21 07:43:59 - GeoTravelGlobalLogger - INFO     - [logger.py:345] - Test result added: test_complete_visa_application_flow - PASS (Duration: 46.40s)
2026-07-21 07:43:59 - GeoTravelGlobalLogger - INFO     - [logger.py:345] - Creating chrome driver...
2026-07-21 07:43:59 - GeoTravelGlobalLogger - INFO     - [logger.py:345] - chrome driver created successfully
2026-07-21 07:43:59 - GeoTravelGlobalLogger - INFO     - [logger.py:345] - === Test: Visa Application Cancel Flow ===
2026-07-21 07:43:59 - GeoTravelGlobalLogger - INFO     - [logger.py:345] - 🔄 STEP 1: Navigating to Visa form
2026-07-21 07:44:00 - GeoTravelGlobalLogger - INFO     - [logger.py:345] - Navigated to: https://retail.stg.gowithgeo.com/
2026-07-21 07:44:00 - GeoTravelGlobalLogger - INFO     - [logger.py:345] - 🏁 Warming up site before homepage load...
2026-07-21 07:44:01 - GeoTravelGlobalLogger - INFO     - [logger.py:345] - Navigated to: https://retail.stg.gowithgeo.com/
2026-07-21 07:44:01 - GeoTravelGlobalLogger - INFO     - [logger.py:345] - Warm-up page opened successfully.
2026-07-21 07:44:06 - GeoTravelGlobalLogger - INFO     - [logger.py:345] - 🏠 Waiting for homepage to load (max retries: 3)
2026-07-21 07:44:06 - GeoTravelGlobalLogger - INFO     - [logger.py:345] - Attempt 1/3
2026-07-21 07:44:06 - GeoTravelGlobalLogger - INFO     - [logger.py:345] - Page body loaded
2026-07-21 07:44:06 - GeoTravelGlobalLogger - INFO     - [logger.py:345] - Validating Geo Travel page...
2026-07-21 07:44:06 - GeoTravelGlobalLogger - INFO     - [logger.py:345] - Validating page HTML structure...
2026-07-21 07:44:06 - GeoTravelGlobalLogger - INFO     - [logger.py:345] - Validating page content keywords...
2026-07-21 07:44:06 - GeoTravelGlobalLogger - INFO     - [logger.py:345] - Page validation confidence: 100.0%
2026-07-21 07:44:06 - GeoTravelGlobalLogger - INFO     - [logger.py:345] - Found keywords: ['geo', 'travel', 'destination', 'book', 'tour', 'package', 'hotel', 'flight', 'vacation', 'adventure']
2026-07-21 07:44:06 - GeoTravelGlobalLogger - INFO     - [logger.py:345] - Homepage validation passed! Confidence: 100.0%
2026-07-21 07:44:06 - GeoTravelGlobalLogger - INFO     - [logger.py:345] - Navigating to Visa page
2026-07-21 07:44:06 - GeoTravelGlobalLogger - INFO     - [logger.py:345] - Successfully navigated to Visa page
2026-07-21 07:44:06 - GeoTravelGlobalLogger - INFO     - [logger.py:345] - Clicking 'Get Started' button
2026-07-21 07:44:08 - GeoTravelGlobalLogger - INFO     - [logger.py:345] - Visa application form opened
2026-07-21 07:44:08 - GeoTravelGlobalLogger - INFO     - [logger.py:345] - Waiting for visa form to load
2026-07-21 07:44:08 - GeoTravelGlobalLogger - INFO     - [logger.py:345] - Visa form loaded successfully
2026-07-21 07:44:08 - GeoTravelGlobalLogger - INFO     - [logger.py:345] - 🔄 STEP 2: Filling partial form data
2026-07-21 07:44:08 - GeoTravelGlobalLogger - INFO     - [logger.py:345] - Filling personal details
2026-07-21 07:44:09 - GeoTravelGlobalLogger - INFO     - [logger.py:345] - Personal details filled successfully
2026-07-21 07:44:09 - GeoTravelGlobalLogger - INFO     - [logger.py:345] - 🔄 STEP 3: Cancelling application
2026-07-21 07:44:09 - GeoTravelGlobalLogger - INFO     - [logger.py:345] - Cancelling visa application
2026-07-21 07:44:12 - GeoTravelGlobalLogger - INFO     - [logger.py:345] - Visa application cancelled
2026-07-21 07:44:14 - GeoTravelGlobalLogger - INFO     - [logger.py:345] - 🔄 STEP 4: Verifying cancel action
2026-07-21 07:44:14 - GeoTravelGlobalLogger - INFO     - [logger.py:345] - SUCCESS: ✅ Visa application cancel flow verified
2026-07-21 07:44:14 - GeoTravelGlobalLogger - INFO     - [logger.py:345] - ✅ Saved test-specific logs: reports/logs/src_tests_smoke_tests_test_visa_enquiries_smoke.py_TestVisaSmoke_test_visa_application_cancel_flow_074414.log
2026-07-21 07:44:14 - GeoTravelGlobalLogger - INFO     - [logger.py:345] - Test result added: src/tests/smoke_tests/test_visa_enquiries_smoke.py::TestVisaSmoke::test_visa_application_cancel_flow - PASS (Duration: 14.60s)
2026-07-21 07:44:14 - GeoTravelGlobalLogger - INFO     - [logger.py:345] - Added test result to Unified UI Smoke + API TEST REPORT: src/tests/smoke_tests/test_visa_enquiries_smoke.py::TestVisaSmoke::test_visa_application_cancel_flow - PASS
2026-07-21 07:44:14 - GeoTravelGlobalLogger - INFO     - [logger.py:345] - Test result added: test_visa_application_cancel_flow - PASS (Duration: 15.09s)
2026-07-21 07:44:14 - GeoTravelGlobalLogger - INFO     - [logger.py:345] - Test suite completed: 74 tests, 74 passed
2026-07-21 07:44:14 - GeoTravelGlobalLogger - INFO     - [logger.py:345] - Added smoke suite results to unified report
2026-07-21 07:44:14 - GeoTravelGlobalLogger - INFO     - [logger.py:345] - SUCCESS: All 74 smoke tests passed!
2026-07-21 07:44:14 - GeoTravelGlobalLogger - INFO     - [logger.py:345] - ✅ Completed SMOKE test suite
2026-07-21 07:44:14 - GeoTravelGlobalLogger - INFO     - [logger.py:345] - 🚀 Starting API test suite...
2026-07-21 07:44:14 - GeoTravelGlobalLogger - INFO     - [logger.py:345] - Git Metadata - Branch: MAIN, Commit: b1d5cb1
2026-07-21 07:44:14 - GeoTravelGlobalLogger - INFO     - [logger.py:345] - Branch: MAIN
2026-07-21 07:44:14 - GeoTravelGlobalLogger - INFO     - [logger.py:345] - Build ID: #2026.07.21.0733
2026-07-21 07:44:14 - GeoTravelGlobalLogger - INFO     - [logger.py:345] - Browser: CHROME
2026-07-21 07:44:14 - GeoTravelGlobalLogger - INFO     - [logger.py:345] - Environment: STAGING
2026-07-21 07:44:14 - GeoTravelGlobalLogger - INFO     - [logger.py:345] - Running API tests from src/tests/api_tests/
2026-07-21 07:44:14 - GeoTravelGlobalLogger - INFO     - [logger.py:345] - Checking API environment availability...
2026-07-21 07:44:14 - GeoTravelGlobalLogger - INFO     - [logger.py:345] - API health check attempt 1/3 for https://api.stg.gowithgeo.com/api/auth/login
2026-07-21 07:44:14 - GeoTravelGlobalLogger - INFO     - [logger.py:345] - SUCCESS: API endpoint /api/auth/login is accessible (Status: 404)
2026-07-21 07:44:14 - GeoTravelGlobalLogger - INFO     - [logger.py:345] - API environment healthy - proceeding with tests in staging
2026-07-21 07:44:14 - GeoTravelGlobalLogger - INFO     - [logger.py:345] - SUCCESS: API environment is accessible - proceeding with tests
2026-07-21 07:44:14 - GeoTravelGlobalLogger - INFO     - [logger.py:345] - Starting test suite: API SMOKE TEST
2026-07-21 07:44:14 - GeoTravelGlobalLogger - INFO     - [logger.py:345] - Environment checks will be performed after test collection
2026-07-21 07:44:14 - GeoTravelGlobalLogger - INFO     - [logger.py:345] - 🔍 Checking required environments based on detected test types...
2026-07-21 07:44:14 - GeoTravelGlobalLogger - INFO     - [logger.py:345] - 🔍 Detected test types: {'ui': False, 'api': True, 'partners_api': False}
2026-07-21 07:44:14 - GeoTravelGlobalLogger - INFO     - [logger.py:345] - API check attempt 1/3 for https://api.stg.gowithgeo.com
2026-07-21 07:44:14 - GeoTravelGlobalLogger - INFO     - [logger.py:345] - API health check attempt 1/1 for https://api.stg.gowithgeo.com/api/auth/login
2026-07-21 07:44:14 - GeoTravelGlobalLogger - INFO     - [logger.py:345] - SUCCESS: API endpoint /api/auth/login is accessible (Status: 404)
2026-07-21 07:44:14 - GeoTravelGlobalLogger - INFO     - [logger.py:345] - SUCCESS: API environment is accessible
2026-07-21 07:44:14 - GeoTravelGlobalLogger - INFO     - [logger.py:345] - SUCCESS: ✅ All required environments are accessible: api
2026-07-21 07:44:14 - GeoTravelGlobalLogger - INFO     - [logger.py:345] - === Testing Login Success ===
2026-07-21 07:44:14 - GeoTravelGlobalLogger - INFO     - [logger.py:345] - Retrieved credentials from environment for: geo.qa.bot@gmail.com
2026-07-21 07:44:14 - GeoTravelGlobalLogger - INFO     - [logger.py:345] - Attempting login with email: geo.qa.bot@gmail.com
2026-07-21 07:44:14 - GeoTravelGlobalLogger - INFO     - [logger.py:345] - 🔍 _request START - Current self.headers: {'Content-Type': 'application/json', 'Accept': 'application/json', 'X-Client-Type': 'retail'}
2026-07-21 07:44:14 - GeoTravelGlobalLogger - INFO     - [logger.py:345] - 🔍 _request - kwargs headers: {}
2026-07-21 07:44:14 - GeoTravelGlobalLogger - INFO     - [logger.py:345] - 🔍 _request FINAL headers being sent: {'Content-Type': 'application/json', 'Accept': 'application/json', 'X-Client-Type': 'retail'}
2026-07-21 07:44:14 - GeoTravelGlobalLogger - INFO     - [logger.py:345] - API Request: POST https://api.stg.gowithgeo.com/api/auth/login
2026-07-21 07:44:15 - GeoTravelGlobalLogger - INFO     - [logger.py:345] - API Response: 200
2026-07-21 07:44:15 - GeoTravelGlobalLogger - INFO     - [logger.py:345] - Token extracted via cookies (length: 167, valid)
2026-07-21 07:44:15 - GeoTravelGlobalLogger - INFO     - [logger.py:345] - ✅ Auth token set from cookies (Cookie header)
2026-07-21 07:44:15 - GeoTravelGlobalLogger - INFO     - [logger.py:345] - SUCCESS: ✅ Login successful - token set via cookies
2026-07-21 07:44:15 - GeoTravelGlobalLogger - INFO     - [logger.py:345] - Login successful with valid credentials
2026-07-21 07:44:15 - GeoTravelGlobalLogger - INFO     - [logger.py:345] - Access token received: eyJhbGciOiJIUzI1NiIsInR5cCI6IkpXVCJ9.eyJpZCI6MTUxL...
2026-07-21 07:44:15 - GeoTravelGlobalLogger - INFO     - [logger.py:345] - ✅ Saved test-specific logs: reports/logs/src_tests_api_tests_test_auth_api.py_TestAuthAPI_test_login_success_074415.log
2026-07-21 07:44:15 - GeoTravelGlobalLogger - INFO     - [logger.py:345] - Test result added: src/tests/api_tests/test_auth_api.py::TestAuthAPI::test_login_success - PASS (Duration: 1.10s)
2026-07-21 07:44:15 - GeoTravelGlobalLogger - INFO     - [logger.py:345] - Added test result to API SMOKE TEST: src/tests/api_tests/test_auth_api.py::TestAuthAPI::test_login_success - PASS
2026-07-21 07:44:15 - GeoTravelGlobalLogger - INFO     - [logger.py:345] - === Testing Login with Invalid Credentials ===
2026-07-21 07:44:15 - GeoTravelGlobalLogger - INFO     - [logger.py:345] - Attempting login with email: invalid@example.com
2026-07-21 07:44:15 - GeoTravelGlobalLogger - INFO     - [logger.py:345] - 🔍 _request START - Current self.headers: {'Content-Type': 'application/json', 'Accept': 'application/json', 'X-Client-Type': 'retail'}
2026-07-21 07:44:15 - GeoTravelGlobalLogger - INFO     - [logger.py:345] - 🔍 _request - kwargs headers: {}
2026-07-21 07:44:15 - GeoTravelGlobalLogger - INFO     - [logger.py:345] - 🔍 _request FINAL headers being sent: {'Content-Type': 'application/json', 'Accept': 'application/json', 'X-Client-Type': 'retail'}
2026-07-21 07:44:15 - GeoTravelGlobalLogger - INFO     - [logger.py:345] - API Request: POST https://api.stg.gowithgeo.com/api/auth/login
2026-07-21 07:44:15 - GeoTravelGlobalLogger - INFO     - [logger.py:345] - API Response: 400
2026-07-21 07:44:15 - GeoTravelGlobalLogger - INFO     - [logger.py:345] - Invalid credentials response: 400 - {"status":"error","message":"Invalid credentials"}
2026-07-21 07:44:15 - GeoTravelGlobalLogger - INFO     - [logger.py:345] - Invalid credentials test passed
2026-07-21 07:44:15 - GeoTravelGlobalLogger - INFO     - [logger.py:345] - ✅ Saved test-specific logs: reports/logs/src_tests_api_tests_test_auth_api.py_TestAuthAPI_test_login_invalid_credentials_074415.log
2026-07-21 07:44:15 - GeoTravelGlobalLogger - INFO     - [logger.py:345] - Test result added: src/tests/api_tests/test_auth_api.py::TestAuthAPI::test_login_invalid_credentials - PASS (Duration: 0.21s)
2026-07-21 07:44:15 - GeoTravelGlobalLogger - INFO     - [logger.py:345] - Added test result to API SMOKE TEST: src/tests/api_tests/test_auth_api.py::TestAuthAPI::test_login_invalid_credentials - PASS
2026-07-21 07:44:15 - GeoTravelGlobalLogger - INFO     - [logger.py:345] - === Testing Login with Empty Credentials ===
2026-07-21 07:44:15 - GeoTravelGlobalLogger - INFO     - [logger.py:345] - Attempting login with email: 
2026-07-21 07:44:15 - GeoTravelGlobalLogger - INFO     - [logger.py:345] - 🔍 _request START - Current self.headers: {'Content-Type': 'application/json', 'Accept': 'application/json', 'X-Client-Type': 'retail'}
2026-07-21 07:44:15 - GeoTravelGlobalLogger - INFO     - [logger.py:345] - 🔍 _request - kwargs headers: {}
2026-07-21 07:44:15 - GeoTravelGlobalLogger - INFO     - [logger.py:345] - 🔍 _request FINAL headers being sent: {'Content-Type': 'application/json', 'Accept': 'application/json', 'X-Client-Type': 'retail'}
2026-07-21 07:44:15 - GeoTravelGlobalLogger - INFO     - [logger.py:345] - API Request: POST https://api.stg.gowithgeo.com/api/auth/login
2026-07-21 07:44:16 - GeoTravelGlobalLogger - INFO     - [logger.py:345] - API Response: 400
2026-07-21 07:44:16 - GeoTravelGlobalLogger - INFO     - [logger.py:345] - Empty credentials response: 400 - {"status":"error","message":"Validation failed","errors":[{"message":"Email is required"},{"message":"Password is required"}]}
2026-07-21 07:44:16 - GeoTravelGlobalLogger - INFO     - [logger.py:345] - Empty credentials test passed
2026-07-21 07:44:16 - GeoTravelGlobalLogger - INFO     - [logger.py:345] - ✅ Saved test-specific logs: reports/logs/src_tests_api_tests_test_auth_api.py_TestAuthAPI_test_login_empty_credentials_074416.log
2026-07-21 07:44:16 - GeoTravelGlobalLogger - INFO     - [logger.py:345] - Test result added: src/tests/api_tests/test_auth_api.py::TestAuthAPI::test_login_empty_credentials - PASS (Duration: 0.10s)
2026-07-21 07:44:16 - GeoTravelGlobalLogger - INFO     - [logger.py:345] - Added test result to API SMOKE TEST: src/tests/api_tests/test_auth_api.py::TestAuthAPI::test_login_empty_credentials - PASS
2026-07-21 07:44:16 - GeoTravelGlobalLogger - INFO     - [logger.py:345] - === Testing Login with Missing Password ===
2026-07-21 07:44:16 - GeoTravelGlobalLogger - INFO     - [logger.py:345] - Attempting login with email: test@example.com
2026-07-21 07:44:16 - GeoTravelGlobalLogger - INFO     - [logger.py:345] - 🔍 _request START - Current self.headers: {'Content-Type': 'application/json', 'Accept': 'application/json', 'X-Client-Type': 'retail'}
2026-07-21 07:44:16 - GeoTravelGlobalLogger - INFO     - [logger.py:345] - 🔍 _request - kwargs headers: {}
2026-07-21 07:44:16 - GeoTravelGlobalLogger - INFO     - [logger.py:345] - 🔍 _request FINAL headers being sent: {'Content-Type': 'application/json', 'Accept': 'application/json', 'X-Client-Type': 'retail'}
2026-07-21 07:44:16 - GeoTravelGlobalLogger - INFO     - [logger.py:345] - API Request: POST https://api.stg.gowithgeo.com/api/auth/login
2026-07-21 07:44:16 - GeoTravelGlobalLogger - INFO     - [logger.py:345] - API Response: 400
2026-07-21 07:44:16 - GeoTravelGlobalLogger - INFO     - [logger.py:345] - Missing password response: 400 - {"status":"error","message":"Validation failed","errors":[{"message":"Password is required"}]}
2026-07-21 07:44:16 - GeoTravelGlobalLogger - INFO     - [logger.py:345] - Missing password test passed
2026-07-21 07:44:16 - GeoTravelGlobalLogger - INFO     - [logger.py:345] - ✅ Saved test-specific logs: reports/logs/src_tests_api_tests_test_auth_api.py_TestAuthAPI_test_login_missing_password_074416.log
2026-07-21 07:44:16 - GeoTravelGlobalLogger - INFO     - [logger.py:345] - Test result added: src/tests/api_tests/test_auth_api.py::TestAuthAPI::test_login_missing_password - PASS (Duration: 0.09s)
2026-07-21 07:44:16 - GeoTravelGlobalLogger - INFO     - [logger.py:345] - Added test result to API SMOKE TEST: src/tests/api_tests/test_auth_api.py::TestAuthAPI::test_login_missing_password - PASS
2026-07-21 07:44:16 - GeoTravelGlobalLogger - INFO     - [logger.py:345] - === Testing Auth Token Set After Successful Login ===
2026-07-21 07:44:16 - GeoTravelGlobalLogger - INFO     - [logger.py:345] - Retrieved credentials from environment for: geo.qa.bot@gmail.com
2026-07-21 07:44:16 - GeoTravelGlobalLogger - INFO     - [logger.py:345] - Attempting login with email: geo.qa.bot@gmail.com
2026-07-21 07:44:16 - GeoTravelGlobalLogger - INFO     - [logger.py:345] - 🔍 _request START - Current self.headers: {'Content-Type': 'application/json', 'Accept': 'application/json', 'X-Client-Type': 'retail'}
2026-07-21 07:44:16 - GeoTravelGlobalLogger - INFO     - [logger.py:345] - 🔍 _request - kwargs headers: {}
2026-07-21 07:44:16 - GeoTravelGlobalLogger - INFO     - [logger.py:345] - 🔍 _request FINAL headers being sent: {'Content-Type': 'application/json', 'Accept': 'application/json', 'X-Client-Type': 'retail'}
2026-07-21 07:44:16 - GeoTravelGlobalLogger - INFO     - [logger.py:345] - API Request: POST https://api.stg.gowithgeo.com/api/auth/login
2026-07-21 07:44:16 - GeoTravelGlobalLogger - INFO     - [logger.py:345] - API Response: 200
2026-07-21 07:44:16 - GeoTravelGlobalLogger - INFO     - [logger.py:345] - Token extracted via cookies (length: 167, valid)
2026-07-21 07:44:16 - GeoTravelGlobalLogger - INFO     - [logger.py:345] - ✅ Auth token set from cookies (Cookie header)
2026-07-21 07:44:16 - GeoTravelGlobalLogger - INFO     - [logger.py:345] - SUCCESS: ✅ Login successful - token set via cookies
2026-07-21 07:44:16 - GeoTravelGlobalLogger - INFO     - [logger.py:345] - Cookie header: retail_access_token=eyJhbGciOiJIUzI1NiIsInR5cCI6Ik...
2026-07-21 07:44:16 - GeoTravelGlobalLogger - INFO     - [logger.py:345] - ✅ Auth token successfully set (length: 167)
2026-07-21 07:44:16 - GeoTravelGlobalLogger - INFO     - [logger.py:345] - ✅ Saved test-specific logs: reports/logs/src_tests_api_tests_test_auth_api.py_TestAuthAPI_test_auth_token_set_after_successful_login_074416.log
2026-07-21 07:44:16 - GeoTravelGlobalLogger - INFO     - [logger.py:345] - Test result added: src/tests/api_tests/test_auth_api.py::TestAuthAPI::test_auth_token_set_after_successful_login - PASS (Duration: 0.34s)
2026-07-21 07:44:16 - GeoTravelGlobalLogger - INFO     - [logger.py:345] - Added test result to API SMOKE TEST: src/tests/api_tests/test_auth_api.py::TestAuthAPI::test_auth_token_set_after_successful_login - PASS
2026-07-21 07:44:16 - GeoTravelGlobalLogger - INFO     - [logger.py:345] - === Testing Dynamic Token Extraction ===
2026-07-21 07:44:16 - GeoTravelGlobalLogger - INFO     - [logger.py:345] - Retrieved credentials from environment for: geo.qa.bot@gmail.com
2026-07-21 07:44:16 - GeoTravelGlobalLogger - INFO     - [logger.py:345] - Attempting login with email: geo.qa.bot@gmail.com
2026-07-21 07:44:16 - GeoTravelGlobalLogger - INFO     - [logger.py:345] - 🔍 _request START - Current self.headers: {'Content-Type': 'application/json', 'Accept': 'application/json', 'X-Client-Type': 'retail'}
2026-07-21 07:44:16 - GeoTravelGlobalLogger - INFO     - [logger.py:345] - 🔍 _request - kwargs headers: {}
2026-07-21 07:44:16 - GeoTravelGlobalLogger - INFO     - [logger.py:345] - 🔍 _request FINAL headers being sent: {'Content-Type': 'application/json', 'Accept': 'application/json', 'X-Client-Type': 'retail'}
2026-07-21 07:44:16 - GeoTravelGlobalLogger - INFO     - [logger.py:345] - API Request: POST https://api.stg.gowithgeo.com/api/auth/login
2026-07-21 07:44:16 - GeoTravelGlobalLogger - INFO     - [logger.py:345] - API Response: 200
2026-07-21 07:44:16 - GeoTravelGlobalLogger - INFO     - [logger.py:345] - Token extracted via cookies (length: 167, valid)
2026-07-21 07:44:16 - GeoTravelGlobalLogger - INFO     - [logger.py:345] - ✅ Auth token set from cookies (Cookie header)
2026-07-21 07:44:16 - GeoTravelGlobalLogger - INFO     - [logger.py:345] - SUCCESS: ✅ Login successful - token set via cookies
2026-07-21 07:44:16 - GeoTravelGlobalLogger - INFO     - [logger.py:345] - SUCCESS: ✅ Dynamic token extraction successful via 'cookies'
2026-07-21 07:44:16 - GeoTravelGlobalLogger - INFO     - [logger.py:345] - ✅ Saved test-specific logs: reports/logs/src_tests_api_tests_test_auth_api.py_TestAuthAPI_test_dynamic_token_extraction_074416.log
2026-07-21 07:44:16 - GeoTravelGlobalLogger - INFO     - [logger.py:345] - Test result added: src/tests/api_tests/test_auth_api.py::TestAuthAPI::test_dynamic_token_extraction - PASS (Duration: 0.37s)
2026-07-21 07:44:16 - GeoTravelGlobalLogger - INFO     - [logger.py:345] - Added test result to API SMOKE TEST: src/tests/api_tests/test_auth_api.py::TestAuthAPI::test_dynamic_token_extraction - PASS
2026-07-21 07:44:16 - GeoTravelGlobalLogger - INFO     - [logger.py:345] - === Testing Token Validation ===
2026-07-21 07:44:16 - GeoTravelGlobalLogger - INFO     - [logger.py:345] - Retrieved credentials from environment for: geo.qa.bot@gmail.com
2026-07-21 07:44:16 - GeoTravelGlobalLogger - INFO     - [logger.py:345] - Attempting login with email: geo.qa.bot@gmail.com
2026-07-21 07:44:16 - GeoTravelGlobalLogger - INFO     - [logger.py:345] - 🔍 _request START - Current self.headers: {'Content-Type': 'application/json', 'Accept': 'application/json', 'X-Client-Type': 'retail'}
2026-07-21 07:44:16 - GeoTravelGlobalLogger - INFO     - [logger.py:345] - 🔍 _request - kwargs headers: {}
2026-07-21 07:44:16 - GeoTravelGlobalLogger - INFO     - [logger.py:345] - 🔍 _request FINAL headers being sent: {'Content-Type': 'application/json', 'Accept': 'application/json', 'X-Client-Type': 'retail'}
2026-07-21 07:44:16 - GeoTravelGlobalLogger - INFO     - [logger.py:345] - API Request: POST https://api.stg.gowithgeo.com/api/auth/login
2026-07-21 07:44:17 - GeoTravelGlobalLogger - INFO     - [logger.py:345] - API Response: 200
2026-07-21 07:44:17 - GeoTravelGlobalLogger - INFO     - [logger.py:345] - Token extracted via cookies (length: 167, valid)
2026-07-21 07:44:17 - GeoTravelGlobalLogger - INFO     - [logger.py:345] - ✅ Auth token set from cookies (Cookie header)
2026-07-21 07:44:17 - GeoTravelGlobalLogger - INFO     - [logger.py:345] - SUCCESS: ✅ Login successful - token set via cookies
2026-07-21 07:44:17 - GeoTravelGlobalLogger - INFO     - [logger.py:345] - SUCCESS: ✅ Token validation working correctly
2026-07-21 07:44:17 - GeoTravelGlobalLogger - INFO     - [logger.py:345] - ✅ Saved test-specific logs: reports/logs/src_tests_api_tests_test_auth_api.py_TestAuthAPI_test_token_validation_074417.log
2026-07-21 07:44:17 - GeoTravelGlobalLogger - INFO     - [logger.py:345] - Test result added: src/tests/api_tests/test_auth_api.py::TestAuthAPI::test_token_validation - PASS (Duration: 0.36s)
2026-07-21 07:44:17 - GeoTravelGlobalLogger - INFO     - [logger.py:345] - Added test result to API SMOKE TEST: src/tests/api_tests/test_auth_api.py::TestAuthAPI::test_token_validation - PASS
2026-07-21 07:44:17 - GeoTravelGlobalLogger - INFO     - [logger.py:345] - Retrieved credentials from environment for: geo.qa.bot@gmail.com
2026-07-21 07:44:17 - GeoTravelGlobalLogger - INFO     - [logger.py:345] - Attempting login with email: geo.qa.bot@gmail.com
2026-07-21 07:44:17 - GeoTravelGlobalLogger - INFO     - [logger.py:345] - 🔍 _request START - Current self.headers: {'Content-Type': 'application/json', 'Accept': 'application/json', 'X-Client-Type': 'retail'}
2026-07-21 07:44:17 - GeoTravelGlobalLogger - INFO     - [logger.py:345] - 🔍 _request - kwargs headers: {}
2026-07-21 07:44:17 - GeoTravelGlobalLogger - INFO     - [logger.py:345] - 🔍 _request FINAL headers being sent: {'Content-Type': 'application/json', 'Accept': 'application/json', 'X-Client-Type': 'retail'}
2026-07-21 07:44:17 - GeoTravelGlobalLogger - INFO     - [logger.py:345] - API Request: POST https://api.stg.gowithgeo.com/api/auth/login
2026-07-21 07:44:17 - GeoTravelGlobalLogger - INFO     - [logger.py:345] - API Response: 200
2026-07-21 07:44:17 - GeoTravelGlobalLogger - INFO     - [logger.py:345] - Token extracted via cookies (length: 167, valid)
2026-07-21 07:44:17 - GeoTravelGlobalLogger - INFO     - [logger.py:345] - ✅ Auth token set from cookies (Cookie header)
2026-07-21 07:44:17 - GeoTravelGlobalLogger - INFO     - [logger.py:345] - SUCCESS: ✅ Login successful - token set via cookies
2026-07-21 07:44:17 - GeoTravelGlobalLogger - INFO     - [logger.py:345] - SUCCESS: ✅ Authenticated successfully (token length: 167)
2026-07-21 07:44:17 - GeoTravelGlobalLogger - INFO     - [logger.py:345] - ✅ Auth token set from cookies (Cookie header)
2026-07-21 07:44:17 - GeoTravelGlobalLogger - INFO     - [logger.py:345] - ✅ Auth token set from cookies (Cookie header)
2026-07-21 07:44:17 - GeoTravelGlobalLogger - INFO     - [logger.py:345] - === Testing Flight Search Request ===
2026-07-21 07:44:17 - GeoTravelGlobalLogger - INFO     - [logger.py:345] - 🔍 _request START - Current self.headers: {'Content-Type': 'application/json', 'Accept': 'application/json', 'X-Client-Type': 'retail', 'Cookie': 'retail_access_token=eyJhbGciOiJIUzI1NiIsInR5cCI6IkpXVCJ9.eyJpZCI6MTUxLCJ1c2VyVHlwZSI6IlJFVEFJTCIsImlhdCI6MTc4NDYxOTg1NywiZXhwIjoxNzg0NjYzMDU3fQ.v1IArdEsmu5GEOldmR5kEVs3tnsILpaQDsRYiu8BnTo'}
2026-07-21 07:44:17 - GeoTravelGlobalLogger - INFO     - [logger.py:345] - 🔍 _request - kwargs headers: {}
2026-07-21 07:44:17 - GeoTravelGlobalLogger - INFO     - [logger.py:345] - 🔍 _request FINAL headers being sent: {'Content-Type': 'application/json', 'Accept': 'application/json', 'X-Client-Type': 'retail', 'Cookie': 'retail_access_token=eyJhbGciOiJIUzI1NiIsInR5cCI6IkpXVCJ9.eyJpZCI6MTUxLCJ1c2VyVHlwZSI6IlJFVEFJTCIsImlhdCI6MTc4NDYxOTg1NywiZXhwIjoxNzg0NjYzMDU3fQ.v1IArdEsmu5GEOldmR5kEVs3tnsILpaQDsRYiu8BnTo'}
2026-07-21 07:44:17 - GeoTravelGlobalLogger - INFO     - [logger.py:345] - API Request: POST https://api.stg.gowithgeo.com/api/flight/search-request
2026-07-21 07:44:17 - GeoTravelGlobalLogger - INFO     - [logger.py:345] - API Response: 200
2026-07-21 07:44:17 - GeoTravelGlobalLogger - INFO     - [logger.py:345] - Search Response: 200 - {"message":"Flight search saved successfully","data":{"search_id":"16331ccb-1a46-4857-9fce-18d097f725f0"}}
2026-07-21 07:44:17 - GeoTravelGlobalLogger - INFO     - [logger.py:345] - Flight search request test passed
2026-07-21 07:44:17 - GeoTravelGlobalLogger - INFO     - [logger.py:345] - Search ID: 16331ccb-1a46-4857-9fce-18d097f725f0
2026-07-21 07:44:17 - GeoTravelGlobalLogger - INFO     - [logger.py:345] - ✅ Saved test-specific logs: reports/logs/src_tests_api_tests_test_flight_api.py_TestFlightAPI_test_flight_search_request_074417.log
2026-07-21 07:44:17 - GeoTravelGlobalLogger - INFO     - [logger.py:345] - Test result added: src/tests/api_tests/test_flight_api.py::TestFlightAPI::test_flight_search_request - PASS (Duration: 0.33s)
2026-07-21 07:44:17 - GeoTravelGlobalLogger - INFO     - [logger.py:345] - Added test result to API SMOKE TEST: src/tests/api_tests/test_flight_api.py::TestFlightAPI::test_flight_search_request - PASS
2026-07-21 07:44:17 - GeoTravelGlobalLogger - INFO     - [logger.py:345] - Retrieved credentials from environment for: geo.qa.bot@gmail.com
2026-07-21 07:44:17 - GeoTravelGlobalLogger - INFO     - [logger.py:345] - Attempting login with email: geo.qa.bot@gmail.com
2026-07-21 07:44:17 - GeoTravelGlobalLogger - INFO     - [logger.py:345] - 🔍 _request START - Current self.headers: {'Content-Type': 'application/json', 'Accept': 'application/json', 'X-Client-Type': 'retail'}
2026-07-21 07:44:17 - GeoTravelGlobalLogger - INFO     - [logger.py:345] - 🔍 _request - kwargs headers: {}
2026-07-21 07:44:17 - GeoTravelGlobalLogger - INFO     - [logger.py:345] - 🔍 _request FINAL headers being sent: {'Content-Type': 'application/json', 'Accept': 'application/json', 'X-Client-Type': 'retail'}
2026-07-21 07:44:17 - GeoTravelGlobalLogger - INFO     - [logger.py:345] - API Request: POST https://api.stg.gowithgeo.com/api/auth/login
2026-07-21 07:44:18 - GeoTravelGlobalLogger - INFO     - [logger.py:345] - API Response: 200
2026-07-21 07:44:18 - GeoTravelGlobalLogger - INFO     - [logger.py:345] - Token extracted via cookies (length: 167, valid)
2026-07-21 07:44:18 - GeoTravelGlobalLogger - INFO     - [logger.py:345] - ✅ Auth token set from cookies (Cookie header)
2026-07-21 07:44:18 - GeoTravelGlobalLogger - INFO     - [logger.py:345] - SUCCESS: ✅ Login successful - token set via cookies
2026-07-21 07:44:18 - GeoTravelGlobalLogger - INFO     - [logger.py:345] - SUCCESS: ✅ Authenticated successfully (token length: 167)
2026-07-21 07:44:18 - GeoTravelGlobalLogger - INFO     - [logger.py:345] - ✅ Auth token set from cookies (Cookie header)
2026-07-21 07:44:18 - GeoTravelGlobalLogger - INFO     - [logger.py:345] - ✅ Auth token set from cookies (Cookie header)
2026-07-21 07:44:18 - GeoTravelGlobalLogger - INFO     - [logger.py:345] - === Testing Flight Search Flow ===
2026-07-21 07:44:18 - GeoTravelGlobalLogger - INFO     - [logger.py:345] - 🔍 _request START - Current self.headers: {'Content-Type': 'application/json', 'Accept': 'application/json', 'X-Client-Type': 'retail', 'Cookie': 'retail_access_token=eyJhbGciOiJIUzI1NiIsInR5cCI6IkpXVCJ9.eyJpZCI6MTUxLCJ1c2VyVHlwZSI6IlJFVEFJTCIsImlhdCI6MTc4NDYxOTg1OCwiZXhwIjoxNzg0NjYzMDU4fQ.RQAuSOp5cIdUNT_7xLcX-Swf0askDt_G7xj43nh2XOg'}
2026-07-21 07:44:18 - GeoTravelGlobalLogger - INFO     - [logger.py:345] - 🔍 _request - kwargs headers: {}
2026-07-21 07:44:18 - GeoTravelGlobalLogger - INFO     - [logger.py:345] - 🔍 _request FINAL headers being sent: {'Content-Type': 'application/json', 'Accept': 'application/json', 'X-Client-Type': 'retail', 'Cookie': 'retail_access_token=eyJhbGciOiJIUzI1NiIsInR5cCI6IkpXVCJ9.eyJpZCI6MTUxLCJ1c2VyVHlwZSI6IlJFVEFJTCIsImlhdCI6MTc4NDYxOTg1OCwiZXhwIjoxNzg0NjYzMDU4fQ.RQAuSOp5cIdUNT_7xLcX-Swf0askDt_G7xj43nh2XOg'}
2026-07-21 07:44:18 - GeoTravelGlobalLogger - INFO     - [logger.py:345] - API Request: POST https://api.stg.gowithgeo.com/api/flight/search-request
2026-07-21 07:44:18 - GeoTravelGlobalLogger - INFO     - [logger.py:345] - API Response: 200
2026-07-21 07:44:18 - GeoTravelGlobalLogger - INFO     - [logger.py:345] - 🔍 _request START - Current self.headers: {'Content-Type': 'application/json', 'Accept': 'application/json', 'X-Client-Type': 'retail', 'Cookie': 'retail_access_token=eyJhbGciOiJIUzI1NiIsInR5cCI6IkpXVCJ9.eyJpZCI6MTUxLCJ1c2VyVHlwZSI6IlJFVEFJTCIsImlhdCI6MTc4NDYxOTg1OCwiZXhwIjoxNzg0NjYzMDU4fQ.RQAuSOp5cIdUNT_7xLcX-Swf0askDt_G7xj43nh2XOg'}
2026-07-21 07:44:18 - GeoTravelGlobalLogger - INFO     - [logger.py:345] - 🔍 _request - kwargs headers: {}
2026-07-21 07:44:18 - GeoTravelGlobalLogger - INFO     - [logger.py:345] - 🔍 _request FINAL headers being sent: {'Content-Type': 'application/json', 'Accept': 'application/json', 'X-Client-Type': 'retail', 'Cookie': 'retail_access_token=eyJhbGciOiJIUzI1NiIsInR5cCI6IkpXVCJ9.eyJpZCI6MTUxLCJ1c2VyVHlwZSI6IlJFVEFJTCIsImlhdCI6MTc4NDYxOTg1OCwiZXhwIjoxNzg0NjYzMDU4fQ.RQAuSOp5cIdUNT_7xLcX-Swf0askDt_G7xj43nh2XOg'}
2026-07-21 07:44:18 - GeoTravelGlobalLogger - INFO     - [logger.py:345] - API Request: GET https://api.stg.gowithgeo.com/api/flight/search?search_id=a256d739-1d16-4e1a-845a-4d69177a11a8
2026-07-21 07:44:28 - GeoTravelGlobalLogger - INFO     - [logger.py:345] - API Response: 200
2026-07-21 07:44:28 - GeoTravelGlobalLogger - INFO     - [logger.py:345] - Search Results: 200
2026-07-21 07:44:28 - GeoTravelGlobalLogger - INFO     - [logger.py:345] - ✅ Saved test-specific logs: reports/logs/src_tests_api_tests_test_flight_api.py_TestFlightAPI_test_flight_search_flow_074428.log
2026-07-21 07:44:28 - GeoTravelGlobalLogger - INFO     - [logger.py:345] - Test result added: src/tests/api_tests/test_flight_api.py::TestFlightAPI::test_flight_search_flow - PASS (Duration: 10.15s)
2026-07-21 07:44:28 - GeoTravelGlobalLogger - INFO     - [logger.py:345] - Added test result to API SMOKE TEST: src/tests/api_tests/test_flight_api.py::TestFlightAPI::test_flight_search_flow - PASS
2026-07-21 07:44:28 - GeoTravelGlobalLogger - INFO     - [logger.py:345] - Retrieved credentials from environment for: geo.qa.bot@gmail.com
2026-07-21 07:44:28 - GeoTravelGlobalLogger - INFO     - [logger.py:345] - Attempting login with email: geo.qa.bot@gmail.com
2026-07-21 07:44:28 - GeoTravelGlobalLogger - INFO     - [logger.py:345] - 🔍 _request START - Current self.headers: {'Content-Type': 'application/json', 'Accept': 'application/json', 'X-Client-Type': 'retail'}
2026-07-21 07:44:28 - GeoTravelGlobalLogger - INFO     - [logger.py:345] - 🔍 _request - kwargs headers: {}
2026-07-21 07:44:28 - GeoTravelGlobalLogger - INFO     - [logger.py:345] - 🔍 _request FINAL headers being sent: {'Content-Type': 'application/json', 'Accept': 'application/json', 'X-Client-Type': 'retail'}
2026-07-21 07:44:28 - GeoTravelGlobalLogger - INFO     - [logger.py:345] - API Request: POST https://api.stg.gowithgeo.com/api/auth/login
2026-07-21 07:44:28 - GeoTravelGlobalLogger - INFO     - [logger.py:345] - API Response: 200
2026-07-21 07:44:28 - GeoTravelGlobalLogger - INFO     - [logger.py:345] - Token extracted via cookies (length: 167, valid)
2026-07-21 07:44:28 - GeoTravelGlobalLogger - INFO     - [logger.py:345] - ✅ Auth token set from cookies (Cookie header)
2026-07-21 07:44:28 - GeoTravelGlobalLogger - INFO     - [logger.py:345] - SUCCESS: ✅ Login successful - token set via cookies
2026-07-21 07:44:28 - GeoTravelGlobalLogger - INFO     - [logger.py:345] - SUCCESS: ✅ Authenticated successfully (token length: 167)
2026-07-21 07:44:28 - GeoTravelGlobalLogger - INFO     - [logger.py:345] - ✅ Auth token set from cookies (Cookie header)
2026-07-21 07:44:28 - GeoTravelGlobalLogger - INFO     - [logger.py:345] - ✅ Auth token set from cookies (Cookie header)
2026-07-21 07:44:28 - GeoTravelGlobalLogger - INFO     - [logger.py:345] - === Testing Flight Quote Flow ===
2026-07-21 07:44:28 - GeoTravelGlobalLogger - INFO     - [logger.py:345] - 🔍 _request START - Current self.headers: {'Content-Type': 'application/json', 'Accept': 'application/json', 'X-Client-Type': 'retail', 'Cookie': 'retail_access_token=eyJhbGciOiJIUzI1NiIsInR5cCI6IkpXVCJ9.eyJpZCI6MTUxLCJ1c2VyVHlwZSI6IlJFVEFJTCIsImlhdCI6MTc4NDYxOTg2OCwiZXhwIjoxNzg0NjYzMDY4fQ.9sXTln21b3yfk7tbDwY7zSdnycZVI2Hy3R5_KwLoHfM'}
2026-07-21 07:44:28 - GeoTravelGlobalLogger - INFO     - [logger.py:345] - 🔍 _request - kwargs headers: {}
2026-07-21 07:44:28 - GeoTravelGlobalLogger - INFO     - [logger.py:345] - 🔍 _request FINAL headers being sent: {'Content-Type': 'application/json', 'Accept': 'application/json', 'X-Client-Type': 'retail', 'Cookie': 'retail_access_token=eyJhbGciOiJIUzI1NiIsInR5cCI6IkpXVCJ9.eyJpZCI6MTUxLCJ1c2VyVHlwZSI6IlJFVEFJTCIsImlhdCI6MTc4NDYxOTg2OCwiZXhwIjoxNzg0NjYzMDY4fQ.9sXTln21b3yfk7tbDwY7zSdnycZVI2Hy3R5_KwLoHfM'}
2026-07-21 07:44:28 - GeoTravelGlobalLogger - INFO     - [logger.py:345] - API Request: POST https://api.stg.gowithgeo.com/api/flight/quote
2026-07-21 07:44:28 - GeoTravelGlobalLogger - INFO     - [logger.py:345] - API Response: 400
2026-07-21 07:44:28 - GeoTravelGlobalLogger - INFO     - [logger.py:345] - ✅ Saved test-specific logs: reports/logs/src_tests_api_tests_test_flight_api.py_TestFlightAPI_test_flight_quote_flow_074428.log
2026-07-21 07:44:28 - GeoTravelGlobalLogger - INFO     - [logger.py:345] - Test result added: src/tests/api_tests/test_flight_api.py::TestFlightAPI::test_flight_quote_flow - PASS (Duration: 0.12s)
2026-07-21 07:44:28 - GeoTravelGlobalLogger - INFO     - [logger.py:345] - Added test result to API SMOKE TEST: src/tests/api_tests/test_flight_api.py::TestFlightAPI::test_flight_quote_flow - PASS
2026-07-21 07:44:28 - GeoTravelGlobalLogger - INFO     - [logger.py:345] - Retrieved credentials from environment for: geo.qa.bot@gmail.com
2026-07-21 07:44:28 - GeoTravelGlobalLogger - INFO     - [logger.py:345] - Attempting login with email: geo.qa.bot@gmail.com
2026-07-21 07:44:28 - GeoTravelGlobalLogger - INFO     - [logger.py:345] - 🔍 _request START - Current self.headers: {'Content-Type': 'application/json', 'Accept': 'application/json', 'X-Client-Type': 'retail'}
2026-07-21 07:44:28 - GeoTravelGlobalLogger - INFO     - [logger.py:345] - 🔍 _request - kwargs headers: {}
2026-07-21 07:44:28 - GeoTravelGlobalLogger - INFO     - [logger.py:345] - 🔍 _request FINAL headers being sent: {'Content-Type': 'application/json', 'Accept': 'application/json', 'X-Client-Type': 'retail'}
2026-07-21 07:44:28 - GeoTravelGlobalLogger - INFO     - [logger.py:345] - API Request: POST https://api.stg.gowithgeo.com/api/auth/login
2026-07-21 07:44:29 - GeoTravelGlobalLogger - INFO     - [logger.py:345] - API Response: 200
2026-07-21 07:44:29 - GeoTravelGlobalLogger - INFO     - [logger.py:345] - Token extracted via cookies (length: 167, valid)
2026-07-21 07:44:29 - GeoTravelGlobalLogger - INFO     - [logger.py:345] - ✅ Auth token set from cookies (Cookie header)
2026-07-21 07:44:29 - GeoTravelGlobalLogger - INFO     - [logger.py:345] - SUCCESS: ✅ Login successful - token set via cookies
2026-07-21 07:44:29 - GeoTravelGlobalLogger - INFO     - [logger.py:345] - SUCCESS: ✅ Authenticated successfully (token length: 167)
2026-07-21 07:44:29 - GeoTravelGlobalLogger - INFO     - [logger.py:345] - ✅ Auth token set from cookies (Cookie header)
2026-07-21 07:44:29 - GeoTravelGlobalLogger - INFO     - [logger.py:345] - ✅ Auth token set from cookies (Cookie header)
2026-07-21 07:44:29 - GeoTravelGlobalLogger - INFO     - [logger.py:345] - === Testing Passenger Email Validation ===
2026-07-21 07:44:29 - GeoTravelGlobalLogger - INFO     - [logger.py:345] - 🔍 _request START - Current self.headers: {'Content-Type': 'application/json', 'Accept': 'application/json', 'X-Client-Type': 'retail', 'Cookie': 'retail_access_token=eyJhbGciOiJIUzI1NiIsInR5cCI6IkpXVCJ9.eyJpZCI6MTUxLCJ1c2VyVHlwZSI6IlJFVEFJTCIsImlhdCI6MTc4NDYxOTg2OSwiZXhwIjoxNzg0NjYzMDY5fQ.yL_7jk7Y1-piEaAwfRb-lbUtLuFZV9tVsjw_7-Mebp8'}
2026-07-21 07:44:29 - GeoTravelGlobalLogger - INFO     - [logger.py:345] - 🔍 _request - kwargs headers: {}
2026-07-21 07:44:29 - GeoTravelGlobalLogger - INFO     - [logger.py:345] - 🔍 _request FINAL headers being sent: {'Content-Type': 'application/json', 'Accept': 'application/json', 'X-Client-Type': 'retail', 'Cookie': 'retail_access_token=eyJhbGciOiJIUzI1NiIsInR5cCI6IkpXVCJ9.eyJpZCI6MTUxLCJ1c2VyVHlwZSI6IlJFVEFJTCIsImlhdCI6MTc4NDYxOTg2OSwiZXhwIjoxNzg0NjYzMDY5fQ.yL_7jk7Y1-piEaAwfRb-lbUtLuFZV9tVsjw_7-Mebp8'}
2026-07-21 07:44:29 - GeoTravelGlobalLogger - INFO     - [logger.py:345] - API Request: POST https://api.stg.gowithgeo.com/api/flight/validate-passenger-email
2026-07-21 07:44:29 - GeoTravelGlobalLogger - INFO     - [logger.py:345] - API Response: 200
2026-07-21 07:44:29 - GeoTravelGlobalLogger - INFO     - [logger.py:345] - Email Validation: 200
2026-07-21 07:44:29 - GeoTravelGlobalLogger - INFO     - [logger.py:345] - ✅ Saved test-specific logs: reports/logs/src_tests_api_tests_test_flight_api.py_TestFlightAPI_test_passenger_email_validation_074429.log
2026-07-21 07:44:29 - GeoTravelGlobalLogger - INFO     - [logger.py:345] - Test result added: src/tests/api_tests/test_flight_api.py::TestFlightAPI::test_passenger_email_validation - PASS (Duration: 0.20s)
2026-07-21 07:44:29 - GeoTravelGlobalLogger - INFO     - [logger.py:345] - Added test result to API SMOKE TEST: src/tests/api_tests/test_flight_api.py::TestFlightAPI::test_passenger_email_validation - PASS
2026-07-21 07:44:29 - GeoTravelGlobalLogger - INFO     - [logger.py:345] - Retrieved credentials from environment for: geo.qa.bot@gmail.com
2026-07-21 07:44:29 - GeoTravelGlobalLogger - INFO     - [logger.py:345] - Attempting login with email: geo.qa.bot@gmail.com
2026-07-21 07:44:29 - GeoTravelGlobalLogger - INFO     - [logger.py:345] - 🔍 _request START - Current self.headers: {'Content-Type': 'application/json', 'Accept': 'application/json', 'X-Client-Type': 'retail'}
2026-07-21 07:44:29 - GeoTravelGlobalLogger - INFO     - [logger.py:345] - 🔍 _request - kwargs headers: {}
2026-07-21 07:44:29 - GeoTravelGlobalLogger - INFO     - [logger.py:345] - 🔍 _request FINAL headers being sent: {'Content-Type': 'application/json', 'Accept': 'application/json', 'X-Client-Type': 'retail'}
2026-07-21 07:44:29 - GeoTravelGlobalLogger - INFO     - [logger.py:345] - API Request: POST https://api.stg.gowithgeo.com/api/auth/login
2026-07-21 07:44:29 - GeoTravelGlobalLogger - INFO     - [logger.py:345] - API Response: 200
2026-07-21 07:44:29 - GeoTravelGlobalLogger - INFO     - [logger.py:345] - Token extracted via cookies (length: 167, valid)
2026-07-21 07:44:29 - GeoTravelGlobalLogger - INFO     - [logger.py:345] - ✅ Auth token set from cookies (Cookie header)
2026-07-21 07:44:29 - GeoTravelGlobalLogger - INFO     - [logger.py:345] - SUCCESS: ✅ Login successful - token set via cookies
2026-07-21 07:44:29 - GeoTravelGlobalLogger - INFO     - [logger.py:345] - SUCCESS: ✅ Authenticated successfully (token length: 167)
2026-07-21 07:44:29 - GeoTravelGlobalLogger - INFO     - [logger.py:345] - ✅ Auth token set from cookies (Cookie header)
2026-07-21 07:44:29 - GeoTravelGlobalLogger - INFO     - [logger.py:345] - ✅ Auth token set from cookies (Cookie header)
2026-07-21 07:44:29 - GeoTravelGlobalLogger - INFO     - [logger.py:345] - === Testing Different Cabin Classes ===
2026-07-21 07:44:29 - GeoTravelGlobalLogger - INFO     - [logger.py:345] - 🔍 _request START - Current self.headers: {'Content-Type': 'application/json', 'Accept': 'application/json', 'X-Client-Type': 'retail', 'Cookie': 'retail_access_token=eyJhbGciOiJIUzI1NiIsInR5cCI6IkpXVCJ9.eyJpZCI6MTUxLCJ1c2VyVHlwZSI6IlJFVEFJTCIsImlhdCI6MTc4NDYxOTg2OSwiZXhwIjoxNzg0NjYzMDY5fQ.yL_7jk7Y1-piEaAwfRb-lbUtLuFZV9tVsjw_7-Mebp8'}
2026-07-21 07:44:29 - GeoTravelGlobalLogger - INFO     - [logger.py:345] - 🔍 _request - kwargs headers: {}
2026-07-21 07:44:29 - GeoTravelGlobalLogger - INFO     - [logger.py:345] - 🔍 _request FINAL headers being sent: {'Content-Type': 'application/json', 'Accept': 'application/json', 'X-Client-Type': 'retail', 'Cookie': 'retail_access_token=eyJhbGciOiJIUzI1NiIsInR5cCI6IkpXVCJ9.eyJpZCI6MTUxLCJ1c2VyVHlwZSI6IlJFVEFJTCIsImlhdCI6MTc4NDYxOTg2OSwiZXhwIjoxNzg0NjYzMDY5fQ.yL_7jk7Y1-piEaAwfRb-lbUtLuFZV9tVsjw_7-Mebp8'}
2026-07-21 07:44:29 - GeoTravelGlobalLogger - INFO     - [logger.py:345] - API Request: POST https://api.stg.gowithgeo.com/api/flight/search-request
2026-07-21 07:44:30 - GeoTravelGlobalLogger - INFO     - [logger.py:345] - API Response: 200
2026-07-21 07:44:30 - GeoTravelGlobalLogger - INFO     - [logger.py:345] - Cabin ECONOMY search successful
2026-07-21 07:44:30 - GeoTravelGlobalLogger - INFO     - [logger.py:345] - 🔍 _request START - Current self.headers: {'Content-Type': 'application/json', 'Accept': 'application/json', 'X-Client-Type': 'retail', 'Cookie': 'retail_access_token=eyJhbGciOiJIUzI1NiIsInR5cCI6IkpXVCJ9.eyJpZCI6MTUxLCJ1c2VyVHlwZSI6IlJFVEFJTCIsImlhdCI6MTc4NDYxOTg2OSwiZXhwIjoxNzg0NjYzMDY5fQ.yL_7jk7Y1-piEaAwfRb-lbUtLuFZV9tVsjw_7-Mebp8'}
2026-07-21 07:44:30 - GeoTravelGlobalLogger - INFO     - [logger.py:345] - 🔍 _request - kwargs headers: {}
2026-07-21 07:44:30 - GeoTravelGlobalLogger - INFO     - [logger.py:345] - 🔍 _request FINAL headers being sent: {'Content-Type': 'application/json', 'Accept': 'application/json', 'X-Client-Type': 'retail', 'Cookie': 'retail_access_token=eyJhbGciOiJIUzI1NiIsInR5cCI6IkpXVCJ9.eyJpZCI6MTUxLCJ1c2VyVHlwZSI6IlJFVEFJTCIsImlhdCI6MTc4NDYxOTg2OSwiZXhwIjoxNzg0NjYzMDY5fQ.yL_7jk7Y1-piEaAwfRb-lbUtLuFZV9tVsjw_7-Mebp8'}
2026-07-21 07:44:30 - GeoTravelGlobalLogger - INFO     - [logger.py:345] - API Request: POST https://api.stg.gowithgeo.com/api/flight/search-request
2026-07-21 07:44:30 - GeoTravelGlobalLogger - INFO     - [logger.py:345] - API Response: 200
2026-07-21 07:44:30 - GeoTravelGlobalLogger - INFO     - [logger.py:345] - Cabin BUSINESS search successful
2026-07-21 07:44:30 - GeoTravelGlobalLogger - INFO     - [logger.py:345] - 🔍 _request START - Current self.headers: {'Content-Type': 'application/json', 'Accept': 'application/json', 'X-Client-Type': 'retail', 'Cookie': 'retail_access_token=eyJhbGciOiJIUzI1NiIsInR5cCI6IkpXVCJ9.eyJpZCI6MTUxLCJ1c2VyVHlwZSI6IlJFVEFJTCIsImlhdCI6MTc4NDYxOTg2OSwiZXhwIjoxNzg0NjYzMDY5fQ.yL_7jk7Y1-piEaAwfRb-lbUtLuFZV9tVsjw_7-Mebp8'}
2026-07-21 07:44:30 - GeoTravelGlobalLogger - INFO     - [logger.py:345] - 🔍 _request - kwargs headers: {}
2026-07-21 07:44:30 - GeoTravelGlobalLogger - INFO     - [logger.py:345] - 🔍 _request FINAL headers being sent: {'Content-Type': 'application/json', 'Accept': 'application/json', 'X-Client-Type': 'retail', 'Cookie': 'retail_access_token=eyJhbGciOiJIUzI1NiIsInR5cCI6IkpXVCJ9.eyJpZCI6MTUxLCJ1c2VyVHlwZSI6IlJFVEFJTCIsImlhdCI6MTc4NDYxOTg2OSwiZXhwIjoxNzg0NjYzMDY5fQ.yL_7jk7Y1-piEaAwfRb-lbUtLuFZV9tVsjw_7-Mebp8'}
2026-07-21 07:44:30 - GeoTravelGlobalLogger - INFO     - [logger.py:345] - API Request: POST https://api.stg.gowithgeo.com/api/flight/search-request
2026-07-21 07:44:30 - GeoTravelGlobalLogger - INFO     - [logger.py:345] - API Response: 200
2026-07-21 07:44:30 - GeoTravelGlobalLogger - INFO     - [logger.py:345] - Cabin FIRST search successful
2026-07-21 07:44:30 - GeoTravelGlobalLogger - INFO     - [logger.py:345] - ✅ Saved test-specific logs: reports/logs/src_tests_api_tests_test_flight_api.py_TestFlightAPI_test_different_cabins_074430.log
2026-07-21 07:44:30 - GeoTravelGlobalLogger - INFO     - [logger.py:345] - Test result added: src/tests/api_tests/test_flight_api.py::TestFlightAPI::test_different_cabins - PASS (Duration: 0.78s)
2026-07-21 07:44:30 - GeoTravelGlobalLogger - INFO     - [logger.py:345] - Added test result to API SMOKE TEST: src/tests/api_tests/test_flight_api.py::TestFlightAPI::test_different_cabins - PASS
2026-07-21 07:44:30 - GeoTravelGlobalLogger - INFO     - [logger.py:345] - Retrieved credentials from environment for: geo.qa.bot@gmail.com
2026-07-21 07:44:30 - GeoTravelGlobalLogger - INFO     - [logger.py:345] - Attempting login with email: geo.qa.bot@gmail.com
2026-07-21 07:44:30 - GeoTravelGlobalLogger - INFO     - [logger.py:345] - 🔍 _request START - Current self.headers: {'Content-Type': 'application/json', 'Accept': 'application/json', 'X-Client-Type': 'retail'}
2026-07-21 07:44:30 - GeoTravelGlobalLogger - INFO     - [logger.py:345] - 🔍 _request - kwargs headers: {}
2026-07-21 07:44:30 - GeoTravelGlobalLogger - INFO     - [logger.py:345] - 🔍 _request FINAL headers being sent: {'Content-Type': 'application/json', 'Accept': 'application/json', 'X-Client-Type': 'retail'}
2026-07-21 07:44:30 - GeoTravelGlobalLogger - INFO     - [logger.py:345] - API Request: POST https://api.stg.gowithgeo.com/api/auth/login
2026-07-21 07:44:30 - GeoTravelGlobalLogger - INFO     - [logger.py:345] - API Response: 200
2026-07-21 07:44:30 - GeoTravelGlobalLogger - INFO     - [logger.py:345] - Token extracted via cookies (length: 167, valid)
2026-07-21 07:44:30 - GeoTravelGlobalLogger - INFO     - [logger.py:345] - ✅ Auth token set from cookies (Cookie header)
2026-07-21 07:44:30 - GeoTravelGlobalLogger - INFO     - [logger.py:345] - SUCCESS: ✅ Login successful - token set via cookies
2026-07-21 07:44:30 - GeoTravelGlobalLogger - INFO     - [logger.py:345] - SUCCESS: ✅ Authenticated successfully (token length: 167)
2026-07-21 07:44:30 - GeoTravelGlobalLogger - INFO     - [logger.py:345] - ✅ Auth token set from cookies (Cookie header)
2026-07-21 07:44:30 - GeoTravelGlobalLogger - INFO     - [logger.py:345] - ✅ Auth token set from cookies (Cookie header)
2026-07-21 07:44:30 - GeoTravelGlobalLogger - INFO     - [logger.py:345] - === Testing Get Booked Flights ===
2026-07-21 07:44:30 - GeoTravelGlobalLogger - INFO     - [logger.py:345] - 🔍 _request START - Current self.headers: {'Content-Type': 'application/json', 'Accept': 'application/json', 'X-Client-Type': 'retail', 'Cookie': 'retail_access_token=eyJhbGciOiJIUzI1NiIsInR5cCI6IkpXVCJ9.eyJpZCI6MTUxLCJ1c2VyVHlwZSI6IlJFVEFJTCIsImlhdCI6MTc4NDYxOTg3MCwiZXhwIjoxNzg0NjYzMDcwfQ.xTaam6ZL4qM0ZzkeGkRutyRY5l7pBSft_YvuLUNQTSQ'}
2026-07-21 07:44:30 - GeoTravelGlobalLogger - INFO     - [logger.py:345] - 🔍 _request - kwargs headers: {}
2026-07-21 07:44:30 - GeoTravelGlobalLogger - INFO     - [logger.py:345] - 🔍 _request FINAL headers being sent: {'Content-Type': 'application/json', 'Accept': 'application/json', 'X-Client-Type': 'retail', 'Cookie': 'retail_access_token=eyJhbGciOiJIUzI1NiIsInR5cCI6IkpXVCJ9.eyJpZCI6MTUxLCJ1c2VyVHlwZSI6IlJFVEFJTCIsImlhdCI6MTc4NDYxOTg3MCwiZXhwIjoxNzg0NjYzMDcwfQ.xTaam6ZL4qM0ZzkeGkRutyRY5l7pBSft_YvuLUNQTSQ'}
2026-07-21 07:44:30 - GeoTravelGlobalLogger - INFO     - [logger.py:345] - API Request: GET https://api.stg.gowithgeo.com/api/flight/user/booked-flights?limit=10&page=1&category=Upcoming
2026-07-21 07:44:31 - GeoTravelGlobalLogger - INFO     - [logger.py:345] - API Response: 200
2026-07-21 07:44:31 - GeoTravelGlobalLogger - INFO     - [logger.py:345] - Booked Flights Response: 200 - {"status":"success","message":"Flights retrieved successful","data":{"flights":[],"pagination":{"currentPage":1,"totalItems":0,"totalPages":0,"itemsPerPage":10}}}
2026-07-21 07:44:31 - GeoTravelGlobalLogger - INFO     - [logger.py:345] - Booked flights retrieved successfully
2026-07-21 07:44:31 - GeoTravelGlobalLogger - INFO     - [logger.py:345] - ✅ Saved test-specific logs: reports/logs/src_tests_api_tests_test_flight_api.py_TestFlightAPI_test_get_booked_flights_074431.log
2026-07-21 07:44:31 - GeoTravelGlobalLogger - INFO     - [logger.py:345] - Test result added: src/tests/api_tests/test_flight_api.py::TestFlightAPI::test_get_booked_flights - PASS (Duration: 0.39s)
2026-07-21 07:44:31 - GeoTravelGlobalLogger - INFO     - [logger.py:345] - Added test result to API SMOKE TEST: src/tests/api_tests/test_flight_api.py::TestFlightAPI::test_get_booked_flights - PASS
2026-07-21 07:44:31 - GeoTravelGlobalLogger - INFO     - [logger.py:345] - Retrieved credentials from environment for: geo.qa.bot@gmail.com
2026-07-21 07:44:31 - GeoTravelGlobalLogger - INFO     - [logger.py:345] - Attempting login with email: geo.qa.bot@gmail.com
2026-07-21 07:44:31 - GeoTravelGlobalLogger - INFO     - [logger.py:345] - 🔍 _request START - Current self.headers: {'Content-Type': 'application/json', 'Accept': 'application/json', 'X-Client-Type': 'retail'}
2026-07-21 07:44:31 - GeoTravelGlobalLogger - INFO     - [logger.py:345] - 🔍 _request - kwargs headers: {}
2026-07-21 07:44:31 - GeoTravelGlobalLogger - INFO     - [logger.py:345] - 🔍 _request FINAL headers being sent: {'Content-Type': 'application/json', 'Accept': 'application/json', 'X-Client-Type': 'retail'}
2026-07-21 07:44:31 - GeoTravelGlobalLogger - INFO     - [logger.py:345] - API Request: POST https://api.stg.gowithgeo.com/api/auth/login
2026-07-21 07:44:31 - GeoTravelGlobalLogger - INFO     - [logger.py:345] - API Response: 200
2026-07-21 07:44:31 - GeoTravelGlobalLogger - INFO     - [logger.py:345] - Token extracted via cookies (length: 167, valid)
2026-07-21 07:44:31 - GeoTravelGlobalLogger - INFO     - [logger.py:345] - ✅ Auth token set from cookies (Cookie header)
2026-07-21 07:44:31 - GeoTravelGlobalLogger - INFO     - [logger.py:345] - SUCCESS: ✅ Login successful - token set via cookies
2026-07-21 07:44:31 - GeoTravelGlobalLogger - INFO     - [logger.py:345] - SUCCESS: ✅ Authenticated successfully (token length: 167)
2026-07-21 07:44:31 - GeoTravelGlobalLogger - INFO     - [logger.py:345] - ✅ Auth token set from cookies (Cookie header)
2026-07-21 07:44:31 - GeoTravelGlobalLogger - INFO     - [logger.py:345] - ✅ Auth token set from cookies (Cookie header)
2026-07-21 07:44:31 - GeoTravelGlobalLogger - INFO     - [logger.py:345] - === Testing Return Flight Search ===
2026-07-21 07:44:31 - GeoTravelGlobalLogger - INFO     - [logger.py:345] - 🔍 _request START - Current self.headers: {'Content-Type': 'application/json', 'Accept': 'application/json', 'X-Client-Type': 'retail', 'Cookie': 'retail_access_token=eyJhbGciOiJIUzI1NiIsInR5cCI6IkpXVCJ9.eyJpZCI6MTUxLCJ1c2VyVHlwZSI6IlJFVEFJTCIsImlhdCI6MTc4NDYxOTg3MSwiZXhwIjoxNzg0NjYzMDcxfQ.E-J1V2X9NEknDts0DTrymtpS9hKMrkMF9iDcQVxY4Iw'}
2026-07-21 07:44:31 - GeoTravelGlobalLogger - INFO     - [logger.py:345] - 🔍 _request - kwargs headers: {}
2026-07-21 07:44:31 - GeoTravelGlobalLogger - INFO     - [logger.py:345] - 🔍 _request FINAL headers being sent: {'Content-Type': 'application/json', 'Accept': 'application/json', 'X-Client-Type': 'retail', 'Cookie': 'retail_access_token=eyJhbGciOiJIUzI1NiIsInR5cCI6IkpXVCJ9.eyJpZCI6MTUxLCJ1c2VyVHlwZSI6IlJFVEFJTCIsImlhdCI6MTc4NDYxOTg3MSwiZXhwIjoxNzg0NjYzMDcxfQ.E-J1V2X9NEknDts0DTrymtpS9hKMrkMF9iDcQVxY4Iw'}
2026-07-21 07:44:31 - GeoTravelGlobalLogger - INFO     - [logger.py:345] - API Request: POST https://api.stg.gowithgeo.com/api/flight/search-request
2026-07-21 07:44:31 - GeoTravelGlobalLogger - INFO     - [logger.py:345] - API Response: 200
2026-07-21 07:44:31 - GeoTravelGlobalLogger - INFO     - [logger.py:345] - ✅ Saved test-specific logs: reports/logs/src_tests_api_tests_test_flight_api.py_TestFlightAPI_test_return_flight_search_074431.log
2026-07-21 07:44:31 - GeoTravelGlobalLogger - INFO     - [logger.py:345] - Test result added: src/tests/api_tests/test_flight_api.py::TestFlightAPI::test_return_flight_search - PASS (Duration: 0.21s)
2026-07-21 07:44:31 - GeoTravelGlobalLogger - INFO     - [logger.py:345] - Added test result to API SMOKE TEST: src/tests/api_tests/test_flight_api.py::TestFlightAPI::test_return_flight_search - PASS
2026-07-21 07:44:31 - GeoTravelGlobalLogger - INFO     - [logger.py:345] - Retrieved credentials from environment for: geo.qa.bot@gmail.com
2026-07-21 07:44:31 - GeoTravelGlobalLogger - INFO     - [logger.py:345] - Attempting login with email: geo.qa.bot@gmail.com
2026-07-21 07:44:31 - GeoTravelGlobalLogger - INFO     - [logger.py:345] - 🔍 _request START - Current self.headers: {'Content-Type': 'application/json', 'Accept': 'application/json', 'X-Client-Type': 'retail'}
2026-07-21 07:44:31 - GeoTravelGlobalLogger - INFO     - [logger.py:345] - 🔍 _request - kwargs headers: {}
2026-07-21 07:44:31 - GeoTravelGlobalLogger - INFO     - [logger.py:345] - 🔍 _request FINAL headers being sent: {'Content-Type': 'application/json', 'Accept': 'application/json', 'X-Client-Type': 'retail'}
2026-07-21 07:44:31 - GeoTravelGlobalLogger - INFO     - [logger.py:345] - API Request: POST https://api.stg.gowithgeo.com/api/auth/login
2026-07-21 07:44:32 - GeoTravelGlobalLogger - INFO     - [logger.py:345] - API Response: 200
2026-07-21 07:44:32 - GeoTravelGlobalLogger - INFO     - [logger.py:345] - Token extracted via cookies (length: 167, valid)
2026-07-21 07:44:32 - GeoTravelGlobalLogger - INFO     - [logger.py:345] - ✅ Auth token set from cookies (Cookie header)
2026-07-21 07:44:32 - GeoTravelGlobalLogger - INFO     - [logger.py:345] - SUCCESS: ✅ Login successful - token set via cookies
2026-07-21 07:44:32 - GeoTravelGlobalLogger - INFO     - [logger.py:345] - SUCCESS: ✅ Authenticated successfully (token length: 167)
2026-07-21 07:44:32 - GeoTravelGlobalLogger - INFO     - [logger.py:345] - ✅ Auth token set from cookies (Cookie header)
2026-07-21 07:44:32 - GeoTravelGlobalLogger - INFO     - [logger.py:345] - ✅ Auth token set from cookies (Cookie header)
2026-07-21 07:44:32 - GeoTravelGlobalLogger - INFO     - [logger.py:345] - === Testing Different Passenger Combinations ===
2026-07-21 07:44:32 - GeoTravelGlobalLogger - INFO     - [logger.py:345] - 🔍 _request START - Current self.headers: {'Content-Type': 'application/json', 'Accept': 'application/json', 'X-Client-Type': 'retail', 'Cookie': 'retail_access_token=eyJhbGciOiJIUzI1NiIsInR5cCI6IkpXVCJ9.eyJpZCI6MTUxLCJ1c2VyVHlwZSI6IlJFVEFJTCIsImlhdCI6MTc4NDYxOTg3MiwiZXhwIjoxNzg0NjYzMDcyfQ.sEIfCgennIq4XZgMson5pqYKzGvmB2W3cCtObq-lMa8'}
2026-07-21 07:44:32 - GeoTravelGlobalLogger - INFO     - [logger.py:345] - 🔍 _request - kwargs headers: {}
2026-07-21 07:44:32 - GeoTravelGlobalLogger - INFO     - [logger.py:345] - 🔍 _request FINAL headers being sent: {'Content-Type': 'application/json', 'Accept': 'application/json', 'X-Client-Type': 'retail', 'Cookie': 'retail_access_token=eyJhbGciOiJIUzI1NiIsInR5cCI6IkpXVCJ9.eyJpZCI6MTUxLCJ1c2VyVHlwZSI6IlJFVEFJTCIsImlhdCI6MTc4NDYxOTg3MiwiZXhwIjoxNzg0NjYzMDcyfQ.sEIfCgennIq4XZgMson5pqYKzGvmB2W3cCtObq-lMa8'}
2026-07-21 07:44:32 - GeoTravelGlobalLogger - INFO     - [logger.py:345] - API Request: POST https://api.stg.gowithgeo.com/api/flight/search-request
2026-07-21 07:44:32 - GeoTravelGlobalLogger - INFO     - [logger.py:345] - API Response: 200
2026-07-21 07:44:32 - GeoTravelGlobalLogger - INFO     - [logger.py:345] - 🔍 _request START - Current self.headers: {'Content-Type': 'application/json', 'Accept': 'application/json', 'X-Client-Type': 'retail', 'Cookie': 'retail_access_token=eyJhbGciOiJIUzI1NiIsInR5cCI6IkpXVCJ9.eyJpZCI6MTUxLCJ1c2VyVHlwZSI6IlJFVEFJTCIsImlhdCI6MTc4NDYxOTg3MiwiZXhwIjoxNzg0NjYzMDcyfQ.sEIfCgennIq4XZgMson5pqYKzGvmB2W3cCtObq-lMa8'}
2026-07-21 07:44:32 - GeoTravelGlobalLogger - INFO     - [logger.py:345] - 🔍 _request - kwargs headers: {}
2026-07-21 07:44:32 - GeoTravelGlobalLogger - INFO     - [logger.py:345] - 🔍 _request FINAL headers being sent: {'Content-Type': 'application/json', 'Accept': 'application/json', 'X-Client-Type': 'retail', 'Cookie': 'retail_access_token=eyJhbGciOiJIUzI1NiIsInR5cCI6IkpXVCJ9.eyJpZCI6MTUxLCJ1c2VyVHlwZSI6IlJFVEFJTCIsImlhdCI6MTc4NDYxOTg3MiwiZXhwIjoxNzg0NjYzMDcyfQ.sEIfCgennIq4XZgMson5pqYKzGvmB2W3cCtObq-lMa8'}
2026-07-21 07:44:32 - GeoTravelGlobalLogger - INFO     - [logger.py:345] - API Request: POST https://api.stg.gowithgeo.com/api/flight/search-request
2026-07-21 07:44:32 - GeoTravelGlobalLogger - INFO     - [logger.py:345] - API Response: 200
2026-07-21 07:44:32 - GeoTravelGlobalLogger - INFO     - [logger.py:345] - 🔍 _request START - Current self.headers: {'Content-Type': 'application/json', 'Accept': 'application/json', 'X-Client-Type': 'retail', 'Cookie': 'retail_access_token=eyJhbGciOiJIUzI1NiIsInR5cCI6IkpXVCJ9.eyJpZCI6MTUxLCJ1c2VyVHlwZSI6IlJFVEFJTCIsImlhdCI6MTc4NDYxOTg3MiwiZXhwIjoxNzg0NjYzMDcyfQ.sEIfCgennIq4XZgMson5pqYKzGvmB2W3cCtObq-lMa8'}
2026-07-21 07:44:32 - GeoTravelGlobalLogger - INFO     - [logger.py:345] - 🔍 _request - kwargs headers: {}
2026-07-21 07:44:32 - GeoTravelGlobalLogger - INFO     - [logger.py:345] - 🔍 _request FINAL headers being sent: {'Content-Type': 'application/json', 'Accept': 'application/json', 'X-Client-Type': 'retail', 'Cookie': 'retail_access_token=eyJhbGciOiJIUzI1NiIsInR5cCI6IkpXVCJ9.eyJpZCI6MTUxLCJ1c2VyVHlwZSI6IlJFVEFJTCIsImlhdCI6MTc4NDYxOTg3MiwiZXhwIjoxNzg0NjYzMDcyfQ.sEIfCgennIq4XZgMson5pqYKzGvmB2W3cCtObq-lMa8'}
2026-07-21 07:44:32 - GeoTravelGlobalLogger - INFO     - [logger.py:345] - API Request: POST https://api.stg.gowithgeo.com/api/flight/search-request
2026-07-21 07:44:32 - GeoTravelGlobalLogger - INFO     - [logger.py:345] - API Response: 200
2026-07-21 07:44:32 - GeoTravelGlobalLogger - INFO     - [logger.py:345] - ✅ Saved test-specific logs: reports/logs/src_tests_api_tests_test_flight_api.py_TestFlightAPI_test_passenger_combinations_074432.log
2026-07-21 07:44:32 - GeoTravelGlobalLogger - INFO     - [logger.py:345] - Test result added: src/tests/api_tests/test_flight_api.py::TestFlightAPI::test_passenger_combinations - PASS (Duration: 0.46s)
2026-07-21 07:44:32 - GeoTravelGlobalLogger - INFO     - [logger.py:345] - Added test result to API SMOKE TEST: src/tests/api_tests/test_flight_api.py::TestFlightAPI::test_passenger_combinations - PASS
2026-07-21 07:44:32 - GeoTravelGlobalLogger - INFO     - [logger.py:345] - Retrieved credentials from environment for: geo.qa.bot@gmail.com
2026-07-21 07:44:32 - GeoTravelGlobalLogger - INFO     - [logger.py:345] - Attempting login with email: geo.qa.bot@gmail.com
2026-07-21 07:44:32 - GeoTravelGlobalLogger - INFO     - [logger.py:345] - 🔍 _request START - Current self.headers: {'Content-Type': 'application/json', 'Accept': 'application/json', 'X-Client-Type': 'retail'}
2026-07-21 07:44:32 - GeoTravelGlobalLogger - INFO     - [logger.py:345] - 🔍 _request - kwargs headers: {}
2026-07-21 07:44:32 - GeoTravelGlobalLogger - INFO     - [logger.py:345] - 🔍 _request FINAL headers being sent: {'Content-Type': 'application/json', 'Accept': 'application/json', 'X-Client-Type': 'retail'}
2026-07-21 07:44:32 - GeoTravelGlobalLogger - INFO     - [logger.py:345] - API Request: POST https://api.stg.gowithgeo.com/api/auth/login
2026-07-21 07:44:33 - GeoTravelGlobalLogger - INFO     - [logger.py:345] - API Response: 200
2026-07-21 07:44:33 - GeoTravelGlobalLogger - INFO     - [logger.py:345] - Token extracted via cookies (length: 167, valid)
2026-07-21 07:44:33 - GeoTravelGlobalLogger - INFO     - [logger.py:345] - ✅ Auth token set from cookies (Cookie header)
2026-07-21 07:44:33 - GeoTravelGlobalLogger - INFO     - [logger.py:345] - SUCCESS: ✅ Login successful - token set via cookies
2026-07-21 07:44:33 - GeoTravelGlobalLogger - INFO     - [logger.py:345] - SUCCESS: ✅ Authenticated successfully (token length: 167)
2026-07-21 07:44:33 - GeoTravelGlobalLogger - INFO     - [logger.py:345] - ✅ Auth token set from cookies (Cookie header)
2026-07-21 07:44:33 - GeoTravelGlobalLogger - INFO     - [logger.py:345] - ✅ Auth token set from cookies (Cookie header)
2026-07-21 07:44:33 - GeoTravelGlobalLogger - INFO     - [logger.py:345] - === Testing Flight Booking Initiation Flow ===
2026-07-21 07:44:33 - GeoTravelGlobalLogger - INFO     - [logger.py:345] - 🔍 _request START - Current self.headers: {'Content-Type': 'application/json', 'Accept': 'application/json', 'X-Client-Type': 'retail', 'Cookie': 'retail_access_token=eyJhbGciOiJIUzI1NiIsInR5cCI6IkpXVCJ9.eyJpZCI6MTUxLCJ1c2VyVHlwZSI6IlJFVEFJTCIsImlhdCI6MTc4NDYxOTg3MiwiZXhwIjoxNzg0NjYzMDcyfQ.sEIfCgennIq4XZgMson5pqYKzGvmB2W3cCtObq-lMa8'}
2026-07-21 07:44:33 - GeoTravelGlobalLogger - INFO     - [logger.py:345] - 🔍 _request - kwargs headers: {}
2026-07-21 07:44:33 - GeoTravelGlobalLogger - INFO     - [logger.py:345] - 🔍 _request FINAL headers being sent: {'Content-Type': 'application/json', 'Accept': 'application/json', 'X-Client-Type': 'retail', 'Cookie': 'retail_access_token=eyJhbGciOiJIUzI1NiIsInR5cCI6IkpXVCJ9.eyJpZCI6MTUxLCJ1c2VyVHlwZSI6IlJFVEFJTCIsImlhdCI6MTc4NDYxOTg3MiwiZXhwIjoxNzg0NjYzMDcyfQ.sEIfCgennIq4XZgMson5pqYKzGvmB2W3cCtObq-lMa8'}
2026-07-21 07:44:33 - GeoTravelGlobalLogger - INFO     - [logger.py:345] - API Request: POST https://api.stg.gowithgeo.com/api/flight/search-request
2026-07-21 07:44:33 - GeoTravelGlobalLogger - INFO     - [logger.py:345] - API Response: 200
2026-07-21 07:44:33 - GeoTravelGlobalLogger - INFO     - [logger.py:345] - 🔍 _request START - Current self.headers: {'Content-Type': 'application/json', 'Accept': 'application/json', 'X-Client-Type': 'retail', 'Cookie': 'retail_access_token=eyJhbGciOiJIUzI1NiIsInR5cCI6IkpXVCJ9.eyJpZCI6MTUxLCJ1c2VyVHlwZSI6IlJFVEFJTCIsImlhdCI6MTc4NDYxOTg3MiwiZXhwIjoxNzg0NjYzMDcyfQ.sEIfCgennIq4XZgMson5pqYKzGvmB2W3cCtObq-lMa8'}
2026-07-21 07:44:33 - GeoTravelGlobalLogger - INFO     - [logger.py:345] - 🔍 _request - kwargs headers: {}
2026-07-21 07:44:33 - GeoTravelGlobalLogger - INFO     - [logger.py:345] - 🔍 _request FINAL headers being sent: {'Content-Type': 'application/json', 'Accept': 'application/json', 'X-Client-Type': 'retail', 'Cookie': 'retail_access_token=eyJhbGciOiJIUzI1NiIsInR5cCI6IkpXVCJ9.eyJpZCI6MTUxLCJ1c2VyVHlwZSI6IlJFVEFJTCIsImlhdCI6MTc4NDYxOTg3MiwiZXhwIjoxNzg0NjYzMDcyfQ.sEIfCgennIq4XZgMson5pqYKzGvmB2W3cCtObq-lMa8'}
2026-07-21 07:44:33 - GeoTravelGlobalLogger - INFO     - [logger.py:345] - API Request: GET https://api.stg.gowithgeo.com/api/flight/search?search_id=a02fadbe-4393-40a5-99d0-ed9d2aa15b09
2026-07-21 07:44:43 - GeoTravelGlobalLogger - INFO     - [logger.py:345] - API Response: 200
2026-07-21 07:44:43 - GeoTravelGlobalLogger - INFO     - [logger.py:345] - 🔍 _request START - Current self.headers: {'Content-Type': 'application/json', 'Accept': 'application/json', 'X-Client-Type': 'retail', 'Cookie': 'retail_access_token=eyJhbGciOiJIUzI1NiIsInR5cCI6IkpXVCJ9.eyJpZCI6MTUxLCJ1c2VyVHlwZSI6IlJFVEFJTCIsImlhdCI6MTc4NDYxOTg3MiwiZXhwIjoxNzg0NjYzMDcyfQ.sEIfCgennIq4XZgMson5pqYKzGvmB2W3cCtObq-lMa8'}
2026-07-21 07:44:43 - GeoTravelGlobalLogger - INFO     - [logger.py:345] - 🔍 _request - kwargs headers: {}
2026-07-21 07:44:43 - GeoTravelGlobalLogger - INFO     - [logger.py:345] - 🔍 _request FINAL headers being sent: {'Content-Type': 'application/json', 'Accept': 'application/json', 'X-Client-Type': 'retail', 'Cookie': 'retail_access_token=eyJhbGciOiJIUzI1NiIsInR5cCI6IkpXVCJ9.eyJpZCI6MTUxLCJ1c2VyVHlwZSI6IlJFVEFJTCIsImlhdCI6MTc4NDYxOTg3MiwiZXhwIjoxNzg0NjYzMDcyfQ.sEIfCgennIq4XZgMson5pqYKzGvmB2W3cCtObq-lMa8'}
2026-07-21 07:44:43 - GeoTravelGlobalLogger - INFO     - [logger.py:345] - API Request: POST https://api.stg.gowithgeo.com/api/flight/initiate-booking
2026-07-21 07:44:43 - GeoTravelGlobalLogger - INFO     - [logger.py:345] - API Response: 400
2026-07-21 07:44:43 - GeoTravelGlobalLogger - INFO     - [logger.py:345] - ✅ Saved test-specific logs: reports/logs/src_tests_api_tests_test_flight_api.py_TestFlightAPI_test_initiate_booking_flow_074443.log
2026-07-21 07:44:43 - GeoTravelGlobalLogger - INFO     - [logger.py:345] - Test result added: src/tests/api_tests/test_flight_api.py::TestFlightAPI::test_initiate_booking_flow - PASS (Duration: 10.78s)
2026-07-21 07:44:43 - GeoTravelGlobalLogger - INFO     - [logger.py:345] - Added test result to API SMOKE TEST: src/tests/api_tests/test_flight_api.py::TestFlightAPI::test_initiate_booking_flow - PASS
2026-07-21 07:44:43 - GeoTravelGlobalLogger - INFO     - [logger.py:345] - Retrieved credentials from environment for: geo.qa.bot@gmail.com
2026-07-21 07:44:43 - GeoTravelGlobalLogger - INFO     - [logger.py:345] - Attempting login with email: geo.qa.bot@gmail.com
2026-07-21 07:44:43 - GeoTravelGlobalLogger - INFO     - [logger.py:345] - 🔍 _request START - Current self.headers: {'Content-Type': 'application/json', 'Accept': 'application/json', 'X-Client-Type': 'retail'}
2026-07-21 07:44:43 - GeoTravelGlobalLogger - INFO     - [logger.py:345] - 🔍 _request - kwargs headers: {}
2026-07-21 07:44:43 - GeoTravelGlobalLogger - INFO     - [logger.py:345] - 🔍 _request FINAL headers being sent: {'Content-Type': 'application/json', 'Accept': 'application/json', 'X-Client-Type': 'retail'}
2026-07-21 07:44:43 - GeoTravelGlobalLogger - INFO     - [logger.py:345] - API Request: POST https://api.stg.gowithgeo.com/api/auth/login
2026-07-21 07:44:44 - GeoTravelGlobalLogger - INFO     - [logger.py:345] - API Response: 200
2026-07-21 07:44:44 - GeoTravelGlobalLogger - INFO     - [logger.py:345] - Token extracted via cookies (length: 167, valid)
2026-07-21 07:44:44 - GeoTravelGlobalLogger - INFO     - [logger.py:345] - ✅ Auth token set from cookies (Cookie header)
2026-07-21 07:44:44 - GeoTravelGlobalLogger - INFO     - [logger.py:345] - SUCCESS: ✅ Login successful - token set via cookies
2026-07-21 07:44:44 - GeoTravelGlobalLogger - INFO     - [logger.py:345] - SUCCESS: ✅ Authenticated successfully (token length: 167)
2026-07-21 07:44:44 - GeoTravelGlobalLogger - INFO     - [logger.py:345] - ✅ Auth token set from cookies (Cookie header)
2026-07-21 07:44:44 - GeoTravelGlobalLogger - INFO     - [logger.py:345] - ✅ Auth token set from cookies (Cookie header)
2026-07-21 07:44:44 - GeoTravelGlobalLogger - INFO     - [logger.py:345] - === Testing Flight Search Error Scenarios ===
2026-07-21 07:44:44 - GeoTravelGlobalLogger - INFO     - [logger.py:345] - 🔍 _request START - Current self.headers: {'Content-Type': 'application/json', 'Accept': 'application/json', 'X-Client-Type': 'retail', 'Cookie': 'retail_access_token=eyJhbGciOiJIUzI1NiIsInR5cCI6IkpXVCJ9.eyJpZCI6MTUxLCJ1c2VyVHlwZSI6IlJFVEFJTCIsImlhdCI6MTc4NDYxOTg4NCwiZXhwIjoxNzg0NjYzMDg0fQ.IzOO5sm-cWp5Ugfc_qp6JmDgjeoe6LN6KBfKmS4bFio'}
2026-07-21 07:44:44 - GeoTravelGlobalLogger - INFO     - [logger.py:345] - 🔍 _request - kwargs headers: {}
2026-07-21 07:44:44 - GeoTravelGlobalLogger - INFO     - [logger.py:345] - 🔍 _request FINAL headers being sent: {'Content-Type': 'application/json', 'Accept': 'application/json', 'X-Client-Type': 'retail', 'Cookie': 'retail_access_token=eyJhbGciOiJIUzI1NiIsInR5cCI6IkpXVCJ9.eyJpZCI6MTUxLCJ1c2VyVHlwZSI6IlJFVEFJTCIsImlhdCI6MTc4NDYxOTg4NCwiZXhwIjoxNzg0NjYzMDg0fQ.IzOO5sm-cWp5Ugfc_qp6JmDgjeoe6LN6KBfKmS4bFio'}
2026-07-21 07:44:44 - GeoTravelGlobalLogger - INFO     - [logger.py:345] - API Request: POST https://api.stg.gowithgeo.com/api/flight/search-request
2026-07-21 07:44:44 - GeoTravelGlobalLogger - INFO     - [logger.py:345] - API Response: 200
2026-07-21 07:44:44 - GeoTravelGlobalLogger - INFO     - [logger.py:345] - 🔍 _request START - Current self.headers: {'Content-Type': 'application/json', 'Accept': 'application/json', 'X-Client-Type': 'retail', 'Cookie': 'retail_access_token=eyJhbGciOiJIUzI1NiIsInR5cCI6IkpXVCJ9.eyJpZCI6MTUxLCJ1c2VyVHlwZSI6IlJFVEFJTCIsImlhdCI6MTc4NDYxOTg4NCwiZXhwIjoxNzg0NjYzMDg0fQ.IzOO5sm-cWp5Ugfc_qp6JmDgjeoe6LN6KBfKmS4bFio'}
2026-07-21 07:44:44 - GeoTravelGlobalLogger - INFO     - [logger.py:345] - 🔍 _request - kwargs headers: {}
2026-07-21 07:44:44 - GeoTravelGlobalLogger - INFO     - [logger.py:345] - 🔍 _request FINAL headers being sent: {'Content-Type': 'application/json', 'Accept': 'application/json', 'X-Client-Type': 'retail', 'Cookie': 'retail_access_token=eyJhbGciOiJIUzI1NiIsInR5cCI6IkpXVCJ9.eyJpZCI6MTUxLCJ1c2VyVHlwZSI6IlJFVEFJTCIsImlhdCI6MTc4NDYxOTg4NCwiZXhwIjoxNzg0NjYzMDg0fQ.IzOO5sm-cWp5Ugfc_qp6JmDgjeoe6LN6KBfKmS4bFio'}
2026-07-21 07:44:44 - GeoTravelGlobalLogger - INFO     - [logger.py:345] - API Request: POST https://api.stg.gowithgeo.com/api/flight/search-request
2026-07-21 07:44:44 - GeoTravelGlobalLogger - INFO     - [logger.py:345] - API Response: 400
2026-07-21 07:44:44 - GeoTravelGlobalLogger - INFO     - [logger.py:345] - 🔍 _request START - Current self.headers: {'Content-Type': 'application/json', 'Accept': 'application/json', 'X-Client-Type': 'retail', 'Cookie': 'retail_access_token=eyJhbGciOiJIUzI1NiIsInR5cCI6IkpXVCJ9.eyJpZCI6MTUxLCJ1c2VyVHlwZSI6IlJFVEFJTCIsImlhdCI6MTc4NDYxOTg4NCwiZXhwIjoxNzg0NjYzMDg0fQ.IzOO5sm-cWp5Ugfc_qp6JmDgjeoe6LN6KBfKmS4bFio'}
2026-07-21 07:44:44 - GeoTravelGlobalLogger - INFO     - [logger.py:345] - 🔍 _request - kwargs headers: {}
2026-07-21 07:44:44 - GeoTravelGlobalLogger - INFO     - [logger.py:345] - 🔍 _request FINAL headers being sent: {'Content-Type': 'application/json', 'Accept': 'application/json', 'X-Client-Type': 'retail', 'Cookie': 'retail_access_token=eyJhbGciOiJIUzI1NiIsInR5cCI6IkpXVCJ9.eyJpZCI6MTUxLCJ1c2VyVHlwZSI6IlJFVEFJTCIsImlhdCI6MTc4NDYxOTg4NCwiZXhwIjoxNzg0NjYzMDg0fQ.IzOO5sm-cWp5Ugfc_qp6JmDgjeoe6LN6KBfKmS4bFio'}
2026-07-21 07:44:44 - GeoTravelGlobalLogger - INFO     - [logger.py:345] - API Request: POST https://api.stg.gowithgeo.com/api/flight/search-request
2026-07-21 07:44:44 - GeoTravelGlobalLogger - INFO     - [logger.py:345] - API Response: 400
2026-07-21 07:44:44 - GeoTravelGlobalLogger - INFO     - [logger.py:345] - ✅ Saved test-specific logs: reports/logs/src_tests_api_tests_test_flight_api.py_TestFlightAPI_test_error_scenarios_074444.log
2026-07-21 07:44:44 - GeoTravelGlobalLogger - INFO     - [logger.py:345] - Test result added: src/tests/api_tests/test_flight_api.py::TestFlightAPI::test_error_scenarios - PASS (Duration: 0.25s)
2026-07-21 07:44:44 - GeoTravelGlobalLogger - INFO     - [logger.py:345] - Added test result to API SMOKE TEST: src/tests/api_tests/test_flight_api.py::TestFlightAPI::test_error_scenarios - PASS
2026-07-21 07:44:44 - GeoTravelGlobalLogger - INFO     - [logger.py:345] - Retrieved credentials from environment for: geo.qa.bot@gmail.com
2026-07-21 07:44:44 - GeoTravelGlobalLogger - INFO     - [logger.py:345] - Attempting login with email: geo.qa.bot@gmail.com
2026-07-21 07:44:44 - GeoTravelGlobalLogger - INFO     - [logger.py:345] - 🔍 _request START - Current self.headers: {'Content-Type': 'application/json', 'Accept': 'application/json', 'X-Client-Type': 'retail'}
2026-07-21 07:44:44 - GeoTravelGlobalLogger - INFO     - [logger.py:345] - 🔍 _request - kwargs headers: {}
2026-07-21 07:44:44 - GeoTravelGlobalLogger - INFO     - [logger.py:345] - 🔍 _request FINAL headers being sent: {'Content-Type': 'application/json', 'Accept': 'application/json', 'X-Client-Type': 'retail'}
2026-07-21 07:44:44 - GeoTravelGlobalLogger - INFO     - [logger.py:345] - API Request: POST https://api.stg.gowithgeo.com/api/auth/login
2026-07-21 07:44:44 - GeoTravelGlobalLogger - INFO     - [logger.py:345] - API Response: 200
2026-07-21 07:44:44 - GeoTravelGlobalLogger - INFO     - [logger.py:345] - Token extracted via cookies (length: 167, valid)
2026-07-21 07:44:44 - GeoTravelGlobalLogger - INFO     - [logger.py:345] - ✅ Auth token set from cookies (Cookie header)
2026-07-21 07:44:44 - GeoTravelGlobalLogger - INFO     - [logger.py:345] - SUCCESS: ✅ Login successful - token set via cookies
2026-07-21 07:44:44 - GeoTravelGlobalLogger - INFO     - [logger.py:345] - SUCCESS: ✅ Authenticated successfully (token length: 167)
2026-07-21 07:44:44 - GeoTravelGlobalLogger - INFO     - [logger.py:345] - === Testing Get Google Reviews ===
2026-07-21 07:44:44 - GeoTravelGlobalLogger - INFO     - [logger.py:345] - ✅ Auth token set from cookies (Cookie header)
2026-07-21 07:44:44 - GeoTravelGlobalLogger - INFO     - [logger.py:345] - 🔍 _request START - Current self.headers: {'Content-Type': 'application/json', 'Accept': 'application/json', 'X-Client-Type': 'retail', 'Cookie': 'retail_access_token=eyJhbGciOiJIUzI1NiIsInR5cCI6IkpXVCJ9.eyJpZCI6MTUxLCJ1c2VyVHlwZSI6IlJFVEFJTCIsImlhdCI6MTc4NDYxOTg4NCwiZXhwIjoxNzg0NjYzMDg0fQ.IzOO5sm-cWp5Ugfc_qp6JmDgjeoe6LN6KBfKmS4bFio'}
2026-07-21 07:44:44 - GeoTravelGlobalLogger - INFO     - [logger.py:345] - 🔍 _request - kwargs headers: {}
2026-07-21 07:44:44 - GeoTravelGlobalLogger - INFO     - [logger.py:345] - 🔍 _request FINAL headers being sent: {'Content-Type': 'application/json', 'Accept': 'application/json', 'X-Client-Type': 'retail', 'Cookie': 'retail_access_token=eyJhbGciOiJIUzI1NiIsInR5cCI6IkpXVCJ9.eyJpZCI6MTUxLCJ1c2VyVHlwZSI6IlJFVEFJTCIsImlhdCI6MTc4NDYxOTg4NCwiZXhwIjoxNzg0NjYzMDg0fQ.IzOO5sm-cWp5Ugfc_qp6JmDgjeoe6LN6KBfKmS4bFio'}
2026-07-21 07:44:44 - GeoTravelGlobalLogger - INFO     - [logger.py:345] - API Request: GET https://api.stg.gowithgeo.com/api/google/reviews
2026-07-21 07:44:44 - GeoTravelGlobalLogger - INFO     - [logger.py:345] - API Response: 200
2026-07-21 07:44:44 - GeoTravelGlobalLogger - INFO     - [logger.py:345] - Google Reviews response status: 200
2026-07-21 07:44:44 - GeoTravelGlobalLogger - INFO     - [logger.py:345] - Google Reviews response content: {"status":"success","message":"Reviews retrieved successfully","data":{"reviews":[{"author":"John","profilePhoto":"https://lh3.googleusercontent.com/a/ACg8ocLJMs_qJ3ixtKc8O-Nepjj_eFaaHOYWaLpBglkVy600jzQS_pIP=s128-c0x00000000-cc-rp-mo","rating":5,"review":"I had a wonderful experience with Geo Travel and Tour. Their customer service was excellent from start to finish, friendly, professional, and always ready to answer my questions. The booking process was smooth and hassle-free, and they offered clear, detailed information about the itinerary and costs.\n\nThe trip itself was well-organized, with everything running according to schedule. Transportation was comfortable, accommodations were clean and convenient, and the activities were thoughtfully planned to ensure a rich and enjoyable experience. I particularly appreciated their attention to detail and willingness to accommodate special requests.\n\nOverall, Geo Travel and Tour exceeded my expectations. They made the entire travel experience stress-free and enjoyable. I would gladly recommend them to anyone looking for reliable, efficient, and friendly travel services.","published":"11 months ago","link":"https://www.google.com/maps/contrib/108674861549503378620/reviews"},{"author":"Isaac Ewedemi","profilePhoto":"https://lh3.googleusercontent.com/a-/ALV-UjXEAJR4ZW_Tuk2FwiuMH9hYf0lUQzJdp9FI1DERzC5LmlrlK7IO=s128-c0x00000000-cc-rp-mo","rating":5,"review":"I had a lovely experience at Maldives, Geo travels made the experience seamless as they handled all the bookings and tickets\n\nThe sea view from our hotel room was the first thing that captured our hearts.\n\nThe parasailing was our best moment, it was so much fun and I also loved that the staff had a drone shot of us in the air.\n\nI'll definitely recommend anyone to book an experience with them anytime any day.","published":"2 years ago","link":"https://www.google.com/maps/contrib/112347143306444757239/reviews"},{"author":"George Godslove","profilePhoto":"https://lh3.googleusercontent.com/a/ACg8ocJQLzqYWIQC7-rVGxLmvipUROlWuYjXhFdom0Ih10ww3VmI_a8=s128-c0x00000000-cc-rp-mo","rating":5,"review":"Trust is not built in a day, it feels relaxing to know someone else got your back on any travel wahala.","published":"a year ago","link":"https://www.google.com/maps/contrib/113311872348461471249/reviews"},{"author":"Olabisi Ayodeji Adefila","profilePhoto":"https://lh3.googleusercontent.com/a-/ALV-UjV5Rhq-HYFUBZ4J1_1H7uQOj4M4P0H9O4UCDsxz4KuxkUtr3I5T=s128-c0x00000000-cc-rp-mo-ba4","rating":4,"review":"They handle everything you need when it comes to travel and tours. Their visa processing is very smooth as well.","published":"6 years ago","link":"https://www.google.com/maps/contrib/114364097036730277964/reviews"},{"author":"Diana Obike","profilePhoto":"https://lh3.googleusercontent.com/a-/ALV-UjUlO4Jz6bcvnlvZ5TxYALlZlNbla8eZh1RakK9G48lh5vE78cLcUA=s128-c0x00000000-cc-rp-mo","rating":4,"review":"It was a warm experience and lovely customer service 😘.","published":"5 years ago","link":"https://www.google.com/maps/contrib/108558091826856349380/reviews"}]}}
2026-07-21 07:44:44 - GeoTravelGlobalLogger - INFO     - [logger.py:345] - SUCCESS: ✅ Google reviews fetched successfully
2026-07-21 07:44:44 - GeoTravelGlobalLogger - INFO     - [logger.py:345] - ✅ Saved test-specific logs: reports/logs/src_tests_api_tests_test_misc_api.py_TestMiscAPIs_test_get_google_reviews_074444.log
2026-07-21 07:44:44 - GeoTravelGlobalLogger - INFO     - [logger.py:345] - Test result added: src/tests/api_tests/test_misc_api.py::TestMiscAPIs::test_get_google_reviews - PASS (Duration: 0.13s)
2026-07-21 07:44:44 - GeoTravelGlobalLogger - INFO     - [logger.py:345] - Added test result to API SMOKE TEST: src/tests/api_tests/test_misc_api.py::TestMiscAPIs::test_get_google_reviews - PASS
2026-07-21 07:44:44 - GeoTravelGlobalLogger - INFO     - [logger.py:345] - Retrieved credentials from environment for: geo.qa.bot@gmail.com
2026-07-21 07:44:44 - GeoTravelGlobalLogger - INFO     - [logger.py:345] - Attempting login with email: geo.qa.bot@gmail.com
2026-07-21 07:44:44 - GeoTravelGlobalLogger - INFO     - [logger.py:345] - 🔍 _request START - Current self.headers: {'Content-Type': 'application/json', 'Accept': 'application/json', 'X-Client-Type': 'retail'}
2026-07-21 07:44:44 - GeoTravelGlobalLogger - INFO     - [logger.py:345] - 🔍 _request - kwargs headers: {}
2026-07-21 07:44:44 - GeoTravelGlobalLogger - INFO     - [logger.py:345] - 🔍 _request FINAL headers being sent: {'Content-Type': 'application/json', 'Accept': 'application/json', 'X-Client-Type': 'retail'}
2026-07-21 07:44:44 - GeoTravelGlobalLogger - INFO     - [logger.py:345] - API Request: POST https://api.stg.gowithgeo.com/api/auth/login
2026-07-21 07:44:45 - GeoTravelGlobalLogger - INFO     - [logger.py:345] - API Response: 200
2026-07-21 07:44:45 - GeoTravelGlobalLogger - INFO     - [logger.py:345] - Token extracted via cookies (length: 167, valid)
2026-07-21 07:44:45 - GeoTravelGlobalLogger - INFO     - [logger.py:345] - ✅ Auth token set from cookies (Cookie header)
2026-07-21 07:44:45 - GeoTravelGlobalLogger - INFO     - [logger.py:345] - SUCCESS: ✅ Login successful - token set via cookies
2026-07-21 07:44:45 - GeoTravelGlobalLogger - INFO     - [logger.py:345] - SUCCESS: ✅ Authenticated successfully (token length: 167)
2026-07-21 07:44:45 - GeoTravelGlobalLogger - INFO     - [logger.py:345] - === Testing Get Commercial Deals ===
2026-07-21 07:44:45 - GeoTravelGlobalLogger - INFO     - [logger.py:345] - ✅ Auth token set from cookies (Cookie header)
2026-07-21 07:44:45 - GeoTravelGlobalLogger - INFO     - [logger.py:345] - 🔍 _request START - Current self.headers: {'Content-Type': 'application/json', 'Accept': 'application/json', 'X-Client-Type': 'retail', 'Cookie': 'retail_access_token=eyJhbGciOiJIUzI1NiIsInR5cCI6IkpXVCJ9.eyJpZCI6MTUxLCJ1c2VyVHlwZSI6IlJFVEFJTCIsImlhdCI6MTc4NDYxOTg4NSwiZXhwIjoxNzg0NjYzMDg1fQ.wisyRQE6ZPQmgiht3tRNGe11tfvdZ5el-BYIW9HSCvQ'}
2026-07-21 07:44:45 - GeoTravelGlobalLogger - INFO     - [logger.py:345] - 🔍 _request - kwargs headers: {}
2026-07-21 07:44:45 - GeoTravelGlobalLogger - INFO     - [logger.py:345] - 🔍 _request FINAL headers being sent: {'Content-Type': 'application/json', 'Accept': 'application/json', 'X-Client-Type': 'retail', 'Cookie': 'retail_access_token=eyJhbGciOiJIUzI1NiIsInR5cCI6IkpXVCJ9.eyJpZCI6MTUxLCJ1c2VyVHlwZSI6IlJFVEFJTCIsImlhdCI6MTc4NDYxOTg4NSwiZXhwIjoxNzg0NjYzMDg1fQ.wisyRQE6ZPQmgiht3tRNGe11tfvdZ5el-BYIW9HSCvQ'}
2026-07-21 07:44:45 - GeoTravelGlobalLogger - INFO     - [logger.py:345] - API Request: GET https://api.stg.gowithgeo.com/api/commercial/all
2026-07-21 07:44:45 - GeoTravelGlobalLogger - INFO     - [logger.py:345] - API Response: 200
2026-07-21 07:44:45 - GeoTravelGlobalLogger - INFO     - [logger.py:345] - Commercial Deals: 200
2026-07-21 07:44:45 - GeoTravelGlobalLogger - INFO     - [logger.py:345] - ✅ Saved test-specific logs: reports/logs/src_tests_api_tests_test_misc_api.py_TestMiscAPIs_test_get_commercial_deals_074445.log
2026-07-21 07:44:45 - GeoTravelGlobalLogger - INFO     - [logger.py:345] - Test result added: src/tests/api_tests/test_misc_api.py::TestMiscAPIs::test_get_commercial_deals - PASS (Duration: 0.27s)
2026-07-21 07:44:45 - GeoTravelGlobalLogger - INFO     - [logger.py:345] - Added test result to API SMOKE TEST: src/tests/api_tests/test_misc_api.py::TestMiscAPIs::test_get_commercial_deals - PASS
2026-07-21 07:44:45 - GeoTravelGlobalLogger - INFO     - [logger.py:345] - Retrieved credentials from environment for: geo.qa.bot@gmail.com
2026-07-21 07:44:45 - GeoTravelGlobalLogger - INFO     - [logger.py:345] - Attempting login with email: geo.qa.bot@gmail.com
2026-07-21 07:44:45 - GeoTravelGlobalLogger - INFO     - [logger.py:345] - 🔍 _request START - Current self.headers: {'Content-Type': 'application/json', 'Accept': 'application/json', 'X-Client-Type': 'retail'}
2026-07-21 07:44:45 - GeoTravelGlobalLogger - INFO     - [logger.py:345] - 🔍 _request - kwargs headers: {}
2026-07-21 07:44:45 - GeoTravelGlobalLogger - INFO     - [logger.py:345] - 🔍 _request FINAL headers being sent: {'Content-Type': 'application/json', 'Accept': 'application/json', 'X-Client-Type': 'retail'}
2026-07-21 07:44:45 - GeoTravelGlobalLogger - INFO     - [logger.py:345] - API Request: POST https://api.stg.gowithgeo.com/api/auth/login
2026-07-21 07:44:45 - GeoTravelGlobalLogger - INFO     - [logger.py:345] - API Response: 200
2026-07-21 07:44:45 - GeoTravelGlobalLogger - INFO     - [logger.py:345] - Token extracted via cookies (length: 167, valid)
2026-07-21 07:44:45 - GeoTravelGlobalLogger - INFO     - [logger.py:345] - ✅ Auth token set from cookies (Cookie header)
2026-07-21 07:44:45 - GeoTravelGlobalLogger - INFO     - [logger.py:345] - SUCCESS: ✅ Login successful - token set via cookies
2026-07-21 07:44:45 - GeoTravelGlobalLogger - INFO     - [logger.py:345] - SUCCESS: ✅ Authenticated successfully (token length: 167)
2026-07-21 07:44:45 - GeoTravelGlobalLogger - INFO     - [logger.py:345] - === Testing Get Single Commercial Deal ===
2026-07-21 07:44:45 - GeoTravelGlobalLogger - INFO     - [logger.py:345] - ✅ Auth token set from cookies (Cookie header)
2026-07-21 07:44:45 - GeoTravelGlobalLogger - INFO     - [logger.py:345] - 🔍 _request START - Current self.headers: {'Content-Type': 'application/json', 'Accept': 'application/json', 'X-Client-Type': 'retail', 'Cookie': 'retail_access_token=eyJhbGciOiJIUzI1NiIsInR5cCI6IkpXVCJ9.eyJpZCI6MTUxLCJ1c2VyVHlwZSI6IlJFVEFJTCIsImlhdCI6MTc4NDYxOTg4NSwiZXhwIjoxNzg0NjYzMDg1fQ.wisyRQE6ZPQmgiht3tRNGe11tfvdZ5el-BYIW9HSCvQ'}
2026-07-21 07:44:45 - GeoTravelGlobalLogger - INFO     - [logger.py:345] - 🔍 _request - kwargs headers: {}
2026-07-21 07:44:45 - GeoTravelGlobalLogger - INFO     - [logger.py:345] - 🔍 _request FINAL headers being sent: {'Content-Type': 'application/json', 'Accept': 'application/json', 'X-Client-Type': 'retail', 'Cookie': 'retail_access_token=eyJhbGciOiJIUzI1NiIsInR5cCI6IkpXVCJ9.eyJpZCI6MTUxLCJ1c2VyVHlwZSI6IlJFVEFJTCIsImlhdCI6MTc4NDYxOTg4NSwiZXhwIjoxNzg0NjYzMDg1fQ.wisyRQE6ZPQmgiht3tRNGe11tfvdZ5el-BYIW9HSCvQ'}
2026-07-21 07:44:45 - GeoTravelGlobalLogger - INFO     - [logger.py:345] - API Request: GET https://api.stg.gowithgeo.com/api/commercial/all
2026-07-21 07:44:46 - GeoTravelGlobalLogger - INFO     - [logger.py:345] - API Response: 200
2026-07-21 07:44:46 - GeoTravelGlobalLogger - INFO     - [logger.py:345] - 🔍 _request START - Current self.headers: {'Content-Type': 'application/json', 'Accept': 'application/json', 'X-Client-Type': 'retail', 'Cookie': 'retail_access_token=eyJhbGciOiJIUzI1NiIsInR5cCI6IkpXVCJ9.eyJpZCI6MTUxLCJ1c2VyVHlwZSI6IlJFVEFJTCIsImlhdCI6MTc4NDYxOTg4NSwiZXhwIjoxNzg0NjYzMDg1fQ.wisyRQE6ZPQmgiht3tRNGe11tfvdZ5el-BYIW9HSCvQ'}
2026-07-21 07:44:46 - GeoTravelGlobalLogger - INFO     - [logger.py:345] - 🔍 _request - kwargs headers: {}
2026-07-21 07:44:46 - GeoTravelGlobalLogger - INFO     - [logger.py:345] - 🔍 _request FINAL headers being sent: {'Content-Type': 'application/json', 'Accept': 'application/json', 'X-Client-Type': 'retail', 'Cookie': 'retail_access_token=eyJhbGciOiJIUzI1NiIsInR5cCI6IkpXVCJ9.eyJpZCI6MTUxLCJ1c2VyVHlwZSI6IlJFVEFJTCIsImlhdCI6MTc4NDYxOTg4NSwiZXhwIjoxNzg0NjYzMDg1fQ.wisyRQE6ZPQmgiht3tRNGe11tfvdZ5el-BYIW9HSCvQ'}
2026-07-21 07:44:46 - GeoTravelGlobalLogger - INFO     - [logger.py:345] - API Request: GET https://api.stg.gowithgeo.com/api/commercial/5
2026-07-21 07:44:46 - GeoTravelGlobalLogger - INFO     - [logger.py:345] - API Response: 200
2026-07-21 07:44:46 - GeoTravelGlobalLogger - INFO     - [logger.py:345] - Single Commercial Deal: 200
2026-07-21 07:44:46 - GeoTravelGlobalLogger - INFO     - [logger.py:345] - ✅ Saved test-specific logs: reports/logs/src_tests_api_tests_test_misc_api.py_TestMiscAPIs_test_get_single_commercial_deal_074446.log
2026-07-21 07:44:46 - GeoTravelGlobalLogger - INFO     - [logger.py:345] - Test result added: src/tests/api_tests/test_misc_api.py::TestMiscAPIs::test_get_single_commercial_deal - PASS (Duration: 0.32s)
2026-07-21 07:44:46 - GeoTravelGlobalLogger - INFO     - [logger.py:345] - Added test result to API SMOKE TEST: src/tests/api_tests/test_misc_api.py::TestMiscAPIs::test_get_single_commercial_deal - PASS
2026-07-21 07:44:46 - GeoTravelGlobalLogger - INFO     - [logger.py:345] - Retrieved credentials from environment for: geo.qa.bot@gmail.com
2026-07-21 07:44:46 - GeoTravelGlobalLogger - INFO     - [logger.py:345] - Attempting login with email: geo.qa.bot@gmail.com
2026-07-21 07:44:46 - GeoTravelGlobalLogger - INFO     - [logger.py:345] - 🔍 _request START - Current self.headers: {'Content-Type': 'application/json', 'Accept': 'application/json', 'X-Client-Type': 'retail'}
2026-07-21 07:44:46 - GeoTravelGlobalLogger - INFO     - [logger.py:345] - 🔍 _request - kwargs headers: {}
2026-07-21 07:44:46 - GeoTravelGlobalLogger - INFO     - [logger.py:345] - 🔍 _request FINAL headers being sent: {'Content-Type': 'application/json', 'Accept': 'application/json', 'X-Client-Type': 'retail'}
2026-07-21 07:44:46 - GeoTravelGlobalLogger - INFO     - [logger.py:345] - API Request: POST https://api.stg.gowithgeo.com/api/auth/login
2026-07-21 07:44:46 - GeoTravelGlobalLogger - INFO     - [logger.py:345] - API Response: 200
2026-07-21 07:44:46 - GeoTravelGlobalLogger - INFO     - [logger.py:345] - Token extracted via cookies (length: 167, valid)
2026-07-21 07:44:46 - GeoTravelGlobalLogger - INFO     - [logger.py:345] - ✅ Auth token set from cookies (Cookie header)
2026-07-21 07:44:46 - GeoTravelGlobalLogger - INFO     - [logger.py:345] - SUCCESS: ✅ Login successful - token set via cookies
2026-07-21 07:44:46 - GeoTravelGlobalLogger - INFO     - [logger.py:345] - SUCCESS: ✅ Authenticated successfully (token length: 167)
2026-07-21 07:44:46 - GeoTravelGlobalLogger - INFO     - [logger.py:345] - === Testing Get All Events ===
2026-07-21 07:44:46 - GeoTravelGlobalLogger - INFO     - [logger.py:345] - ✅ Auth token set from cookies (Cookie header)
2026-07-21 07:44:46 - GeoTravelGlobalLogger - INFO     - [logger.py:345] - 🔍 _request START - Current self.headers: {'Content-Type': 'application/json', 'Accept': 'application/json', 'X-Client-Type': 'retail', 'Cookie': 'retail_access_token=eyJhbGciOiJIUzI1NiIsInR5cCI6IkpXVCJ9.eyJpZCI6MTUxLCJ1c2VyVHlwZSI6IlJFVEFJTCIsImlhdCI6MTc4NDYxOTg4NiwiZXhwIjoxNzg0NjYzMDg2fQ.uTsKuDHrcWp5tbF_IwcM0Qz6aVa1UqUGSUnB10SBJ8w'}
2026-07-21 07:44:46 - GeoTravelGlobalLogger - INFO     - [logger.py:345] - 🔍 _request - kwargs headers: {}
2026-07-21 07:44:46 - GeoTravelGlobalLogger - INFO     - [logger.py:345] - 🔍 _request FINAL headers being sent: {'Content-Type': 'application/json', 'Accept': 'application/json', 'X-Client-Type': 'retail', 'Cookie': 'retail_access_token=eyJhbGciOiJIUzI1NiIsInR5cCI6IkpXVCJ9.eyJpZCI6MTUxLCJ1c2VyVHlwZSI6IlJFVEFJTCIsImlhdCI6MTc4NDYxOTg4NiwiZXhwIjoxNzg0NjYzMDg2fQ.uTsKuDHrcWp5tbF_IwcM0Qz6aVa1UqUGSUnB10SBJ8w'}
2026-07-21 07:44:46 - GeoTravelGlobalLogger - INFO     - [logger.py:345] - API Request: GET https://api.stg.gowithgeo.com/api/event/all
2026-07-21 07:44:46 - GeoTravelGlobalLogger - INFO     - [logger.py:345] - API Response: 200
2026-07-21 07:44:46 - GeoTravelGlobalLogger - INFO     - [logger.py:345] - All Events: 200
2026-07-21 07:44:46 - GeoTravelGlobalLogger - INFO     - [logger.py:345] - ✅ Saved test-specific logs: reports/logs/src_tests_api_tests_test_misc_api.py_TestMiscAPIs_test_get_all_events_074446.log
2026-07-21 07:44:46 - GeoTravelGlobalLogger - INFO     - [logger.py:345] - Test result added: src/tests/api_tests/test_misc_api.py::TestMiscAPIs::test_get_all_events - PASS (Duration: 0.29s)
2026-07-21 07:44:46 - GeoTravelGlobalLogger - INFO     - [logger.py:345] - Added test result to API SMOKE TEST: src/tests/api_tests/test_misc_api.py::TestMiscAPIs::test_get_all_events - PASS
2026-07-21 07:44:46 - GeoTravelGlobalLogger - INFO     - [logger.py:345] - Retrieved credentials from environment for: geo.qa.bot@gmail.com
2026-07-21 07:44:46 - GeoTravelGlobalLogger - INFO     - [logger.py:345] - Attempting login with email: geo.qa.bot@gmail.com
2026-07-21 07:44:46 - GeoTravelGlobalLogger - INFO     - [logger.py:345] - 🔍 _request START - Current self.headers: {'Content-Type': 'application/json', 'Accept': 'application/json', 'X-Client-Type': 'retail'}
2026-07-21 07:44:46 - GeoTravelGlobalLogger - INFO     - [logger.py:345] - 🔍 _request - kwargs headers: {}
2026-07-21 07:44:46 - GeoTravelGlobalLogger - INFO     - [logger.py:345] - 🔍 _request FINAL headers being sent: {'Content-Type': 'application/json', 'Accept': 'application/json', 'X-Client-Type': 'retail'}
2026-07-21 07:44:46 - GeoTravelGlobalLogger - INFO     - [logger.py:345] - API Request: POST https://api.stg.gowithgeo.com/api/auth/login
2026-07-21 07:44:47 - GeoTravelGlobalLogger - INFO     - [logger.py:345] - API Response: 200
2026-07-21 07:44:47 - GeoTravelGlobalLogger - INFO     - [logger.py:345] - Token extracted via cookies (length: 167, valid)
2026-07-21 07:44:47 - GeoTravelGlobalLogger - INFO     - [logger.py:345] - ✅ Auth token set from cookies (Cookie header)
2026-07-21 07:44:47 - GeoTravelGlobalLogger - INFO     - [logger.py:345] - SUCCESS: ✅ Login successful - token set via cookies
2026-07-21 07:44:47 - GeoTravelGlobalLogger - INFO     - [logger.py:345] - SUCCESS: ✅ Authenticated successfully (token length: 167)
2026-07-21 07:44:47 - GeoTravelGlobalLogger - INFO     - [logger.py:345] - === Testing Get Airports ===
2026-07-21 07:44:47 - GeoTravelGlobalLogger - INFO     - [logger.py:345] - ✅ Auth token set from cookies (Cookie header)
2026-07-21 07:44:47 - GeoTravelGlobalLogger - INFO     - [logger.py:345] - ✅ Saved test-specific logs: reports/logs/src_tests_api_tests_test_misc_api.py_TestMiscAPIs_test_get_airports_074447.log
2026-07-21 07:44:47 - GeoTravelGlobalLogger - INFO     - [logger.py:345] - Test result added: src/tests/api_tests/test_misc_api.py::TestMiscAPIs::test_get_airports - PASS (Duration: 0.00s)
2026-07-21 07:44:47 - GeoTravelGlobalLogger - INFO     - [logger.py:345] - Added test result to API SMOKE TEST: src/tests/api_tests/test_misc_api.py::TestMiscAPIs::test_get_airports - PASS
2026-07-21 07:44:47 - GeoTravelGlobalLogger - INFO     - [logger.py:345] - Retrieved credentials from environment for: geo.qa.bot@gmail.com
2026-07-21 07:44:47 - GeoTravelGlobalLogger - INFO     - [logger.py:345] - Attempting login with email: geo.qa.bot@gmail.com
2026-07-21 07:44:47 - GeoTravelGlobalLogger - INFO     - [logger.py:345] - 🔍 _request START - Current self.headers: {'Content-Type': 'application/json', 'Accept': 'application/json', 'X-Client-Type': 'retail'}
2026-07-21 07:44:47 - GeoTravelGlobalLogger - INFO     - [logger.py:345] - 🔍 _request - kwargs headers: {}
2026-07-21 07:44:47 - GeoTravelGlobalLogger - INFO     - [logger.py:345] - 🔍 _request FINAL headers being sent: {'Content-Type': 'application/json', 'Accept': 'application/json', 'X-Client-Type': 'retail'}
2026-07-21 07:44:47 - GeoTravelGlobalLogger - INFO     - [logger.py:345] - API Request: POST https://api.stg.gowithgeo.com/api/auth/login
2026-07-21 07:44:47 - GeoTravelGlobalLogger - INFO     - [logger.py:345] - API Response: 200
2026-07-21 07:44:47 - GeoTravelGlobalLogger - INFO     - [logger.py:345] - Token extracted via cookies (length: 167, valid)
2026-07-21 07:44:47 - GeoTravelGlobalLogger - INFO     - [logger.py:345] - ✅ Auth token set from cookies (Cookie header)
2026-07-21 07:44:47 - GeoTravelGlobalLogger - INFO     - [logger.py:345] - SUCCESS: ✅ Login successful - token set via cookies
2026-07-21 07:44:47 - GeoTravelGlobalLogger - INFO     - [logger.py:345] - SUCCESS: ✅ Authenticated successfully (token length: 167)
2026-07-21 07:44:47 - GeoTravelGlobalLogger - INFO     - [logger.py:345] - === Testing Get All Blogs ===
2026-07-21 07:44:47 - GeoTravelGlobalLogger - INFO     - [logger.py:345] - ✅ Auth token set from cookies (Cookie header)
2026-07-21 07:44:47 - GeoTravelGlobalLogger - INFO     - [logger.py:345] - 🔍 _request START - Current self.headers: {'Content-Type': 'application/json', 'Accept': 'application/json', 'X-Client-Type': 'retail', 'Cookie': 'retail_access_token=eyJhbGciOiJIUzI1NiIsInR5cCI6IkpXVCJ9.eyJpZCI6MTUxLCJ1c2VyVHlwZSI6IlJFVEFJTCIsImlhdCI6MTc4NDYxOTg4NywiZXhwIjoxNzg0NjYzMDg3fQ.9QwrEMTSMPj8G0MA0yiYU8TMECP51JLUB6HngERba2M'}
2026-07-21 07:44:47 - GeoTravelGlobalLogger - INFO     - [logger.py:345] - 🔍 _request - kwargs headers: {}
2026-07-21 07:44:47 - GeoTravelGlobalLogger - INFO     - [logger.py:345] - 🔍 _request FINAL headers being sent: {'Content-Type': 'application/json', 'Accept': 'application/json', 'X-Client-Type': 'retail', 'Cookie': 'retail_access_token=eyJhbGciOiJIUzI1NiIsInR5cCI6IkpXVCJ9.eyJpZCI6MTUxLCJ1c2VyVHlwZSI6IlJFVEFJTCIsImlhdCI6MTc4NDYxOTg4NywiZXhwIjoxNzg0NjYzMDg3fQ.9QwrEMTSMPj8G0MA0yiYU8TMECP51JLUB6HngERba2M'}
2026-07-21 07:44:47 - GeoTravelGlobalLogger - INFO     - [logger.py:345] - API Request: GET https://api.stg.gowithgeo.com/api/blog/all
2026-07-21 07:44:47 - GeoTravelGlobalLogger - INFO     - [logger.py:345] - API Response: 200
2026-07-21 07:44:47 - GeoTravelGlobalLogger - INFO     - [logger.py:345] - All Blogs: 200
2026-07-21 07:44:47 - GeoTravelGlobalLogger - INFO     - [logger.py:345] - ✅ Saved test-specific logs: reports/logs/src_tests_api_tests_test_misc_api.py_TestMiscAPIs_test_get_all_blogs_074447.log
2026-07-21 07:44:47 - GeoTravelGlobalLogger - INFO     - [logger.py:345] - Test result added: src/tests/api_tests/test_misc_api.py::TestMiscAPIs::test_get_all_blogs - PASS (Duration: 0.30s)
2026-07-21 07:44:47 - GeoTravelGlobalLogger - INFO     - [logger.py:345] - Added test result to API SMOKE TEST: src/tests/api_tests/test_misc_api.py::TestMiscAPIs::test_get_all_blogs - PASS
2026-07-21 07:44:47 - GeoTravelGlobalLogger - INFO     - [logger.py:345] - Retrieved credentials from environment for: geo.qa.bot@gmail.com
2026-07-21 07:44:47 - GeoTravelGlobalLogger - INFO     - [logger.py:345] - Attempting login with email: geo.qa.bot@gmail.com
2026-07-21 07:44:47 - GeoTravelGlobalLogger - INFO     - [logger.py:345] - 🔍 _request START - Current self.headers: {'Content-Type': 'application/json', 'Accept': 'application/json', 'X-Client-Type': 'retail'}
2026-07-21 07:44:47 - GeoTravelGlobalLogger - INFO     - [logger.py:345] - 🔍 _request - kwargs headers: {}
2026-07-21 07:44:47 - GeoTravelGlobalLogger - INFO     - [logger.py:345] - 🔍 _request FINAL headers being sent: {'Content-Type': 'application/json', 'Accept': 'application/json', 'X-Client-Type': 'retail'}
2026-07-21 07:44:47 - GeoTravelGlobalLogger - INFO     - [logger.py:345] - API Request: POST https://api.stg.gowithgeo.com/api/auth/login
2026-07-21 07:44:48 - GeoTravelGlobalLogger - INFO     - [logger.py:345] - API Response: 200
2026-07-21 07:44:48 - GeoTravelGlobalLogger - INFO     - [logger.py:345] - Token extracted via cookies (length: 167, valid)
2026-07-21 07:44:48 - GeoTravelGlobalLogger - INFO     - [logger.py:345] - ✅ Auth token set from cookies (Cookie header)
2026-07-21 07:44:48 - GeoTravelGlobalLogger - INFO     - [logger.py:345] - SUCCESS: ✅ Login successful - token set via cookies
2026-07-21 07:44:48 - GeoTravelGlobalLogger - INFO     - [logger.py:345] - SUCCESS: ✅ Authenticated successfully (token length: 167)
2026-07-21 07:44:48 - GeoTravelGlobalLogger - INFO     - [logger.py:345] - === Testing Get Single Blog ===
2026-07-21 07:44:48 - GeoTravelGlobalLogger - INFO     - [logger.py:345] - ✅ Auth token set from cookies (Cookie header)
2026-07-21 07:44:48 - GeoTravelGlobalLogger - INFO     - [logger.py:345] - 🔍 _request START - Current self.headers: {'Content-Type': 'application/json', 'Accept': 'application/json', 'X-Client-Type': 'retail', 'Cookie': 'retail_access_token=eyJhbGciOiJIUzI1NiIsInR5cCI6IkpXVCJ9.eyJpZCI6MTUxLCJ1c2VyVHlwZSI6IlJFVEFJTCIsImlhdCI6MTc4NDYxOTg4OCwiZXhwIjoxNzg0NjYzMDg4fQ.wAn_Qp0k5r8uYPmrw3H0HhcCipvtenoLGAHhZe_RPdE'}
2026-07-21 07:44:48 - GeoTravelGlobalLogger - INFO     - [logger.py:345] - 🔍 _request - kwargs headers: {}
2026-07-21 07:44:48 - GeoTravelGlobalLogger - INFO     - [logger.py:345] - 🔍 _request FINAL headers being sent: {'Content-Type': 'application/json', 'Accept': 'application/json', 'X-Client-Type': 'retail', 'Cookie': 'retail_access_token=eyJhbGciOiJIUzI1NiIsInR5cCI6IkpXVCJ9.eyJpZCI6MTUxLCJ1c2VyVHlwZSI6IlJFVEFJTCIsImlhdCI6MTc4NDYxOTg4OCwiZXhwIjoxNzg0NjYzMDg4fQ.wAn_Qp0k5r8uYPmrw3H0HhcCipvtenoLGAHhZe_RPdE'}
2026-07-21 07:44:48 - GeoTravelGlobalLogger - INFO     - [logger.py:345] - API Request: GET https://api.stg.gowithgeo.com/api/blog/all
2026-07-21 07:44:48 - GeoTravelGlobalLogger - INFO     - [logger.py:345] - API Response: 200
2026-07-21 07:44:48 - GeoTravelGlobalLogger - INFO     - [logger.py:345] - 🔍 _request START - Current self.headers: {'Content-Type': 'application/json', 'Accept': 'application/json', 'X-Client-Type': 'retail', 'Cookie': 'retail_access_token=eyJhbGciOiJIUzI1NiIsInR5cCI6IkpXVCJ9.eyJpZCI6MTUxLCJ1c2VyVHlwZSI6IlJFVEFJTCIsImlhdCI6MTc4NDYxOTg4OCwiZXhwIjoxNzg0NjYzMDg4fQ.wAn_Qp0k5r8uYPmrw3H0HhcCipvtenoLGAHhZe_RPdE'}
2026-07-21 07:44:48 - GeoTravelGlobalLogger - INFO     - [logger.py:345] - 🔍 _request - kwargs headers: {}
2026-07-21 07:44:48 - GeoTravelGlobalLogger - INFO     - [logger.py:345] - 🔍 _request FINAL headers being sent: {'Content-Type': 'application/json', 'Accept': 'application/json', 'X-Client-Type': 'retail', 'Cookie': 'retail_access_token=eyJhbGciOiJIUzI1NiIsInR5cCI6IkpXVCJ9.eyJpZCI6MTUxLCJ1c2VyVHlwZSI6IlJFVEFJTCIsImlhdCI6MTc4NDYxOTg4OCwiZXhwIjoxNzg0NjYzMDg4fQ.wAn_Qp0k5r8uYPmrw3H0HhcCipvtenoLGAHhZe_RPdE'}
2026-07-21 07:44:48 - GeoTravelGlobalLogger - INFO     - [logger.py:345] - API Request: GET https://api.stg.gowithgeo.com/api/blog/37
2026-07-21 07:44:48 - GeoTravelGlobalLogger - INFO     - [logger.py:345] - API Response: 200
2026-07-21 07:44:48 - GeoTravelGlobalLogger - INFO     - [logger.py:345] - Single Blog status: 200
2026-07-21 07:44:48 - GeoTravelGlobalLogger - INFO     - [logger.py:345] - ✅ Saved test-specific logs: reports/logs/src_tests_api_tests_test_misc_api.py_TestMiscAPIs_test_get_single_blog_074448.log
2026-07-21 07:44:48 - GeoTravelGlobalLogger - INFO     - [logger.py:345] - Test result added: src/tests/api_tests/test_misc_api.py::TestMiscAPIs::test_get_single_blog - PASS (Duration: 0.69s)
2026-07-21 07:44:48 - GeoTravelGlobalLogger - INFO     - [logger.py:345] - Added test result to API SMOKE TEST: src/tests/api_tests/test_misc_api.py::TestMiscAPIs::test_get_single_blog - PASS
2026-07-21 07:44:48 - GeoTravelGlobalLogger - INFO     - [logger.py:345] - Retrieved credentials from environment for: geo.qa.bot@gmail.com
2026-07-21 07:44:48 - GeoTravelGlobalLogger - INFO     - [logger.py:345] - Attempting login with email: geo.qa.bot@gmail.com
2026-07-21 07:44:48 - GeoTravelGlobalLogger - INFO     - [logger.py:345] - 🔍 _request START - Current self.headers: {'Content-Type': 'application/json', 'Accept': 'application/json', 'X-Client-Type': 'retail'}
2026-07-21 07:44:48 - GeoTravelGlobalLogger - INFO     - [logger.py:345] - 🔍 _request - kwargs headers: {}
2026-07-21 07:44:48 - GeoTravelGlobalLogger - INFO     - [logger.py:345] - 🔍 _request FINAL headers being sent: {'Content-Type': 'application/json', 'Accept': 'application/json', 'X-Client-Type': 'retail'}
2026-07-21 07:44:48 - GeoTravelGlobalLogger - INFO     - [logger.py:345] - API Request: POST https://api.stg.gowithgeo.com/api/auth/login
2026-07-21 07:44:49 - GeoTravelGlobalLogger - INFO     - [logger.py:345] - API Response: 200
2026-07-21 07:44:49 - GeoTravelGlobalLogger - INFO     - [logger.py:345] - Token extracted via cookies (length: 167, valid)
2026-07-21 07:44:49 - GeoTravelGlobalLogger - INFO     - [logger.py:345] - ✅ Auth token set from cookies (Cookie header)
2026-07-21 07:44:49 - GeoTravelGlobalLogger - INFO     - [logger.py:345] - SUCCESS: ✅ Login successful - token set via cookies
2026-07-21 07:44:49 - GeoTravelGlobalLogger - INFO     - [logger.py:345] - SUCCESS: ✅ Authenticated successfully (token length: 167)
2026-07-21 07:44:49 - GeoTravelGlobalLogger - INFO     - [logger.py:345] - === Testing Get Blog Comments ===
2026-07-21 07:44:49 - GeoTravelGlobalLogger - INFO     - [logger.py:345] - ✅ Auth token set from cookies (Cookie header)
2026-07-21 07:44:49 - GeoTravelGlobalLogger - INFO     - [logger.py:345] - 🔍 _request START - Current self.headers: {'Content-Type': 'application/json', 'Accept': 'application/json', 'X-Client-Type': 'retail', 'Cookie': 'retail_access_token=eyJhbGciOiJIUzI1NiIsInR5cCI6IkpXVCJ9.eyJpZCI6MTUxLCJ1c2VyVHlwZSI6IlJFVEFJTCIsImlhdCI6MTc4NDYxOTg4OSwiZXhwIjoxNzg0NjYzMDg5fQ.XxpSA6EOlaHjVxgX_UmC2RJOAswo3xC__scl5-N8fNc'}
2026-07-21 07:44:49 - GeoTravelGlobalLogger - INFO     - [logger.py:345] - 🔍 _request - kwargs headers: {}
2026-07-21 07:44:49 - GeoTravelGlobalLogger - INFO     - [logger.py:345] - 🔍 _request FINAL headers being sent: {'Content-Type': 'application/json', 'Accept': 'application/json', 'X-Client-Type': 'retail', 'Cookie': 'retail_access_token=eyJhbGciOiJIUzI1NiIsInR5cCI6IkpXVCJ9.eyJpZCI6MTUxLCJ1c2VyVHlwZSI6IlJFVEFJTCIsImlhdCI6MTc4NDYxOTg4OSwiZXhwIjoxNzg0NjYzMDg5fQ.XxpSA6EOlaHjVxgX_UmC2RJOAswo3xC__scl5-N8fNc'}
2026-07-21 07:44:49 - GeoTravelGlobalLogger - INFO     - [logger.py:345] - API Request: GET https://api.stg.gowithgeo.com/api/blog/all
2026-07-21 07:44:49 - GeoTravelGlobalLogger - INFO     - [logger.py:345] - API Response: 200
2026-07-21 07:44:49 - GeoTravelGlobalLogger - INFO     - [logger.py:345] - 🔍 _request START - Current self.headers: {'Content-Type': 'application/json', 'Accept': 'application/json', 'X-Client-Type': 'retail', 'Cookie': 'retail_access_token=eyJhbGciOiJIUzI1NiIsInR5cCI6IkpXVCJ9.eyJpZCI6MTUxLCJ1c2VyVHlwZSI6IlJFVEFJTCIsImlhdCI6MTc4NDYxOTg4OSwiZXhwIjoxNzg0NjYzMDg5fQ.XxpSA6EOlaHjVxgX_UmC2RJOAswo3xC__scl5-N8fNc'}
2026-07-21 07:44:49 - GeoTravelGlobalLogger - INFO     - [logger.py:345] - 🔍 _request - kwargs headers: {}
2026-07-21 07:44:49 - GeoTravelGlobalLogger - INFO     - [logger.py:345] - 🔍 _request FINAL headers being sent: {'Content-Type': 'application/json', 'Accept': 'application/json', 'X-Client-Type': 'retail', 'Cookie': 'retail_access_token=eyJhbGciOiJIUzI1NiIsInR5cCI6IkpXVCJ9.eyJpZCI6MTUxLCJ1c2VyVHlwZSI6IlJFVEFJTCIsImlhdCI6MTc4NDYxOTg4OSwiZXhwIjoxNzg0NjYzMDg5fQ.XxpSA6EOlaHjVxgX_UmC2RJOAswo3xC__scl5-N8fNc'}
2026-07-21 07:44:49 - GeoTravelGlobalLogger - INFO     - [logger.py:345] - API Request: GET https://api.stg.gowithgeo.com/api/blog/comment/blog/37
2026-07-21 07:44:49 - GeoTravelGlobalLogger - INFO     - [logger.py:345] - API Response: 200
2026-07-21 07:44:49 - GeoTravelGlobalLogger - INFO     - [logger.py:345] - Blog Comments status: 200
2026-07-21 07:44:49 - GeoTravelGlobalLogger - INFO     - [logger.py:345] - ✅ Saved test-specific logs: reports/logs/src_tests_api_tests_test_misc_api.py_TestMiscAPIs_test_get_blog_comments_074449.log
2026-07-21 07:44:49 - GeoTravelGlobalLogger - INFO     - [logger.py:345] - Test result added: src/tests/api_tests/test_misc_api.py::TestMiscAPIs::test_get_blog_comments - PASS (Duration: 0.48s)
2026-07-21 07:44:49 - GeoTravelGlobalLogger - INFO     - [logger.py:345] - Added test result to API SMOKE TEST: src/tests/api_tests/test_misc_api.py::TestMiscAPIs::test_get_blog_comments - PASS
2026-07-21 07:44:49 - GeoTravelGlobalLogger - INFO     - [logger.py:345] - Retrieved credentials from environment for: geo.qa.bot@gmail.com
2026-07-21 07:44:49 - GeoTravelGlobalLogger - INFO     - [logger.py:345] - Attempting login with email: geo.qa.bot@gmail.com
2026-07-21 07:44:49 - GeoTravelGlobalLogger - INFO     - [logger.py:345] - 🔍 _request START - Current self.headers: {'Content-Type': 'application/json', 'Accept': 'application/json', 'X-Client-Type': 'retail'}
2026-07-21 07:44:49 - GeoTravelGlobalLogger - INFO     - [logger.py:345] - 🔍 _request - kwargs headers: {}
2026-07-21 07:44:49 - GeoTravelGlobalLogger - INFO     - [logger.py:345] - 🔍 _request FINAL headers being sent: {'Content-Type': 'application/json', 'Accept': 'application/json', 'X-Client-Type': 'retail'}
2026-07-21 07:44:49 - GeoTravelGlobalLogger - INFO     - [logger.py:345] - API Request: POST https://api.stg.gowithgeo.com/api/auth/login
2026-07-21 07:44:50 - GeoTravelGlobalLogger - INFO     - [logger.py:345] - API Response: 200
2026-07-21 07:44:50 - GeoTravelGlobalLogger - INFO     - [logger.py:345] - Token extracted via cookies (length: 167, valid)
2026-07-21 07:44:50 - GeoTravelGlobalLogger - INFO     - [logger.py:345] - ✅ Auth token set from cookies (Cookie header)
2026-07-21 07:44:50 - GeoTravelGlobalLogger - INFO     - [logger.py:345] - SUCCESS: ✅ Login successful - token set via cookies
2026-07-21 07:44:50 - GeoTravelGlobalLogger - INFO     - [logger.py:345] - SUCCESS: ✅ Authenticated successfully (token length: 167)
2026-07-21 07:44:50 - GeoTravelGlobalLogger - INFO     - [logger.py:345] - === Testing Refresh Token ===
2026-07-21 07:44:50 - GeoTravelGlobalLogger - INFO     - [logger.py:345] - ✅ Auth token set from cookies (Cookie header)
2026-07-21 07:44:50 - GeoTravelGlobalLogger - INFO     - [logger.py:345] - 🔍 _request START - Current self.headers: {'Content-Type': 'application/json', 'Accept': 'application/json', 'X-Client-Type': 'retail', 'Cookie': 'retail_access_token=eyJhbGciOiJIUzI1NiIsInR5cCI6IkpXVCJ9.eyJpZCI6MTUxLCJ1c2VyVHlwZSI6IlJFVEFJTCIsImlhdCI6MTc4NDYxOTg5MCwiZXhwIjoxNzg0NjYzMDkwfQ.rkLNTZbGjSWzltpbda18cxjhRUseU4Ps7-x5dsvtbno'}
2026-07-21 07:44:50 - GeoTravelGlobalLogger - INFO     - [logger.py:345] - 🔍 _request - kwargs headers: {}
2026-07-21 07:44:50 - GeoTravelGlobalLogger - INFO     - [logger.py:345] - 🔍 _request FINAL headers being sent: {'Content-Type': 'application/json', 'Accept': 'application/json', 'X-Client-Type': 'retail', 'Cookie': 'retail_access_token=eyJhbGciOiJIUzI1NiIsInR5cCI6IkpXVCJ9.eyJpZCI6MTUxLCJ1c2VyVHlwZSI6IlJFVEFJTCIsImlhdCI6MTc4NDYxOTg5MCwiZXhwIjoxNzg0NjYzMDkwfQ.rkLNTZbGjSWzltpbda18cxjhRUseU4Ps7-x5dsvtbno'}
2026-07-21 07:44:50 - GeoTravelGlobalLogger - INFO     - [logger.py:345] - API Request: POST https://api.stg.gowithgeo.com/api/auth/refresh
2026-07-21 07:44:50 - GeoTravelGlobalLogger - INFO     - [logger.py:345] - API Response: 401
2026-07-21 07:44:50 - GeoTravelGlobalLogger - INFO     - [logger.py:345] - Refresh Token: 401
2026-07-21 07:44:50 - GeoTravelGlobalLogger - INFO     - [logger.py:345] - ✅ Saved test-specific logs: reports/logs/src_tests_api_tests_test_misc_api.py_TestMiscAPIs_test_refresh_token_074450.log
2026-07-21 07:44:50 - GeoTravelGlobalLogger - INFO     - [logger.py:345] - Test result added: src/tests/api_tests/test_misc_api.py::TestMiscAPIs::test_refresh_token - PASS (Duration: 0.12s)
2026-07-21 07:44:50 - GeoTravelGlobalLogger - INFO     - [logger.py:345] - Added test result to API SMOKE TEST: src/tests/api_tests/test_misc_api.py::TestMiscAPIs::test_refresh_token - PASS
2026-07-21 07:44:50 - GeoTravelGlobalLogger - INFO     - [logger.py:345] - Retrieved credentials from environment for: geo.qa.bot@gmail.com
2026-07-21 07:44:50 - GeoTravelGlobalLogger - INFO     - [logger.py:345] - Attempting login with email: geo.qa.bot@gmail.com
2026-07-21 07:44:50 - GeoTravelGlobalLogger - INFO     - [logger.py:345] - 🔍 _request START - Current self.headers: {'Content-Type': 'application/json', 'Accept': 'application/json', 'X-Client-Type': 'retail'}
2026-07-21 07:44:50 - GeoTravelGlobalLogger - INFO     - [logger.py:345] - 🔍 _request - kwargs headers: {}
2026-07-21 07:44:50 - GeoTravelGlobalLogger - INFO     - [logger.py:345] - 🔍 _request FINAL headers being sent: {'Content-Type': 'application/json', 'Accept': 'application/json', 'X-Client-Type': 'retail'}
2026-07-21 07:44:50 - GeoTravelGlobalLogger - INFO     - [logger.py:345] - API Request: POST https://api.stg.gowithgeo.com/api/auth/login
2026-07-21 07:44:50 - GeoTravelGlobalLogger - INFO     - [logger.py:345] - API Response: 200
2026-07-21 07:44:50 - GeoTravelGlobalLogger - INFO     - [logger.py:345] - Token extracted via cookies (length: 167, valid)
2026-07-21 07:44:50 - GeoTravelGlobalLogger - INFO     - [logger.py:345] - ✅ Auth token set from cookies (Cookie header)
2026-07-21 07:44:50 - GeoTravelGlobalLogger - INFO     - [logger.py:345] - SUCCESS: ✅ Login successful - token set via cookies
2026-07-21 07:44:50 - GeoTravelGlobalLogger - INFO     - [logger.py:345] - SUCCESS: ✅ Authenticated successfully (token length: 167)
2026-07-21 07:44:50 - GeoTravelGlobalLogger - INFO     - [logger.py:345] - === Testing Get User Profile ===
2026-07-21 07:44:50 - GeoTravelGlobalLogger - INFO     - [logger.py:345] - ✅ Auth token set from cookies (Cookie header)
2026-07-21 07:44:50 - GeoTravelGlobalLogger - INFO     - [logger.py:345] - 🔍 _request START - Current self.headers: {'Content-Type': 'application/json', 'Accept': 'application/json', 'X-Client-Type': 'retail', 'Cookie': 'retail_access_token=eyJhbGciOiJIUzI1NiIsInR5cCI6IkpXVCJ9.eyJpZCI6MTUxLCJ1c2VyVHlwZSI6IlJFVEFJTCIsImlhdCI6MTc4NDYxOTg5MCwiZXhwIjoxNzg0NjYzMDkwfQ.rkLNTZbGjSWzltpbda18cxjhRUseU4Ps7-x5dsvtbno'}
2026-07-21 07:44:50 - GeoTravelGlobalLogger - INFO     - [logger.py:345] - 🔍 _request - kwargs headers: {}
2026-07-21 07:44:50 - GeoTravelGlobalLogger - INFO     - [logger.py:345] - 🔍 _request FINAL headers being sent: {'Content-Type': 'application/json', 'Accept': 'application/json', 'X-Client-Type': 'retail', 'Cookie': 'retail_access_token=eyJhbGciOiJIUzI1NiIsInR5cCI6IkpXVCJ9.eyJpZCI6MTUxLCJ1c2VyVHlwZSI6IlJFVEFJTCIsImlhdCI6MTc4NDYxOTg5MCwiZXhwIjoxNzg0NjYzMDkwfQ.rkLNTZbGjSWzltpbda18cxjhRUseU4Ps7-x5dsvtbno'}
2026-07-21 07:44:50 - GeoTravelGlobalLogger - INFO     - [logger.py:345] - API Request: GET https://api.stg.gowithgeo.com/api/users/me
2026-07-21 07:44:50 - GeoTravelGlobalLogger - INFO     - [logger.py:345] - API Response: 200
2026-07-21 07:44:50 - GeoTravelGlobalLogger - INFO     - [logger.py:345] - User Profile: 200
2026-07-21 07:44:50 - GeoTravelGlobalLogger - INFO     - [logger.py:345] - ✅ Saved test-specific logs: reports/logs/src_tests_api_tests_test_misc_api.py_TestMiscAPIs_test_get_user_profile_074450.log
2026-07-21 07:44:50 - GeoTravelGlobalLogger - INFO     - [logger.py:345] - Test result added: src/tests/api_tests/test_misc_api.py::TestMiscAPIs::test_get_user_profile - PASS (Duration: 0.30s)
2026-07-21 07:44:50 - GeoTravelGlobalLogger - INFO     - [logger.py:345] - Added test result to API SMOKE TEST: src/tests/api_tests/test_misc_api.py::TestMiscAPIs::test_get_user_profile - PASS
2026-07-21 07:44:50 - GeoTravelGlobalLogger - INFO     - [logger.py:345] - Retrieved credentials from environment for: geo.qa.bot@gmail.com
2026-07-21 07:44:50 - GeoTravelGlobalLogger - INFO     - [logger.py:345] - Attempting login with email: geo.qa.bot@gmail.com
2026-07-21 07:44:50 - GeoTravelGlobalLogger - INFO     - [logger.py:345] - 🔍 _request START - Current self.headers: {'Content-Type': 'application/json', 'Accept': 'application/json', 'X-Client-Type': 'retail'}
2026-07-21 07:44:50 - GeoTravelGlobalLogger - INFO     - [logger.py:345] - 🔍 _request - kwargs headers: {}
2026-07-21 07:44:50 - GeoTravelGlobalLogger - INFO     - [logger.py:345] - 🔍 _request FINAL headers being sent: {'Content-Type': 'application/json', 'Accept': 'application/json', 'X-Client-Type': 'retail'}
2026-07-21 07:44:50 - GeoTravelGlobalLogger - INFO     - [logger.py:345] - API Request: POST https://api.stg.gowithgeo.com/api/auth/login
2026-07-21 07:44:51 - GeoTravelGlobalLogger - INFO     - [logger.py:345] - API Response: 200
2026-07-21 07:44:51 - GeoTravelGlobalLogger - INFO     - [logger.py:345] - Token extracted via cookies (length: 167, valid)
2026-07-21 07:44:51 - GeoTravelGlobalLogger - INFO     - [logger.py:345] - ✅ Auth token set from cookies (Cookie header)
2026-07-21 07:44:51 - GeoTravelGlobalLogger - INFO     - [logger.py:345] - SUCCESS: ✅ Login successful - token set via cookies
2026-07-21 07:44:51 - GeoTravelGlobalLogger - INFO     - [logger.py:345] - SUCCESS: ✅ Authenticated successfully (token length: 167)
2026-07-21 07:44:51 - GeoTravelGlobalLogger - INFO     - [logger.py:345] - === Testing Get User Transactions ===
2026-07-21 07:44:51 - GeoTravelGlobalLogger - INFO     - [logger.py:345] - ✅ Auth token set from cookies (Cookie header)
2026-07-21 07:44:51 - GeoTravelGlobalLogger - INFO     - [logger.py:345] - 🔍 _request START - Current self.headers: {'Content-Type': 'application/json', 'Accept': 'application/json', 'X-Client-Type': 'retail', 'Cookie': 'retail_access_token=eyJhbGciOiJIUzI1NiIsInR5cCI6IkpXVCJ9.eyJpZCI6MTUxLCJ1c2VyVHlwZSI6IlJFVEFJTCIsImlhdCI6MTc4NDYxOTg5MSwiZXhwIjoxNzg0NjYzMDkxfQ.geS9Nm_cu_pMPs6kNwWlVoSwn7RpelOMMKdpqaIiFis'}
2026-07-21 07:44:51 - GeoTravelGlobalLogger - INFO     - [logger.py:345] - 🔍 _request - kwargs headers: {}
2026-07-21 07:44:51 - GeoTravelGlobalLogger - INFO     - [logger.py:345] - 🔍 _request FINAL headers being sent: {'Content-Type': 'application/json', 'Accept': 'application/json', 'X-Client-Type': 'retail', 'Cookie': 'retail_access_token=eyJhbGciOiJIUzI1NiIsInR5cCI6IkpXVCJ9.eyJpZCI6MTUxLCJ1c2VyVHlwZSI6IlJFVEFJTCIsImlhdCI6MTc4NDYxOTg5MSwiZXhwIjoxNzg0NjYzMDkxfQ.geS9Nm_cu_pMPs6kNwWlVoSwn7RpelOMMKdpqaIiFis'}
2026-07-21 07:44:51 - GeoTravelGlobalLogger - INFO     - [logger.py:345] - API Request: GET https://api.stg.gowithgeo.com/api/transactions/user
2026-07-21 07:44:51 - GeoTravelGlobalLogger - INFO     - [logger.py:345] - API Response: 200
2026-07-21 07:44:51 - GeoTravelGlobalLogger - INFO     - [logger.py:345] - User Transactions: 200
2026-07-21 07:44:51 - GeoTravelGlobalLogger - INFO     - [logger.py:345] - ✅ Saved test-specific logs: reports/logs/src_tests_api_tests_test_misc_api.py_TestMiscAPIs_test_get_user_transactions_074451.log
2026-07-21 07:44:51 - GeoTravelGlobalLogger - INFO     - [logger.py:345] - Test result added: src/tests/api_tests/test_misc_api.py::TestMiscAPIs::test_get_user_transactions - PASS (Duration: 0.39s)
2026-07-21 07:44:51 - GeoTravelGlobalLogger - INFO     - [logger.py:345] - Added test result to API SMOKE TEST: src/tests/api_tests/test_misc_api.py::TestMiscAPIs::test_get_user_transactions - PASS
2026-07-21 07:44:51 - GeoTravelGlobalLogger - INFO     - [logger.py:345] - Retrieved credentials from environment for: geo.qa.bot@gmail.com
2026-07-21 07:44:51 - GeoTravelGlobalLogger - INFO     - [logger.py:345] - Attempting login with email: geo.qa.bot@gmail.com
2026-07-21 07:44:51 - GeoTravelGlobalLogger - INFO     - [logger.py:345] - 🔍 _request START - Current self.headers: {'Content-Type': 'application/json', 'Accept': 'application/json', 'X-Client-Type': 'retail'}
2026-07-21 07:44:51 - GeoTravelGlobalLogger - INFO     - [logger.py:345] - 🔍 _request - kwargs headers: {}
2026-07-21 07:44:51 - GeoTravelGlobalLogger - INFO     - [logger.py:345] - 🔍 _request FINAL headers being sent: {'Content-Type': 'application/json', 'Accept': 'application/json', 'X-Client-Type': 'retail'}
2026-07-21 07:44:51 - GeoTravelGlobalLogger - INFO     - [logger.py:345] - API Request: POST https://api.stg.gowithgeo.com/api/auth/login
2026-07-21 07:44:51 - GeoTravelGlobalLogger - INFO     - [logger.py:345] - API Response: 200
2026-07-21 07:44:51 - GeoTravelGlobalLogger - INFO     - [logger.py:345] - Token extracted via cookies (length: 167, valid)
2026-07-21 07:44:51 - GeoTravelGlobalLogger - INFO     - [logger.py:345] - ✅ Auth token set from cookies (Cookie header)
2026-07-21 07:44:51 - GeoTravelGlobalLogger - INFO     - [logger.py:345] - SUCCESS: ✅ Login successful - token set via cookies
2026-07-21 07:44:51 - GeoTravelGlobalLogger - INFO     - [logger.py:345] - SUCCESS: ✅ Authenticated successfully (token length: 167)
2026-07-21 07:44:51 - GeoTravelGlobalLogger - INFO     - [logger.py:345] - === Testing Get Notifications ===
2026-07-21 07:44:51 - GeoTravelGlobalLogger - INFO     - [logger.py:345] - ✅ Auth token set from cookies (Cookie header)
2026-07-21 07:44:51 - GeoTravelGlobalLogger - INFO     - [logger.py:345] - 🔍 _request START - Current self.headers: {'Content-Type': 'application/json', 'Accept': 'application/json', 'X-Client-Type': 'retail', 'Cookie': 'retail_access_token=eyJhbGciOiJIUzI1NiIsInR5cCI6IkpXVCJ9.eyJpZCI6MTUxLCJ1c2VyVHlwZSI6IlJFVEFJTCIsImlhdCI6MTc4NDYxOTg5MSwiZXhwIjoxNzg0NjYzMDkxfQ.geS9Nm_cu_pMPs6kNwWlVoSwn7RpelOMMKdpqaIiFis'}
2026-07-21 07:44:51 - GeoTravelGlobalLogger - INFO     - [logger.py:345] - 🔍 _request - kwargs headers: {}
2026-07-21 07:44:51 - GeoTravelGlobalLogger - INFO     - [logger.py:345] - 🔍 _request FINAL headers being sent: {'Content-Type': 'application/json', 'Accept': 'application/json', 'X-Client-Type': 'retail', 'Cookie': 'retail_access_token=eyJhbGciOiJIUzI1NiIsInR5cCI6IkpXVCJ9.eyJpZCI6MTUxLCJ1c2VyVHlwZSI6IlJFVEFJTCIsImlhdCI6MTc4NDYxOTg5MSwiZXhwIjoxNzg0NjYzMDkxfQ.geS9Nm_cu_pMPs6kNwWlVoSwn7RpelOMMKdpqaIiFis'}
2026-07-21 07:44:51 - GeoTravelGlobalLogger - INFO     - [logger.py:345] - API Request: GET https://api.stg.gowithgeo.com/api/notifications
2026-07-21 07:44:52 - GeoTravelGlobalLogger - INFO     - [logger.py:345] - API Response: 200
2026-07-21 07:44:52 - GeoTravelGlobalLogger - INFO     - [logger.py:345] - Notifications: 200
2026-07-21 07:44:52 - GeoTravelGlobalLogger - INFO     - [logger.py:345] - ✅ Saved test-specific logs: reports/logs/src_tests_api_tests_test_misc_api.py_TestMiscAPIs_test_get_notifications_074452.log
2026-07-21 07:44:52 - GeoTravelGlobalLogger - INFO     - [logger.py:345] - Test result added: src/tests/api_tests/test_misc_api.py::TestMiscAPIs::test_get_notifications - PASS (Duration: 0.27s)
2026-07-21 07:44:52 - GeoTravelGlobalLogger - INFO     - [logger.py:345] - Added test result to API SMOKE TEST: src/tests/api_tests/test_misc_api.py::TestMiscAPIs::test_get_notifications - PASS
2026-07-21 07:44:52 - GeoTravelGlobalLogger - INFO     - [logger.py:345] - Retrieved credentials from environment for: geo.qa.bot@gmail.com
2026-07-21 07:44:52 - GeoTravelGlobalLogger - INFO     - [logger.py:345] - Attempting login with email: geo.qa.bot@gmail.com
2026-07-21 07:44:52 - GeoTravelGlobalLogger - INFO     - [logger.py:345] - 🔍 _request START - Current self.headers: {'Content-Type': 'application/json', 'Accept': 'application/json', 'X-Client-Type': 'retail'}
2026-07-21 07:44:52 - GeoTravelGlobalLogger - INFO     - [logger.py:345] - 🔍 _request - kwargs headers: {}
2026-07-21 07:44:52 - GeoTravelGlobalLogger - INFO     - [logger.py:345] - 🔍 _request FINAL headers being sent: {'Content-Type': 'application/json', 'Accept': 'application/json', 'X-Client-Type': 'retail'}
2026-07-21 07:44:52 - GeoTravelGlobalLogger - INFO     - [logger.py:345] - API Request: POST https://api.stg.gowithgeo.com/api/auth/login
2026-07-21 07:44:52 - GeoTravelGlobalLogger - INFO     - [logger.py:345] - API Response: 200
2026-07-21 07:44:52 - GeoTravelGlobalLogger - INFO     - [logger.py:345] - Token extracted via cookies (length: 167, valid)
2026-07-21 07:44:52 - GeoTravelGlobalLogger - INFO     - [logger.py:345] - ✅ Auth token set from cookies (Cookie header)
2026-07-21 07:44:52 - GeoTravelGlobalLogger - INFO     - [logger.py:345] - SUCCESS: ✅ Login successful - token set via cookies
2026-07-21 07:44:52 - GeoTravelGlobalLogger - INFO     - [logger.py:345] - SUCCESS: ✅ Authenticated successfully (token length: 167)
2026-07-21 07:44:52 - GeoTravelGlobalLogger - INFO     - [logger.py:345] - === Testing Subscribe Newsletter ===
2026-07-21 07:44:52 - GeoTravelGlobalLogger - INFO     - [logger.py:345] - ✅ Auth token set from cookies (Cookie header)
2026-07-21 07:44:52 - GeoTravelGlobalLogger - INFO     - [logger.py:345] - 🔍 _request START - Current self.headers: {'Content-Type': 'application/json', 'Accept': 'application/json', 'X-Client-Type': 'retail', 'Cookie': 'retail_access_token=eyJhbGciOiJIUzI1NiIsInR5cCI6IkpXVCJ9.eyJpZCI6MTUxLCJ1c2VyVHlwZSI6IlJFVEFJTCIsImlhdCI6MTc4NDYxOTg5MiwiZXhwIjoxNzg0NjYzMDkyfQ.UwGWG1fWJ_DC9dfcuLo5S1rlWIeFH0VDlwvXQemt1eU'}
2026-07-21 07:44:52 - GeoTravelGlobalLogger - INFO     - [logger.py:345] - 🔍 _request - kwargs headers: {}
2026-07-21 07:44:52 - GeoTravelGlobalLogger - INFO     - [logger.py:345] - 🔍 _request FINAL headers being sent: {'Content-Type': 'application/json', 'Accept': 'application/json', 'X-Client-Type': 'retail', 'Cookie': 'retail_access_token=eyJhbGciOiJIUzI1NiIsInR5cCI6IkpXVCJ9.eyJpZCI6MTUxLCJ1c2VyVHlwZSI6IlJFVEFJTCIsImlhdCI6MTc4NDYxOTg5MiwiZXhwIjoxNzg0NjYzMDkyfQ.UwGWG1fWJ_DC9dfcuLo5S1rlWIeFH0VDlwvXQemt1eU'}
2026-07-21 07:44:52 - GeoTravelGlobalLogger - INFO     - [logger.py:345] - API Request: POST https://api.stg.gowithgeo.com/api/newsletter/create
2026-07-21 07:44:52 - GeoTravelGlobalLogger - INFO     - [logger.py:345] - API Response: 400
2026-07-21 07:44:52 - GeoTravelGlobalLogger - INFO     - [logger.py:345] - Newsletter Subscribe: 400
2026-07-21 07:44:52 - GeoTravelGlobalLogger - INFO     - [logger.py:345] - ✅ Saved test-specific logs: reports/logs/src_tests_api_tests_test_misc_api.py_TestMiscAPIs_test_subscribe_newsletter_074452.log
2026-07-21 07:44:52 - GeoTravelGlobalLogger - INFO     - [logger.py:345] - Test result added: src/tests/api_tests/test_misc_api.py::TestMiscAPIs::test_subscribe_newsletter - PASS (Duration: 0.22s)
2026-07-21 07:44:52 - GeoTravelGlobalLogger - INFO     - [logger.py:345] - Added test result to API SMOKE TEST: src/tests/api_tests/test_misc_api.py::TestMiscAPIs::test_subscribe_newsletter - PASS
2026-07-21 07:44:52 - GeoTravelGlobalLogger - INFO     - [logger.py:345] - Retrieved credentials from environment for: geo.qa.bot@gmail.com
2026-07-21 07:44:52 - GeoTravelGlobalLogger - INFO     - [logger.py:345] - Attempting login with email: geo.qa.bot@gmail.com
2026-07-21 07:44:52 - GeoTravelGlobalLogger - INFO     - [logger.py:345] - 🔍 _request START - Current self.headers: {'Content-Type': 'application/json', 'Accept': 'application/json', 'X-Client-Type': 'retail'}
2026-07-21 07:44:52 - GeoTravelGlobalLogger - INFO     - [logger.py:345] - 🔍 _request - kwargs headers: {}
2026-07-21 07:44:52 - GeoTravelGlobalLogger - INFO     - [logger.py:345] - 🔍 _request FINAL headers being sent: {'Content-Type': 'application/json', 'Accept': 'application/json', 'X-Client-Type': 'retail'}
2026-07-21 07:44:52 - GeoTravelGlobalLogger - INFO     - [logger.py:345] - API Request: POST https://api.stg.gowithgeo.com/api/auth/login
2026-07-21 07:44:53 - GeoTravelGlobalLogger - INFO     - [logger.py:345] - API Response: 200
2026-07-21 07:44:53 - GeoTravelGlobalLogger - INFO     - [logger.py:345] - Token extracted via cookies (length: 167, valid)
2026-07-21 07:44:53 - GeoTravelGlobalLogger - INFO     - [logger.py:345] - ✅ Auth token set from cookies (Cookie header)
2026-07-21 07:44:53 - GeoTravelGlobalLogger - INFO     - [logger.py:345] - SUCCESS: ✅ Login successful - token set via cookies
2026-07-21 07:44:53 - GeoTravelGlobalLogger - INFO     - [logger.py:345] - SUCCESS: ✅ Authenticated successfully (token length: 167)
2026-07-21 07:44:53 - GeoTravelGlobalLogger - INFO     - [logger.py:345] - === Testing Apply Voucher ===
2026-07-21 07:44:53 - GeoTravelGlobalLogger - INFO     - [logger.py:345] - ✅ Auth token set from cookies (Cookie header)
2026-07-21 07:44:53 - GeoTravelGlobalLogger - INFO     - [logger.py:345] - 🔍 _request START - Current self.headers: {'Content-Type': 'application/json', 'Accept': 'application/json', 'X-Client-Type': 'retail', 'Cookie': 'retail_access_token=eyJhbGciOiJIUzI1NiIsInR5cCI6IkpXVCJ9.eyJpZCI6MTUxLCJ1c2VyVHlwZSI6IlJFVEFJTCIsImlhdCI6MTc4NDYxOTg5MywiZXhwIjoxNzg0NjYzMDkzfQ.1-xA7mWtLyt1MSnUln9FpvPgpbPrA3qE4v1P5YS3ww4'}
2026-07-21 07:44:53 - GeoTravelGlobalLogger - INFO     - [logger.py:345] - 🔍 _request - kwargs headers: {}
2026-07-21 07:44:53 - GeoTravelGlobalLogger - INFO     - [logger.py:345] - 🔍 _request FINAL headers being sent: {'Content-Type': 'application/json', 'Accept': 'application/json', 'X-Client-Type': 'retail', 'Cookie': 'retail_access_token=eyJhbGciOiJIUzI1NiIsInR5cCI6IkpXVCJ9.eyJpZCI6MTUxLCJ1c2VyVHlwZSI6IlJFVEFJTCIsImlhdCI6MTc4NDYxOTg5MywiZXhwIjoxNzg0NjYzMDkzfQ.1-xA7mWtLyt1MSnUln9FpvPgpbPrA3qE4v1P5YS3ww4'}
2026-07-21 07:44:53 - GeoTravelGlobalLogger - INFO     - [logger.py:345] - API Request: POST https://api.stg.gowithgeo.com/api/price/voucher/apply
2026-07-21 07:44:53 - GeoTravelGlobalLogger - INFO     - [logger.py:345] - API Response: 404
2026-07-21 07:44:53 - GeoTravelGlobalLogger - INFO     - [logger.py:345] - Apply Voucher: 404
2026-07-21 07:44:53 - GeoTravelGlobalLogger - INFO     - [logger.py:345] - ✅ Saved test-specific logs: reports/logs/src_tests_api_tests_test_misc_api.py_TestMiscAPIs_test_apply_voucher_074453.log
2026-07-21 07:44:53 - GeoTravelGlobalLogger - INFO     - [logger.py:345] - Test result added: src/tests/api_tests/test_misc_api.py::TestMiscAPIs::test_apply_voucher - PASS (Duration: 0.10s)
2026-07-21 07:44:53 - GeoTravelGlobalLogger - INFO     - [logger.py:345] - Added test result to API SMOKE TEST: src/tests/api_tests/test_misc_api.py::TestMiscAPIs::test_apply_voucher - PASS
2026-07-21 07:44:53 - GeoTravelGlobalLogger - INFO     - [logger.py:345] - Retrieved credentials from environment for: geo.qa.bot@gmail.com
2026-07-21 07:44:53 - GeoTravelGlobalLogger - INFO     - [logger.py:345] - Attempting login with email: geo.qa.bot@gmail.com
2026-07-21 07:44:53 - GeoTravelGlobalLogger - INFO     - [logger.py:345] - 🔍 _request START - Current self.headers: {'Content-Type': 'application/json', 'Accept': 'application/json', 'X-Client-Type': 'retail'}
2026-07-21 07:44:53 - GeoTravelGlobalLogger - INFO     - [logger.py:345] - 🔍 _request - kwargs headers: {}
2026-07-21 07:44:53 - GeoTravelGlobalLogger - INFO     - [logger.py:345] - 🔍 _request FINAL headers being sent: {'Content-Type': 'application/json', 'Accept': 'application/json', 'X-Client-Type': 'retail'}
2026-07-21 07:44:53 - GeoTravelGlobalLogger - INFO     - [logger.py:345] - API Request: POST https://api.stg.gowithgeo.com/api/auth/login
2026-07-21 07:44:53 - GeoTravelGlobalLogger - INFO     - [logger.py:345] - API Response: 200
2026-07-21 07:44:53 - GeoTravelGlobalLogger - INFO     - [logger.py:345] - Token extracted via cookies (length: 167, valid)
2026-07-21 07:44:53 - GeoTravelGlobalLogger - INFO     - [logger.py:345] - ✅ Auth token set from cookies (Cookie header)
2026-07-21 07:44:53 - GeoTravelGlobalLogger - INFO     - [logger.py:345] - SUCCESS: ✅ Login successful - token set via cookies
2026-07-21 07:44:53 - GeoTravelGlobalLogger - INFO     - [logger.py:345] - SUCCESS: ✅ Authenticated successfully (token length: 167)
2026-07-21 07:44:53 - GeoTravelGlobalLogger - INFO     - [logger.py:345] - ✅ Auth token set from cookies (Cookie header)
2026-07-21 07:44:53 - GeoTravelGlobalLogger - INFO     - [logger.py:345] - ✅ Auth token set from cookies (Cookie header)
2026-07-21 07:44:53 - GeoTravelGlobalLogger - INFO     - [logger.py:345] - === Testing Get All Packages ===
2026-07-21 07:44:53 - GeoTravelGlobalLogger - INFO     - [logger.py:345] - 🔍 _request START - Current self.headers: {'Content-Type': 'application/json', 'Accept': 'application/json', 'X-Client-Type': 'retail', 'Cookie': 'retail_access_token=eyJhbGciOiJIUzI1NiIsInR5cCI6IkpXVCJ9.eyJpZCI6MTUxLCJ1c2VyVHlwZSI6IlJFVEFJTCIsImlhdCI6MTc4NDYxOTg5MywiZXhwIjoxNzg0NjYzMDkzfQ.1-xA7mWtLyt1MSnUln9FpvPgpbPrA3qE4v1P5YS3ww4'}
2026-07-21 07:44:53 - GeoTravelGlobalLogger - INFO     - [logger.py:345] - 🔍 _request - kwargs headers: {}
2026-07-21 07:44:53 - GeoTravelGlobalLogger - INFO     - [logger.py:345] - 🔍 _request FINAL headers being sent: {'Content-Type': 'application/json', 'Accept': 'application/json', 'X-Client-Type': 'retail', 'Cookie': 'retail_access_token=eyJhbGciOiJIUzI1NiIsInR5cCI6IkpXVCJ9.eyJpZCI6MTUxLCJ1c2VyVHlwZSI6IlJFVEFJTCIsImlhdCI6MTc4NDYxOTg5MywiZXhwIjoxNzg0NjYzMDkzfQ.1-xA7mWtLyt1MSnUln9FpvPgpbPrA3qE4v1P5YS3ww4'}
2026-07-21 07:44:53 - GeoTravelGlobalLogger - INFO     - [logger.py:345] - API Request: GET https://api.stg.gowithgeo.com/api/package/all
2026-07-21 07:44:53 - GeoTravelGlobalLogger - INFO     - [logger.py:345] - API Response: 200
2026-07-21 07:44:53 - GeoTravelGlobalLogger - INFO     - [logger.py:345] - SUCCESS: ✅ Get all packages successful
2026-07-21 07:44:53 - GeoTravelGlobalLogger - INFO     - [logger.py:345] - ✅ Saved test-specific logs: reports/logs/src_tests_api_tests_test_package_api.py_TestPackageAPI_test_get_all_packages_074453.log
2026-07-21 07:44:53 - GeoTravelGlobalLogger - INFO     - [logger.py:345] - Test result added: src/tests/api_tests/test_package_api.py::TestPackageAPI::test_get_all_packages - PASS (Duration: 0.28s)
2026-07-21 07:44:53 - GeoTravelGlobalLogger - INFO     - [logger.py:345] - Added test result to API SMOKE TEST: src/tests/api_tests/test_package_api.py::TestPackageAPI::test_get_all_packages - PASS
2026-07-21 07:44:53 - GeoTravelGlobalLogger - INFO     - [logger.py:345] - Retrieved credentials from environment for: geo.qa.bot@gmail.com
2026-07-21 07:44:53 - GeoTravelGlobalLogger - INFO     - [logger.py:345] - Attempting login with email: geo.qa.bot@gmail.com
2026-07-21 07:44:53 - GeoTravelGlobalLogger - INFO     - [logger.py:345] - 🔍 _request START - Current self.headers: {'Content-Type': 'application/json', 'Accept': 'application/json', 'X-Client-Type': 'retail'}
2026-07-21 07:44:53 - GeoTravelGlobalLogger - INFO     - [logger.py:345] - 🔍 _request - kwargs headers: {}
2026-07-21 07:44:53 - GeoTravelGlobalLogger - INFO     - [logger.py:345] - 🔍 _request FINAL headers being sent: {'Content-Type': 'application/json', 'Accept': 'application/json', 'X-Client-Type': 'retail'}
2026-07-21 07:44:53 - GeoTravelGlobalLogger - INFO     - [logger.py:345] - API Request: POST https://api.stg.gowithgeo.com/api/auth/login
2026-07-21 07:44:54 - GeoTravelGlobalLogger - INFO     - [logger.py:345] - API Response: 200
2026-07-21 07:44:54 - GeoTravelGlobalLogger - INFO     - [logger.py:345] - Token extracted via cookies (length: 167, valid)
2026-07-21 07:44:54 - GeoTravelGlobalLogger - INFO     - [logger.py:345] - ✅ Auth token set from cookies (Cookie header)
2026-07-21 07:44:54 - GeoTravelGlobalLogger - INFO     - [logger.py:345] - SUCCESS: ✅ Login successful - token set via cookies
2026-07-21 07:44:54 - GeoTravelGlobalLogger - INFO     - [logger.py:345] - SUCCESS: ✅ Authenticated successfully (token length: 167)
2026-07-21 07:44:54 - GeoTravelGlobalLogger - INFO     - [logger.py:345] - ✅ Auth token set from cookies (Cookie header)
2026-07-21 07:44:54 - GeoTravelGlobalLogger - INFO     - [logger.py:345] - ✅ Auth token set from cookies (Cookie header)
2026-07-21 07:44:54 - GeoTravelGlobalLogger - INFO     - [logger.py:345] - === Testing Get Package Countries ===
2026-07-21 07:44:54 - GeoTravelGlobalLogger - INFO     - [logger.py:345] - 🔍 _request START - Current self.headers: {'Content-Type': 'application/json', 'Accept': 'application/json', 'X-Client-Type': 'retail', 'Cookie': 'retail_access_token=eyJhbGciOiJIUzI1NiIsInR5cCI6IkpXVCJ9.eyJpZCI6MTUxLCJ1c2VyVHlwZSI6IlJFVEFJTCIsImlhdCI6MTc4NDYxOTg5NCwiZXhwIjoxNzg0NjYzMDk0fQ.M42Ab2Zd0FikAwvQb_ReNJabiKmphg-Qn_rDL51swTA'}
2026-07-21 07:44:54 - GeoTravelGlobalLogger - INFO     - [logger.py:345] - 🔍 _request - kwargs headers: {}
2026-07-21 07:44:54 - GeoTravelGlobalLogger - INFO     - [logger.py:345] - 🔍 _request FINAL headers being sent: {'Content-Type': 'application/json', 'Accept': 'application/json', 'X-Client-Type': 'retail', 'Cookie': 'retail_access_token=eyJhbGciOiJIUzI1NiIsInR5cCI6IkpXVCJ9.eyJpZCI6MTUxLCJ1c2VyVHlwZSI6IlJFVEFJTCIsImlhdCI6MTc4NDYxOTg5NCwiZXhwIjoxNzg0NjYzMDk0fQ.M42Ab2Zd0FikAwvQb_ReNJabiKmphg-Qn_rDL51swTA'}
2026-07-21 07:44:54 - GeoTravelGlobalLogger - INFO     - [logger.py:345] - API Request: GET https://api.stg.gowithgeo.com/api/package/countries
2026-07-21 07:44:54 - GeoTravelGlobalLogger - INFO     - [logger.py:345] - API Response: 200
2026-07-21 07:44:54 - GeoTravelGlobalLogger - INFO     - [logger.py:345] - SUCCESS: ✅ Get package countries successful
2026-07-21 07:44:54 - GeoTravelGlobalLogger - INFO     - [logger.py:345] - ✅ Saved test-specific logs: reports/logs/src_tests_api_tests_test_package_api.py_TestPackageAPI_test_get_package_countries_074454.log
2026-07-21 07:44:54 - GeoTravelGlobalLogger - INFO     - [logger.py:345] - Test result added: src/tests/api_tests/test_package_api.py::TestPackageAPI::test_get_package_countries - PASS (Duration: 0.18s)
2026-07-21 07:44:54 - GeoTravelGlobalLogger - INFO     - [logger.py:345] - Added test result to API SMOKE TEST: src/tests/api_tests/test_package_api.py::TestPackageAPI::test_get_package_countries - PASS
2026-07-21 07:44:54 - GeoTravelGlobalLogger - INFO     - [logger.py:345] - Retrieved credentials from environment for: geo.qa.bot@gmail.com
2026-07-21 07:44:54 - GeoTravelGlobalLogger - INFO     - [logger.py:345] - Attempting login with email: geo.qa.bot@gmail.com
2026-07-21 07:44:54 - GeoTravelGlobalLogger - INFO     - [logger.py:345] - 🔍 _request START - Current self.headers: {'Content-Type': 'application/json', 'Accept': 'application/json', 'X-Client-Type': 'retail'}
2026-07-21 07:44:54 - GeoTravelGlobalLogger - INFO     - [logger.py:345] - 🔍 _request - kwargs headers: {}
2026-07-21 07:44:54 - GeoTravelGlobalLogger - INFO     - [logger.py:345] - 🔍 _request FINAL headers being sent: {'Content-Type': 'application/json', 'Accept': 'application/json', 'X-Client-Type': 'retail'}
2026-07-21 07:44:54 - GeoTravelGlobalLogger - INFO     - [logger.py:345] - API Request: POST https://api.stg.gowithgeo.com/api/auth/login
2026-07-21 07:44:54 - GeoTravelGlobalLogger - INFO     - [logger.py:345] - API Response: 200
2026-07-21 07:44:54 - GeoTravelGlobalLogger - INFO     - [logger.py:345] - Token extracted via cookies (length: 167, valid)
2026-07-21 07:44:54 - GeoTravelGlobalLogger - INFO     - [logger.py:345] - ✅ Auth token set from cookies (Cookie header)
2026-07-21 07:44:54 - GeoTravelGlobalLogger - INFO     - [logger.py:345] - SUCCESS: ✅ Login successful - token set via cookies
2026-07-21 07:44:54 - GeoTravelGlobalLogger - INFO     - [logger.py:345] - SUCCESS: ✅ Authenticated successfully (token length: 167)
2026-07-21 07:44:54 - GeoTravelGlobalLogger - INFO     - [logger.py:345] - ✅ Auth token set from cookies (Cookie header)
2026-07-21 07:44:54 - GeoTravelGlobalLogger - INFO     - [logger.py:345] - ✅ Auth token set from cookies (Cookie header)
2026-07-21 07:44:54 - GeoTravelGlobalLogger - INFO     - [logger.py:345] - === Testing Get Single Package ===
2026-07-21 07:44:54 - GeoTravelGlobalLogger - INFO     - [logger.py:345] - 🔍 _request START - Current self.headers: {'Content-Type': 'application/json', 'Accept': 'application/json', 'X-Client-Type': 'retail', 'Cookie': 'retail_access_token=eyJhbGciOiJIUzI1NiIsInR5cCI6IkpXVCJ9.eyJpZCI6MTUxLCJ1c2VyVHlwZSI6IlJFVEFJTCIsImlhdCI6MTc4NDYxOTg5NCwiZXhwIjoxNzg0NjYzMDk0fQ.M42Ab2Zd0FikAwvQb_ReNJabiKmphg-Qn_rDL51swTA'}
2026-07-21 07:44:54 - GeoTravelGlobalLogger - INFO     - [logger.py:345] - 🔍 _request - kwargs headers: {}
2026-07-21 07:44:54 - GeoTravelGlobalLogger - INFO     - [logger.py:345] - 🔍 _request FINAL headers being sent: {'Content-Type': 'application/json', 'Accept': 'application/json', 'X-Client-Type': 'retail', 'Cookie': 'retail_access_token=eyJhbGciOiJIUzI1NiIsInR5cCI6IkpXVCJ9.eyJpZCI6MTUxLCJ1c2VyVHlwZSI6IlJFVEFJTCIsImlhdCI6MTc4NDYxOTg5NCwiZXhwIjoxNzg0NjYzMDk0fQ.M42Ab2Zd0FikAwvQb_ReNJabiKmphg-Qn_rDL51swTA'}
2026-07-21 07:44:54 - GeoTravelGlobalLogger - INFO     - [logger.py:345] - API Request: GET https://api.stg.gowithgeo.com/api/package/all
2026-07-21 07:44:54 - GeoTravelGlobalLogger - INFO     - [logger.py:345] - API Response: 200
2026-07-21 07:44:54 - GeoTravelGlobalLogger - INFO     - [logger.py:345] - 📦 Testing with package ID: 17
2026-07-21 07:44:54 - GeoTravelGlobalLogger - INFO     - [logger.py:345] - 🔍 _request START - Current self.headers: {'Content-Type': 'application/json', 'Accept': 'application/json', 'X-Client-Type': 'retail', 'Cookie': 'retail_access_token=eyJhbGciOiJIUzI1NiIsInR5cCI6IkpXVCJ9.eyJpZCI6MTUxLCJ1c2VyVHlwZSI6IlJFVEFJTCIsImlhdCI6MTc4NDYxOTg5NCwiZXhwIjoxNzg0NjYzMDk0fQ.M42Ab2Zd0FikAwvQb_ReNJabiKmphg-Qn_rDL51swTA'}
2026-07-21 07:44:54 - GeoTravelGlobalLogger - INFO     - [logger.py:345] - 🔍 _request - kwargs headers: {}
2026-07-21 07:44:54 - GeoTravelGlobalLogger - INFO     - [logger.py:345] - 🔍 _request FINAL headers being sent: {'Content-Type': 'application/json', 'Accept': 'application/json', 'X-Client-Type': 'retail', 'Cookie': 'retail_access_token=eyJhbGciOiJIUzI1NiIsInR5cCI6IkpXVCJ9.eyJpZCI6MTUxLCJ1c2VyVHlwZSI6IlJFVEFJTCIsImlhdCI6MTc4NDYxOTg5NCwiZXhwIjoxNzg0NjYzMDk0fQ.M42Ab2Zd0FikAwvQb_ReNJabiKmphg-Qn_rDL51swTA'}
2026-07-21 07:44:54 - GeoTravelGlobalLogger - INFO     - [logger.py:345] - API Request: GET https://api.stg.gowithgeo.com/api/package/17
2026-07-21 07:44:55 - GeoTravelGlobalLogger - INFO     - [logger.py:345] - API Response: 200
2026-07-21 07:44:55 - GeoTravelGlobalLogger - INFO     - [logger.py:345] - SUCCESS: ✅ Get single package 17 successful
2026-07-21 07:44:55 - GeoTravelGlobalLogger - INFO     - [logger.py:345] - ✅ Saved test-specific logs: reports/logs/src_tests_api_tests_test_package_api.py_TestPackageAPI_test_get_single_package_074455.log
2026-07-21 07:44:55 - GeoTravelGlobalLogger - INFO     - [logger.py:345] - Test result added: src/tests/api_tests/test_package_api.py::TestPackageAPI::test_get_single_package - PASS (Duration: 0.31s)
2026-07-21 07:44:55 - GeoTravelGlobalLogger - INFO     - [logger.py:345] - Added test result to API SMOKE TEST: src/tests/api_tests/test_package_api.py::TestPackageAPI::test_get_single_package - PASS
2026-07-21 07:44:55 - GeoTravelGlobalLogger - INFO     - [logger.py:345] - Retrieved credentials from environment for: geo.qa.bot@gmail.com
2026-07-21 07:44:55 - GeoTravelGlobalLogger - INFO     - [logger.py:345] - Attempting login with email: geo.qa.bot@gmail.com
2026-07-21 07:44:55 - GeoTravelGlobalLogger - INFO     - [logger.py:345] - 🔍 _request START - Current self.headers: {'Content-Type': 'application/json', 'Accept': 'application/json', 'X-Client-Type': 'retail'}
2026-07-21 07:44:55 - GeoTravelGlobalLogger - INFO     - [logger.py:345] - 🔍 _request - kwargs headers: {}
2026-07-21 07:44:55 - GeoTravelGlobalLogger - INFO     - [logger.py:345] - 🔍 _request FINAL headers being sent: {'Content-Type': 'application/json', 'Accept': 'application/json', 'X-Client-Type': 'retail'}
2026-07-21 07:44:55 - GeoTravelGlobalLogger - INFO     - [logger.py:345] - API Request: POST https://api.stg.gowithgeo.com/api/auth/login
2026-07-21 07:44:55 - GeoTravelGlobalLogger - INFO     - [logger.py:345] - API Response: 200
2026-07-21 07:44:55 - GeoTravelGlobalLogger - INFO     - [logger.py:345] - Token extracted via cookies (length: 167, valid)
2026-07-21 07:44:55 - GeoTravelGlobalLogger - INFO     - [logger.py:345] - ✅ Auth token set from cookies (Cookie header)
2026-07-21 07:44:55 - GeoTravelGlobalLogger - INFO     - [logger.py:345] - SUCCESS: ✅ Login successful - token set via cookies
2026-07-21 07:44:55 - GeoTravelGlobalLogger - INFO     - [logger.py:345] - SUCCESS: ✅ Authenticated successfully (token length: 167)
2026-07-21 07:44:55 - GeoTravelGlobalLogger - INFO     - [logger.py:345] - ✅ Auth token set from cookies (Cookie header)
2026-07-21 07:44:55 - GeoTravelGlobalLogger - INFO     - [logger.py:345] - ✅ Auth token set from cookies (Cookie header)
2026-07-21 07:44:55 - GeoTravelGlobalLogger - INFO     - [logger.py:345] - === Testing Search Packages ===
2026-07-21 07:44:55 - GeoTravelGlobalLogger - INFO     - [logger.py:345] - 🔍 _request START - Current self.headers: {'Content-Type': 'application/json', 'Accept': 'application/json', 'X-Client-Type': 'retail', 'Cookie': 'retail_access_token=eyJhbGciOiJIUzI1NiIsInR5cCI6IkpXVCJ9.eyJpZCI6MTUxLCJ1c2VyVHlwZSI6IlJFVEFJTCIsImlhdCI6MTc4NDYxOTg5NSwiZXhwIjoxNzg0NjYzMDk1fQ.oPWuPTNVyz5NwwnZLtzevHuzPqSMqzSS9-e_LVHt33U'}
2026-07-21 07:44:55 - GeoTravelGlobalLogger - INFO     - [logger.py:345] - 🔍 _request - kwargs headers: {}
2026-07-21 07:44:55 - GeoTravelGlobalLogger - INFO     - [logger.py:345] - 🔍 _request FINAL headers being sent: {'Content-Type': 'application/json', 'Accept': 'application/json', 'X-Client-Type': 'retail', 'Cookie': 'retail_access_token=eyJhbGciOiJIUzI1NiIsInR5cCI6IkpXVCJ9.eyJpZCI6MTUxLCJ1c2VyVHlwZSI6IlJFVEFJTCIsImlhdCI6MTc4NDYxOTg5NSwiZXhwIjoxNzg0NjYzMDk1fQ.oPWuPTNVyz5NwwnZLtzevHuzPqSMqzSS9-e_LVHt33U'}
2026-07-21 07:44:55 - GeoTravelGlobalLogger - INFO     - [logger.py:345] - API Request: GET https://api.stg.gowithgeo.com/api/package/all
2026-07-21 07:44:55 - GeoTravelGlobalLogger - INFO     - [logger.py:345] - API Response: 200
2026-07-21 07:44:55 - GeoTravelGlobalLogger - INFO     - [logger.py:345] - SUCCESS: ✅ Search packages successful
2026-07-21 07:44:55 - GeoTravelGlobalLogger - INFO     - [logger.py:345] - ✅ Saved test-specific logs: reports/logs/src_tests_api_tests_test_package_api.py_TestPackageAPI_test_search_packages_074455.log
2026-07-21 07:44:55 - GeoTravelGlobalLogger - INFO     - [logger.py:345] - Test result added: src/tests/api_tests/test_package_api.py::TestPackageAPI::test_search_packages - PASS (Duration: 0.21s)
2026-07-21 07:44:55 - GeoTravelGlobalLogger - INFO     - [logger.py:345] - Added test result to API SMOKE TEST: src/tests/api_tests/test_package_api.py::TestPackageAPI::test_search_packages - PASS
2026-07-21 07:44:55 - GeoTravelGlobalLogger - INFO     - [logger.py:345] - Retrieved credentials from environment for: geo.qa.bot@gmail.com
2026-07-21 07:44:55 - GeoTravelGlobalLogger - INFO     - [logger.py:345] - Attempting login with email: geo.qa.bot@gmail.com
2026-07-21 07:44:55 - GeoTravelGlobalLogger - INFO     - [logger.py:345] - 🔍 _request START - Current self.headers: {'Content-Type': 'application/json', 'Accept': 'application/json', 'X-Client-Type': 'retail'}
2026-07-21 07:44:55 - GeoTravelGlobalLogger - INFO     - [logger.py:345] - 🔍 _request - kwargs headers: {}
2026-07-21 07:44:55 - GeoTravelGlobalLogger - INFO     - [logger.py:345] - 🔍 _request FINAL headers being sent: {'Content-Type': 'application/json', 'Accept': 'application/json', 'X-Client-Type': 'retail'}
2026-07-21 07:44:55 - GeoTravelGlobalLogger - INFO     - [logger.py:345] - API Request: POST https://api.stg.gowithgeo.com/api/auth/login
2026-07-21 07:44:55 - GeoTravelGlobalLogger - INFO     - [logger.py:345] - API Response: 200
2026-07-21 07:44:55 - GeoTravelGlobalLogger - INFO     - [logger.py:345] - Token extracted via cookies (length: 167, valid)
2026-07-21 07:44:55 - GeoTravelGlobalLogger - INFO     - [logger.py:345] - ✅ Auth token set from cookies (Cookie header)
2026-07-21 07:44:55 - GeoTravelGlobalLogger - INFO     - [logger.py:345] - SUCCESS: ✅ Login successful - token set via cookies
2026-07-21 07:44:55 - GeoTravelGlobalLogger - INFO     - [logger.py:345] - SUCCESS: ✅ Authenticated successfully (token length: 167)
2026-07-21 07:44:55 - GeoTravelGlobalLogger - INFO     - [logger.py:345] - ✅ Auth token set from cookies (Cookie header)
2026-07-21 07:44:55 - GeoTravelGlobalLogger - INFO     - [logger.py:345] - ✅ Auth token set from cookies (Cookie header)
2026-07-21 07:44:55 - GeoTravelGlobalLogger - INFO     - [logger.py:345] - === Testing Get All Deals ===
2026-07-21 07:44:55 - GeoTravelGlobalLogger - INFO     - [logger.py:345] - 🔍 _request START - Current self.headers: {'Content-Type': 'application/json', 'Accept': 'application/json', 'X-Client-Type': 'retail', 'Cookie': 'retail_access_token=eyJhbGciOiJIUzI1NiIsInR5cCI6IkpXVCJ9.eyJpZCI6MTUxLCJ1c2VyVHlwZSI6IlJFVEFJTCIsImlhdCI6MTc4NDYxOTg5NSwiZXhwIjoxNzg0NjYzMDk1fQ.oPWuPTNVyz5NwwnZLtzevHuzPqSMqzSS9-e_LVHt33U'}
2026-07-21 07:44:55 - GeoTravelGlobalLogger - INFO     - [logger.py:345] - 🔍 _request - kwargs headers: {}
2026-07-21 07:44:55 - GeoTravelGlobalLogger - INFO     - [logger.py:345] - 🔍 _request FINAL headers being sent: {'Content-Type': 'application/json', 'Accept': 'application/json', 'X-Client-Type': 'retail', 'Cookie': 'retail_access_token=eyJhbGciOiJIUzI1NiIsInR5cCI6IkpXVCJ9.eyJpZCI6MTUxLCJ1c2VyVHlwZSI6IlJFVEFJTCIsImlhdCI6MTc4NDYxOTg5NSwiZXhwIjoxNzg0NjYzMDk1fQ.oPWuPTNVyz5NwwnZLtzevHuzPqSMqzSS9-e_LVHt33U'}
2026-07-21 07:44:55 - GeoTravelGlobalLogger - INFO     - [logger.py:345] - API Request: GET https://api.stg.gowithgeo.com/api/package/deal/all
2026-07-21 07:44:56 - GeoTravelGlobalLogger - INFO     - [logger.py:345] - API Response: 200
2026-07-21 07:44:56 - GeoTravelGlobalLogger - INFO     - [logger.py:345] - SUCCESS: ✅ Get all deals successful
2026-07-21 07:44:56 - GeoTravelGlobalLogger - INFO     - [logger.py:345] - ✅ Saved test-specific logs: reports/logs/src_tests_api_tests_test_package_api.py_TestPackageAPI_test_get_all_deals_074456.log
2026-07-21 07:44:56 - GeoTravelGlobalLogger - INFO     - [logger.py:345] - Test result added: src/tests/api_tests/test_package_api.py::TestPackageAPI::test_get_all_deals - PASS (Duration: 0.21s)
2026-07-21 07:44:56 - GeoTravelGlobalLogger - INFO     - [logger.py:345] - Added test result to API SMOKE TEST: src/tests/api_tests/test_package_api.py::TestPackageAPI::test_get_all_deals - PASS
2026-07-21 07:44:56 - GeoTravelGlobalLogger - INFO     - [logger.py:345] - Retrieved credentials from environment for: geo.qa.bot@gmail.com
2026-07-21 07:44:56 - GeoTravelGlobalLogger - INFO     - [logger.py:345] - Attempting login with email: geo.qa.bot@gmail.com
2026-07-21 07:44:56 - GeoTravelGlobalLogger - INFO     - [logger.py:345] - 🔍 _request START - Current self.headers: {'Content-Type': 'application/json', 'Accept': 'application/json', 'X-Client-Type': 'retail'}
2026-07-21 07:44:56 - GeoTravelGlobalLogger - INFO     - [logger.py:345] - 🔍 _request - kwargs headers: {}
2026-07-21 07:44:56 - GeoTravelGlobalLogger - INFO     - [logger.py:345] - 🔍 _request FINAL headers being sent: {'Content-Type': 'application/json', 'Accept': 'application/json', 'X-Client-Type': 'retail'}
2026-07-21 07:44:56 - GeoTravelGlobalLogger - INFO     - [logger.py:345] - API Request: POST https://api.stg.gowithgeo.com/api/auth/login
2026-07-21 07:44:56 - GeoTravelGlobalLogger - INFO     - [logger.py:345] - API Response: 200
2026-07-21 07:44:56 - GeoTravelGlobalLogger - INFO     - [logger.py:345] - Token extracted via cookies (length: 167, valid)
2026-07-21 07:44:56 - GeoTravelGlobalLogger - INFO     - [logger.py:345] - ✅ Auth token set from cookies (Cookie header)
2026-07-21 07:44:56 - GeoTravelGlobalLogger - INFO     - [logger.py:345] - SUCCESS: ✅ Login successful - token set via cookies
2026-07-21 07:44:56 - GeoTravelGlobalLogger - INFO     - [logger.py:345] - SUCCESS: ✅ Authenticated successfully (token length: 167)
2026-07-21 07:44:56 - GeoTravelGlobalLogger - INFO     - [logger.py:345] - ✅ Auth token set from cookies (Cookie header)
2026-07-21 07:44:56 - GeoTravelGlobalLogger - INFO     - [logger.py:345] - ✅ Auth token set from cookies (Cookie header)
2026-07-21 07:44:56 - GeoTravelGlobalLogger - INFO     - [logger.py:345] - === Testing Get Single Deal ===
2026-07-21 07:44:56 - GeoTravelGlobalLogger - INFO     - [logger.py:345] - 🔍 _request START - Current self.headers: {'Content-Type': 'application/json', 'Accept': 'application/json', 'X-Client-Type': 'retail', 'Cookie': 'retail_access_token=eyJhbGciOiJIUzI1NiIsInR5cCI6IkpXVCJ9.eyJpZCI6MTUxLCJ1c2VyVHlwZSI6IlJFVEFJTCIsImlhdCI6MTc4NDYxOTg5NiwiZXhwIjoxNzg0NjYzMDk2fQ.DLlt8wkgTY_jp8UVwv7z7-sC4NWsmrFUwxYuXgSr9iw'}
2026-07-21 07:44:56 - GeoTravelGlobalLogger - INFO     - [logger.py:345] - 🔍 _request - kwargs headers: {}
2026-07-21 07:44:56 - GeoTravelGlobalLogger - INFO     - [logger.py:345] - 🔍 _request FINAL headers being sent: {'Content-Type': 'application/json', 'Accept': 'application/json', 'X-Client-Type': 'retail', 'Cookie': 'retail_access_token=eyJhbGciOiJIUzI1NiIsInR5cCI6IkpXVCJ9.eyJpZCI6MTUxLCJ1c2VyVHlwZSI6IlJFVEFJTCIsImlhdCI6MTc4NDYxOTg5NiwiZXhwIjoxNzg0NjYzMDk2fQ.DLlt8wkgTY_jp8UVwv7z7-sC4NWsmrFUwxYuXgSr9iw'}
2026-07-21 07:44:56 - GeoTravelGlobalLogger - INFO     - [logger.py:345] - API Request: GET https://api.stg.gowithgeo.com/api/package/deal/all
2026-07-21 07:44:56 - GeoTravelGlobalLogger - INFO     - [logger.py:345] - API Response: 200
2026-07-21 07:44:56 - GeoTravelGlobalLogger - INFO     - [logger.py:345] - 🔍 _request START - Current self.headers: {'Content-Type': 'application/json', 'Accept': 'application/json', 'X-Client-Type': 'retail', 'Cookie': 'retail_access_token=eyJhbGciOiJIUzI1NiIsInR5cCI6IkpXVCJ9.eyJpZCI6MTUxLCJ1c2VyVHlwZSI6IlJFVEFJTCIsImlhdCI6MTc4NDYxOTg5NiwiZXhwIjoxNzg0NjYzMDk2fQ.DLlt8wkgTY_jp8UVwv7z7-sC4NWsmrFUwxYuXgSr9iw'}
2026-07-21 07:44:56 - GeoTravelGlobalLogger - INFO     - [logger.py:345] - 🔍 _request - kwargs headers: {}
2026-07-21 07:44:56 - GeoTravelGlobalLogger - INFO     - [logger.py:345] - 🔍 _request FINAL headers being sent: {'Content-Type': 'application/json', 'Accept': 'application/json', 'X-Client-Type': 'retail', 'Cookie': 'retail_access_token=eyJhbGciOiJIUzI1NiIsInR5cCI6IkpXVCJ9.eyJpZCI6MTUxLCJ1c2VyVHlwZSI6IlJFVEFJTCIsImlhdCI6MTc4NDYxOTg5NiwiZXhwIjoxNzg0NjYzMDk2fQ.DLlt8wkgTY_jp8UVwv7z7-sC4NWsmrFUwxYuXgSr9iw'}
2026-07-21 07:44:56 - GeoTravelGlobalLogger - INFO     - [logger.py:345] - API Request: GET https://api.stg.gowithgeo.com/api/package/deal/11
2026-07-21 07:44:56 - GeoTravelGlobalLogger - INFO     - [logger.py:345] - API Response: 200
2026-07-21 07:44:56 - GeoTravelGlobalLogger - INFO     - [logger.py:345] - SUCCESS: ✅ Get single deal 11 successful
2026-07-21 07:44:56 - GeoTravelGlobalLogger - INFO     - [logger.py:345] - ✅ Saved test-specific logs: reports/logs/src_tests_api_tests_test_package_api.py_TestPackageAPI_test_get_single_deal_074456.log
2026-07-21 07:44:56 - GeoTravelGlobalLogger - INFO     - [logger.py:345] - Test result added: src/tests/api_tests/test_package_api.py::TestPackageAPI::test_get_single_deal - PASS (Duration: 0.33s)
2026-07-21 07:44:56 - GeoTravelGlobalLogger - INFO     - [logger.py:345] - Added test result to API SMOKE TEST: src/tests/api_tests/test_package_api.py::TestPackageAPI::test_get_single_deal - PASS
2026-07-21 07:44:56 - GeoTravelGlobalLogger - INFO     - [logger.py:345] - Retrieved credentials from environment for: geo.qa.bot@gmail.com
2026-07-21 07:44:56 - GeoTravelGlobalLogger - INFO     - [logger.py:345] - Attempting login with email: geo.qa.bot@gmail.com
2026-07-21 07:44:56 - GeoTravelGlobalLogger - INFO     - [logger.py:345] - 🔍 _request START - Current self.headers: {'Content-Type': 'application/json', 'Accept': 'application/json', 'X-Client-Type': 'retail'}
2026-07-21 07:44:56 - GeoTravelGlobalLogger - INFO     - [logger.py:345] - 🔍 _request - kwargs headers: {}
2026-07-21 07:44:56 - GeoTravelGlobalLogger - INFO     - [logger.py:345] - 🔍 _request FINAL headers being sent: {'Content-Type': 'application/json', 'Accept': 'application/json', 'X-Client-Type': 'retail'}
2026-07-21 07:44:56 - GeoTravelGlobalLogger - INFO     - [logger.py:345] - API Request: POST https://api.stg.gowithgeo.com/api/auth/login
2026-07-21 07:44:57 - GeoTravelGlobalLogger - INFO     - [logger.py:345] - API Response: 200
2026-07-21 07:44:57 - GeoTravelGlobalLogger - INFO     - [logger.py:345] - Token extracted via cookies (length: 167, valid)
2026-07-21 07:44:57 - GeoTravelGlobalLogger - INFO     - [logger.py:345] - ✅ Auth token set from cookies (Cookie header)
2026-07-21 07:44:57 - GeoTravelGlobalLogger - INFO     - [logger.py:345] - SUCCESS: ✅ Login successful - token set via cookies
2026-07-21 07:44:57 - GeoTravelGlobalLogger - INFO     - [logger.py:345] - SUCCESS: ✅ Authenticated successfully (token length: 167)
2026-07-21 07:44:57 - GeoTravelGlobalLogger - INFO     - [logger.py:345] - ✅ Auth token set from cookies (Cookie header)
2026-07-21 07:44:57 - GeoTravelGlobalLogger - INFO     - [logger.py:345] - ✅ Auth token set from cookies (Cookie header)
2026-07-21 07:44:57 - GeoTravelGlobalLogger - INFO     - [logger.py:345] - === Testing AUTHENTICATED GROUP - Full Payment ===
2026-07-21 07:44:57 - GeoTravelGlobalLogger - INFO     - [logger.py:345] - 🔍 _request START - Current self.headers: {'Content-Type': 'application/json', 'Accept': 'application/json', 'X-Client-Type': 'retail', 'Cookie': 'retail_access_token=eyJhbGciOiJIUzI1NiIsInR5cCI6IkpXVCJ9.eyJpZCI6MTUxLCJ1c2VyVHlwZSI6IlJFVEFJTCIsImlhdCI6MTc4NDYxOTg5NywiZXhwIjoxNzg0NjYzMDk3fQ.7exuTd-0gDDYTmj817lriO2S4oSMlo0bOCA6ntpC7pQ'}
2026-07-21 07:44:57 - GeoTravelGlobalLogger - INFO     - [logger.py:345] - 🔍 _request - kwargs headers: {}
2026-07-21 07:44:57 - GeoTravelGlobalLogger - INFO     - [logger.py:345] - 🔍 _request FINAL headers being sent: {'Content-Type': 'application/json', 'Accept': 'application/json', 'X-Client-Type': 'retail', 'Cookie': 'retail_access_token=eyJhbGciOiJIUzI1NiIsInR5cCI6IkpXVCJ9.eyJpZCI6MTUxLCJ1c2VyVHlwZSI6IlJFVEFJTCIsImlhdCI6MTc4NDYxOTg5NywiZXhwIjoxNzg0NjYzMDk3fQ.7exuTd-0gDDYTmj817lriO2S4oSMlo0bOCA6ntpC7pQ'}
2026-07-21 07:44:57 - GeoTravelGlobalLogger - INFO     - [logger.py:345] - API Request: GET https://api.stg.gowithgeo.com/api/package/all
2026-07-21 07:44:57 - GeoTravelGlobalLogger - INFO     - [logger.py:345] - API Response: 200
2026-07-21 07:44:57 - GeoTravelGlobalLogger - INFO     - [logger.py:345] - 📦 Selected package: Abuja G (ID: 4)
2026-07-21 07:44:57 - GeoTravelGlobalLogger - INFO     - [logger.py:345] - 💰 Selected pricing: Group of 5 - ₦500000
2026-07-21 07:44:57 - GeoTravelGlobalLogger - INFO     - [logger.py:345] - 🔍 _request START - Current self.headers: {'Content-Type': 'application/json', 'Accept': 'application/json', 'X-Client-Type': 'retail', 'Cookie': 'retail_access_token=eyJhbGciOiJIUzI1NiIsInR5cCI6IkpXVCJ9.eyJpZCI6MTUxLCJ1c2VyVHlwZSI6IlJFVEFJTCIsImlhdCI6MTc4NDYxOTg5NywiZXhwIjoxNzg0NjYzMDk3fQ.7exuTd-0gDDYTmj817lriO2S4oSMlo0bOCA6ntpC7pQ'}
2026-07-21 07:44:57 - GeoTravelGlobalLogger - INFO     - [logger.py:345] - 🔍 _request - kwargs headers: {}
2026-07-21 07:44:57 - GeoTravelGlobalLogger - INFO     - [logger.py:345] - 🔍 _request FINAL headers being sent: {'Content-Type': 'application/json', 'Accept': 'application/json', 'X-Client-Type': 'retail', 'Cookie': 'retail_access_token=eyJhbGciOiJIUzI1NiIsInR5cCI6IkpXVCJ9.eyJpZCI6MTUxLCJ1c2VyVHlwZSI6IlJFVEFJTCIsImlhdCI6MTc4NDYxOTg5NywiZXhwIjoxNzg0NjYzMDk3fQ.7exuTd-0gDDYTmj817lriO2S4oSMlo0bOCA6ntpC7pQ'}
2026-07-21 07:44:57 - GeoTravelGlobalLogger - INFO     - [logger.py:345] - API Request: GET https://api.stg.gowithgeo.com/api/package/user/booked-packages
2026-07-21 07:44:58 - GeoTravelGlobalLogger - INFO     - [logger.py:345] - API Response: 200
2026-07-21 07:44:58 - GeoTravelGlobalLogger - INFO     - [logger.py:345] - 📊 Initial total bookings: 536
2026-07-21 07:44:58 - GeoTravelGlobalLogger - INFO     - [logger.py:345] - 📦 Payload: {'package': 4, 'full_name': 'GEO Bot', 'email': 'geo.qa.bot@gmail.com', 'phone': '1234567890', 'pricing_text': 'Group of 5', 'payment_mode': 'FULL_PRICE', 'adults': 2, 'children': 0, 'infants': 0, 'paymentMethod': 'manual payment'}
2026-07-21 07:44:58 - GeoTravelGlobalLogger - INFO     - [logger.py:345] - 🔍 _request START - Current self.headers: {'Content-Type': 'application/json', 'Accept': 'application/json', 'X-Client-Type': 'retail', 'Cookie': 'retail_access_token=eyJhbGciOiJIUzI1NiIsInR5cCI6IkpXVCJ9.eyJpZCI6MTUxLCJ1c2VyVHlwZSI6IlJFVEFJTCIsImlhdCI6MTc4NDYxOTg5NywiZXhwIjoxNzg0NjYzMDk3fQ.7exuTd-0gDDYTmj817lriO2S4oSMlo0bOCA6ntpC7pQ'}
2026-07-21 07:44:58 - GeoTravelGlobalLogger - INFO     - [logger.py:345] - 🔍 _request - kwargs headers: {}
2026-07-21 07:44:58 - GeoTravelGlobalLogger - INFO     - [logger.py:345] - 🔍 _request FINAL headers being sent: {'Content-Type': 'application/json', 'Accept': 'application/json', 'X-Client-Type': 'retail', 'Cookie': 'retail_access_token=eyJhbGciOiJIUzI1NiIsInR5cCI6IkpXVCJ9.eyJpZCI6MTUxLCJ1c2VyVHlwZSI6IlJFVEFJTCIsImlhdCI6MTc4NDYxOTg5NywiZXhwIjoxNzg0NjYzMDk3fQ.7exuTd-0gDDYTmj817lriO2S4oSMlo0bOCA6ntpC7pQ'}
2026-07-21 07:44:58 - GeoTravelGlobalLogger - INFO     - [logger.py:345] - API Request: POST https://api.stg.gowithgeo.com/api/package/book
2026-07-21 07:44:59 - GeoTravelGlobalLogger - INFO     - [logger.py:345] - API Response: 200
2026-07-21 07:44:59 - GeoTravelGlobalLogger - INFO     - [logger.py:345] - SUCCESS: ✅ Verified user_id = 151 is present
2026-07-21 07:44:59 - GeoTravelGlobalLogger - INFO     - [logger.py:345] - ✅ Bank Transfer - correct response structure
2026-07-21 07:45:01 - GeoTravelGlobalLogger - INFO     - [logger.py:345] - 🔍 _request START - Current self.headers: {'Content-Type': 'application/json', 'Accept': 'application/json', 'X-Client-Type': 'retail', 'Cookie': 'retail_access_token=eyJhbGciOiJIUzI1NiIsInR5cCI6IkpXVCJ9.eyJpZCI6MTUxLCJ1c2VyVHlwZSI6IlJFVEFJTCIsImlhdCI6MTc4NDYxOTg5NywiZXhwIjoxNzg0NjYzMDk3fQ.7exuTd-0gDDYTmj817lriO2S4oSMlo0bOCA6ntpC7pQ'}
2026-07-21 07:45:01 - GeoTravelGlobalLogger - INFO     - [logger.py:345] - 🔍 _request - kwargs headers: {}
2026-07-21 07:45:01 - GeoTravelGlobalLogger - INFO     - [logger.py:345] - 🔍 _request FINAL headers being sent: {'Content-Type': 'application/json', 'Accept': 'application/json', 'X-Client-Type': 'retail', 'Cookie': 'retail_access_token=eyJhbGciOiJIUzI1NiIsInR5cCI6IkpXVCJ9.eyJpZCI6MTUxLCJ1c2VyVHlwZSI6IlJFVEFJTCIsImlhdCI6MTc4NDYxOTg5NywiZXhwIjoxNzg0NjYzMDk3fQ.7exuTd-0gDDYTmj817lriO2S4oSMlo0bOCA6ntpC7pQ'}
2026-07-21 07:45:01 - GeoTravelGlobalLogger - INFO     - [logger.py:345] - API Request: GET https://api.stg.gowithgeo.com/api/package/user/booked-packages
2026-07-21 07:45:02 - GeoTravelGlobalLogger - INFO     - [logger.py:345] - API Response: 200
2026-07-21 07:45:02 - GeoTravelGlobalLogger - INFO     - [logger.py:345] - SUCCESS: ✅ Total bookings increased from 536 to 537
2026-07-21 07:45:02 - GeoTravelGlobalLogger - INFO     - [logger.py:345] - ✅ New booking ID 1819 confirmed via total items increase
2026-07-21 07:45:02 - GeoTravelGlobalLogger - INFO     - [logger.py:345] - SUCCESS: ✅ Authenticated GROUP full payment test passed
2026-07-21 07:45:02 - GeoTravelGlobalLogger - INFO     - [logger.py:345] - ✅ Saved test-specific logs: reports/logs/src_tests_api_tests_test_package_api.py_TestPackageAPI_test_authenticated_booking_group_full_payment_074502.log
2026-07-21 07:45:02 - GeoTravelGlobalLogger - INFO     - [logger.py:345] - Test result added: src/tests/api_tests/test_package_api.py::TestPackageAPI::test_authenticated_booking_group_full_payment - PASS (Duration: 5.26s)
2026-07-21 07:45:02 - GeoTravelGlobalLogger - INFO     - [logger.py:345] - Added test result to API SMOKE TEST: src/tests/api_tests/test_package_api.py::TestPackageAPI::test_authenticated_booking_group_full_payment - PASS
2026-07-21 07:45:02 - GeoTravelGlobalLogger - INFO     - [logger.py:345] - Retrieved credentials from environment for: geo.qa.bot@gmail.com
2026-07-21 07:45:02 - GeoTravelGlobalLogger - INFO     - [logger.py:345] - Attempting login with email: geo.qa.bot@gmail.com
2026-07-21 07:45:02 - GeoTravelGlobalLogger - INFO     - [logger.py:345] - 🔍 _request START - Current self.headers: {'Content-Type': 'application/json', 'Accept': 'application/json', 'X-Client-Type': 'retail'}
2026-07-21 07:45:02 - GeoTravelGlobalLogger - INFO     - [logger.py:345] - 🔍 _request - kwargs headers: {}
2026-07-21 07:45:02 - GeoTravelGlobalLogger - INFO     - [logger.py:345] - 🔍 _request FINAL headers being sent: {'Content-Type': 'application/json', 'Accept': 'application/json', 'X-Client-Type': 'retail'}
2026-07-21 07:45:02 - GeoTravelGlobalLogger - INFO     - [logger.py:345] - API Request: POST https://api.stg.gowithgeo.com/api/auth/login
2026-07-21 07:45:02 - GeoTravelGlobalLogger - INFO     - [logger.py:345] - API Response: 200
2026-07-21 07:45:02 - GeoTravelGlobalLogger - INFO     - [logger.py:345] - Token extracted via cookies (length: 167, valid)
2026-07-21 07:45:02 - GeoTravelGlobalLogger - INFO     - [logger.py:345] - ✅ Auth token set from cookies (Cookie header)
2026-07-21 07:45:02 - GeoTravelGlobalLogger - INFO     - [logger.py:345] - SUCCESS: ✅ Login successful - token set via cookies
2026-07-21 07:45:02 - GeoTravelGlobalLogger - INFO     - [logger.py:345] - SUCCESS: ✅ Authenticated successfully (token length: 167)
2026-07-21 07:45:02 - GeoTravelGlobalLogger - INFO     - [logger.py:345] - ✅ Auth token set from cookies (Cookie header)
2026-07-21 07:45:02 - GeoTravelGlobalLogger - INFO     - [logger.py:345] - ✅ Auth token set from cookies (Cookie header)
2026-07-21 07:45:02 - GeoTravelGlobalLogger - INFO     - [logger.py:345] - === Testing AUTHENTICATED GROUP - Lockdown Payment ===
2026-07-21 07:45:02 - GeoTravelGlobalLogger - INFO     - [logger.py:345] - 🔍 _request START - Current self.headers: {'Content-Type': 'application/json', 'Accept': 'application/json', 'X-Client-Type': 'retail', 'Cookie': 'retail_access_token=eyJhbGciOiJIUzI1NiIsInR5cCI6IkpXVCJ9.eyJpZCI6MTUxLCJ1c2VyVHlwZSI6IlJFVEFJTCIsImlhdCI6MTc4NDYxOTkwMiwiZXhwIjoxNzg0NjYzMTAyfQ.u9H-cPKpqF7CNJ1vJSFt0RZ9rsG0EdjB1Okuc2G0pz4'}
2026-07-21 07:45:02 - GeoTravelGlobalLogger - INFO     - [logger.py:345] - 🔍 _request - kwargs headers: {}
2026-07-21 07:45:02 - GeoTravelGlobalLogger - INFO     - [logger.py:345] - 🔍 _request FINAL headers being sent: {'Content-Type': 'application/json', 'Accept': 'application/json', 'X-Client-Type': 'retail', 'Cookie': 'retail_access_token=eyJhbGciOiJIUzI1NiIsInR5cCI6IkpXVCJ9.eyJpZCI6MTUxLCJ1c2VyVHlwZSI6IlJFVEFJTCIsImlhdCI6MTc4NDYxOTkwMiwiZXhwIjoxNzg0NjYzMTAyfQ.u9H-cPKpqF7CNJ1vJSFt0RZ9rsG0EdjB1Okuc2G0pz4'}
2026-07-21 07:45:02 - GeoTravelGlobalLogger - INFO     - [logger.py:345] - API Request: GET https://api.stg.gowithgeo.com/api/package/all
2026-07-21 07:45:03 - GeoTravelGlobalLogger - INFO     - [logger.py:345] - API Response: 200
2026-07-21 07:45:03 - GeoTravelGlobalLogger - INFO     - [logger.py:345] - 📦 Selected package: Qatar Christmas Package (ID: 16)
2026-07-21 07:45:03 - GeoTravelGlobalLogger - INFO     - [logger.py:345] - 💰 Selected pricing: Early bird - ₦1000
2026-07-21 07:45:03 - GeoTravelGlobalLogger - INFO     - [logger.py:345] - 🔍 _request START - Current self.headers: {'Content-Type': 'application/json', 'Accept': 'application/json', 'X-Client-Type': 'retail', 'Cookie': 'retail_access_token=eyJhbGciOiJIUzI1NiIsInR5cCI6IkpXVCJ9.eyJpZCI6MTUxLCJ1c2VyVHlwZSI6IlJFVEFJTCIsImlhdCI6MTc4NDYxOTkwMiwiZXhwIjoxNzg0NjYzMTAyfQ.u9H-cPKpqF7CNJ1vJSFt0RZ9rsG0EdjB1Okuc2G0pz4'}
2026-07-21 07:45:03 - GeoTravelGlobalLogger - INFO     - [logger.py:345] - 🔍 _request - kwargs headers: {}
2026-07-21 07:45:03 - GeoTravelGlobalLogger - INFO     - [logger.py:345] - 🔍 _request FINAL headers being sent: {'Content-Type': 'application/json', 'Accept': 'application/json', 'X-Client-Type': 'retail', 'Cookie': 'retail_access_token=eyJhbGciOiJIUzI1NiIsInR5cCI6IkpXVCJ9.eyJpZCI6MTUxLCJ1c2VyVHlwZSI6IlJFVEFJTCIsImlhdCI6MTc4NDYxOTkwMiwiZXhwIjoxNzg0NjYzMTAyfQ.u9H-cPKpqF7CNJ1vJSFt0RZ9rsG0EdjB1Okuc2G0pz4'}
2026-07-21 07:45:03 - GeoTravelGlobalLogger - INFO     - [logger.py:345] - API Request: GET https://api.stg.gowithgeo.com/api/package/user/booked-packages
2026-07-21 07:45:03 - GeoTravelGlobalLogger - INFO     - [logger.py:345] - API Response: 200
2026-07-21 07:45:03 - GeoTravelGlobalLogger - INFO     - [logger.py:345] - 📊 Initial total bookings: 537
2026-07-21 07:45:03 - GeoTravelGlobalLogger - INFO     - [logger.py:345] - 📦 Payload: {'package': 16, 'full_name': 'GEO Bot', 'email': 'geo.qa.bot@gmail.com', 'phone': '1234567890', 'pricing_text': 'Early bird', 'payment_mode': 'LOCKDOWN', 'adults': 1, 'children': 0, 'infants': 0, 'paymentMethod': 'paystack'}
2026-07-21 07:45:03 - GeoTravelGlobalLogger - INFO     - [logger.py:345] - 🔍 _request START - Current self.headers: {'Content-Type': 'application/json', 'Accept': 'application/json', 'X-Client-Type': 'retail', 'Cookie': 'retail_access_token=eyJhbGciOiJIUzI1NiIsInR5cCI6IkpXVCJ9.eyJpZCI6MTUxLCJ1c2VyVHlwZSI6IlJFVEFJTCIsImlhdCI6MTc4NDYxOTkwMiwiZXhwIjoxNzg0NjYzMTAyfQ.u9H-cPKpqF7CNJ1vJSFt0RZ9rsG0EdjB1Okuc2G0pz4'}
2026-07-21 07:45:03 - GeoTravelGlobalLogger - INFO     - [logger.py:345] - 🔍 _request - kwargs headers: {}
2026-07-21 07:45:03 - GeoTravelGlobalLogger - INFO     - [logger.py:345] - 🔍 _request FINAL headers being sent: {'Content-Type': 'application/json', 'Accept': 'application/json', 'X-Client-Type': 'retail', 'Cookie': 'retail_access_token=eyJhbGciOiJIUzI1NiIsInR5cCI6IkpXVCJ9.eyJpZCI6MTUxLCJ1c2VyVHlwZSI6IlJFVEFJTCIsImlhdCI6MTc4NDYxOTkwMiwiZXhwIjoxNzg0NjYzMTAyfQ.u9H-cPKpqF7CNJ1vJSFt0RZ9rsG0EdjB1Okuc2G0pz4'}
2026-07-21 07:45:03 - GeoTravelGlobalLogger - INFO     - [logger.py:345] - API Request: POST https://api.stg.gowithgeo.com/api/package/book
2026-07-21 07:45:05 - GeoTravelGlobalLogger - INFO     - [logger.py:345] - API Response: 200
2026-07-21 07:45:05 - GeoTravelGlobalLogger - INFO     - [logger.py:345] - SUCCESS: ✅ Verified user_id = 151 is present
2026-07-21 07:45:05 - GeoTravelGlobalLogger - INFO     - [logger.py:345] - ✅ paystack - paymentLink present
2026-07-21 07:45:07 - GeoTravelGlobalLogger - INFO     - [logger.py:345] - 🔍 _request START - Current self.headers: {'Content-Type': 'application/json', 'Accept': 'application/json', 'X-Client-Type': 'retail', 'Cookie': 'retail_access_token=eyJhbGciOiJIUzI1NiIsInR5cCI6IkpXVCJ9.eyJpZCI6MTUxLCJ1c2VyVHlwZSI6IlJFVEFJTCIsImlhdCI6MTc4NDYxOTkwMiwiZXhwIjoxNzg0NjYzMTAyfQ.u9H-cPKpqF7CNJ1vJSFt0RZ9rsG0EdjB1Okuc2G0pz4'}
2026-07-21 07:45:07 - GeoTravelGlobalLogger - INFO     - [logger.py:345] - 🔍 _request - kwargs headers: {}
2026-07-21 07:45:07 - GeoTravelGlobalLogger - INFO     - [logger.py:345] - 🔍 _request FINAL headers being sent: {'Content-Type': 'application/json', 'Accept': 'application/json', 'X-Client-Type': 'retail', 'Cookie': 'retail_access_token=eyJhbGciOiJIUzI1NiIsInR5cCI6IkpXVCJ9.eyJpZCI6MTUxLCJ1c2VyVHlwZSI6IlJFVEFJTCIsImlhdCI6MTc4NDYxOTkwMiwiZXhwIjoxNzg0NjYzMTAyfQ.u9H-cPKpqF7CNJ1vJSFt0RZ9rsG0EdjB1Okuc2G0pz4'}
2026-07-21 07:45:07 - GeoTravelGlobalLogger - INFO     - [logger.py:345] - API Request: GET https://api.stg.gowithgeo.com/api/package/user/booked-packages
2026-07-21 07:45:07 - GeoTravelGlobalLogger - INFO     - [logger.py:345] - API Response: 200
2026-07-21 07:45:07 - GeoTravelGlobalLogger - INFO     - [logger.py:345] - SUCCESS: ✅ Total bookings increased from 537 to 538
2026-07-21 07:45:07 - GeoTravelGlobalLogger - INFO     - [logger.py:345] - ✅ New booking ID 1820 confirmed via total items increase
2026-07-21 07:45:07 - GeoTravelGlobalLogger - INFO     - [logger.py:345] - SUCCESS: ✅ Authenticated GROUP lockdown payment test passed
2026-07-21 07:45:07 - GeoTravelGlobalLogger - INFO     - [logger.py:345] - ✅ Saved test-specific logs: reports/logs/src_tests_api_tests_test_package_api.py_TestPackageAPI_test_authenticated_booking_group_lockdown_payment_074507.log
2026-07-21 07:45:07 - GeoTravelGlobalLogger - INFO     - [logger.py:345] - Test result added: src/tests/api_tests/test_package_api.py::TestPackageAPI::test_authenticated_booking_group_lockdown_payment - PASS (Duration: 5.04s)
2026-07-21 07:45:07 - GeoTravelGlobalLogger - INFO     - [logger.py:345] - Added test result to API SMOKE TEST: src/tests/api_tests/test_package_api.py::TestPackageAPI::test_authenticated_booking_group_lockdown_payment - PASS
2026-07-21 07:45:07 - GeoTravelGlobalLogger - INFO     - [logger.py:345] - Retrieved credentials from environment for: geo.qa.bot@gmail.com
2026-07-21 07:45:07 - GeoTravelGlobalLogger - INFO     - [logger.py:345] - Attempting login with email: geo.qa.bot@gmail.com
2026-07-21 07:45:07 - GeoTravelGlobalLogger - INFO     - [logger.py:345] - 🔍 _request START - Current self.headers: {'Content-Type': 'application/json', 'Accept': 'application/json', 'X-Client-Type': 'retail'}
2026-07-21 07:45:07 - GeoTravelGlobalLogger - INFO     - [logger.py:345] - 🔍 _request - kwargs headers: {}
2026-07-21 07:45:07 - GeoTravelGlobalLogger - INFO     - [logger.py:345] - 🔍 _request FINAL headers being sent: {'Content-Type': 'application/json', 'Accept': 'application/json', 'X-Client-Type': 'retail'}
2026-07-21 07:45:07 - GeoTravelGlobalLogger - INFO     - [logger.py:345] - API Request: POST https://api.stg.gowithgeo.com/api/auth/login
2026-07-21 07:45:08 - GeoTravelGlobalLogger - INFO     - [logger.py:345] - API Response: 200
2026-07-21 07:45:08 - GeoTravelGlobalLogger - INFO     - [logger.py:345] - Token extracted via cookies (length: 167, valid)
2026-07-21 07:45:08 - GeoTravelGlobalLogger - INFO     - [logger.py:345] - ✅ Auth token set from cookies (Cookie header)
2026-07-21 07:45:08 - GeoTravelGlobalLogger - INFO     - [logger.py:345] - SUCCESS: ✅ Login successful - token set via cookies
2026-07-21 07:45:08 - GeoTravelGlobalLogger - INFO     - [logger.py:345] - SUCCESS: ✅ Authenticated successfully (token length: 167)
2026-07-21 07:45:08 - GeoTravelGlobalLogger - INFO     - [logger.py:345] - ✅ Auth token set from cookies (Cookie header)
2026-07-21 07:45:08 - GeoTravelGlobalLogger - INFO     - [logger.py:345] - ✅ Auth token set from cookies (Cookie header)
2026-07-21 07:45:08 - GeoTravelGlobalLogger - INFO     - [logger.py:345] - === Testing AUTHENTICATED GROUP - Deal Price ===
2026-07-21 07:45:08 - GeoTravelGlobalLogger - INFO     - [logger.py:345] - 🔍 _request START - Current self.headers: {'Content-Type': 'application/json', 'Accept': 'application/json', 'X-Client-Type': 'retail', 'Cookie': 'retail_access_token=eyJhbGciOiJIUzI1NiIsInR5cCI6IkpXVCJ9.eyJpZCI6MTUxLCJ1c2VyVHlwZSI6IlJFVEFJTCIsImlhdCI6MTc4NDYxOTkwOCwiZXhwIjoxNzg0NjYzMTA4fQ.TLQjSfQ6CdAaViYnuPHwtfpp6yf5lWCVyxpN37MNWmI'}
2026-07-21 07:45:08 - GeoTravelGlobalLogger - INFO     - [logger.py:345] - 🔍 _request - kwargs headers: {}
2026-07-21 07:45:08 - GeoTravelGlobalLogger - INFO     - [logger.py:345] - 🔍 _request FINAL headers being sent: {'Content-Type': 'application/json', 'Accept': 'application/json', 'X-Client-Type': 'retail', 'Cookie': 'retail_access_token=eyJhbGciOiJIUzI1NiIsInR5cCI6IkpXVCJ9.eyJpZCI6MTUxLCJ1c2VyVHlwZSI6IlJFVEFJTCIsImlhdCI6MTc4NDYxOTkwOCwiZXhwIjoxNzg0NjYzMTA4fQ.TLQjSfQ6CdAaViYnuPHwtfpp6yf5lWCVyxpN37MNWmI'}
2026-07-21 07:45:08 - GeoTravelGlobalLogger - INFO     - [logger.py:345] - API Request: GET https://api.stg.gowithgeo.com/api/package/all
2026-07-21 07:45:08 - GeoTravelGlobalLogger - INFO     - [logger.py:345] - API Response: 200
2026-07-21 07:45:08 - GeoTravelGlobalLogger - INFO     - [logger.py:345] - 📦 Selected package with deal: Lagos Group Adventure – Discover Kenya's Heart in 5 Days (ID: 13)
2026-07-21 07:45:08 - GeoTravelGlobalLogger - INFO     - [logger.py:345] - 💰 Selected pricing: One Adult - ₦180000
2026-07-21 07:45:08 - GeoTravelGlobalLogger - INFO     - [logger.py:345] - 🔍 _request START - Current self.headers: {'Content-Type': 'application/json', 'Accept': 'application/json', 'X-Client-Type': 'retail', 'Cookie': 'retail_access_token=eyJhbGciOiJIUzI1NiIsInR5cCI6IkpXVCJ9.eyJpZCI6MTUxLCJ1c2VyVHlwZSI6IlJFVEFJTCIsImlhdCI6MTc4NDYxOTkwOCwiZXhwIjoxNzg0NjYzMTA4fQ.TLQjSfQ6CdAaViYnuPHwtfpp6yf5lWCVyxpN37MNWmI'}
2026-07-21 07:45:08 - GeoTravelGlobalLogger - INFO     - [logger.py:345] - 🔍 _request - kwargs headers: {}
2026-07-21 07:45:08 - GeoTravelGlobalLogger - INFO     - [logger.py:345] - 🔍 _request FINAL headers being sent: {'Content-Type': 'application/json', 'Accept': 'application/json', 'X-Client-Type': 'retail', 'Cookie': 'retail_access_token=eyJhbGciOiJIUzI1NiIsInR5cCI6IkpXVCJ9.eyJpZCI6MTUxLCJ1c2VyVHlwZSI6IlJFVEFJTCIsImlhdCI6MTc4NDYxOTkwOCwiZXhwIjoxNzg0NjYzMTA4fQ.TLQjSfQ6CdAaViYnuPHwtfpp6yf5lWCVyxpN37MNWmI'}
2026-07-21 07:45:08 - GeoTravelGlobalLogger - INFO     - [logger.py:345] - API Request: GET https://api.stg.gowithgeo.com/api/package/user/booked-packages
2026-07-21 07:45:09 - GeoTravelGlobalLogger - INFO     - [logger.py:345] - API Response: 200
2026-07-21 07:45:09 - GeoTravelGlobalLogger - INFO     - [logger.py:345] - 📊 Initial total bookings: 538
2026-07-21 07:45:09 - GeoTravelGlobalLogger - INFO     - [logger.py:345] - 📦 Payload: {'package': 13, 'full_name': 'GEO Bot', 'email': 'geo.qa.bot@gmail.com', 'phone': '1234567890', 'pricing_text': 'One Adult', 'payment_mode': 'DEAL_PRICE', 'adults': 2, 'children': 1, 'infants': 0, 'paymentMethod': 'paystack'}
2026-07-21 07:45:09 - GeoTravelGlobalLogger - INFO     - [logger.py:345] - 🔍 _request START - Current self.headers: {'Content-Type': 'application/json', 'Accept': 'application/json', 'X-Client-Type': 'retail', 'Cookie': 'retail_access_token=eyJhbGciOiJIUzI1NiIsInR5cCI6IkpXVCJ9.eyJpZCI6MTUxLCJ1c2VyVHlwZSI6IlJFVEFJTCIsImlhdCI6MTc4NDYxOTkwOCwiZXhwIjoxNzg0NjYzMTA4fQ.TLQjSfQ6CdAaViYnuPHwtfpp6yf5lWCVyxpN37MNWmI'}
2026-07-21 07:45:09 - GeoTravelGlobalLogger - INFO     - [logger.py:345] - 🔍 _request - kwargs headers: {}
2026-07-21 07:45:09 - GeoTravelGlobalLogger - INFO     - [logger.py:345] - 🔍 _request FINAL headers being sent: {'Content-Type': 'application/json', 'Accept': 'application/json', 'X-Client-Type': 'retail', 'Cookie': 'retail_access_token=eyJhbGciOiJIUzI1NiIsInR5cCI6IkpXVCJ9.eyJpZCI6MTUxLCJ1c2VyVHlwZSI6IlJFVEFJTCIsImlhdCI6MTc4NDYxOTkwOCwiZXhwIjoxNzg0NjYzMTA4fQ.TLQjSfQ6CdAaViYnuPHwtfpp6yf5lWCVyxpN37MNWmI'}
2026-07-21 07:45:09 - GeoTravelGlobalLogger - INFO     - [logger.py:345] - API Request: POST https://api.stg.gowithgeo.com/api/package/book
2026-07-21 07:45:10 - GeoTravelGlobalLogger - INFO     - [logger.py:345] - API Response: 200
2026-07-21 07:45:10 - GeoTravelGlobalLogger - INFO     - [logger.py:345] - SUCCESS: ✅ Verified user_id = 151 is present
2026-07-21 07:45:10 - GeoTravelGlobalLogger - INFO     - [logger.py:345] - ✅ paystack - paymentLink present
2026-07-21 07:45:12 - GeoTravelGlobalLogger - INFO     - [logger.py:345] - 🔍 _request START - Current self.headers: {'Content-Type': 'application/json', 'Accept': 'application/json', 'X-Client-Type': 'retail', 'Cookie': 'retail_access_token=eyJhbGciOiJIUzI1NiIsInR5cCI6IkpXVCJ9.eyJpZCI6MTUxLCJ1c2VyVHlwZSI6IlJFVEFJTCIsImlhdCI6MTc4NDYxOTkwOCwiZXhwIjoxNzg0NjYzMTA4fQ.TLQjSfQ6CdAaViYnuPHwtfpp6yf5lWCVyxpN37MNWmI'}
2026-07-21 07:45:12 - GeoTravelGlobalLogger - INFO     - [logger.py:345] - 🔍 _request - kwargs headers: {}
2026-07-21 07:45:12 - GeoTravelGlobalLogger - INFO     - [logger.py:345] - 🔍 _request FINAL headers being sent: {'Content-Type': 'application/json', 'Accept': 'application/json', 'X-Client-Type': 'retail', 'Cookie': 'retail_access_token=eyJhbGciOiJIUzI1NiIsInR5cCI6IkpXVCJ9.eyJpZCI6MTUxLCJ1c2VyVHlwZSI6IlJFVEFJTCIsImlhdCI6MTc4NDYxOTkwOCwiZXhwIjoxNzg0NjYzMTA4fQ.TLQjSfQ6CdAaViYnuPHwtfpp6yf5lWCVyxpN37MNWmI'}
2026-07-21 07:45:12 - GeoTravelGlobalLogger - INFO     - [logger.py:345] - API Request: GET https://api.stg.gowithgeo.com/api/package/user/booked-packages
2026-07-21 07:45:13 - GeoTravelGlobalLogger - INFO     - [logger.py:345] - API Response: 200
2026-07-21 07:45:13 - GeoTravelGlobalLogger - INFO     - [logger.py:345] - SUCCESS: ✅ Total bookings increased from 538 to 539
2026-07-21 07:45:13 - GeoTravelGlobalLogger - INFO     - [logger.py:345] - ✅ New booking ID 1821 confirmed via total items increase
2026-07-21 07:45:13 - GeoTravelGlobalLogger - INFO     - [logger.py:345] - SUCCESS: ✅ Authenticated GROUP deal price test passed
2026-07-21 07:45:13 - GeoTravelGlobalLogger - INFO     - [logger.py:345] - ✅ Saved test-specific logs: reports/logs/src_tests_api_tests_test_package_api.py_TestPackageAPI_test_authenticated_booking_group_deal_price_074513.log
2026-07-21 07:45:13 - GeoTravelGlobalLogger - INFO     - [logger.py:345] - Test result added: src/tests/api_tests/test_package_api.py::TestPackageAPI::test_authenticated_booking_group_deal_price - PASS (Duration: 4.91s)
2026-07-21 07:45:13 - GeoTravelGlobalLogger - INFO     - [logger.py:345] - Added test result to API SMOKE TEST: src/tests/api_tests/test_package_api.py::TestPackageAPI::test_authenticated_booking_group_deal_price - PASS
2026-07-21 07:45:13 - GeoTravelGlobalLogger - INFO     - [logger.py:345] - Retrieved credentials from environment for: geo.qa.bot@gmail.com
2026-07-21 07:45:13 - GeoTravelGlobalLogger - INFO     - [logger.py:345] - Attempting login with email: geo.qa.bot@gmail.com
2026-07-21 07:45:13 - GeoTravelGlobalLogger - INFO     - [logger.py:345] - 🔍 _request START - Current self.headers: {'Content-Type': 'application/json', 'Accept': 'application/json', 'X-Client-Type': 'retail'}
2026-07-21 07:45:13 - GeoTravelGlobalLogger - INFO     - [logger.py:345] - 🔍 _request - kwargs headers: {}
2026-07-21 07:45:13 - GeoTravelGlobalLogger - INFO     - [logger.py:345] - 🔍 _request FINAL headers being sent: {'Content-Type': 'application/json', 'Accept': 'application/json', 'X-Client-Type': 'retail'}
2026-07-21 07:45:13 - GeoTravelGlobalLogger - INFO     - [logger.py:345] - API Request: POST https://api.stg.gowithgeo.com/api/auth/login
2026-07-21 07:45:13 - GeoTravelGlobalLogger - INFO     - [logger.py:345] - API Response: 200
2026-07-21 07:45:13 - GeoTravelGlobalLogger - INFO     - [logger.py:345] - Token extracted via cookies (length: 167, valid)
2026-07-21 07:45:13 - GeoTravelGlobalLogger - INFO     - [logger.py:345] - ✅ Auth token set from cookies (Cookie header)
2026-07-21 07:45:13 - GeoTravelGlobalLogger - INFO     - [logger.py:345] - SUCCESS: ✅ Login successful - token set via cookies
2026-07-21 07:45:13 - GeoTravelGlobalLogger - INFO     - [logger.py:345] - SUCCESS: ✅ Authenticated successfully (token length: 167)
2026-07-21 07:45:13 - GeoTravelGlobalLogger - INFO     - [logger.py:345] - ✅ Auth token set from cookies (Cookie header)
2026-07-21 07:45:13 - GeoTravelGlobalLogger - INFO     - [logger.py:345] - ✅ Auth token set from cookies (Cookie header)
2026-07-21 07:45:13 - GeoTravelGlobalLogger - INFO     - [logger.py:345] - === Testing AUTHENTICATED PRIVATE - Future Departure (>30 days) ===
2026-07-21 07:45:13 - GeoTravelGlobalLogger - INFO     - [logger.py:345] - 🔍 _request START - Current self.headers: {'Content-Type': 'application/json', 'Accept': 'application/json', 'X-Client-Type': 'retail', 'Cookie': 'retail_access_token=eyJhbGciOiJIUzI1NiIsInR5cCI6IkpXVCJ9.eyJpZCI6MTUxLCJ1c2VyVHlwZSI6IlJFVEFJTCIsImlhdCI6MTc4NDYxOTkxMywiZXhwIjoxNzg0NjYzMTEzfQ.bVg0e-o9cyYzv2ozolD8je-i3LusYFBcjnR1nihC1oQ'}
2026-07-21 07:45:13 - GeoTravelGlobalLogger - INFO     - [logger.py:345] - 🔍 _request - kwargs headers: {}
2026-07-21 07:45:13 - GeoTravelGlobalLogger - INFO     - [logger.py:345] - 🔍 _request FINAL headers being sent: {'Content-Type': 'application/json', 'Accept': 'application/json', 'X-Client-Type': 'retail', 'Cookie': 'retail_access_token=eyJhbGciOiJIUzI1NiIsInR5cCI6IkpXVCJ9.eyJpZCI6MTUxLCJ1c2VyVHlwZSI6IlJFVEFJTCIsImlhdCI6MTc4NDYxOTkxMywiZXhwIjoxNzg0NjYzMTEzfQ.bVg0e-o9cyYzv2ozolD8je-i3LusYFBcjnR1nihC1oQ'}
2026-07-21 07:45:13 - GeoTravelGlobalLogger - INFO     - [logger.py:345] - API Request: GET https://api.stg.gowithgeo.com/api/package/all
2026-07-21 07:45:13 - GeoTravelGlobalLogger - INFO     - [logger.py:345] - API Response: 200
2026-07-21 07:45:13 - GeoTravelGlobalLogger - INFO     - [logger.py:345] - 📦 Selected package: Christmas Eve (ID: 15)
2026-07-21 07:45:13 - GeoTravelGlobalLogger - INFO     - [logger.py:345] - 📅 Selected departure: 2026-10-19 (>30 days away)
2026-07-21 07:45:13 - GeoTravelGlobalLogger - INFO     - [logger.py:345] - 🔍 _request START - Current self.headers: {'Content-Type': 'application/json', 'Accept': 'application/json', 'X-Client-Type': 'retail', 'Cookie': 'retail_access_token=eyJhbGciOiJIUzI1NiIsInR5cCI6IkpXVCJ9.eyJpZCI6MTUxLCJ1c2VyVHlwZSI6IlJFVEFJTCIsImlhdCI6MTc4NDYxOTkxMywiZXhwIjoxNzg0NjYzMTEzfQ.bVg0e-o9cyYzv2ozolD8je-i3LusYFBcjnR1nihC1oQ'}
2026-07-21 07:45:13 - GeoTravelGlobalLogger - INFO     - [logger.py:345] - 🔍 _request - kwargs headers: {}
2026-07-21 07:45:13 - GeoTravelGlobalLogger - INFO     - [logger.py:345] - 🔍 _request FINAL headers being sent: {'Content-Type': 'application/json', 'Accept': 'application/json', 'X-Client-Type': 'retail', 'Cookie': 'retail_access_token=eyJhbGciOiJIUzI1NiIsInR5cCI6IkpXVCJ9.eyJpZCI6MTUxLCJ1c2VyVHlwZSI6IlJFVEFJTCIsImlhdCI6MTc4NDYxOTkxMywiZXhwIjoxNzg0NjYzMTEzfQ.bVg0e-o9cyYzv2ozolD8je-i3LusYFBcjnR1nihC1oQ'}
2026-07-21 07:45:13 - GeoTravelGlobalLogger - INFO     - [logger.py:345] - API Request: GET https://api.stg.gowithgeo.com/api/package/user/booked-packages
2026-07-21 07:45:14 - GeoTravelGlobalLogger - INFO     - [logger.py:345] - API Response: 200
2026-07-21 07:45:14 - GeoTravelGlobalLogger - INFO     - [logger.py:345] - 📊 Initial total bookings: 539
2026-07-21 07:45:14 - GeoTravelGlobalLogger - INFO     - [logger.py:345] - 📦 Payload: {'package': 15, 'full_name': 'GEO Bot', 'email': 'geo.qa.bot@gmail.com', 'phone': '1234567890', 'pricing_text': 'Personalized', 'payment_mode': 'FULL_PRICE', 'adults': 3, 'children': 1, 'infants': 0, 'paymentMethod': 'manual payment', 'departure_date': '2026-10-19', 'return_date': '2026-10-26'}
2026-07-21 07:45:14 - GeoTravelGlobalLogger - INFO     - [logger.py:345] - 🔍 _request START - Current self.headers: {'Content-Type': 'application/json', 'Accept': 'application/json', 'X-Client-Type': 'retail', 'Cookie': 'retail_access_token=eyJhbGciOiJIUzI1NiIsInR5cCI6IkpXVCJ9.eyJpZCI6MTUxLCJ1c2VyVHlwZSI6IlJFVEFJTCIsImlhdCI6MTc4NDYxOTkxMywiZXhwIjoxNzg0NjYzMTEzfQ.bVg0e-o9cyYzv2ozolD8je-i3LusYFBcjnR1nihC1oQ'}
2026-07-21 07:45:14 - GeoTravelGlobalLogger - INFO     - [logger.py:345] - 🔍 _request - kwargs headers: {}
2026-07-21 07:45:14 - GeoTravelGlobalLogger - INFO     - [logger.py:345] - 🔍 _request FINAL headers being sent: {'Content-Type': 'application/json', 'Accept': 'application/json', 'X-Client-Type': 'retail', 'Cookie': 'retail_access_token=eyJhbGciOiJIUzI1NiIsInR5cCI6IkpXVCJ9.eyJpZCI6MTUxLCJ1c2VyVHlwZSI6IlJFVEFJTCIsImlhdCI6MTc4NDYxOTkxMywiZXhwIjoxNzg0NjYzMTEzfQ.bVg0e-o9cyYzv2ozolD8je-i3LusYFBcjnR1nihC1oQ'}
2026-07-21 07:45:14 - GeoTravelGlobalLogger - INFO     - [logger.py:345] - API Request: POST https://api.stg.gowithgeo.com/api/package/book
2026-07-21 07:45:15 - GeoTravelGlobalLogger - INFO     - [logger.py:345] - API Response: 200
2026-07-21 07:45:15 - GeoTravelGlobalLogger - INFO     - [logger.py:345] - SUCCESS: ✅ Verified user_id = 151 is present
2026-07-21 07:45:15 - GeoTravelGlobalLogger - INFO     - [logger.py:345] - ✅ Bank Transfer - correct response structure
2026-07-21 07:45:17 - GeoTravelGlobalLogger - INFO     - [logger.py:345] - 🔍 _request START - Current self.headers: {'Content-Type': 'application/json', 'Accept': 'application/json', 'X-Client-Type': 'retail', 'Cookie': 'retail_access_token=eyJhbGciOiJIUzI1NiIsInR5cCI6IkpXVCJ9.eyJpZCI6MTUxLCJ1c2VyVHlwZSI6IlJFVEFJTCIsImlhdCI6MTc4NDYxOTkxMywiZXhwIjoxNzg0NjYzMTEzfQ.bVg0e-o9cyYzv2ozolD8je-i3LusYFBcjnR1nihC1oQ'}
2026-07-21 07:45:17 - GeoTravelGlobalLogger - INFO     - [logger.py:345] - 🔍 _request - kwargs headers: {}
2026-07-21 07:45:17 - GeoTravelGlobalLogger - INFO     - [logger.py:345] - 🔍 _request FINAL headers being sent: {'Content-Type': 'application/json', 'Accept': 'application/json', 'X-Client-Type': 'retail', 'Cookie': 'retail_access_token=eyJhbGciOiJIUzI1NiIsInR5cCI6IkpXVCJ9.eyJpZCI6MTUxLCJ1c2VyVHlwZSI6IlJFVEFJTCIsImlhdCI6MTc4NDYxOTkxMywiZXhwIjoxNzg0NjYzMTEzfQ.bVg0e-o9cyYzv2ozolD8je-i3LusYFBcjnR1nihC1oQ'}
2026-07-21 07:45:17 - GeoTravelGlobalLogger - INFO     - [logger.py:345] - API Request: GET https://api.stg.gowithgeo.com/api/package/user/booked-packages
2026-07-21 07:45:18 - GeoTravelGlobalLogger - INFO     - [logger.py:345] - API Response: 200
2026-07-21 07:45:18 - GeoTravelGlobalLogger - INFO     - [logger.py:345] - SUCCESS: ✅ Total bookings increased from 539 to 540
2026-07-21 07:45:18 - GeoTravelGlobalLogger - INFO     - [logger.py:345] - ✅ New booking ID 1822 confirmed via total items increase
2026-07-21 07:45:18 - GeoTravelGlobalLogger - INFO     - [logger.py:345] - SUCCESS: ✅ Authenticated PRIVATE future departure test passed
2026-07-21 07:45:18 - GeoTravelGlobalLogger - INFO     - [logger.py:345] - ✅ Saved test-specific logs: reports/logs/src_tests_api_tests_test_package_api.py_TestPackageAPI_test_authenticated_booking_private_future_departure_074518.log
2026-07-21 07:45:18 - GeoTravelGlobalLogger - INFO     - [logger.py:345] - Test result added: src/tests/api_tests/test_package_api.py::TestPackageAPI::test_authenticated_booking_private_future_departure - PASS (Duration: 4.49s)
2026-07-21 07:45:18 - GeoTravelGlobalLogger - INFO     - [logger.py:345] - Added test result to API SMOKE TEST: src/tests/api_tests/test_package_api.py::TestPackageAPI::test_authenticated_booking_private_future_departure - PASS
2026-07-21 07:45:18 - GeoTravelGlobalLogger - INFO     - [logger.py:345] - Retrieved credentials from environment for: geo.qa.bot@gmail.com
2026-07-21 07:45:18 - GeoTravelGlobalLogger - INFO     - [logger.py:345] - Attempting login with email: geo.qa.bot@gmail.com
2026-07-21 07:45:18 - GeoTravelGlobalLogger - INFO     - [logger.py:345] - 🔍 _request START - Current self.headers: {'Content-Type': 'application/json', 'Accept': 'application/json', 'X-Client-Type': 'retail'}
2026-07-21 07:45:18 - GeoTravelGlobalLogger - INFO     - [logger.py:345] - 🔍 _request - kwargs headers: {}
2026-07-21 07:45:18 - GeoTravelGlobalLogger - INFO     - [logger.py:345] - 🔍 _request FINAL headers being sent: {'Content-Type': 'application/json', 'Accept': 'application/json', 'X-Client-Type': 'retail'}
2026-07-21 07:45:18 - GeoTravelGlobalLogger - INFO     - [logger.py:345] - API Request: POST https://api.stg.gowithgeo.com/api/auth/login
2026-07-21 07:45:18 - GeoTravelGlobalLogger - INFO     - [logger.py:345] - API Response: 200
2026-07-21 07:45:18 - GeoTravelGlobalLogger - INFO     - [logger.py:345] - Token extracted via cookies (length: 167, valid)
2026-07-21 07:45:18 - GeoTravelGlobalLogger - INFO     - [logger.py:345] - ✅ Auth token set from cookies (Cookie header)
2026-07-21 07:45:18 - GeoTravelGlobalLogger - INFO     - [logger.py:345] - SUCCESS: ✅ Login successful - token set via cookies
2026-07-21 07:45:18 - GeoTravelGlobalLogger - INFO     - [logger.py:345] - SUCCESS: ✅ Authenticated successfully (token length: 167)
2026-07-21 07:45:18 - GeoTravelGlobalLogger - INFO     - [logger.py:345] - ✅ Auth token set from cookies (Cookie header)
2026-07-21 07:45:18 - GeoTravelGlobalLogger - INFO     - [logger.py:345] - ✅ Auth token set from cookies (Cookie header)
2026-07-21 07:45:18 - GeoTravelGlobalLogger - INFO     - [logger.py:345] - === Testing AUTHENTICATED PRIVATE - Within 30 Days (Full Payment Required) ===
2026-07-21 07:45:18 - GeoTravelGlobalLogger - INFO     - [logger.py:345] - 🔍 _request START - Current self.headers: {'Content-Type': 'application/json', 'Accept': 'application/json', 'X-Client-Type': 'retail', 'Cookie': 'retail_access_token=eyJhbGciOiJIUzI1NiIsInR5cCI6IkpXVCJ9.eyJpZCI6MTUxLCJ1c2VyVHlwZSI6IlJFVEFJTCIsImlhdCI6MTc4NDYxOTkxOCwiZXhwIjoxNzg0NjYzMTE4fQ.m5FVKn1BT_Unh_6ACfYun1fY7F3ff35dgXbhAQ4j4Lo'}
2026-07-21 07:45:18 - GeoTravelGlobalLogger - INFO     - [logger.py:345] - 🔍 _request - kwargs headers: {}
2026-07-21 07:45:18 - GeoTravelGlobalLogger - INFO     - [logger.py:345] - 🔍 _request FINAL headers being sent: {'Content-Type': 'application/json', 'Accept': 'application/json', 'X-Client-Type': 'retail', 'Cookie': 'retail_access_token=eyJhbGciOiJIUzI1NiIsInR5cCI6IkpXVCJ9.eyJpZCI6MTUxLCJ1c2VyVHlwZSI6IlJFVEFJTCIsImlhdCI6MTc4NDYxOTkxOCwiZXhwIjoxNzg0NjYzMTE4fQ.m5FVKn1BT_Unh_6ACfYun1fY7F3ff35dgXbhAQ4j4Lo'}
2026-07-21 07:45:18 - GeoTravelGlobalLogger - INFO     - [logger.py:345] - API Request: GET https://api.stg.gowithgeo.com/api/package/all
2026-07-21 07:45:18 - GeoTravelGlobalLogger - INFO     - [logger.py:345] - API Response: 200
2026-07-21 07:45:18 - GeoTravelGlobalLogger - INFO     - [logger.py:345] - 📦 Selected package: Christmas Eve (ID: 15)
2026-07-21 07:45:18 - GeoTravelGlobalLogger - INFO     - [logger.py:345] - 📅 Departure in 23 days
2026-07-21 07:45:18 - GeoTravelGlobalLogger - INFO     - [logger.py:345] - 🔍 _request START - Current self.headers: {'Content-Type': 'application/json', 'Accept': 'application/json', 'X-Client-Type': 'retail', 'Cookie': 'retail_access_token=eyJhbGciOiJIUzI1NiIsInR5cCI6IkpXVCJ9.eyJpZCI6MTUxLCJ1c2VyVHlwZSI6IlJFVEFJTCIsImlhdCI6MTc4NDYxOTkxOCwiZXhwIjoxNzg0NjYzMTE4fQ.m5FVKn1BT_Unh_6ACfYun1fY7F3ff35dgXbhAQ4j4Lo'}
2026-07-21 07:45:18 - GeoTravelGlobalLogger - INFO     - [logger.py:345] - 🔍 _request - kwargs headers: {}
2026-07-21 07:45:18 - GeoTravelGlobalLogger - INFO     - [logger.py:345] - 🔍 _request FINAL headers being sent: {'Content-Type': 'application/json', 'Accept': 'application/json', 'X-Client-Type': 'retail', 'Cookie': 'retail_access_token=eyJhbGciOiJIUzI1NiIsInR5cCI6IkpXVCJ9.eyJpZCI6MTUxLCJ1c2VyVHlwZSI6IlJFVEFJTCIsImlhdCI6MTc4NDYxOTkxOCwiZXhwIjoxNzg0NjYzMTE4fQ.m5FVKn1BT_Unh_6ACfYun1fY7F3ff35dgXbhAQ4j4Lo'}
2026-07-21 07:45:18 - GeoTravelGlobalLogger - INFO     - [logger.py:345] - API Request: GET https://api.stg.gowithgeo.com/api/package/user/booked-packages
2026-07-21 07:45:19 - GeoTravelGlobalLogger - INFO     - [logger.py:345] - API Response: 200
2026-07-21 07:45:19 - GeoTravelGlobalLogger - INFO     - [logger.py:345] - 📊 Initial total bookings: 540
2026-07-21 07:45:19 - GeoTravelGlobalLogger - INFO     - [logger.py:345] - 📦 Payload: {'package': 15, 'full_name': 'GEO Bot', 'email': 'geo.qa.bot@gmail.com', 'phone': '1234567890', 'pricing_text': 'Personalized', 'payment_mode': 'FULL_PRICE', 'adults': 3, 'children': 0, 'infants': 0, 'paymentMethod': 'flutterwave', 'departure_date': '2026-08-13', 'return_date': '2026-08-20'}
2026-07-21 07:45:19 - GeoTravelGlobalLogger - INFO     - [logger.py:345] - 🔍 _request START - Current self.headers: {'Content-Type': 'application/json', 'Accept': 'application/json', 'X-Client-Type': 'retail', 'Cookie': 'retail_access_token=eyJhbGciOiJIUzI1NiIsInR5cCI6IkpXVCJ9.eyJpZCI6MTUxLCJ1c2VyVHlwZSI6IlJFVEFJTCIsImlhdCI6MTc4NDYxOTkxOCwiZXhwIjoxNzg0NjYzMTE4fQ.m5FVKn1BT_Unh_6ACfYun1fY7F3ff35dgXbhAQ4j4Lo'}
2026-07-21 07:45:19 - GeoTravelGlobalLogger - INFO     - [logger.py:345] - 🔍 _request - kwargs headers: {}
2026-07-21 07:45:19 - GeoTravelGlobalLogger - INFO     - [logger.py:345] - 🔍 _request FINAL headers being sent: {'Content-Type': 'application/json', 'Accept': 'application/json', 'X-Client-Type': 'retail', 'Cookie': 'retail_access_token=eyJhbGciOiJIUzI1NiIsInR5cCI6IkpXVCJ9.eyJpZCI6MTUxLCJ1c2VyVHlwZSI6IlJFVEFJTCIsImlhdCI6MTc4NDYxOTkxOCwiZXhwIjoxNzg0NjYzMTE4fQ.m5FVKn1BT_Unh_6ACfYun1fY7F3ff35dgXbhAQ4j4Lo'}
2026-07-21 07:45:19 - GeoTravelGlobalLogger - INFO     - [logger.py:345] - API Request: POST https://api.stg.gowithgeo.com/api/package/book
2026-07-21 07:45:20 - GeoTravelGlobalLogger - INFO     - [logger.py:345] - API Response: 200
2026-07-21 07:45:20 - GeoTravelGlobalLogger - INFO     - [logger.py:345] - SUCCESS: ✅ Verified user_id = 151 is present
2026-07-21 07:45:20 - GeoTravelGlobalLogger - INFO     - [logger.py:345] - ✅ flutterwave - paymentLink present
2026-07-21 07:45:22 - GeoTravelGlobalLogger - INFO     - [logger.py:345] - 🔍 _request START - Current self.headers: {'Content-Type': 'application/json', 'Accept': 'application/json', 'X-Client-Type': 'retail', 'Cookie': 'retail_access_token=eyJhbGciOiJIUzI1NiIsInR5cCI6IkpXVCJ9.eyJpZCI6MTUxLCJ1c2VyVHlwZSI6IlJFVEFJTCIsImlhdCI6MTc4NDYxOTkxOCwiZXhwIjoxNzg0NjYzMTE4fQ.m5FVKn1BT_Unh_6ACfYun1fY7F3ff35dgXbhAQ4j4Lo'}
2026-07-21 07:45:22 - GeoTravelGlobalLogger - INFO     - [logger.py:345] - 🔍 _request - kwargs headers: {}
2026-07-21 07:45:22 - GeoTravelGlobalLogger - INFO     - [logger.py:345] - 🔍 _request FINAL headers being sent: {'Content-Type': 'application/json', 'Accept': 'application/json', 'X-Client-Type': 'retail', 'Cookie': 'retail_access_token=eyJhbGciOiJIUzI1NiIsInR5cCI6IkpXVCJ9.eyJpZCI6MTUxLCJ1c2VyVHlwZSI6IlJFVEFJTCIsImlhdCI6MTc4NDYxOTkxOCwiZXhwIjoxNzg0NjYzMTE4fQ.m5FVKn1BT_Unh_6ACfYun1fY7F3ff35dgXbhAQ4j4Lo'}
2026-07-21 07:45:22 - GeoTravelGlobalLogger - INFO     - [logger.py:345] - API Request: GET https://api.stg.gowithgeo.com/api/package/user/booked-packages
2026-07-21 07:45:23 - GeoTravelGlobalLogger - INFO     - [logger.py:345] - API Response: 200
2026-07-21 07:45:23 - GeoTravelGlobalLogger - INFO     - [logger.py:345] - SUCCESS: ✅ Total bookings increased from 540 to 541
2026-07-21 07:45:23 - GeoTravelGlobalLogger - INFO     - [logger.py:345] - ✅ New booking ID 1823 confirmed via total items increase
2026-07-21 07:45:23 - GeoTravelGlobalLogger - INFO     - [logger.py:345] - SUCCESS: ✅ Authenticated PRIVATE within 30 days (full payment) test passed
2026-07-21 07:45:23 - GeoTravelGlobalLogger - INFO     - [logger.py:345] - ✅ Saved test-specific logs: reports/logs/src_tests_api_tests_test_package_api.py_TestPackageAPI_test_authenticated_booking_private_within_30_days_full_payment_074523.log
2026-07-21 07:45:23 - GeoTravelGlobalLogger - INFO     - [logger.py:345] - Test result added: src/tests/api_tests/test_package_api.py::TestPackageAPI::test_authenticated_booking_private_within_30_days_full_payment - PASS (Duration: 4.76s)
2026-07-21 07:45:23 - GeoTravelGlobalLogger - INFO     - [logger.py:345] - Added test result to API SMOKE TEST: src/tests/api_tests/test_package_api.py::TestPackageAPI::test_authenticated_booking_private_within_30_days_full_payment - PASS
2026-07-21 07:45:23 - GeoTravelGlobalLogger - INFO     - [logger.py:345] - Retrieved credentials from environment for: geo.qa.bot@gmail.com
2026-07-21 07:45:23 - GeoTravelGlobalLogger - INFO     - [logger.py:345] - Attempting login with email: geo.qa.bot@gmail.com
2026-07-21 07:45:23 - GeoTravelGlobalLogger - INFO     - [logger.py:345] - 🔍 _request START - Current self.headers: {'Content-Type': 'application/json', 'Accept': 'application/json', 'X-Client-Type': 'retail'}
2026-07-21 07:45:23 - GeoTravelGlobalLogger - INFO     - [logger.py:345] - 🔍 _request - kwargs headers: {}
2026-07-21 07:45:23 - GeoTravelGlobalLogger - INFO     - [logger.py:345] - 🔍 _request FINAL headers being sent: {'Content-Type': 'application/json', 'Accept': 'application/json', 'X-Client-Type': 'retail'}
2026-07-21 07:45:23 - GeoTravelGlobalLogger - INFO     - [logger.py:345] - API Request: POST https://api.stg.gowithgeo.com/api/auth/login
2026-07-21 07:45:23 - GeoTravelGlobalLogger - INFO     - [logger.py:345] - API Response: 200
2026-07-21 07:45:23 - GeoTravelGlobalLogger - INFO     - [logger.py:345] - Token extracted via cookies (length: 167, valid)
2026-07-21 07:45:23 - GeoTravelGlobalLogger - INFO     - [logger.py:345] - ✅ Auth token set from cookies (Cookie header)
2026-07-21 07:45:23 - GeoTravelGlobalLogger - INFO     - [logger.py:345] - SUCCESS: ✅ Login successful - token set via cookies
2026-07-21 07:45:23 - GeoTravelGlobalLogger - INFO     - [logger.py:345] - SUCCESS: ✅ Authenticated successfully (token length: 167)
2026-07-21 07:45:23 - GeoTravelGlobalLogger - INFO     - [logger.py:345] - ✅ Auth token set from cookies (Cookie header)
2026-07-21 07:45:23 - GeoTravelGlobalLogger - INFO     - [logger.py:345] - ✅ Auth token set from cookies (Cookie header)
2026-07-21 07:45:23 - GeoTravelGlobalLogger - INFO     - [logger.py:345] - === Testing PRIVATE within 30 days - Lockdown Payment Should FAIL ===
2026-07-21 07:45:23 - GeoTravelGlobalLogger - INFO     - [logger.py:345] - 🔍 _request START - Current self.headers: {'Content-Type': 'application/json', 'Accept': 'application/json', 'X-Client-Type': 'retail', 'Cookie': 'retail_access_token=eyJhbGciOiJIUzI1NiIsInR5cCI6IkpXVCJ9.eyJpZCI6MTUxLCJ1c2VyVHlwZSI6IlJFVEFJTCIsImlhdCI6MTc4NDYxOTkyMywiZXhwIjoxNzg0NjYzMTIzfQ.YPLis5IbkqGnSeC0VdCASGm3DmhIVmTdFiswrrAzSpU'}
2026-07-21 07:45:23 - GeoTravelGlobalLogger - INFO     - [logger.py:345] - 🔍 _request - kwargs headers: {}
2026-07-21 07:45:23 - GeoTravelGlobalLogger - INFO     - [logger.py:345] - 🔍 _request FINAL headers being sent: {'Content-Type': 'application/json', 'Accept': 'application/json', 'X-Client-Type': 'retail', 'Cookie': 'retail_access_token=eyJhbGciOiJIUzI1NiIsInR5cCI6IkpXVCJ9.eyJpZCI6MTUxLCJ1c2VyVHlwZSI6IlJFVEFJTCIsImlhdCI6MTc4NDYxOTkyMywiZXhwIjoxNzg0NjYzMTIzfQ.YPLis5IbkqGnSeC0VdCASGm3DmhIVmTdFiswrrAzSpU'}
2026-07-21 07:45:23 - GeoTravelGlobalLogger - INFO     - [logger.py:345] - API Request: GET https://api.stg.gowithgeo.com/api/package/all
2026-07-21 07:45:23 - GeoTravelGlobalLogger - INFO     - [logger.py:345] - API Response: 200
2026-07-21 07:45:23 - GeoTravelGlobalLogger - INFO     - [logger.py:345] - 📦 Selected package: Christmas Eve (ID: 15)
2026-07-21 07:45:23 - GeoTravelGlobalLogger - INFO     - [logger.py:345] - 📅 Departure in 1 days
2026-07-21 07:45:23 - GeoTravelGlobalLogger - INFO     - [logger.py:345] - 📦 Attempting LOCKDOWN payment within 30 days (should fail): {'package': 15, 'full_name': 'GEO Bot', 'email': 'geo.qa.bot@gmail.com', 'phone': '1234567890', 'pricing_text': 'Personalized', 'payment_mode': 'LOCKDOWN', 'adults': 2, 'children': 0, 'infants': 0, 'paymentMethod': 'flutterwave', 'departure_date': '2026-07-22', 'return_date': '2026-07-29'}
2026-07-21 07:45:23 - GeoTravelGlobalLogger - INFO     - [logger.py:345] - 🔍 _request START - Current self.headers: {'Content-Type': 'application/json', 'Accept': 'application/json', 'X-Client-Type': 'retail', 'Cookie': 'retail_access_token=eyJhbGciOiJIUzI1NiIsInR5cCI6IkpXVCJ9.eyJpZCI6MTUxLCJ1c2VyVHlwZSI6IlJFVEFJTCIsImlhdCI6MTc4NDYxOTkyMywiZXhwIjoxNzg0NjYzMTIzfQ.YPLis5IbkqGnSeC0VdCASGm3DmhIVmTdFiswrrAzSpU'}
2026-07-21 07:45:23 - GeoTravelGlobalLogger - INFO     - [logger.py:345] - 🔍 _request - kwargs headers: {}
2026-07-21 07:45:23 - GeoTravelGlobalLogger - INFO     - [logger.py:345] - 🔍 _request FINAL headers being sent: {'Content-Type': 'application/json', 'Accept': 'application/json', 'X-Client-Type': 'retail', 'Cookie': 'retail_access_token=eyJhbGciOiJIUzI1NiIsInR5cCI6IkpXVCJ9.eyJpZCI6MTUxLCJ1c2VyVHlwZSI6IlJFVEFJTCIsImlhdCI6MTc4NDYxOTkyMywiZXhwIjoxNzg0NjYzMTIzfQ.YPLis5IbkqGnSeC0VdCASGm3DmhIVmTdFiswrrAzSpU'}
2026-07-21 07:45:23 - GeoTravelGlobalLogger - INFO     - [logger.py:345] - API Request: POST https://api.stg.gowithgeo.com/api/package/book
2026-07-21 07:45:24 - GeoTravelGlobalLogger - INFO     - [logger.py:345] - API Response: 400
2026-07-21 07:45:24 - GeoTravelGlobalLogger - INFO     - [logger.py:345] - SUCCESS: ✅ Correctly got 400: 'Full payment is required for departure dates within 30 days.'
2026-07-21 07:45:24 - GeoTravelGlobalLogger - INFO     - [logger.py:345] - ✅ Saved test-specific logs: reports/logs/src_tests_api_tests_test_package_api.py_TestPackageAPI_test_authenticated_booking_private_within_30_days_lockdown_fails_074524.log
2026-07-21 07:45:24 - GeoTravelGlobalLogger - INFO     - [logger.py:345] - Test result added: src/tests/api_tests/test_package_api.py::TestPackageAPI::test_authenticated_booking_private_within_30_days_lockdown_fails - PASS (Duration: 0.50s)
2026-07-21 07:45:24 - GeoTravelGlobalLogger - INFO     - [logger.py:345] - Added test result to API SMOKE TEST: src/tests/api_tests/test_package_api.py::TestPackageAPI::test_authenticated_booking_private_within_30_days_lockdown_fails - PASS
2026-07-21 07:45:24 - GeoTravelGlobalLogger - WARNING  - [logger.py:360] - ⚠️ Invalid token provided to set_auth_token()
2026-07-21 07:45:24 - GeoTravelGlobalLogger - INFO     - [logger.py:345] - Retrieved credentials from environment for: geo.qa.bot@gmail.com
2026-07-21 07:45:24 - GeoTravelGlobalLogger - INFO     - [logger.py:345] - Attempting login with email: geo.qa.bot@gmail.com
2026-07-21 07:45:24 - GeoTravelGlobalLogger - INFO     - [logger.py:345] - 🔍 _request START - Current self.headers: {'Content-Type': 'application/json', 'Accept': 'application/json', 'X-Client-Type': 'retail'}
2026-07-21 07:45:24 - GeoTravelGlobalLogger - INFO     - [logger.py:345] - 🔍 _request - kwargs headers: {}
2026-07-21 07:45:24 - GeoTravelGlobalLogger - INFO     - [logger.py:345] - 🔍 _request FINAL headers being sent: {'Content-Type': 'application/json', 'Accept': 'application/json', 'X-Client-Type': 'retail'}
2026-07-21 07:45:24 - GeoTravelGlobalLogger - INFO     - [logger.py:345] - API Request: POST https://api.stg.gowithgeo.com/api/auth/login
2026-07-21 07:45:24 - GeoTravelGlobalLogger - INFO     - [logger.py:345] - API Response: 200
2026-07-21 07:45:24 - GeoTravelGlobalLogger - INFO     - [logger.py:345] - Token extracted via cookies (length: 167, valid)
2026-07-21 07:45:24 - GeoTravelGlobalLogger - INFO     - [logger.py:345] - ✅ Auth token set from cookies (Cookie header)
2026-07-21 07:45:24 - GeoTravelGlobalLogger - INFO     - [logger.py:345] - SUCCESS: ✅ Login successful - token set via cookies
2026-07-21 07:45:24 - GeoTravelGlobalLogger - INFO     - [logger.py:345] - SUCCESS: ✅ Authenticated successfully (token length: 167)
2026-07-21 07:45:24 - GeoTravelGlobalLogger - INFO     - [logger.py:345] - ✅ Auth token set from cookies (Cookie header)
2026-07-21 07:45:24 - GeoTravelGlobalLogger - INFO     - [logger.py:345] - ✅ Auth token set from cookies (Cookie header)
2026-07-21 07:45:24 - GeoTravelGlobalLogger - INFO     - [logger.py:345] - === Testing UNAUTHENTICATED GROUP - Full Payment ===
2026-07-21 07:45:24 - GeoTravelGlobalLogger - INFO     - [logger.py:345] - 🔍 _request START - Current self.headers: {'Content-Type': 'application/json', 'Accept': 'application/json', 'X-Client-Type': 'retail'}
2026-07-21 07:45:24 - GeoTravelGlobalLogger - INFO     - [logger.py:345] - 🔍 _request - kwargs headers: {}
2026-07-21 07:45:24 - GeoTravelGlobalLogger - INFO     - [logger.py:345] - 🔍 _request FINAL headers being sent: {'Content-Type': 'application/json', 'Accept': 'application/json', 'X-Client-Type': 'retail'}
2026-07-21 07:45:24 - GeoTravelGlobalLogger - INFO     - [logger.py:345] - API Request: GET https://api.stg.gowithgeo.com/api/package/all
2026-07-21 07:45:24 - GeoTravelGlobalLogger - INFO     - [logger.py:345] - API Response: 200
2026-07-21 07:45:24 - GeoTravelGlobalLogger - INFO     - [logger.py:345] - 📦 Selected package: Nairobi in Kigali  Group Adventure – Discover Kenya's Heart in 5 Days (ID: 10)
2026-07-21 07:45:24 - GeoTravelGlobalLogger - INFO     - [logger.py:345] - 🔍 _request START - Current self.headers: {'Content-Type': 'application/json', 'Accept': 'application/json', 'X-Client-Type': 'retail', 'Cookie': 'retail_access_token=eyJhbGciOiJIUzI1NiIsInR5cCI6IkpXVCJ9.eyJpZCI6MTUxLCJ1c2VyVHlwZSI6IlJFVEFJTCIsImlhdCI6MTc4NDYxOTkyNCwiZXhwIjoxNzg0NjYzMTI0fQ.bEaaVLnSSI-jP50gHhDO9dtmLDmqCatyGssv6b8KrSo'}
2026-07-21 07:45:24 - GeoTravelGlobalLogger - INFO     - [logger.py:345] - 🔍 _request - kwargs headers: {}
2026-07-21 07:45:24 - GeoTravelGlobalLogger - INFO     - [logger.py:345] - 🔍 _request FINAL headers being sent: {'Content-Type': 'application/json', 'Accept': 'application/json', 'X-Client-Type': 'retail', 'Cookie': 'retail_access_token=eyJhbGciOiJIUzI1NiIsInR5cCI6IkpXVCJ9.eyJpZCI6MTUxLCJ1c2VyVHlwZSI6IlJFVEFJTCIsImlhdCI6MTc4NDYxOTkyNCwiZXhwIjoxNzg0NjYzMTI0fQ.bEaaVLnSSI-jP50gHhDO9dtmLDmqCatyGssv6b8KrSo'}
2026-07-21 07:45:24 - GeoTravelGlobalLogger - INFO     - [logger.py:345] - API Request: GET https://api.stg.gowithgeo.com/api/package/user/booked-packages
2026-07-21 07:45:24 - GeoTravelGlobalLogger - INFO     - [logger.py:345] - API Response: 200
2026-07-21 07:45:24 - GeoTravelGlobalLogger - INFO     - [logger.py:345] - 📦 Payload: {'package': 10, 'full_name': 'Unauth Test User 2340', 'email': 'unauth4121@test.com', 'phone': '+234719615289', 'pricing_text': 'One Adult', 'payment_mode': 'FULL_PRICE', 'adults': 1, 'children': 1, 'infants': 0, 'paymentMethod': 'flutterwave'}
2026-07-21 07:45:24 - GeoTravelGlobalLogger - INFO     - [logger.py:345] - 🔍 _request START - Current self.headers: {'Content-Type': 'application/json', 'Accept': 'application/json', 'X-Client-Type': 'retail'}
2026-07-21 07:45:24 - GeoTravelGlobalLogger - INFO     - [logger.py:345] - 🔍 _request - kwargs headers: {}
2026-07-21 07:45:24 - GeoTravelGlobalLogger - INFO     - [logger.py:345] - 🔍 _request FINAL headers being sent: {'Content-Type': 'application/json', 'Accept': 'application/json', 'X-Client-Type': 'retail'}
2026-07-21 07:45:24 - GeoTravelGlobalLogger - INFO     - [logger.py:345] - API Request: POST https://api.stg.gowithgeo.com/api/package/book
2026-07-21 07:45:25 - GeoTravelGlobalLogger - INFO     - [logger.py:345] - API Response: 200
2026-07-21 07:45:25 - GeoTravelGlobalLogger - INFO     - [logger.py:345] - SUCCESS: ✅ Verified user_id = null for unauthenticated booking
2026-07-21 07:45:25 - GeoTravelGlobalLogger - INFO     - [logger.py:345] - ✅ flutterwave - paymentLink present
2026-07-21 07:45:27 - GeoTravelGlobalLogger - INFO     - [logger.py:345] - 🔍 _request START - Current self.headers: {'Content-Type': 'application/json', 'Accept': 'application/json', 'X-Client-Type': 'retail', 'Cookie': 'retail_access_token=eyJhbGciOiJIUzI1NiIsInR5cCI6IkpXVCJ9.eyJpZCI6MTUxLCJ1c2VyVHlwZSI6IlJFVEFJTCIsImlhdCI6MTc4NDYxOTkyNCwiZXhwIjoxNzg0NjYzMTI0fQ.bEaaVLnSSI-jP50gHhDO9dtmLDmqCatyGssv6b8KrSo'}
2026-07-21 07:45:27 - GeoTravelGlobalLogger - INFO     - [logger.py:345] - 🔍 _request - kwargs headers: {}
2026-07-21 07:45:27 - GeoTravelGlobalLogger - INFO     - [logger.py:345] - 🔍 _request FINAL headers being sent: {'Content-Type': 'application/json', 'Accept': 'application/json', 'X-Client-Type': 'retail', 'Cookie': 'retail_access_token=eyJhbGciOiJIUzI1NiIsInR5cCI6IkpXVCJ9.eyJpZCI6MTUxLCJ1c2VyVHlwZSI6IlJFVEFJTCIsImlhdCI6MTc4NDYxOTkyNCwiZXhwIjoxNzg0NjYzMTI0fQ.bEaaVLnSSI-jP50gHhDO9dtmLDmqCatyGssv6b8KrSo'}
2026-07-21 07:45:27 - GeoTravelGlobalLogger - INFO     - [logger.py:345] - API Request: GET https://api.stg.gowithgeo.com/api/package/user/booked-packages
2026-07-21 07:45:28 - GeoTravelGlobalLogger - INFO     - [logger.py:345] - API Response: 200
2026-07-21 07:45:28 - GeoTravelGlobalLogger - INFO     - [logger.py:345] - SUCCESS: ✅ Authenticated user's bookings unchanged (50)
2026-07-21 07:45:28 - GeoTravelGlobalLogger - INFO     - [logger.py:345] - SUCCESS: ✅ Unauthenticated booking ID 1824 not found in user bookings
2026-07-21 07:45:28 - GeoTravelGlobalLogger - INFO     - [logger.py:345] - SUCCESS: ✅ Unauthenticated GROUP full payment test passed
2026-07-21 07:45:28 - GeoTravelGlobalLogger - INFO     - [logger.py:345] - ✅ Saved test-specific logs: reports/logs/src_tests_api_tests_test_package_api.py_TestPackageAPI_test_unauthenticated_booking_group_full_payment_074528.log
2026-07-21 07:45:28 - GeoTravelGlobalLogger - INFO     - [logger.py:345] - Test result added: src/tests/api_tests/test_package_api.py::TestPackageAPI::test_unauthenticated_booking_group_full_payment - PASS (Duration: 3.74s)
2026-07-21 07:45:28 - GeoTravelGlobalLogger - INFO     - [logger.py:345] - Added test result to API SMOKE TEST: src/tests/api_tests/test_package_api.py::TestPackageAPI::test_unauthenticated_booking_group_full_payment - PASS
2026-07-21 07:45:28 - GeoTravelGlobalLogger - WARNING  - [logger.py:360] - ⚠️ Invalid token provided to set_auth_token()
2026-07-21 07:45:28 - GeoTravelGlobalLogger - INFO     - [logger.py:345] - Retrieved credentials from environment for: geo.qa.bot@gmail.com
2026-07-21 07:45:28 - GeoTravelGlobalLogger - INFO     - [logger.py:345] - Attempting login with email: geo.qa.bot@gmail.com
2026-07-21 07:45:28 - GeoTravelGlobalLogger - INFO     - [logger.py:345] - 🔍 _request START - Current self.headers: {'Content-Type': 'application/json', 'Accept': 'application/json', 'X-Client-Type': 'retail'}
2026-07-21 07:45:28 - GeoTravelGlobalLogger - INFO     - [logger.py:345] - 🔍 _request - kwargs headers: {}
2026-07-21 07:45:28 - GeoTravelGlobalLogger - INFO     - [logger.py:345] - 🔍 _request FINAL headers being sent: {'Content-Type': 'application/json', 'Accept': 'application/json', 'X-Client-Type': 'retail'}
2026-07-21 07:45:28 - GeoTravelGlobalLogger - INFO     - [logger.py:345] - API Request: POST https://api.stg.gowithgeo.com/api/auth/login
2026-07-21 07:45:28 - GeoTravelGlobalLogger - INFO     - [logger.py:345] - API Response: 200
2026-07-21 07:45:28 - GeoTravelGlobalLogger - INFO     - [logger.py:345] - Token extracted via cookies (length: 167, valid)
2026-07-21 07:45:28 - GeoTravelGlobalLogger - INFO     - [logger.py:345] - ✅ Auth token set from cookies (Cookie header)
2026-07-21 07:45:28 - GeoTravelGlobalLogger - INFO     - [logger.py:345] - SUCCESS: ✅ Login successful - token set via cookies
2026-07-21 07:45:28 - GeoTravelGlobalLogger - INFO     - [logger.py:345] - SUCCESS: ✅ Authenticated successfully (token length: 167)
2026-07-21 07:45:28 - GeoTravelGlobalLogger - INFO     - [logger.py:345] - ✅ Auth token set from cookies (Cookie header)
2026-07-21 07:45:28 - GeoTravelGlobalLogger - INFO     - [logger.py:345] - ✅ Auth token set from cookies (Cookie header)
2026-07-21 07:45:28 - GeoTravelGlobalLogger - INFO     - [logger.py:345] - === Testing UNAUTHENTICATED GROUP - Lockdown Payment ===
2026-07-21 07:45:28 - GeoTravelGlobalLogger - INFO     - [logger.py:345] - 🔍 _request START - Current self.headers: {'Content-Type': 'application/json', 'Accept': 'application/json', 'X-Client-Type': 'retail'}
2026-07-21 07:45:28 - GeoTravelGlobalLogger - INFO     - [logger.py:345] - 🔍 _request - kwargs headers: {}
2026-07-21 07:45:28 - GeoTravelGlobalLogger - INFO     - [logger.py:345] - 🔍 _request FINAL headers being sent: {'Content-Type': 'application/json', 'Accept': 'application/json', 'X-Client-Type': 'retail'}
2026-07-21 07:45:28 - GeoTravelGlobalLogger - INFO     - [logger.py:345] - API Request: GET https://api.stg.gowithgeo.com/api/package/all
2026-07-21 07:45:28 - GeoTravelGlobalLogger - INFO     - [logger.py:345] - API Response: 200
2026-07-21 07:45:28 - GeoTravelGlobalLogger - INFO     - [logger.py:345] - 📦 Selected package: Abuja Groovesss (ID: 3)
2026-07-21 07:45:28 - GeoTravelGlobalLogger - INFO     - [logger.py:345] - 🔍 _request START - Current self.headers: {'Content-Type': 'application/json', 'Accept': 'application/json', 'X-Client-Type': 'retail', 'Cookie': 'retail_access_token=eyJhbGciOiJIUzI1NiIsInR5cCI6IkpXVCJ9.eyJpZCI6MTUxLCJ1c2VyVHlwZSI6IlJFVEFJTCIsImlhdCI6MTc4NDYxOTkyOCwiZXhwIjoxNzg0NjYzMTI4fQ.vnHvFhZveTTr0wE4lL7NYaE-mN5qzy71289JocgKhqI'}
2026-07-21 07:45:28 - GeoTravelGlobalLogger - INFO     - [logger.py:345] - 🔍 _request - kwargs headers: {}
2026-07-21 07:45:28 - GeoTravelGlobalLogger - INFO     - [logger.py:345] - 🔍 _request FINAL headers being sent: {'Content-Type': 'application/json', 'Accept': 'application/json', 'X-Client-Type': 'retail', 'Cookie': 'retail_access_token=eyJhbGciOiJIUzI1NiIsInR5cCI6IkpXVCJ9.eyJpZCI6MTUxLCJ1c2VyVHlwZSI6IlJFVEFJTCIsImlhdCI6MTc4NDYxOTkyOCwiZXhwIjoxNzg0NjYzMTI4fQ.vnHvFhZveTTr0wE4lL7NYaE-mN5qzy71289JocgKhqI'}
2026-07-21 07:45:28 - GeoTravelGlobalLogger - INFO     - [logger.py:345] - API Request: GET https://api.stg.gowithgeo.com/api/package/user/booked-packages
2026-07-21 07:45:29 - GeoTravelGlobalLogger - INFO     - [logger.py:345] - API Response: 200
2026-07-21 07:45:29 - GeoTravelGlobalLogger - INFO     - [logger.py:345] - 📦 Payload: {'package': 3, 'full_name': 'Unauth Test User 6582', 'email': 'unauth4068@test.com', 'phone': '+234774940330', 'pricing_text': 'Per person', 'payment_mode': 'LOCKDOWN', 'adults': 1, 'children': 1, 'infants': 0, 'paymentMethod': 'paystack'}
2026-07-21 07:45:29 - GeoTravelGlobalLogger - INFO     - [logger.py:345] - 🔍 _request START - Current self.headers: {'Content-Type': 'application/json', 'Accept': 'application/json', 'X-Client-Type': 'retail'}
2026-07-21 07:45:29 - GeoTravelGlobalLogger - INFO     - [logger.py:345] - 🔍 _request - kwargs headers: {}
2026-07-21 07:45:29 - GeoTravelGlobalLogger - INFO     - [logger.py:345] - 🔍 _request FINAL headers being sent: {'Content-Type': 'application/json', 'Accept': 'application/json', 'X-Client-Type': 'retail'}
2026-07-21 07:45:29 - GeoTravelGlobalLogger - INFO     - [logger.py:345] - API Request: POST https://api.stg.gowithgeo.com/api/package/book
2026-07-21 07:45:30 - GeoTravelGlobalLogger - INFO     - [logger.py:345] - API Response: 200
2026-07-21 07:45:30 - GeoTravelGlobalLogger - INFO     - [logger.py:345] - SUCCESS: ✅ Verified user_id = null for unauthenticated booking
2026-07-21 07:45:30 - GeoTravelGlobalLogger - INFO     - [logger.py:345] - ✅ paystack - paymentLink present
2026-07-21 07:45:32 - GeoTravelGlobalLogger - INFO     - [logger.py:345] - 🔍 _request START - Current self.headers: {'Content-Type': 'application/json', 'Accept': 'application/json', 'X-Client-Type': 'retail', 'Cookie': 'retail_access_token=eyJhbGciOiJIUzI1NiIsInR5cCI6IkpXVCJ9.eyJpZCI6MTUxLCJ1c2VyVHlwZSI6IlJFVEFJTCIsImlhdCI6MTc4NDYxOTkyOCwiZXhwIjoxNzg0NjYzMTI4fQ.vnHvFhZveTTr0wE4lL7NYaE-mN5qzy71289JocgKhqI'}
2026-07-21 07:45:32 - GeoTravelGlobalLogger - INFO     - [logger.py:345] - 🔍 _request - kwargs headers: {}
2026-07-21 07:45:32 - GeoTravelGlobalLogger - INFO     - [logger.py:345] - 🔍 _request FINAL headers being sent: {'Content-Type': 'application/json', 'Accept': 'application/json', 'X-Client-Type': 'retail', 'Cookie': 'retail_access_token=eyJhbGciOiJIUzI1NiIsInR5cCI6IkpXVCJ9.eyJpZCI6MTUxLCJ1c2VyVHlwZSI6IlJFVEFJTCIsImlhdCI6MTc4NDYxOTkyOCwiZXhwIjoxNzg0NjYzMTI4fQ.vnHvFhZveTTr0wE4lL7NYaE-mN5qzy71289JocgKhqI'}
2026-07-21 07:45:32 - GeoTravelGlobalLogger - INFO     - [logger.py:345] - API Request: GET https://api.stg.gowithgeo.com/api/package/user/booked-packages
2026-07-21 07:45:32 - GeoTravelGlobalLogger - INFO     - [logger.py:345] - API Response: 200
2026-07-21 07:45:32 - GeoTravelGlobalLogger - INFO     - [logger.py:345] - SUCCESS: ✅ Authenticated user's bookings unchanged (50)
2026-07-21 07:45:32 - GeoTravelGlobalLogger - INFO     - [logger.py:345] - SUCCESS: ✅ Unauthenticated booking ID 1825 not found in user bookings
2026-07-21 07:45:32 - GeoTravelGlobalLogger - INFO     - [logger.py:345] - SUCCESS: ✅ Unauthenticated GROUP lockdown payment test passed
2026-07-21 07:45:32 - GeoTravelGlobalLogger - INFO     - [logger.py:345] - ✅ Saved test-specific logs: reports/logs/src_tests_api_tests_test_package_api.py_TestPackageAPI_test_unauthenticated_booking_group_lockdown_payment_074532.log
2026-07-21 07:45:32 - GeoTravelGlobalLogger - INFO     - [logger.py:345] - Test result added: src/tests/api_tests/test_package_api.py::TestPackageAPI::test_unauthenticated_booking_group_lockdown_payment - PASS (Duration: 4.20s)
2026-07-21 07:45:32 - GeoTravelGlobalLogger - INFO     - [logger.py:345] - Added test result to API SMOKE TEST: src/tests/api_tests/test_package_api.py::TestPackageAPI::test_unauthenticated_booking_group_lockdown_payment - PASS
2026-07-21 07:45:32 - GeoTravelGlobalLogger - WARNING  - [logger.py:360] - ⚠️ Invalid token provided to set_auth_token()
2026-07-21 07:45:32 - GeoTravelGlobalLogger - INFO     - [logger.py:345] - Retrieved credentials from environment for: geo.qa.bot@gmail.com
2026-07-21 07:45:32 - GeoTravelGlobalLogger - INFO     - [logger.py:345] - Attempting login with email: geo.qa.bot@gmail.com
2026-07-21 07:45:32 - GeoTravelGlobalLogger - INFO     - [logger.py:345] - 🔍 _request START - Current self.headers: {'Content-Type': 'application/json', 'Accept': 'application/json', 'X-Client-Type': 'retail'}
2026-07-21 07:45:32 - GeoTravelGlobalLogger - INFO     - [logger.py:345] - 🔍 _request - kwargs headers: {}
2026-07-21 07:45:32 - GeoTravelGlobalLogger - INFO     - [logger.py:345] - 🔍 _request FINAL headers being sent: {'Content-Type': 'application/json', 'Accept': 'application/json', 'X-Client-Type': 'retail'}
2026-07-21 07:45:32 - GeoTravelGlobalLogger - INFO     - [logger.py:345] - API Request: POST https://api.stg.gowithgeo.com/api/auth/login
2026-07-21 07:45:33 - GeoTravelGlobalLogger - INFO     - [logger.py:345] - API Response: 200
2026-07-21 07:45:33 - GeoTravelGlobalLogger - INFO     - [logger.py:345] - Token extracted via cookies (length: 167, valid)
2026-07-21 07:45:33 - GeoTravelGlobalLogger - INFO     - [logger.py:345] - ✅ Auth token set from cookies (Cookie header)
2026-07-21 07:45:33 - GeoTravelGlobalLogger - INFO     - [logger.py:345] - SUCCESS: ✅ Login successful - token set via cookies
2026-07-21 07:45:33 - GeoTravelGlobalLogger - INFO     - [logger.py:345] - SUCCESS: ✅ Authenticated successfully (token length: 167)
2026-07-21 07:45:33 - GeoTravelGlobalLogger - INFO     - [logger.py:345] - ✅ Auth token set from cookies (Cookie header)
2026-07-21 07:45:33 - GeoTravelGlobalLogger - INFO     - [logger.py:345] - ✅ Auth token set from cookies (Cookie header)
2026-07-21 07:45:33 - GeoTravelGlobalLogger - INFO     - [logger.py:345] - === Testing UNAUTHENTICATED GROUP - Deal Price ===
2026-07-21 07:45:33 - GeoTravelGlobalLogger - INFO     - [logger.py:345] - 🔍 _request START - Current self.headers: {'Content-Type': 'application/json', 'Accept': 'application/json', 'X-Client-Type': 'retail'}
2026-07-21 07:45:33 - GeoTravelGlobalLogger - INFO     - [logger.py:345] - 🔍 _request - kwargs headers: {}
2026-07-21 07:45:33 - GeoTravelGlobalLogger - INFO     - [logger.py:345] - 🔍 _request FINAL headers being sent: {'Content-Type': 'application/json', 'Accept': 'application/json', 'X-Client-Type': 'retail'}
2026-07-21 07:45:33 - GeoTravelGlobalLogger - INFO     - [logger.py:345] - API Request: GET https://api.stg.gowithgeo.com/api/package/all
2026-07-21 07:45:33 - GeoTravelGlobalLogger - INFO     - [logger.py:345] - API Response: 200
2026-07-21 07:45:33 - GeoTravelGlobalLogger - INFO     - [logger.py:345] - 📦 Selected package with deal: Qatar New year! (ID: 14)
2026-07-21 07:45:33 - GeoTravelGlobalLogger - INFO     - [logger.py:345] - 🔍 _request START - Current self.headers: {'Content-Type': 'application/json', 'Accept': 'application/json', 'X-Client-Type': 'retail', 'Cookie': 'retail_access_token=eyJhbGciOiJIUzI1NiIsInR5cCI6IkpXVCJ9.eyJpZCI6MTUxLCJ1c2VyVHlwZSI6IlJFVEFJTCIsImlhdCI6MTc4NDYxOTkzMiwiZXhwIjoxNzg0NjYzMTMyfQ.EeQ1Wb4p6y1pf7erDag-LlXoOylxmeflyDIKvgg8oMI'}
2026-07-21 07:45:33 - GeoTravelGlobalLogger - INFO     - [logger.py:345] - 🔍 _request - kwargs headers: {}
2026-07-21 07:45:33 - GeoTravelGlobalLogger - INFO     - [logger.py:345] - 🔍 _request FINAL headers being sent: {'Content-Type': 'application/json', 'Accept': 'application/json', 'X-Client-Type': 'retail', 'Cookie': 'retail_access_token=eyJhbGciOiJIUzI1NiIsInR5cCI6IkpXVCJ9.eyJpZCI6MTUxLCJ1c2VyVHlwZSI6IlJFVEFJTCIsImlhdCI6MTc4NDYxOTkzMiwiZXhwIjoxNzg0NjYzMTMyfQ.EeQ1Wb4p6y1pf7erDag-LlXoOylxmeflyDIKvgg8oMI'}
2026-07-21 07:45:33 - GeoTravelGlobalLogger - INFO     - [logger.py:345] - API Request: GET https://api.stg.gowithgeo.com/api/package/user/booked-packages
2026-07-21 07:45:33 - GeoTravelGlobalLogger - INFO     - [logger.py:345] - API Response: 200
2026-07-21 07:45:33 - GeoTravelGlobalLogger - INFO     - [logger.py:345] - 📦 Payload: {'package': 14, 'full_name': 'Unauth Test User 6088', 'email': 'unauth8322@test.com', 'phone': '+234789677404', 'pricing_text': 'Early bird', 'payment_mode': 'DEAL_PRICE', 'adults': 2, 'children': 1, 'infants': 0, 'paymentMethod': 'paystack'}
2026-07-21 07:45:33 - GeoTravelGlobalLogger - INFO     - [logger.py:345] - 🔍 _request START - Current self.headers: {'Content-Type': 'application/json', 'Accept': 'application/json', 'X-Client-Type': 'retail'}
2026-07-21 07:45:33 - GeoTravelGlobalLogger - INFO     - [logger.py:345] - 🔍 _request - kwargs headers: {}
2026-07-21 07:45:33 - GeoTravelGlobalLogger - INFO     - [logger.py:345] - 🔍 _request FINAL headers being sent: {'Content-Type': 'application/json', 'Accept': 'application/json', 'X-Client-Type': 'retail'}
2026-07-21 07:45:33 - GeoTravelGlobalLogger - INFO     - [logger.py:345] - API Request: POST https://api.stg.gowithgeo.com/api/package/book
2026-07-21 07:45:34 - GeoTravelGlobalLogger - INFO     - [logger.py:345] - API Response: 200
2026-07-21 07:45:34 - GeoTravelGlobalLogger - INFO     - [logger.py:345] - SUCCESS: ✅ Verified user_id = null for unauthenticated booking
2026-07-21 07:45:34 - GeoTravelGlobalLogger - INFO     - [logger.py:345] - ✅ paystack - paymentLink present
2026-07-21 07:45:36 - GeoTravelGlobalLogger - INFO     - [logger.py:345] - 🔍 _request START - Current self.headers: {'Content-Type': 'application/json', 'Accept': 'application/json', 'X-Client-Type': 'retail', 'Cookie': 'retail_access_token=eyJhbGciOiJIUzI1NiIsInR5cCI6IkpXVCJ9.eyJpZCI6MTUxLCJ1c2VyVHlwZSI6IlJFVEFJTCIsImlhdCI6MTc4NDYxOTkzMiwiZXhwIjoxNzg0NjYzMTMyfQ.EeQ1Wb4p6y1pf7erDag-LlXoOylxmeflyDIKvgg8oMI'}
2026-07-21 07:45:36 - GeoTravelGlobalLogger - INFO     - [logger.py:345] - 🔍 _request - kwargs headers: {}
2026-07-21 07:45:36 - GeoTravelGlobalLogger - INFO     - [logger.py:345] - 🔍 _request FINAL headers being sent: {'Content-Type': 'application/json', 'Accept': 'application/json', 'X-Client-Type': 'retail', 'Cookie': 'retail_access_token=eyJhbGciOiJIUzI1NiIsInR5cCI6IkpXVCJ9.eyJpZCI6MTUxLCJ1c2VyVHlwZSI6IlJFVEFJTCIsImlhdCI6MTc4NDYxOTkzMiwiZXhwIjoxNzg0NjYzMTMyfQ.EeQ1Wb4p6y1pf7erDag-LlXoOylxmeflyDIKvgg8oMI'}
2026-07-21 07:45:36 - GeoTravelGlobalLogger - INFO     - [logger.py:345] - API Request: GET https://api.stg.gowithgeo.com/api/package/user/booked-packages
2026-07-21 07:45:37 - GeoTravelGlobalLogger - INFO     - [logger.py:345] - API Response: 200
2026-07-21 07:45:37 - GeoTravelGlobalLogger - INFO     - [logger.py:345] - SUCCESS: ✅ Authenticated user's bookings unchanged (50)
2026-07-21 07:45:37 - GeoTravelGlobalLogger - INFO     - [logger.py:345] - SUCCESS: ✅ Unauthenticated booking ID 1826 not found in user bookings
2026-07-21 07:45:37 - GeoTravelGlobalLogger - INFO     - [logger.py:345] - SUCCESS: ✅ Unauthenticated GROUP deal price test passed
2026-07-21 07:45:37 - GeoTravelGlobalLogger - INFO     - [logger.py:345] - ✅ Saved test-specific logs: reports/logs/src_tests_api_tests_test_package_api.py_TestPackageAPI_test_unauthenticated_booking_group_deal_price_074537.log
2026-07-21 07:45:37 - GeoTravelGlobalLogger - INFO     - [logger.py:345] - Test result added: src/tests/api_tests/test_package_api.py::TestPackageAPI::test_unauthenticated_booking_group_deal_price - PASS (Duration: 4.09s)
2026-07-21 07:45:37 - GeoTravelGlobalLogger - INFO     - [logger.py:345] - Added test result to API SMOKE TEST: src/tests/api_tests/test_package_api.py::TestPackageAPI::test_unauthenticated_booking_group_deal_price - PASS
2026-07-21 07:45:37 - GeoTravelGlobalLogger - WARNING  - [logger.py:360] - ⚠️ Invalid token provided to set_auth_token()
2026-07-21 07:45:37 - GeoTravelGlobalLogger - INFO     - [logger.py:345] - Retrieved credentials from environment for: geo.qa.bot@gmail.com
2026-07-21 07:45:37 - GeoTravelGlobalLogger - INFO     - [logger.py:345] - Attempting login with email: geo.qa.bot@gmail.com
2026-07-21 07:45:37 - GeoTravelGlobalLogger - INFO     - [logger.py:345] - 🔍 _request START - Current self.headers: {'Content-Type': 'application/json', 'Accept': 'application/json', 'X-Client-Type': 'retail'}
2026-07-21 07:45:37 - GeoTravelGlobalLogger - INFO     - [logger.py:345] - 🔍 _request - kwargs headers: {}
2026-07-21 07:45:37 - GeoTravelGlobalLogger - INFO     - [logger.py:345] - 🔍 _request FINAL headers being sent: {'Content-Type': 'application/json', 'Accept': 'application/json', 'X-Client-Type': 'retail'}
2026-07-21 07:45:37 - GeoTravelGlobalLogger - INFO     - [logger.py:345] - API Request: POST https://api.stg.gowithgeo.com/api/auth/login
2026-07-21 07:45:37 - GeoTravelGlobalLogger - INFO     - [logger.py:345] - API Response: 200
2026-07-21 07:45:37 - GeoTravelGlobalLogger - INFO     - [logger.py:345] - Token extracted via cookies (length: 167, valid)
2026-07-21 07:45:37 - GeoTravelGlobalLogger - INFO     - [logger.py:345] - ✅ Auth token set from cookies (Cookie header)
2026-07-21 07:45:37 - GeoTravelGlobalLogger - INFO     - [logger.py:345] - SUCCESS: ✅ Login successful - token set via cookies
2026-07-21 07:45:37 - GeoTravelGlobalLogger - INFO     - [logger.py:345] - SUCCESS: ✅ Authenticated successfully (token length: 167)
2026-07-21 07:45:37 - GeoTravelGlobalLogger - INFO     - [logger.py:345] - ✅ Auth token set from cookies (Cookie header)
2026-07-21 07:45:37 - GeoTravelGlobalLogger - INFO     - [logger.py:345] - ✅ Auth token set from cookies (Cookie header)
2026-07-21 07:45:37 - GeoTravelGlobalLogger - INFO     - [logger.py:345] - === Testing UNAUTHENTICATED PRIVATE - Future Departure (>30 days) ===
2026-07-21 07:45:37 - GeoTravelGlobalLogger - INFO     - [logger.py:345] - 🔍 _request START - Current self.headers: {'Content-Type': 'application/json', 'Accept': 'application/json', 'X-Client-Type': 'retail'}
2026-07-21 07:45:37 - GeoTravelGlobalLogger - INFO     - [logger.py:345] - 🔍 _request - kwargs headers: {}
2026-07-21 07:45:37 - GeoTravelGlobalLogger - INFO     - [logger.py:345] - 🔍 _request FINAL headers being sent: {'Content-Type': 'application/json', 'Accept': 'application/json', 'X-Client-Type': 'retail'}
2026-07-21 07:45:37 - GeoTravelGlobalLogger - INFO     - [logger.py:345] - API Request: GET https://api.stg.gowithgeo.com/api/package/all
2026-07-21 07:45:37 - GeoTravelGlobalLogger - INFO     - [logger.py:345] - API Response: 200
2026-07-21 07:45:37 - GeoTravelGlobalLogger - INFO     - [logger.py:345] - 📦 Selected package: Sweet Sensation (ID: 11)
2026-07-21 07:45:37 - GeoTravelGlobalLogger - INFO     - [logger.py:345] - 📅 Selected departure: 2026-09-10 (>30 days away)
2026-07-21 07:45:37 - GeoTravelGlobalLogger - INFO     - [logger.py:345] - 🔍 _request START - Current self.headers: {'Content-Type': 'application/json', 'Accept': 'application/json', 'X-Client-Type': 'retail', 'Cookie': 'retail_access_token=eyJhbGciOiJIUzI1NiIsInR5cCI6IkpXVCJ9.eyJpZCI6MTUxLCJ1c2VyVHlwZSI6IlJFVEFJTCIsImlhdCI6MTc4NDYxOTkzNywiZXhwIjoxNzg0NjYzMTM3fQ.h41t6-UHHEjH1ioN46BB-Ee2IeJCc9GK6oH_Gz_hQ4E'}
2026-07-21 07:45:37 - GeoTravelGlobalLogger - INFO     - [logger.py:345] - 🔍 _request - kwargs headers: {}
2026-07-21 07:45:37 - GeoTravelGlobalLogger - INFO     - [logger.py:345] - 🔍 _request FINAL headers being sent: {'Content-Type': 'application/json', 'Accept': 'application/json', 'X-Client-Type': 'retail', 'Cookie': 'retail_access_token=eyJhbGciOiJIUzI1NiIsInR5cCI6IkpXVCJ9.eyJpZCI6MTUxLCJ1c2VyVHlwZSI6IlJFVEFJTCIsImlhdCI6MTc4NDYxOTkzNywiZXhwIjoxNzg0NjYzMTM3fQ.h41t6-UHHEjH1ioN46BB-Ee2IeJCc9GK6oH_Gz_hQ4E'}
2026-07-21 07:45:37 - GeoTravelGlobalLogger - INFO     - [logger.py:345] - API Request: GET https://api.stg.gowithgeo.com/api/package/user/booked-packages
2026-07-21 07:45:38 - GeoTravelGlobalLogger - INFO     - [logger.py:345] - API Response: 200
2026-07-21 07:45:38 - GeoTravelGlobalLogger - INFO     - [logger.py:345] - 📦 Payload: {'package': 11, 'full_name': 'Unauth Test User 6050', 'email': 'unauth9443@test.com', 'phone': '+234702319128', 'pricing_text': 'Family Trip', 'payment_mode': 'LOCKDOWN', 'adults': 2, 'children': 0, 'infants': 0, 'paymentMethod': 'manual payment', 'departure_date': '2026-09-10', 'return_date': '2026-09-17'}
2026-07-21 07:45:38 - GeoTravelGlobalLogger - INFO     - [logger.py:345] - 🔍 _request START - Current self.headers: {'Content-Type': 'application/json', 'Accept': 'application/json', 'X-Client-Type': 'retail'}
2026-07-21 07:45:38 - GeoTravelGlobalLogger - INFO     - [logger.py:345] - 🔍 _request - kwargs headers: {}
2026-07-21 07:45:38 - GeoTravelGlobalLogger - INFO     - [logger.py:345] - 🔍 _request FINAL headers being sent: {'Content-Type': 'application/json', 'Accept': 'application/json', 'X-Client-Type': 'retail'}
2026-07-21 07:45:38 - GeoTravelGlobalLogger - INFO     - [logger.py:345] - API Request: POST https://api.stg.gowithgeo.com/api/package/book
2026-07-21 07:45:38 - GeoTravelGlobalLogger - INFO     - [logger.py:345] - API Response: 200
2026-07-21 07:45:38 - GeoTravelGlobalLogger - INFO     - [logger.py:345] - SUCCESS: ✅ Verified user_id = null for unauthenticated booking
2026-07-21 07:45:38 - GeoTravelGlobalLogger - INFO     - [logger.py:345] - ✅ Bank Transfer - correct response structure
2026-07-21 07:45:40 - GeoTravelGlobalLogger - INFO     - [logger.py:345] - 🔍 _request START - Current self.headers: {'Content-Type': 'application/json', 'Accept': 'application/json', 'X-Client-Type': 'retail', 'Cookie': 'retail_access_token=eyJhbGciOiJIUzI1NiIsInR5cCI6IkpXVCJ9.eyJpZCI6MTUxLCJ1c2VyVHlwZSI6IlJFVEFJTCIsImlhdCI6MTc4NDYxOTkzNywiZXhwIjoxNzg0NjYzMTM3fQ.h41t6-UHHEjH1ioN46BB-Ee2IeJCc9GK6oH_Gz_hQ4E'}
2026-07-21 07:45:40 - GeoTravelGlobalLogger - INFO     - [logger.py:345] - 🔍 _request - kwargs headers: {}
2026-07-21 07:45:40 - GeoTravelGlobalLogger - INFO     - [logger.py:345] - 🔍 _request FINAL headers being sent: {'Content-Type': 'application/json', 'Accept': 'application/json', 'X-Client-Type': 'retail', 'Cookie': 'retail_access_token=eyJhbGciOiJIUzI1NiIsInR5cCI6IkpXVCJ9.eyJpZCI6MTUxLCJ1c2VyVHlwZSI6IlJFVEFJTCIsImlhdCI6MTc4NDYxOTkzNywiZXhwIjoxNzg0NjYzMTM3fQ.h41t6-UHHEjH1ioN46BB-Ee2IeJCc9GK6oH_Gz_hQ4E'}
2026-07-21 07:45:40 - GeoTravelGlobalLogger - INFO     - [logger.py:345] - API Request: GET https://api.stg.gowithgeo.com/api/package/user/booked-packages
2026-07-21 07:45:41 - GeoTravelGlobalLogger - INFO     - [logger.py:345] - API Response: 200
2026-07-21 07:45:41 - GeoTravelGlobalLogger - INFO     - [logger.py:345] - SUCCESS: ✅ Authenticated user's bookings unchanged (50)
2026-07-21 07:45:41 - GeoTravelGlobalLogger - INFO     - [logger.py:345] - SUCCESS: ✅ Unauthenticated booking ID 1827 not found in user bookings
2026-07-21 07:45:41 - GeoTravelGlobalLogger - INFO     - [logger.py:345] - SUCCESS: ✅ Unauthenticated PRIVATE future departure test passed
2026-07-21 07:45:41 - GeoTravelGlobalLogger - INFO     - [logger.py:345] - ✅ Saved test-specific logs: reports/logs/src_tests_api_tests_test_package_api.py_TestPackageAPI_test_unauthenticated_booking_private_future_departure_074541.log
2026-07-21 07:45:41 - GeoTravelGlobalLogger - INFO     - [logger.py:345] - Test result added: src/tests/api_tests/test_package_api.py::TestPackageAPI::test_unauthenticated_booking_private_future_departure - PASS (Duration: 3.66s)
2026-07-21 07:45:41 - GeoTravelGlobalLogger - INFO     - [logger.py:345] - Added test result to API SMOKE TEST: src/tests/api_tests/test_package_api.py::TestPackageAPI::test_unauthenticated_booking_private_future_departure - PASS
2026-07-21 07:45:41 - GeoTravelGlobalLogger - WARNING  - [logger.py:360] - ⚠️ Invalid token provided to set_auth_token()
2026-07-21 07:45:41 - GeoTravelGlobalLogger - INFO     - [logger.py:345] - Retrieved credentials from environment for: geo.qa.bot@gmail.com
2026-07-21 07:45:41 - GeoTravelGlobalLogger - INFO     - [logger.py:345] - Attempting login with email: geo.qa.bot@gmail.com
2026-07-21 07:45:41 - GeoTravelGlobalLogger - INFO     - [logger.py:345] - 🔍 _request START - Current self.headers: {'Content-Type': 'application/json', 'Accept': 'application/json', 'X-Client-Type': 'retail'}
2026-07-21 07:45:41 - GeoTravelGlobalLogger - INFO     - [logger.py:345] - 🔍 _request - kwargs headers: {}
2026-07-21 07:45:41 - GeoTravelGlobalLogger - INFO     - [logger.py:345] - 🔍 _request FINAL headers being sent: {'Content-Type': 'application/json', 'Accept': 'application/json', 'X-Client-Type': 'retail'}
2026-07-21 07:45:41 - GeoTravelGlobalLogger - INFO     - [logger.py:345] - API Request: POST https://api.stg.gowithgeo.com/api/auth/login
2026-07-21 07:45:41 - GeoTravelGlobalLogger - INFO     - [logger.py:345] - API Response: 200
2026-07-21 07:45:41 - GeoTravelGlobalLogger - INFO     - [logger.py:345] - Token extracted via cookies (length: 167, valid)
2026-07-21 07:45:41 - GeoTravelGlobalLogger - INFO     - [logger.py:345] - ✅ Auth token set from cookies (Cookie header)
2026-07-21 07:45:41 - GeoTravelGlobalLogger - INFO     - [logger.py:345] - SUCCESS: ✅ Login successful - token set via cookies
2026-07-21 07:45:41 - GeoTravelGlobalLogger - INFO     - [logger.py:345] - SUCCESS: ✅ Authenticated successfully (token length: 167)
2026-07-21 07:45:41 - GeoTravelGlobalLogger - INFO     - [logger.py:345] - ✅ Auth token set from cookies (Cookie header)
2026-07-21 07:45:41 - GeoTravelGlobalLogger - INFO     - [logger.py:345] - ✅ Auth token set from cookies (Cookie header)
2026-07-21 07:45:41 - GeoTravelGlobalLogger - INFO     - [logger.py:345] - === Testing UNAUTHENTICATED PRIVATE - Within 30 Days (Full Payment Required) ===
2026-07-21 07:45:41 - GeoTravelGlobalLogger - INFO     - [logger.py:345] - 🔍 _request START - Current self.headers: {'Content-Type': 'application/json', 'Accept': 'application/json', 'X-Client-Type': 'retail'}
2026-07-21 07:45:41 - GeoTravelGlobalLogger - INFO     - [logger.py:345] - 🔍 _request - kwargs headers: {}
2026-07-21 07:45:41 - GeoTravelGlobalLogger - INFO     - [logger.py:345] - 🔍 _request FINAL headers being sent: {'Content-Type': 'application/json', 'Accept': 'application/json', 'X-Client-Type': 'retail'}
2026-07-21 07:45:41 - GeoTravelGlobalLogger - INFO     - [logger.py:345] - API Request: GET https://api.stg.gowithgeo.com/api/package/all
2026-07-21 07:45:41 - GeoTravelGlobalLogger - INFO     - [logger.py:345] - API Response: 200
2026-07-21 07:45:41 - GeoTravelGlobalLogger - INFO     - [logger.py:345] - 📦 Selected package: Christmas Eve (ID: 15)
2026-07-21 07:45:41 - GeoTravelGlobalLogger - INFO     - [logger.py:345] - 📅 Departure in 30 days
2026-07-21 07:45:41 - GeoTravelGlobalLogger - INFO     - [logger.py:345] - 🔍 _request START - Current self.headers: {'Content-Type': 'application/json', 'Accept': 'application/json', 'X-Client-Type': 'retail', 'Cookie': 'retail_access_token=eyJhbGciOiJIUzI1NiIsInR5cCI6IkpXVCJ9.eyJpZCI6MTUxLCJ1c2VyVHlwZSI6IlJFVEFJTCIsImlhdCI6MTc4NDYxOTk0MSwiZXhwIjoxNzg0NjYzMTQxfQ.xgN4peVlMaPpf9SYLH8IerDpGju9xf3S0Wfhaht9dGs'}
2026-07-21 07:45:41 - GeoTravelGlobalLogger - INFO     - [logger.py:345] - 🔍 _request - kwargs headers: {}
2026-07-21 07:45:41 - GeoTravelGlobalLogger - INFO     - [logger.py:345] - 🔍 _request FINAL headers being sent: {'Content-Type': 'application/json', 'Accept': 'application/json', 'X-Client-Type': 'retail', 'Cookie': 'retail_access_token=eyJhbGciOiJIUzI1NiIsInR5cCI6IkpXVCJ9.eyJpZCI6MTUxLCJ1c2VyVHlwZSI6IlJFVEFJTCIsImlhdCI6MTc4NDYxOTk0MSwiZXhwIjoxNzg0NjYzMTQxfQ.xgN4peVlMaPpf9SYLH8IerDpGju9xf3S0Wfhaht9dGs'}
2026-07-21 07:45:41 - GeoTravelGlobalLogger - INFO     - [logger.py:345] - API Request: GET https://api.stg.gowithgeo.com/api/package/user/booked-packages
2026-07-21 07:45:42 - GeoTravelGlobalLogger - INFO     - [logger.py:345] - API Response: 200
2026-07-21 07:45:42 - GeoTravelGlobalLogger - INFO     - [logger.py:345] - 📦 Payload: {'package': 15, 'full_name': 'Unauth Test User 9408', 'email': 'unauth1784@test.com', 'phone': '+234701512377', 'pricing_text': 'Personalized', 'payment_mode': 'FULL_PRICE', 'adults': 1, 'children': 1, 'infants': 0, 'paymentMethod': 'paystack', 'departure_date': '2026-08-20', 'return_date': '2026-08-27'}
2026-07-21 07:45:42 - GeoTravelGlobalLogger - INFO     - [logger.py:345] - 🔍 _request START - Current self.headers: {'Content-Type': 'application/json', 'Accept': 'application/json', 'X-Client-Type': 'retail'}
2026-07-21 07:45:42 - GeoTravelGlobalLogger - INFO     - [logger.py:345] - 🔍 _request - kwargs headers: {}
2026-07-21 07:45:42 - GeoTravelGlobalLogger - INFO     - [logger.py:345] - 🔍 _request FINAL headers being sent: {'Content-Type': 'application/json', 'Accept': 'application/json', 'X-Client-Type': 'retail'}
2026-07-21 07:45:42 - GeoTravelGlobalLogger - INFO     - [logger.py:345] - API Request: POST https://api.stg.gowithgeo.com/api/package/book
2026-07-21 07:45:43 - GeoTravelGlobalLogger - INFO     - [logger.py:345] - API Response: 200
2026-07-21 07:45:43 - GeoTravelGlobalLogger - INFO     - [logger.py:345] - SUCCESS: ✅ Verified user_id = null for unauthenticated booking
2026-07-21 07:45:43 - GeoTravelGlobalLogger - INFO     - [logger.py:345] - ✅ paystack - paymentLink present
2026-07-21 07:45:45 - GeoTravelGlobalLogger - INFO     - [logger.py:345] - 🔍 _request START - Current self.headers: {'Content-Type': 'application/json', 'Accept': 'application/json', 'X-Client-Type': 'retail', 'Cookie': 'retail_access_token=eyJhbGciOiJIUzI1NiIsInR5cCI6IkpXVCJ9.eyJpZCI6MTUxLCJ1c2VyVHlwZSI6IlJFVEFJTCIsImlhdCI6MTc4NDYxOTk0MSwiZXhwIjoxNzg0NjYzMTQxfQ.xgN4peVlMaPpf9SYLH8IerDpGju9xf3S0Wfhaht9dGs'}
2026-07-21 07:45:45 - GeoTravelGlobalLogger - INFO     - [logger.py:345] - 🔍 _request - kwargs headers: {}
2026-07-21 07:45:45 - GeoTravelGlobalLogger - INFO     - [logger.py:345] - 🔍 _request FINAL headers being sent: {'Content-Type': 'application/json', 'Accept': 'application/json', 'X-Client-Type': 'retail', 'Cookie': 'retail_access_token=eyJhbGciOiJIUzI1NiIsInR5cCI6IkpXVCJ9.eyJpZCI6MTUxLCJ1c2VyVHlwZSI6IlJFVEFJTCIsImlhdCI6MTc4NDYxOTk0MSwiZXhwIjoxNzg0NjYzMTQxfQ.xgN4peVlMaPpf9SYLH8IerDpGju9xf3S0Wfhaht9dGs'}
2026-07-21 07:45:45 - GeoTravelGlobalLogger - INFO     - [logger.py:345] - API Request: GET https://api.stg.gowithgeo.com/api/package/user/booked-packages
2026-07-21 07:45:45 - GeoTravelGlobalLogger - INFO     - [logger.py:345] - API Response: 200
2026-07-21 07:45:45 - GeoTravelGlobalLogger - INFO     - [logger.py:345] - SUCCESS: ✅ Authenticated user's bookings unchanged (50)
2026-07-21 07:45:45 - GeoTravelGlobalLogger - INFO     - [logger.py:345] - SUCCESS: ✅ Unauthenticated booking ID 1828 not found in user bookings
2026-07-21 07:45:45 - GeoTravelGlobalLogger - INFO     - [logger.py:345] - SUCCESS: ✅ Unauthenticated PRIVATE within 30 days (full payment) test passed
2026-07-21 07:45:45 - GeoTravelGlobalLogger - INFO     - [logger.py:345] - ✅ Saved test-specific logs: reports/logs/src_tests_api_tests_test_package_api.py_TestPackageAPI_test_unauthenticated_booking_private_within_30_days_full_payment_074545.log
2026-07-21 07:45:45 - GeoTravelGlobalLogger - INFO     - [logger.py:345] - Test result added: src/tests/api_tests/test_package_api.py::TestPackageAPI::test_unauthenticated_booking_private_within_30_days_full_payment - PASS (Duration: 4.13s)
2026-07-21 07:45:45 - GeoTravelGlobalLogger - INFO     - [logger.py:345] - Added test result to API SMOKE TEST: src/tests/api_tests/test_package_api.py::TestPackageAPI::test_unauthenticated_booking_private_within_30_days_full_payment - PASS
2026-07-21 07:45:45 - GeoTravelGlobalLogger - INFO     - [logger.py:345] - Retrieved credentials from environment for: geo.qa.bot@gmail.com
2026-07-21 07:45:45 - GeoTravelGlobalLogger - INFO     - [logger.py:345] - Attempting login with email: geo.qa.bot@gmail.com
2026-07-21 07:45:45 - GeoTravelGlobalLogger - INFO     - [logger.py:345] - 🔍 _request START - Current self.headers: {'Content-Type': 'application/json', 'Accept': 'application/json', 'X-Client-Type': 'retail'}
2026-07-21 07:45:45 - GeoTravelGlobalLogger - INFO     - [logger.py:345] - 🔍 _request - kwargs headers: {}
2026-07-21 07:45:45 - GeoTravelGlobalLogger - INFO     - [logger.py:345] - 🔍 _request FINAL headers being sent: {'Content-Type': 'application/json', 'Accept': 'application/json', 'X-Client-Type': 'retail'}
2026-07-21 07:45:45 - GeoTravelGlobalLogger - INFO     - [logger.py:345] - API Request: POST https://api.stg.gowithgeo.com/api/auth/login
2026-07-21 07:45:46 - GeoTravelGlobalLogger - INFO     - [logger.py:345] - API Response: 200
2026-07-21 07:45:46 - GeoTravelGlobalLogger - INFO     - [logger.py:345] - Token extracted via cookies (length: 167, valid)
2026-07-21 07:45:46 - GeoTravelGlobalLogger - INFO     - [logger.py:345] - ✅ Auth token set from cookies (Cookie header)
2026-07-21 07:45:46 - GeoTravelGlobalLogger - INFO     - [logger.py:345] - SUCCESS: ✅ Login successful - token set via cookies
2026-07-21 07:45:46 - GeoTravelGlobalLogger - INFO     - [logger.py:345] - SUCCESS: ✅ Authenticated successfully (token length: 167)
2026-07-21 07:45:46 - GeoTravelGlobalLogger - INFO     - [logger.py:345] - ✅ Auth token set from cookies (Cookie header)
2026-07-21 07:45:46 - GeoTravelGlobalLogger - INFO     - [logger.py:345] - ✅ Auth token set from cookies (Cookie header)
2026-07-21 07:45:46 - GeoTravelGlobalLogger - INFO     - [logger.py:345] - === Testing Get User Booked Packages ===
2026-07-21 07:45:46 - GeoTravelGlobalLogger - INFO     - [logger.py:345] - 🔍 _request START - Current self.headers: {'Content-Type': 'application/json', 'Accept': 'application/json', 'X-Client-Type': 'retail', 'Cookie': 'retail_access_token=eyJhbGciOiJIUzI1NiIsInR5cCI6IkpXVCJ9.eyJpZCI6MTUxLCJ1c2VyVHlwZSI6IlJFVEFJTCIsImlhdCI6MTc4NDYxOTk0NSwiZXhwIjoxNzg0NjYzMTQ1fQ.Bz3ULeEm2WU4if6eRtgdxPQHckn0Nk82zkv2vI-AMn8'}
2026-07-21 07:45:46 - GeoTravelGlobalLogger - INFO     - [logger.py:345] - 🔍 _request - kwargs headers: {}
2026-07-21 07:45:46 - GeoTravelGlobalLogger - INFO     - [logger.py:345] - 🔍 _request FINAL headers being sent: {'Content-Type': 'application/json', 'Accept': 'application/json', 'X-Client-Type': 'retail', 'Cookie': 'retail_access_token=eyJhbGciOiJIUzI1NiIsInR5cCI6IkpXVCJ9.eyJpZCI6MTUxLCJ1c2VyVHlwZSI6IlJFVEFJTCIsImlhdCI6MTc4NDYxOTk0NSwiZXhwIjoxNzg0NjYzMTQ1fQ.Bz3ULeEm2WU4if6eRtgdxPQHckn0Nk82zkv2vI-AMn8'}
2026-07-21 07:45:46 - GeoTravelGlobalLogger - INFO     - [logger.py:345] - API Request: GET https://api.stg.gowithgeo.com/api/package/user/booked-packages
2026-07-21 07:45:46 - GeoTravelGlobalLogger - INFO     - [logger.py:345] - API Response: 200
2026-07-21 07:45:46 - GeoTravelGlobalLogger - INFO     - [logger.py:345] - SUCCESS: ✅ Get user booked packages successful
2026-07-21 07:45:46 - GeoTravelGlobalLogger - INFO     - [logger.py:345] - 🔍 _request START - Current self.headers: {'Content-Type': 'application/json', 'Accept': 'application/json', 'X-Client-Type': 'retail', 'Cookie': 'retail_access_token=eyJhbGciOiJIUzI1NiIsInR5cCI6IkpXVCJ9.eyJpZCI6MTUxLCJ1c2VyVHlwZSI6IlJFVEFJTCIsImlhdCI6MTc4NDYxOTk0NSwiZXhwIjoxNzg0NjYzMTQ1fQ.Bz3ULeEm2WU4if6eRtgdxPQHckn0Nk82zkv2vI-AMn8'}
2026-07-21 07:45:46 - GeoTravelGlobalLogger - INFO     - [logger.py:345] - 🔍 _request - kwargs headers: {}
2026-07-21 07:45:46 - GeoTravelGlobalLogger - INFO     - [logger.py:345] - 🔍 _request FINAL headers being sent: {'Content-Type': 'application/json', 'Accept': 'application/json', 'X-Client-Type': 'retail', 'Cookie': 'retail_access_token=eyJhbGciOiJIUzI1NiIsInR5cCI6IkpXVCJ9.eyJpZCI6MTUxLCJ1c2VyVHlwZSI6IlJFVEFJTCIsImlhdCI6MTc4NDYxOTk0NSwiZXhwIjoxNzg0NjYzMTQ1fQ.Bz3ULeEm2WU4if6eRtgdxPQHckn0Nk82zkv2vI-AMn8'}
2026-07-21 07:45:46 - GeoTravelGlobalLogger - INFO     - [logger.py:345] - API Request: GET https://api.stg.gowithgeo.com/api/package/user/booked-packages
2026-07-21 07:45:46 - GeoTravelGlobalLogger - INFO     - [logger.py:345] - API Response: 200
2026-07-21 07:45:46 - GeoTravelGlobalLogger - INFO     - [logger.py:345] - SUCCESS: ✅ Pagination test passed
2026-07-21 07:45:46 - GeoTravelGlobalLogger - INFO     - [logger.py:345] - ✅ Saved test-specific logs: reports/logs/src_tests_api_tests_test_package_api.py_TestPackageAPI_test_get_user_booked_packages_074546.log
2026-07-21 07:45:46 - GeoTravelGlobalLogger - INFO     - [logger.py:345] - Test result added: src/tests/api_tests/test_package_api.py::TestPackageAPI::test_get_user_booked_packages - PASS (Duration: 0.61s)
2026-07-21 07:45:46 - GeoTravelGlobalLogger - INFO     - [logger.py:345] - Added test result to API SMOKE TEST: src/tests/api_tests/test_package_api.py::TestPackageAPI::test_get_user_booked_packages - PASS
2026-07-21 07:45:46 - GeoTravelGlobalLogger - INFO     - [logger.py:345] - Retrieved credentials from environment for: geo.qa.bot@gmail.com
2026-07-21 07:45:46 - GeoTravelGlobalLogger - INFO     - [logger.py:345] - Attempting login with email: geo.qa.bot@gmail.com
2026-07-21 07:45:46 - GeoTravelGlobalLogger - INFO     - [logger.py:345] - 🔍 _request START - Current self.headers: {'Content-Type': 'application/json', 'Accept': 'application/json', 'X-Client-Type': 'retail'}
2026-07-21 07:45:46 - GeoTravelGlobalLogger - INFO     - [logger.py:345] - 🔍 _request - kwargs headers: {}
2026-07-21 07:45:46 - GeoTravelGlobalLogger - INFO     - [logger.py:345] - 🔍 _request FINAL headers being sent: {'Content-Type': 'application/json', 'Accept': 'application/json', 'X-Client-Type': 'retail'}
2026-07-21 07:45:46 - GeoTravelGlobalLogger - INFO     - [logger.py:345] - API Request: POST https://api.stg.gowithgeo.com/api/auth/login
2026-07-21 07:45:47 - GeoTravelGlobalLogger - INFO     - [logger.py:345] - API Response: 200
2026-07-21 07:45:47 - GeoTravelGlobalLogger - INFO     - [logger.py:345] - Token extracted via cookies (length: 167, valid)
2026-07-21 07:45:47 - GeoTravelGlobalLogger - INFO     - [logger.py:345] - ✅ Auth token set from cookies (Cookie header)
2026-07-21 07:45:47 - GeoTravelGlobalLogger - INFO     - [logger.py:345] - SUCCESS: ✅ Login successful - token set via cookies
2026-07-21 07:45:47 - GeoTravelGlobalLogger - INFO     - [logger.py:345] - SUCCESS: ✅ Authenticated successfully (token length: 167)
2026-07-21 07:45:47 - GeoTravelGlobalLogger - INFO     - [logger.py:345] - ✅ Auth token set from cookies (Cookie header)
2026-07-21 07:45:47 - GeoTravelGlobalLogger - INFO     - [logger.py:345] - ✅ Auth token set from cookies (Cookie header)
2026-07-21 07:45:47 - GeoTravelGlobalLogger - INFO     - [logger.py:345] - === Testing Get User Booked Packages Analytics ===
2026-07-21 07:45:47 - GeoTravelGlobalLogger - INFO     - [logger.py:345] - 🔍 _request START - Current self.headers: {'Content-Type': 'application/json', 'Accept': 'application/json', 'X-Client-Type': 'retail', 'Cookie': 'retail_access_token=eyJhbGciOiJIUzI1NiIsInR5cCI6IkpXVCJ9.eyJpZCI6MTUxLCJ1c2VyVHlwZSI6IlJFVEFJTCIsImlhdCI6MTc4NDYxOTk0NiwiZXhwIjoxNzg0NjYzMTQ2fQ.W5f1h9sxL7g-mTyuw32dzP4Y7SYvvhInU1oKLtJa5nM'}
2026-07-21 07:45:47 - GeoTravelGlobalLogger - INFO     - [logger.py:345] - 🔍 _request - kwargs headers: {}
2026-07-21 07:45:47 - GeoTravelGlobalLogger - INFO     - [logger.py:345] - 🔍 _request FINAL headers being sent: {'Content-Type': 'application/json', 'Accept': 'application/json', 'X-Client-Type': 'retail', 'Cookie': 'retail_access_token=eyJhbGciOiJIUzI1NiIsInR5cCI6IkpXVCJ9.eyJpZCI6MTUxLCJ1c2VyVHlwZSI6IlJFVEFJTCIsImlhdCI6MTc4NDYxOTk0NiwiZXhwIjoxNzg0NjYzMTQ2fQ.W5f1h9sxL7g-mTyuw32dzP4Y7SYvvhInU1oKLtJa5nM'}
2026-07-21 07:45:47 - GeoTravelGlobalLogger - INFO     - [logger.py:345] - API Request: GET https://api.stg.gowithgeo.com/api/package/user/booked-packages-analytics
2026-07-21 07:45:47 - GeoTravelGlobalLogger - INFO     - [logger.py:345] - API Response: 200
2026-07-21 07:45:47 - GeoTravelGlobalLogger - INFO     - [logger.py:345] - SUCCESS: ✅ Get user bookings analytics successful
2026-07-21 07:45:47 - GeoTravelGlobalLogger - INFO     - [logger.py:345] - ✅ Saved test-specific logs: reports/logs/src_tests_api_tests_test_package_api.py_TestPackageAPI_test_get_user_booked_packages_analytics_074547.log
2026-07-21 07:45:47 - GeoTravelGlobalLogger - INFO     - [logger.py:345] - Test result added: src/tests/api_tests/test_package_api.py::TestPackageAPI::test_get_user_booked_packages_analytics - PASS (Duration: 0.41s)
2026-07-21 07:45:47 - GeoTravelGlobalLogger - INFO     - [logger.py:345] - Added test result to API SMOKE TEST: src/tests/api_tests/test_package_api.py::TestPackageAPI::test_get_user_booked_packages_analytics - PASS
2026-07-21 07:45:47 - GeoTravelGlobalLogger - INFO     - [logger.py:345] - 🚀 Starting TestVisaEnquiryAPI test
2026-07-21 07:45:47 - GeoTravelGlobalLogger - INFO     - [logger.py:345] - === Testing Create Visa Enquiry - Without Auth ===
2026-07-21 07:45:47 - GeoTravelGlobalLogger - INFO     - [logger.py:345] - 🔍 _request START - Current self.headers: {'Content-Type': 'application/json', 'Accept': 'application/json', 'X-Client-Type': 'retail'}
2026-07-21 07:45:47 - GeoTravelGlobalLogger - INFO     - [logger.py:345] - 🔍 _request - kwargs headers: {}
2026-07-21 07:45:47 - GeoTravelGlobalLogger - INFO     - [logger.py:345] - 🔍 _request FINAL headers being sent: {'Content-Type': 'application/json', 'Accept': 'application/json', 'X-Client-Type': 'retail'}
2026-07-21 07:45:47 - GeoTravelGlobalLogger - INFO     - [logger.py:345] - API Request: POST https://api.stg.gowithgeo.com/api/visa/create
2026-07-21 07:45:47 - GeoTravelGlobalLogger - INFO     - [logger.py:345] - API Response: 200
2026-07-21 07:45:47 - GeoTravelGlobalLogger - INFO     - [logger.py:345] - SUCCESS: ✅ Visa enquiry created successfully without auth!
2026-07-21 07:45:47 - GeoTravelGlobalLogger - INFO     - [logger.py:345] - 📋 Visa ID: 3488, User ID: None (correctly null)
2026-07-21 07:45:47 - GeoTravelGlobalLogger - INFO     - [logger.py:345] - 📋 Type: Business, Country: Uganda
2026-07-21 07:45:47 - GeoTravelGlobalLogger - INFO     - [logger.py:345] - ✅ Saved test-specific logs: reports/logs/src_tests_api_tests_test_visa_api.py_TestVisaEnquiryAPI_test_create_visa_enquiry_without_auth_074547.log
2026-07-21 07:45:47 - GeoTravelGlobalLogger - INFO     - [logger.py:345] - Test result added: src/tests/api_tests/test_visa_api.py::TestVisaEnquiryAPI::test_create_visa_enquiry_without_auth - PASS (Duration: 0.41s)
2026-07-21 07:45:47 - GeoTravelGlobalLogger - INFO     - [logger.py:345] - Added test result to API SMOKE TEST: src/tests/api_tests/test_visa_api.py::TestVisaEnquiryAPI::test_create_visa_enquiry_without_auth - PASS
2026-07-21 07:45:47 - GeoTravelGlobalLogger - INFO     - [logger.py:345] - ✅ TestVisaEnquiryAPI test completed
2026-07-21 07:45:47 - GeoTravelGlobalLogger - INFO     - [logger.py:345] - 🚀 Starting TestVisaEnquiryAPI test
2026-07-21 07:45:47 - GeoTravelGlobalLogger - INFO     - [logger.py:345] - Retrieved credentials from environment for: geo.qa.bot@gmail.com
2026-07-21 07:45:47 - GeoTravelGlobalLogger - INFO     - [logger.py:345] - Attempting login with email: geo.qa.bot@gmail.com
2026-07-21 07:45:47 - GeoTravelGlobalLogger - INFO     - [logger.py:345] - 🔍 _request START - Current self.headers: {'Content-Type': 'application/json', 'Accept': 'application/json', 'X-Client-Type': 'retail'}
2026-07-21 07:45:47 - GeoTravelGlobalLogger - INFO     - [logger.py:345] - 🔍 _request - kwargs headers: {}
2026-07-21 07:45:47 - GeoTravelGlobalLogger - INFO     - [logger.py:345] - 🔍 _request FINAL headers being sent: {'Content-Type': 'application/json', 'Accept': 'application/json', 'X-Client-Type': 'retail'}
2026-07-21 07:45:47 - GeoTravelGlobalLogger - INFO     - [logger.py:345] - API Request: POST https://api.stg.gowithgeo.com/api/auth/login
2026-07-21 07:45:48 - GeoTravelGlobalLogger - INFO     - [logger.py:345] - API Response: 200
2026-07-21 07:45:48 - GeoTravelGlobalLogger - INFO     - [logger.py:345] - Token extracted via cookies (length: 167, valid)
2026-07-21 07:45:48 - GeoTravelGlobalLogger - INFO     - [logger.py:345] - ✅ Auth token set from cookies (Cookie header)
2026-07-21 07:45:48 - GeoTravelGlobalLogger - INFO     - [logger.py:345] - SUCCESS: ✅ Login successful - token set via cookies
2026-07-21 07:45:48 - GeoTravelGlobalLogger - INFO     - [logger.py:345] - SUCCESS: ✅ Authenticated successfully (token length: 167)
2026-07-21 07:45:48 - GeoTravelGlobalLogger - INFO     - [logger.py:345] - ✅ Auth token set from cookies (Cookie header)
2026-07-21 07:45:48 - GeoTravelGlobalLogger - INFO     - [logger.py:345] - ✅ Auth token set from cookies (Cookie header)
2026-07-21 07:45:48 - GeoTravelGlobalLogger - INFO     - [logger.py:345] - === Testing Create Visa Enquiry - With Auth ===
2026-07-21 07:45:48 - GeoTravelGlobalLogger - INFO     - [logger.py:345] - 🔍 _request START - Current self.headers: {'Content-Type': 'application/json', 'Accept': 'application/json', 'X-Client-Type': 'retail', 'Cookie': 'retail_access_token=eyJhbGciOiJIUzI1NiIsInR5cCI6IkpXVCJ9.eyJpZCI6MTUxLCJ1c2VyVHlwZSI6IlJFVEFJTCIsImlhdCI6MTc4NDYxOTk0OCwiZXhwIjoxNzg0NjYzMTQ4fQ.Cgqppu43mf_QrUidbVfcplfg8QEzonGLUY0YySLBc5I'}
2026-07-21 07:45:48 - GeoTravelGlobalLogger - INFO     - [logger.py:345] - 🔍 _request - kwargs headers: {}
2026-07-21 07:45:48 - GeoTravelGlobalLogger - INFO     - [logger.py:345] - 🔍 _request FINAL headers being sent: {'Content-Type': 'application/json', 'Accept': 'application/json', 'X-Client-Type': 'retail', 'Cookie': 'retail_access_token=eyJhbGciOiJIUzI1NiIsInR5cCI6IkpXVCJ9.eyJpZCI6MTUxLCJ1c2VyVHlwZSI6IlJFVEFJTCIsImlhdCI6MTc4NDYxOTk0OCwiZXhwIjoxNzg0NjYzMTQ4fQ.Cgqppu43mf_QrUidbVfcplfg8QEzonGLUY0YySLBc5I'}
2026-07-21 07:45:48 - GeoTravelGlobalLogger - INFO     - [logger.py:345] - API Request: POST https://api.stg.gowithgeo.com/api/visa/create
2026-07-21 07:45:48 - GeoTravelGlobalLogger - INFO     - [logger.py:345] - API Response: 200
2026-07-21 07:45:48 - GeoTravelGlobalLogger - INFO     - [logger.py:345] - SUCCESS: ✅ Visa enquiry created successfully with auth!
2026-07-21 07:45:48 - GeoTravelGlobalLogger - INFO     - [logger.py:345] - 📋 Visa ID: 3489, User ID: 151
2026-07-21 07:45:48 - GeoTravelGlobalLogger - INFO     - [logger.py:345] - ✅ Saved test-specific logs: reports/logs/src_tests_api_tests_test_visa_api.py_TestVisaEnquiryAPI_test_create_visa_enquiry_with_auth_074548.log
2026-07-21 07:45:48 - GeoTravelGlobalLogger - INFO     - [logger.py:345] - Test result added: src/tests/api_tests/test_visa_api.py::TestVisaEnquiryAPI::test_create_visa_enquiry_with_auth - PASS (Duration: 0.69s)
2026-07-21 07:45:48 - GeoTravelGlobalLogger - INFO     - [logger.py:345] - Added test result to API SMOKE TEST: src/tests/api_tests/test_visa_api.py::TestVisaEnquiryAPI::test_create_visa_enquiry_with_auth - PASS
2026-07-21 07:45:48 - GeoTravelGlobalLogger - INFO     - [logger.py:345] - ✅ TestVisaEnquiryAPI test completed
2026-07-21 07:45:48 - GeoTravelGlobalLogger - INFO     - [logger.py:345] - 🚀 Starting TestVisaEnquiryAPI test
2026-07-21 07:45:48 - GeoTravelGlobalLogger - INFO     - [logger.py:345] - === Testing Create Visa Enquiry - Missing first_name ===
2026-07-21 07:45:48 - GeoTravelGlobalLogger - INFO     - [logger.py:345] - 🔍 _request START - Current self.headers: {'Content-Type': 'application/json', 'Accept': 'application/json', 'X-Client-Type': 'retail'}
2026-07-21 07:45:48 - GeoTravelGlobalLogger - INFO     - [logger.py:345] - 🔍 _request - kwargs headers: {}
2026-07-21 07:45:48 - GeoTravelGlobalLogger - INFO     - [logger.py:345] - 🔍 _request FINAL headers being sent: {'Content-Type': 'application/json', 'Accept': 'application/json', 'X-Client-Type': 'retail'}
2026-07-21 07:45:48 - GeoTravelGlobalLogger - INFO     - [logger.py:345] - API Request: POST https://api.stg.gowithgeo.com/api/visa/create
2026-07-21 07:45:49 - GeoTravelGlobalLogger - INFO     - [logger.py:345] - API Response: 200
2026-07-21 07:45:49 - GeoTravelGlobalLogger - WARNING  - [logger.py:360] - ⚠️ Field 'first_name' is NOT required: accepted with 200
2026-07-21 07:45:49 - GeoTravelGlobalLogger - INFO     - [logger.py:345] -   Field 'first_name' in response: None
2026-07-21 07:45:49 - GeoTravelGlobalLogger - INFO     - [logger.py:345] - ✅ Saved test-specific logs: reports/logs/src_tests_api_tests_test_visa_api.py_TestVisaEnquiryAPI_test_create_visa_enquiry_missing_required_fields[first_name]_074549.log
2026-07-21 07:45:49 - GeoTravelGlobalLogger - INFO     - [logger.py:345] - Test result added: src/tests/api_tests/test_visa_api.py::TestVisaEnquiryAPI::test_create_visa_enquiry_missing_required_fields[first_name] - PASS (Duration: 0.39s)
2026-07-21 07:45:49 - GeoTravelGlobalLogger - INFO     - [logger.py:345] - Added test result to API SMOKE TEST: src/tests/api_tests/test_visa_api.py::TestVisaEnquiryAPI::test_create_visa_enquiry_missing_required_fields[first_name] - PASS
2026-07-21 07:45:49 - GeoTravelGlobalLogger - INFO     - [logger.py:345] - ✅ TestVisaEnquiryAPI test completed
2026-07-21 07:45:49 - GeoTravelGlobalLogger - INFO     - [logger.py:345] - 🚀 Starting TestVisaEnquiryAPI test
2026-07-21 07:45:49 - GeoTravelGlobalLogger - INFO     - [logger.py:345] - === Testing Create Visa Enquiry - Missing last_name ===
2026-07-21 07:45:49 - GeoTravelGlobalLogger - INFO     - [logger.py:345] - 🔍 _request START - Current self.headers: {'Content-Type': 'application/json', 'Accept': 'application/json', 'X-Client-Type': 'retail'}
2026-07-21 07:45:49 - GeoTravelGlobalLogger - INFO     - [logger.py:345] - 🔍 _request - kwargs headers: {}
2026-07-21 07:45:49 - GeoTravelGlobalLogger - INFO     - [logger.py:345] - 🔍 _request FINAL headers being sent: {'Content-Type': 'application/json', 'Accept': 'application/json', 'X-Client-Type': 'retail'}
2026-07-21 07:45:49 - GeoTravelGlobalLogger - INFO     - [logger.py:345] - API Request: POST https://api.stg.gowithgeo.com/api/visa/create
2026-07-21 07:45:49 - GeoTravelGlobalLogger - INFO     - [logger.py:345] - API Response: 200
2026-07-21 07:45:49 - GeoTravelGlobalLogger - WARNING  - [logger.py:360] - ⚠️ Field 'last_name' is NOT required: accepted with 200
2026-07-21 07:45:49 - GeoTravelGlobalLogger - INFO     - [logger.py:345] -   Field 'last_name' in response: None
2026-07-21 07:45:49 - GeoTravelGlobalLogger - INFO     - [logger.py:345] - ✅ Saved test-specific logs: reports/logs/src_tests_api_tests_test_visa_api.py_TestVisaEnquiryAPI_test_create_visa_enquiry_missing_required_fields[last_name]_074549.log
2026-07-21 07:45:49 - GeoTravelGlobalLogger - INFO     - [logger.py:345] - Test result added: src/tests/api_tests/test_visa_api.py::TestVisaEnquiryAPI::test_create_visa_enquiry_missing_required_fields[last_name] - PASS (Duration: 0.38s)
2026-07-21 07:45:49 - GeoTravelGlobalLogger - INFO     - [logger.py:345] - Added test result to API SMOKE TEST: src/tests/api_tests/test_visa_api.py::TestVisaEnquiryAPI::test_create_visa_enquiry_missing_required_fields[last_name] - PASS
2026-07-21 07:45:49 - GeoTravelGlobalLogger - INFO     - [logger.py:345] - ✅ TestVisaEnquiryAPI test completed
2026-07-21 07:45:49 - GeoTravelGlobalLogger - INFO     - [logger.py:345] - 🚀 Starting TestVisaEnquiryAPI test
2026-07-21 07:45:49 - GeoTravelGlobalLogger - INFO     - [logger.py:345] - === Testing Create Visa Enquiry - Missing email ===
2026-07-21 07:45:49 - GeoTravelGlobalLogger - INFO     - [logger.py:345] - 🔍 _request START - Current self.headers: {'Content-Type': 'application/json', 'Accept': 'application/json', 'X-Client-Type': 'retail'}
2026-07-21 07:45:49 - GeoTravelGlobalLogger - INFO     - [logger.py:345] - 🔍 _request - kwargs headers: {}
2026-07-21 07:45:49 - GeoTravelGlobalLogger - INFO     - [logger.py:345] - 🔍 _request FINAL headers being sent: {'Content-Type': 'application/json', 'Accept': 'application/json', 'X-Client-Type': 'retail'}
2026-07-21 07:45:49 - GeoTravelGlobalLogger - INFO     - [logger.py:345] - API Request: POST https://api.stg.gowithgeo.com/api/visa/create
2026-07-21 07:45:49 - GeoTravelGlobalLogger - INFO     - [logger.py:345] - API Response: 400
2026-07-21 07:45:49 - GeoTravelGlobalLogger - INFO     - [logger.py:345] - SUCCESS: ✅ Missing required field 'email' correctly rejected with 400
2026-07-21 07:45:49 - GeoTravelGlobalLogger - INFO     - [logger.py:345] - ✅ Saved test-specific logs: reports/logs/src_tests_api_tests_test_visa_api.py_TestVisaEnquiryAPI_test_create_visa_enquiry_missing_required_fields[email]_074549.log
2026-07-21 07:45:49 - GeoTravelGlobalLogger - INFO     - [logger.py:345] - Test result added: src/tests/api_tests/test_visa_api.py::TestVisaEnquiryAPI::test_create_visa_enquiry_missing_required_fields[email] - PASS (Duration: 0.11s)
2026-07-21 07:45:49 - GeoTravelGlobalLogger - INFO     - [logger.py:345] - Added test result to API SMOKE TEST: src/tests/api_tests/test_visa_api.py::TestVisaEnquiryAPI::test_create_visa_enquiry_missing_required_fields[email] - PASS
2026-07-21 07:45:49 - GeoTravelGlobalLogger - INFO     - [logger.py:345] - ✅ TestVisaEnquiryAPI test completed
2026-07-21 07:45:49 - GeoTravelGlobalLogger - INFO     - [logger.py:345] - 🚀 Starting TestVisaEnquiryAPI test
2026-07-21 07:45:49 - GeoTravelGlobalLogger - INFO     - [logger.py:345] - === Testing Create Visa Enquiry - Missing phoneNumber ===
2026-07-21 07:45:49 - GeoTravelGlobalLogger - INFO     - [logger.py:345] - 🔍 _request START - Current self.headers: {'Content-Type': 'application/json', 'Accept': 'application/json', 'X-Client-Type': 'retail'}
2026-07-21 07:45:49 - GeoTravelGlobalLogger - INFO     - [logger.py:345] - 🔍 _request - kwargs headers: {}
2026-07-21 07:45:49 - GeoTravelGlobalLogger - INFO     - [logger.py:345] - 🔍 _request FINAL headers being sent: {'Content-Type': 'application/json', 'Accept': 'application/json', 'X-Client-Type': 'retail'}
2026-07-21 07:45:49 - GeoTravelGlobalLogger - INFO     - [logger.py:345] - API Request: POST https://api.stg.gowithgeo.com/api/visa/create
2026-07-21 07:45:49 - GeoTravelGlobalLogger - INFO     - [logger.py:345] - API Response: 400
2026-07-21 07:45:49 - GeoTravelGlobalLogger - INFO     - [logger.py:345] - SUCCESS: ✅ Missing required field 'phoneNumber' correctly rejected with 400
2026-07-21 07:45:49 - GeoTravelGlobalLogger - INFO     - [logger.py:345] - ✅ Saved test-specific logs: reports/logs/src_tests_api_tests_test_visa_api.py_TestVisaEnquiryAPI_test_create_visa_enquiry_missing_required_fields[phoneNumber]_074549.log
2026-07-21 07:45:49 - GeoTravelGlobalLogger - INFO     - [logger.py:345] - Test result added: src/tests/api_tests/test_visa_api.py::TestVisaEnquiryAPI::test_create_visa_enquiry_missing_required_fields[phoneNumber] - PASS (Duration: 0.09s)
2026-07-21 07:45:49 - GeoTravelGlobalLogger - INFO     - [logger.py:345] - Added test result to API SMOKE TEST: src/tests/api_tests/test_visa_api.py::TestVisaEnquiryAPI::test_create_visa_enquiry_missing_required_fields[phoneNumber] - PASS
2026-07-21 07:45:49 - GeoTravelGlobalLogger - INFO     - [logger.py:345] - ✅ TestVisaEnquiryAPI test completed
2026-07-21 07:45:49 - GeoTravelGlobalLogger - INFO     - [logger.py:345] - 🚀 Starting TestVisaEnquiryAPI test
2026-07-21 07:45:49 - GeoTravelGlobalLogger - INFO     - [logger.py:345] - === Testing Create Visa Enquiry - Missing visaCountry ===
2026-07-21 07:45:49 - GeoTravelGlobalLogger - INFO     - [logger.py:345] - 🔍 _request START - Current self.headers: {'Content-Type': 'application/json', 'Accept': 'application/json', 'X-Client-Type': 'retail'}
2026-07-21 07:45:49 - GeoTravelGlobalLogger - INFO     - [logger.py:345] - 🔍 _request - kwargs headers: {}
2026-07-21 07:45:49 - GeoTravelGlobalLogger - INFO     - [logger.py:345] - 🔍 _request FINAL headers being sent: {'Content-Type': 'application/json', 'Accept': 'application/json', 'X-Client-Type': 'retail'}
2026-07-21 07:45:49 - GeoTravelGlobalLogger - INFO     - [logger.py:345] - API Request: POST https://api.stg.gowithgeo.com/api/visa/create
2026-07-21 07:45:49 - GeoTravelGlobalLogger - INFO     - [logger.py:345] - API Response: 400
2026-07-21 07:45:49 - GeoTravelGlobalLogger - INFO     - [logger.py:345] - SUCCESS: ✅ Missing required field 'visaCountry' correctly rejected with 400
2026-07-21 07:45:49 - GeoTravelGlobalLogger - INFO     - [logger.py:345] - ✅ Saved test-specific logs: reports/logs/src_tests_api_tests_test_visa_api.py_TestVisaEnquiryAPI_test_create_visa_enquiry_missing_required_fields[visaCountry]_074549.log
2026-07-21 07:45:49 - GeoTravelGlobalLogger - INFO     - [logger.py:345] - Test result added: src/tests/api_tests/test_visa_api.py::TestVisaEnquiryAPI::test_create_visa_enquiry_missing_required_fields[visaCountry] - PASS (Duration: 0.10s)
2026-07-21 07:45:49 - GeoTravelGlobalLogger - INFO     - [logger.py:345] - Added test result to API SMOKE TEST: src/tests/api_tests/test_visa_api.py::TestVisaEnquiryAPI::test_create_visa_enquiry_missing_required_fields[visaCountry] - PASS
2026-07-21 07:45:49 - GeoTravelGlobalLogger - INFO     - [logger.py:345] - ✅ TestVisaEnquiryAPI test completed
2026-07-21 07:45:49 - GeoTravelGlobalLogger - INFO     - [logger.py:345] - 🚀 Starting TestVisaEnquiryAPI test
2026-07-21 07:45:49 - GeoTravelGlobalLogger - INFO     - [logger.py:345] - === Testing Create Visa Enquiry - Missing travel_date ===
2026-07-21 07:45:49 - GeoTravelGlobalLogger - INFO     - [logger.py:345] - 🔍 _request START - Current self.headers: {'Content-Type': 'application/json', 'Accept': 'application/json', 'X-Client-Type': 'retail'}
2026-07-21 07:45:49 - GeoTravelGlobalLogger - INFO     - [logger.py:345] - 🔍 _request - kwargs headers: {}
2026-07-21 07:45:49 - GeoTravelGlobalLogger - INFO     - [logger.py:345] - 🔍 _request FINAL headers being sent: {'Content-Type': 'application/json', 'Accept': 'application/json', 'X-Client-Type': 'retail'}
2026-07-21 07:45:49 - GeoTravelGlobalLogger - INFO     - [logger.py:345] - API Request: POST https://api.stg.gowithgeo.com/api/visa/create
2026-07-21 07:45:50 - GeoTravelGlobalLogger - INFO     - [logger.py:345] - API Response: 400
2026-07-21 07:45:50 - GeoTravelGlobalLogger - INFO     - [logger.py:345] - SUCCESS: ✅ Missing required field 'travel_date' correctly rejected with 400
2026-07-21 07:45:50 - GeoTravelGlobalLogger - INFO     - [logger.py:345] - ✅ Saved test-specific logs: reports/logs/src_tests_api_tests_test_visa_api.py_TestVisaEnquiryAPI_test_create_visa_enquiry_missing_required_fields[travel_date]_074550.log
2026-07-21 07:45:50 - GeoTravelGlobalLogger - INFO     - [logger.py:345] - Test result added: src/tests/api_tests/test_visa_api.py::TestVisaEnquiryAPI::test_create_visa_enquiry_missing_required_fields[travel_date] - PASS (Duration: 0.12s)
2026-07-21 07:45:50 - GeoTravelGlobalLogger - INFO     - [logger.py:345] - Added test result to API SMOKE TEST: src/tests/api_tests/test_visa_api.py::TestVisaEnquiryAPI::test_create_visa_enquiry_missing_required_fields[travel_date] - PASS
2026-07-21 07:45:50 - GeoTravelGlobalLogger - INFO     - [logger.py:345] - ✅ TestVisaEnquiryAPI test completed
2026-07-21 07:45:50 - GeoTravelGlobalLogger - INFO     - [logger.py:345] - 🚀 Starting TestVisaEnquiryAPI test
2026-07-21 07:45:50 - GeoTravelGlobalLogger - INFO     - [logger.py:345] - === Testing Create Visa Enquiry - Missing agree ===
2026-07-21 07:45:50 - GeoTravelGlobalLogger - INFO     - [logger.py:345] - 🔍 _request START - Current self.headers: {'Content-Type': 'application/json', 'Accept': 'application/json', 'X-Client-Type': 'retail'}
2026-07-21 07:45:50 - GeoTravelGlobalLogger - INFO     - [logger.py:345] - 🔍 _request - kwargs headers: {}
2026-07-21 07:45:50 - GeoTravelGlobalLogger - INFO     - [logger.py:345] - 🔍 _request FINAL headers being sent: {'Content-Type': 'application/json', 'Accept': 'application/json', 'X-Client-Type': 'retail'}
2026-07-21 07:45:50 - GeoTravelGlobalLogger - INFO     - [logger.py:345] - API Request: POST https://api.stg.gowithgeo.com/api/visa/create
2026-07-21 07:45:50 - GeoTravelGlobalLogger - INFO     - [logger.py:345] - API Response: 400
2026-07-21 07:45:50 - GeoTravelGlobalLogger - INFO     - [logger.py:345] - SUCCESS: ✅ Missing required field 'agree' correctly rejected with 400
2026-07-21 07:45:50 - GeoTravelGlobalLogger - INFO     - [logger.py:345] - ✅ Saved test-specific logs: reports/logs/src_tests_api_tests_test_visa_api.py_TestVisaEnquiryAPI_test_create_visa_enquiry_missing_required_fields[agree]_074550.log
2026-07-21 07:45:50 - GeoTravelGlobalLogger - INFO     - [logger.py:345] - Test result added: src/tests/api_tests/test_visa_api.py::TestVisaEnquiryAPI::test_create_visa_enquiry_missing_required_fields[agree] - PASS (Duration: 0.10s)
2026-07-21 07:45:50 - GeoTravelGlobalLogger - INFO     - [logger.py:345] - Added test result to API SMOKE TEST: src/tests/api_tests/test_visa_api.py::TestVisaEnquiryAPI::test_create_visa_enquiry_missing_required_fields[agree] - PASS
2026-07-21 07:45:50 - GeoTravelGlobalLogger - INFO     - [logger.py:345] - ✅ TestVisaEnquiryAPI test completed
2026-07-21 07:45:50 - GeoTravelGlobalLogger - INFO     - [logger.py:345] - 🚀 Starting TestVisaEnquiryAPI test
2026-07-21 07:45:50 - GeoTravelGlobalLogger - INFO     - [logger.py:345] - === Testing Create Visa Enquiry - Missing type ===
2026-07-21 07:45:50 - GeoTravelGlobalLogger - INFO     - [logger.py:345] - 🔍 _request START - Current self.headers: {'Content-Type': 'application/json', 'Accept': 'application/json', 'X-Client-Type': 'retail'}
2026-07-21 07:45:50 - GeoTravelGlobalLogger - INFO     - [logger.py:345] - 🔍 _request - kwargs headers: {}
2026-07-21 07:45:50 - GeoTravelGlobalLogger - INFO     - [logger.py:345] - 🔍 _request FINAL headers being sent: {'Content-Type': 'application/json', 'Accept': 'application/json', 'X-Client-Type': 'retail'}
2026-07-21 07:45:50 - GeoTravelGlobalLogger - INFO     - [logger.py:345] - API Request: POST https://api.stg.gowithgeo.com/api/visa/create
2026-07-21 07:45:50 - GeoTravelGlobalLogger - INFO     - [logger.py:345] - API Response: 400
2026-07-21 07:45:50 - GeoTravelGlobalLogger - INFO     - [logger.py:345] - SUCCESS: ✅ Missing required field 'type' correctly rejected with 400
2026-07-21 07:45:50 - GeoTravelGlobalLogger - INFO     - [logger.py:345] - ✅ Saved test-specific logs: reports/logs/src_tests_api_tests_test_visa_api.py_TestVisaEnquiryAPI_test_create_visa_enquiry_missing_required_fields[type]_074550.log
2026-07-21 07:45:50 - GeoTravelGlobalLogger - INFO     - [logger.py:345] - Test result added: src/tests/api_tests/test_visa_api.py::TestVisaEnquiryAPI::test_create_visa_enquiry_missing_required_fields[type] - PASS (Duration: 0.10s)
2026-07-21 07:45:50 - GeoTravelGlobalLogger - INFO     - [logger.py:345] - Added test result to API SMOKE TEST: src/tests/api_tests/test_visa_api.py::TestVisaEnquiryAPI::test_create_visa_enquiry_missing_required_fields[type] - PASS
2026-07-21 07:45:50 - GeoTravelGlobalLogger - INFO     - [logger.py:345] - ✅ TestVisaEnquiryAPI test completed
2026-07-21 07:45:50 - GeoTravelGlobalLogger - INFO     - [logger.py:345] - 🚀 Starting TestVisaEnquiryAPI test
2026-07-21 07:45:50 - GeoTravelGlobalLogger - INFO     - [logger.py:345] - === Testing Create Visa Enquiry - Invalid Type: InvalidType ===
2026-07-21 07:45:50 - GeoTravelGlobalLogger - INFO     - [logger.py:345] - 🔍 _request START - Current self.headers: {'Content-Type': 'application/json', 'Accept': 'application/json', 'X-Client-Type': 'retail'}
2026-07-21 07:45:50 - GeoTravelGlobalLogger - INFO     - [logger.py:345] - 🔍 _request - kwargs headers: {}
2026-07-21 07:45:50 - GeoTravelGlobalLogger - INFO     - [logger.py:345] - 🔍 _request FINAL headers being sent: {'Content-Type': 'application/json', 'Accept': 'application/json', 'X-Client-Type': 'retail'}
2026-07-21 07:45:50 - GeoTravelGlobalLogger - INFO     - [logger.py:345] - API Request: POST https://api.stg.gowithgeo.com/api/visa/create
2026-07-21 07:45:50 - GeoTravelGlobalLogger - INFO     - [logger.py:345] - API Response: 400
2026-07-21 07:45:50 - GeoTravelGlobalLogger - INFO     - [logger.py:345] - SUCCESS: ✅ Invalid visa type 'InvalidType' correctly rejected
2026-07-21 07:45:50 - GeoTravelGlobalLogger - INFO     - [logger.py:345] - ✅ Saved test-specific logs: reports/logs/src_tests_api_tests_test_visa_api.py_TestVisaEnquiryAPI_test_create_visa_enquiry_invalid_type[InvalidType]_074550.log
2026-07-21 07:45:50 - GeoTravelGlobalLogger - INFO     - [logger.py:345] - Test result added: src/tests/api_tests/test_visa_api.py::TestVisaEnquiryAPI::test_create_visa_enquiry_invalid_type[InvalidType] - PASS (Duration: 0.11s)
2026-07-21 07:45:50 - GeoTravelGlobalLogger - INFO     - [logger.py:345] - Added test result to API SMOKE TEST: src/tests/api_tests/test_visa_api.py::TestVisaEnquiryAPI::test_create_visa_enquiry_invalid_type[InvalidType] - PASS
2026-07-21 07:45:50 - GeoTravelGlobalLogger - INFO     - [logger.py:345] - ✅ TestVisaEnquiryAPI test completed
2026-07-21 07:45:50 - GeoTravelGlobalLogger - INFO     - [logger.py:345] - 🚀 Starting TestVisaEnquiryAPI test
2026-07-21 07:45:50 - GeoTravelGlobalLogger - INFO     - [logger.py:345] - === Testing Create Visa Enquiry - Invalid Type:  ===
2026-07-21 07:45:50 - GeoTravelGlobalLogger - INFO     - [logger.py:345] - 🔍 _request START - Current self.headers: {'Content-Type': 'application/json', 'Accept': 'application/json', 'X-Client-Type': 'retail'}
2026-07-21 07:45:50 - GeoTravelGlobalLogger - INFO     - [logger.py:345] - 🔍 _request - kwargs headers: {}
2026-07-21 07:45:50 - GeoTravelGlobalLogger - INFO     - [logger.py:345] - 🔍 _request FINAL headers being sent: {'Content-Type': 'application/json', 'Accept': 'application/json', 'X-Client-Type': 'retail'}
2026-07-21 07:45:50 - GeoTravelGlobalLogger - INFO     - [logger.py:345] - API Request: POST https://api.stg.gowithgeo.com/api/visa/create
2026-07-21 07:45:50 - GeoTravelGlobalLogger - INFO     - [logger.py:345] - API Response: 400
2026-07-21 07:45:50 - GeoTravelGlobalLogger - INFO     - [logger.py:345] - SUCCESS: ✅ Invalid visa type '' correctly rejected
2026-07-21 07:45:50 - GeoTravelGlobalLogger - INFO     - [logger.py:345] - ✅ Saved test-specific logs: reports/logs/src_tests_api_tests_test_visa_api.py_TestVisaEnquiryAPI_test_create_visa_enquiry_invalid_type[]_074550.log
2026-07-21 07:45:50 - GeoTravelGlobalLogger - INFO     - [logger.py:345] - Test result added: src/tests/api_tests/test_visa_api.py::TestVisaEnquiryAPI::test_create_visa_enquiry_invalid_type[] - PASS (Duration: 0.09s)
2026-07-21 07:45:50 - GeoTravelGlobalLogger - INFO     - [logger.py:345] - Added test result to API SMOKE TEST: src/tests/api_tests/test_visa_api.py::TestVisaEnquiryAPI::test_create_visa_enquiry_invalid_type[] - PASS
2026-07-21 07:45:50 - GeoTravelGlobalLogger - INFO     - [logger.py:345] - ✅ TestVisaEnquiryAPI test completed
2026-07-21 07:45:50 - GeoTravelGlobalLogger - INFO     - [logger.py:345] - 🚀 Starting TestVisaEnquiryAPI test
2026-07-21 07:45:50 - GeoTravelGlobalLogger - INFO     - [logger.py:345] - === Testing Create Visa Enquiry - Invalid Type: Vacation ===
2026-07-21 07:45:50 - GeoTravelGlobalLogger - INFO     - [logger.py:345] - 🔍 _request START - Current self.headers: {'Content-Type': 'application/json', 'Accept': 'application/json', 'X-Client-Type': 'retail'}
2026-07-21 07:45:50 - GeoTravelGlobalLogger - INFO     - [logger.py:345] - 🔍 _request - kwargs headers: {}
2026-07-21 07:45:50 - GeoTravelGlobalLogger - INFO     - [logger.py:345] - 🔍 _request FINAL headers being sent: {'Content-Type': 'application/json', 'Accept': 'application/json', 'X-Client-Type': 'retail'}
2026-07-21 07:45:50 - GeoTravelGlobalLogger - INFO     - [logger.py:345] - API Request: POST https://api.stg.gowithgeo.com/api/visa/create
2026-07-21 07:45:50 - GeoTravelGlobalLogger - INFO     - [logger.py:345] - API Response: 400
2026-07-21 07:45:50 - GeoTravelGlobalLogger - INFO     - [logger.py:345] - SUCCESS: ✅ Invalid visa type 'Vacation' correctly rejected
2026-07-21 07:45:50 - GeoTravelGlobalLogger - INFO     - [logger.py:345] - ✅ Saved test-specific logs: reports/logs/src_tests_api_tests_test_visa_api.py_TestVisaEnquiryAPI_test_create_visa_enquiry_invalid_type[Vacation]_074550.log
2026-07-21 07:45:50 - GeoTravelGlobalLogger - INFO     - [logger.py:345] - Test result added: src/tests/api_tests/test_visa_api.py::TestVisaEnquiryAPI::test_create_visa_enquiry_invalid_type[Vacation] - PASS (Duration: 0.09s)
2026-07-21 07:45:50 - GeoTravelGlobalLogger - INFO     - [logger.py:345] - Added test result to API SMOKE TEST: src/tests/api_tests/test_visa_api.py::TestVisaEnquiryAPI::test_create_visa_enquiry_invalid_type[Vacation] - PASS
2026-07-21 07:45:50 - GeoTravelGlobalLogger - INFO     - [logger.py:345] - ✅ TestVisaEnquiryAPI test completed
2026-07-21 07:45:50 - GeoTravelGlobalLogger - INFO     - [logger.py:345] - 🚀 Starting TestVisaEnquiryAPI test
2026-07-21 07:45:50 - GeoTravelGlobalLogger - INFO     - [logger.py:345] - === Testing Create Visa Enquiry - Invalid Dates ===
2026-07-21 07:45:50 - GeoTravelGlobalLogger - INFO     - [logger.py:345] - Testing: Past travel date
2026-07-21 07:45:50 - GeoTravelGlobalLogger - INFO     - [logger.py:345] - 🔍 _request START - Current self.headers: {'Content-Type': 'application/json', 'Accept': 'application/json', 'X-Client-Type': 'retail'}
2026-07-21 07:45:50 - GeoTravelGlobalLogger - INFO     - [logger.py:345] - 🔍 _request - kwargs headers: {}
2026-07-21 07:45:50 - GeoTravelGlobalLogger - INFO     - [logger.py:345] - 🔍 _request FINAL headers being sent: {'Content-Type': 'application/json', 'Accept': 'application/json', 'X-Client-Type': 'retail'}
2026-07-21 07:45:50 - GeoTravelGlobalLogger - INFO     - [logger.py:345] - API Request: POST https://api.stg.gowithgeo.com/api/visa/create
2026-07-21 07:45:51 - GeoTravelGlobalLogger - INFO     - [logger.py:345] - API Response: 200
2026-07-21 07:45:51 - GeoTravelGlobalLogger - WARNING  - [logger.py:360] - ⚠️ Past travel date: Unexpected status 200
2026-07-21 07:45:51 - GeoTravelGlobalLogger - INFO     - [logger.py:345] - Testing: Invalid date format
2026-07-21 07:45:51 - GeoTravelGlobalLogger - INFO     - [logger.py:345] - 🔍 _request START - Current self.headers: {'Content-Type': 'application/json', 'Accept': 'application/json', 'X-Client-Type': 'retail'}
2026-07-21 07:45:51 - GeoTravelGlobalLogger - INFO     - [logger.py:345] - 🔍 _request - kwargs headers: {}
2026-07-21 07:45:51 - GeoTravelGlobalLogger - INFO     - [logger.py:345] - 🔍 _request FINAL headers being sent: {'Content-Type': 'application/json', 'Accept': 'application/json', 'X-Client-Type': 'retail'}
2026-07-21 07:45:51 - GeoTravelGlobalLogger - INFO     - [logger.py:345] - API Request: POST https://api.stg.gowithgeo.com/api/visa/create
2026-07-21 07:45:51 - GeoTravelGlobalLogger - INFO     - [logger.py:345] - API Response: 400
2026-07-21 07:45:51 - GeoTravelGlobalLogger - INFO     - [logger.py:345] - SUCCESS: ✅ Invalid date format: Correctly rejected
2026-07-21 07:45:51 - GeoTravelGlobalLogger - INFO     - [logger.py:345] - Testing: Empty date
2026-07-21 07:45:51 - GeoTravelGlobalLogger - INFO     - [logger.py:345] - 🔍 _request START - Current self.headers: {'Content-Type': 'application/json', 'Accept': 'application/json', 'X-Client-Type': 'retail'}
2026-07-21 07:45:51 - GeoTravelGlobalLogger - INFO     - [logger.py:345] - 🔍 _request - kwargs headers: {}
2026-07-21 07:45:51 - GeoTravelGlobalLogger - INFO     - [logger.py:345] - 🔍 _request FINAL headers being sent: {'Content-Type': 'application/json', 'Accept': 'application/json', 'X-Client-Type': 'retail'}
2026-07-21 07:45:51 - GeoTravelGlobalLogger - INFO     - [logger.py:345] - API Request: POST https://api.stg.gowithgeo.com/api/visa/create
2026-07-21 07:45:51 - GeoTravelGlobalLogger - INFO     - [logger.py:345] - API Response: 400
2026-07-21 07:45:51 - GeoTravelGlobalLogger - INFO     - [logger.py:345] - SUCCESS: ✅ Empty date: Correctly rejected
2026-07-21 07:45:51 - GeoTravelGlobalLogger - INFO     - [logger.py:345] - ✅ Saved test-specific logs: reports/logs/src_tests_api_tests_test_visa_api.py_TestVisaEnquiryAPI_test_create_visa_enquiry_invalid_dates_074551.log
2026-07-21 07:45:51 - GeoTravelGlobalLogger - INFO     - [logger.py:345] - Test result added: src/tests/api_tests/test_visa_api.py::TestVisaEnquiryAPI::test_create_visa_enquiry_invalid_dates - PASS (Duration: 0.44s)
2026-07-21 07:45:51 - GeoTravelGlobalLogger - INFO     - [logger.py:345] - Added test result to API SMOKE TEST: src/tests/api_tests/test_visa_api.py::TestVisaEnquiryAPI::test_create_visa_enquiry_invalid_dates - PASS
2026-07-21 07:45:51 - GeoTravelGlobalLogger - INFO     - [logger.py:345] - ✅ TestVisaEnquiryAPI test completed
2026-07-21 07:45:51 - GeoTravelGlobalLogger - INFO     - [logger.py:345] - 🚀 Starting TestVisaEnquiryAPI test
2026-07-21 07:45:51 - GeoTravelGlobalLogger - INFO     - [logger.py:345] - === Testing Make Payment (Flutterwave) - Without Auth ===
2026-07-21 07:45:51 - GeoTravelGlobalLogger - INFO     - [logger.py:345] - 🔍 _request START - Current self.headers: {'Content-Type': 'application/json', 'Accept': 'application/json', 'X-Client-Type': 'retail'}
2026-07-21 07:45:51 - GeoTravelGlobalLogger - INFO     - [logger.py:345] - 🔍 _request - kwargs headers: {}
2026-07-21 07:45:51 - GeoTravelGlobalLogger - INFO     - [logger.py:345] - 🔍 _request FINAL headers being sent: {'Content-Type': 'application/json', 'Accept': 'application/json', 'X-Client-Type': 'retail'}
2026-07-21 07:45:51 - GeoTravelGlobalLogger - INFO     - [logger.py:345] - API Request: POST https://api.stg.gowithgeo.com/api/visa/create
2026-07-21 07:45:51 - GeoTravelGlobalLogger - INFO     - [logger.py:345] - API Response: 200
2026-07-21 07:45:51 - GeoTravelGlobalLogger - INFO     - [logger.py:345] - 🔍 _request START - Current self.headers: {'Content-Type': 'application/json', 'Accept': 'application/json', 'X-Client-Type': 'retail'}
2026-07-21 07:45:51 - GeoTravelGlobalLogger - INFO     - [logger.py:345] - 🔍 _request - kwargs headers: {}
2026-07-21 07:45:51 - GeoTravelGlobalLogger - INFO     - [logger.py:345] - 🔍 _request FINAL headers being sent: {'Content-Type': 'application/json', 'Accept': 'application/json', 'X-Client-Type': 'retail'}
2026-07-21 07:45:51 - GeoTravelGlobalLogger - INFO     - [logger.py:345] - API Request: POST https://api.stg.gowithgeo.com/api/visa/payment
2026-07-21 07:45:52 - GeoTravelGlobalLogger - INFO     - [logger.py:345] - API Response: 200
2026-07-21 07:45:52 - GeoTravelGlobalLogger - INFO     - [logger.py:345] - SUCCESS: ✅ Flutterwave payment initiated successfully!
2026-07-21 07:45:52 - GeoTravelGlobalLogger - INFO     - [logger.py:345] - 📋 Payment link: https://checkout-v2.dev-flutterwave.com/v3/hosted/pay/5ddb6ed9411e762547ed
2026-07-21 07:45:52 - GeoTravelGlobalLogger - INFO     - [logger.py:345] - SUCCESS: ✅ Payment link verification: Payment link is valid and points to Flutterwave
2026-07-21 07:45:52 - GeoTravelGlobalLogger - INFO     - [logger.py:345] - ✅ Saved test-specific logs: reports/logs/src_tests_api_tests_test_visa_api.py_TestVisaEnquiryAPI_test_make_payment_flutterwave_without_auth_074552.log
2026-07-21 07:45:52 - GeoTravelGlobalLogger - INFO     - [logger.py:345] - Test result added: src/tests/api_tests/test_visa_api.py::TestVisaEnquiryAPI::test_make_payment_flutterwave_without_auth - PASS (Duration: 1.50s)
2026-07-21 07:45:52 - GeoTravelGlobalLogger - INFO     - [logger.py:345] - Added test result to API SMOKE TEST: src/tests/api_tests/test_visa_api.py::TestVisaEnquiryAPI::test_make_payment_flutterwave_without_auth - PASS
2026-07-21 07:45:52 - GeoTravelGlobalLogger - INFO     - [logger.py:345] - ✅ TestVisaEnquiryAPI test completed
2026-07-21 07:45:52 - GeoTravelGlobalLogger - INFO     - [logger.py:345] - 🚀 Starting TestVisaEnquiryAPI test
2026-07-21 07:45:52 - GeoTravelGlobalLogger - INFO     - [logger.py:345] - === Testing Make Payment (Paystack) - Without Auth ===
2026-07-21 07:45:52 - GeoTravelGlobalLogger - INFO     - [logger.py:345] - 🔍 _request START - Current self.headers: {'Content-Type': 'application/json', 'Accept': 'application/json', 'X-Client-Type': 'retail'}
2026-07-21 07:45:52 - GeoTravelGlobalLogger - INFO     - [logger.py:345] - 🔍 _request - kwargs headers: {}
2026-07-21 07:45:52 - GeoTravelGlobalLogger - INFO     - [logger.py:345] - 🔍 _request FINAL headers being sent: {'Content-Type': 'application/json', 'Accept': 'application/json', 'X-Client-Type': 'retail'}
2026-07-21 07:45:52 - GeoTravelGlobalLogger - INFO     - [logger.py:345] - API Request: POST https://api.stg.gowithgeo.com/api/visa/create
2026-07-21 07:45:52 - GeoTravelGlobalLogger - INFO     - [logger.py:345] - API Response: 200
2026-07-21 07:45:52 - GeoTravelGlobalLogger - INFO     - [logger.py:345] - 🔍 _request START - Current self.headers: {'Content-Type': 'application/json', 'Accept': 'application/json', 'X-Client-Type': 'retail'}
2026-07-21 07:45:52 - GeoTravelGlobalLogger - INFO     - [logger.py:345] - 🔍 _request - kwargs headers: {}
2026-07-21 07:45:52 - GeoTravelGlobalLogger - INFO     - [logger.py:345] - 🔍 _request FINAL headers being sent: {'Content-Type': 'application/json', 'Accept': 'application/json', 'X-Client-Type': 'retail'}
2026-07-21 07:45:52 - GeoTravelGlobalLogger - INFO     - [logger.py:345] - API Request: POST https://api.stg.gowithgeo.com/api/visa/payment
2026-07-21 07:45:53 - GeoTravelGlobalLogger - INFO     - [logger.py:345] - API Response: 200
2026-07-21 07:45:53 - GeoTravelGlobalLogger - INFO     - [logger.py:345] - SUCCESS: ✅ Paystack payment initiated successfully!
2026-07-21 07:45:53 - GeoTravelGlobalLogger - INFO     - [logger.py:345] - 📋 Payment link: https://checkout.paystack.com/2omegyiv2tgnng3
2026-07-21 07:45:54 - GeoTravelGlobalLogger - INFO     - [logger.py:345] - SUCCESS: ✅ Payment link verification: Payment link is valid and points to Flutterwave
2026-07-21 07:45:54 - GeoTravelGlobalLogger - INFO     - [logger.py:345] - ✅ Saved test-specific logs: reports/logs/src_tests_api_tests_test_visa_api.py_TestVisaEnquiryAPI_test_make_payment_paystack_without_auth_074554.log
2026-07-21 07:45:54 - GeoTravelGlobalLogger - INFO     - [logger.py:345] - Test result added: src/tests/api_tests/test_visa_api.py::TestVisaEnquiryAPI::test_make_payment_paystack_without_auth - PASS (Duration: 1.60s)
2026-07-21 07:45:54 - GeoTravelGlobalLogger - INFO     - [logger.py:345] - Added test result to API SMOKE TEST: src/tests/api_tests/test_visa_api.py::TestVisaEnquiryAPI::test_make_payment_paystack_without_auth - PASS
2026-07-21 07:45:54 - GeoTravelGlobalLogger - INFO     - [logger.py:345] - ✅ TestVisaEnquiryAPI test completed
2026-07-21 07:45:54 - GeoTravelGlobalLogger - INFO     - [logger.py:345] - 🚀 Starting TestVisaEnquiryAPI test
2026-07-21 07:45:54 - GeoTravelGlobalLogger - INFO     - [logger.py:345] - === Testing Make Payment (Bank Transfer) - Without Auth ===
2026-07-21 07:45:54 - GeoTravelGlobalLogger - INFO     - [logger.py:345] - 🔍 _request START - Current self.headers: {'Content-Type': 'application/json', 'Accept': 'application/json', 'X-Client-Type': 'retail'}
2026-07-21 07:45:54 - GeoTravelGlobalLogger - INFO     - [logger.py:345] - 🔍 _request - kwargs headers: {}
2026-07-21 07:45:54 - GeoTravelGlobalLogger - INFO     - [logger.py:345] - 🔍 _request FINAL headers being sent: {'Content-Type': 'application/json', 'Accept': 'application/json', 'X-Client-Type': 'retail'}
2026-07-21 07:45:54 - GeoTravelGlobalLogger - INFO     - [logger.py:345] - API Request: POST https://api.stg.gowithgeo.com/api/visa/create
2026-07-21 07:45:54 - GeoTravelGlobalLogger - INFO     - [logger.py:345] - API Response: 200
2026-07-21 07:45:54 - GeoTravelGlobalLogger - INFO     - [logger.py:345] - 🔍 _request START - Current self.headers: {'Content-Type': 'application/json', 'Accept': 'application/json', 'X-Client-Type': 'retail'}
2026-07-21 07:45:54 - GeoTravelGlobalLogger - INFO     - [logger.py:345] - 🔍 _request - kwargs headers: {}
2026-07-21 07:45:54 - GeoTravelGlobalLogger - INFO     - [logger.py:345] - 🔍 _request FINAL headers being sent: {'Content-Type': 'application/json', 'Accept': 'application/json', 'X-Client-Type': 'retail'}
2026-07-21 07:45:54 - GeoTravelGlobalLogger - INFO     - [logger.py:345] - API Request: POST https://api.stg.gowithgeo.com/api/visa/payment
2026-07-21 07:45:54 - GeoTravelGlobalLogger - INFO     - [logger.py:345] - API Response: 200
2026-07-21 07:45:54 - GeoTravelGlobalLogger - INFO     - [logger.py:345] - SUCCESS: ✅ Bank Transfer payment initiated successfully!
2026-07-21 07:45:54 - GeoTravelGlobalLogger - INFO     - [logger.py:345] - 📋 Amount to pay: 25000
2026-07-21 07:45:54 - GeoTravelGlobalLogger - INFO     - [logger.py:345] - 📋 Reference: 3180f477-e708-4bbf-a8b4-f29645934a39
2026-07-21 07:45:54 - GeoTravelGlobalLogger - INFO     - [logger.py:345] - ✅ Saved test-specific logs: reports/logs/src_tests_api_tests_test_visa_api.py_TestVisaEnquiryAPI_test_make_payment_bank_transfer_without_auth_074554.log
2026-07-21 07:45:54 - GeoTravelGlobalLogger - INFO     - [logger.py:345] - Test result added: src/tests/api_tests/test_visa_api.py::TestVisaEnquiryAPI::test_make_payment_bank_transfer_without_auth - PASS (Duration: 0.80s)
2026-07-21 07:45:54 - GeoTravelGlobalLogger - INFO     - [logger.py:345] - Added test result to API SMOKE TEST: src/tests/api_tests/test_visa_api.py::TestVisaEnquiryAPI::test_make_payment_bank_transfer_without_auth - PASS
2026-07-21 07:45:54 - GeoTravelGlobalLogger - INFO     - [logger.py:345] - ✅ TestVisaEnquiryAPI test completed
2026-07-21 07:45:54 - GeoTravelGlobalLogger - INFO     - [logger.py:345] - 🚀 Starting TestVisaEnquiryAPI test
2026-07-21 07:45:54 - GeoTravelGlobalLogger - INFO     - [logger.py:345] - Retrieved credentials from environment for: geo.qa.bot@gmail.com
2026-07-21 07:45:54 - GeoTravelGlobalLogger - INFO     - [logger.py:345] - Attempting login with email: geo.qa.bot@gmail.com
2026-07-21 07:45:54 - GeoTravelGlobalLogger - INFO     - [logger.py:345] - 🔍 _request START - Current self.headers: {'Content-Type': 'application/json', 'Accept': 'application/json', 'X-Client-Type': 'retail'}
2026-07-21 07:45:54 - GeoTravelGlobalLogger - INFO     - [logger.py:345] - 🔍 _request - kwargs headers: {}
2026-07-21 07:45:54 - GeoTravelGlobalLogger - INFO     - [logger.py:345] - 🔍 _request FINAL headers being sent: {'Content-Type': 'application/json', 'Accept': 'application/json', 'X-Client-Type': 'retail'}
2026-07-21 07:45:54 - GeoTravelGlobalLogger - INFO     - [logger.py:345] - API Request: POST https://api.stg.gowithgeo.com/api/auth/login
2026-07-21 07:45:55 - GeoTravelGlobalLogger - INFO     - [logger.py:345] - API Response: 200
2026-07-21 07:45:55 - GeoTravelGlobalLogger - INFO     - [logger.py:345] - Token extracted via cookies (length: 167, valid)
2026-07-21 07:45:55 - GeoTravelGlobalLogger - INFO     - [logger.py:345] - ✅ Auth token set from cookies (Cookie header)
2026-07-21 07:45:55 - GeoTravelGlobalLogger - INFO     - [logger.py:345] - SUCCESS: ✅ Login successful - token set via cookies
2026-07-21 07:45:55 - GeoTravelGlobalLogger - INFO     - [logger.py:345] - SUCCESS: ✅ Authenticated successfully (token length: 167)
2026-07-21 07:45:55 - GeoTravelGlobalLogger - INFO     - [logger.py:345] - ✅ Auth token set from cookies (Cookie header)
2026-07-21 07:45:55 - GeoTravelGlobalLogger - INFO     - [logger.py:345] - ✅ Auth token set from cookies (Cookie header)
2026-07-21 07:45:55 - GeoTravelGlobalLogger - INFO     - [logger.py:345] - === Testing Make Payment (Flutterwave) - With Auth ===
2026-07-21 07:45:55 - GeoTravelGlobalLogger - INFO     - [logger.py:345] - 🔍 _request START - Current self.headers: {'Content-Type': 'application/json', 'Accept': 'application/json', 'X-Client-Type': 'retail', 'Cookie': 'retail_access_token=eyJhbGciOiJIUzI1NiIsInR5cCI6IkpXVCJ9.eyJpZCI6MTUxLCJ1c2VyVHlwZSI6IlJFVEFJTCIsImlhdCI6MTc4NDYxOTk1NSwiZXhwIjoxNzg0NjYzMTU1fQ.Kc1OErlyta_7eDG41fJIVwi_N8DcISoaWHNstSxg1Kw'}
2026-07-21 07:45:55 - GeoTravelGlobalLogger - INFO     - [logger.py:345] - 🔍 _request - kwargs headers: {}
2026-07-21 07:45:55 - GeoTravelGlobalLogger - INFO     - [logger.py:345] - 🔍 _request FINAL headers being sent: {'Content-Type': 'application/json', 'Accept': 'application/json', 'X-Client-Type': 'retail', 'Cookie': 'retail_access_token=eyJhbGciOiJIUzI1NiIsInR5cCI6IkpXVCJ9.eyJpZCI6MTUxLCJ1c2VyVHlwZSI6IlJFVEFJTCIsImlhdCI6MTc4NDYxOTk1NSwiZXhwIjoxNzg0NjYzMTU1fQ.Kc1OErlyta_7eDG41fJIVwi_N8DcISoaWHNstSxg1Kw'}
2026-07-21 07:45:55 - GeoTravelGlobalLogger - INFO     - [logger.py:345] - API Request: POST https://api.stg.gowithgeo.com/api/visa/create
2026-07-21 07:45:55 - GeoTravelGlobalLogger - INFO     - [logger.py:345] - API Response: 200
2026-07-21 07:45:55 - GeoTravelGlobalLogger - INFO     - [logger.py:345] - 🔍 _request START - Current self.headers: {'Content-Type': 'application/json', 'Accept': 'application/json', 'X-Client-Type': 'retail', 'Cookie': 'retail_access_token=eyJhbGciOiJIUzI1NiIsInR5cCI6IkpXVCJ9.eyJpZCI6MTUxLCJ1c2VyVHlwZSI6IlJFVEFJTCIsImlhdCI6MTc4NDYxOTk1NSwiZXhwIjoxNzg0NjYzMTU1fQ.Kc1OErlyta_7eDG41fJIVwi_N8DcISoaWHNstSxg1Kw'}
2026-07-21 07:45:55 - GeoTravelGlobalLogger - INFO     - [logger.py:345] - 🔍 _request - kwargs headers: {}
2026-07-21 07:45:55 - GeoTravelGlobalLogger - INFO     - [logger.py:345] - 🔍 _request FINAL headers being sent: {'Content-Type': 'application/json', 'Accept': 'application/json', 'X-Client-Type': 'retail', 'Cookie': 'retail_access_token=eyJhbGciOiJIUzI1NiIsInR5cCI6IkpXVCJ9.eyJpZCI6MTUxLCJ1c2VyVHlwZSI6IlJFVEFJTCIsImlhdCI6MTc4NDYxOTk1NSwiZXhwIjoxNzg0NjYzMTU1fQ.Kc1OErlyta_7eDG41fJIVwi_N8DcISoaWHNstSxg1Kw'}
2026-07-21 07:45:55 - GeoTravelGlobalLogger - INFO     - [logger.py:345] - API Request: POST https://api.stg.gowithgeo.com/api/visa/payment
2026-07-21 07:45:56 - GeoTravelGlobalLogger - INFO     - [logger.py:345] - API Response: 200
2026-07-21 07:45:56 - GeoTravelGlobalLogger - INFO     - [logger.py:345] - SUCCESS: ✅ Flutterwave payment initiated successfully with auth!
2026-07-21 07:45:56 - GeoTravelGlobalLogger - INFO     - [logger.py:345] - 📋 Payment link: https://checkout-v2.dev-flutterwave.com/v3/hosted/pay/ccf965e99d412e951e81
2026-07-21 07:45:56 - GeoTravelGlobalLogger - INFO     - [logger.py:345] - ✅ Saved test-specific logs: reports/logs/src_tests_api_tests_test_visa_api.py_TestVisaEnquiryAPI_test_make_payment_flutterwave_with_auth_074556.log
2026-07-21 07:45:56 - GeoTravelGlobalLogger - INFO     - [logger.py:345] - Test result added: src/tests/api_tests/test_visa_api.py::TestVisaEnquiryAPI::test_make_payment_flutterwave_with_auth - PASS (Duration: 1.45s)
2026-07-21 07:45:56 - GeoTravelGlobalLogger - INFO     - [logger.py:345] - Added test result to API SMOKE TEST: src/tests/api_tests/test_visa_api.py::TestVisaEnquiryAPI::test_make_payment_flutterwave_with_auth - PASS
2026-07-21 07:45:56 - GeoTravelGlobalLogger - INFO     - [logger.py:345] - ✅ TestVisaEnquiryAPI test completed
2026-07-21 07:45:56 - GeoTravelGlobalLogger - INFO     - [logger.py:345] - 🚀 Starting TestVisaEnquiryAPI test
2026-07-21 07:45:56 - GeoTravelGlobalLogger - INFO     - [logger.py:345] - Retrieved credentials from environment for: geo.qa.bot@gmail.com
2026-07-21 07:45:56 - GeoTravelGlobalLogger - INFO     - [logger.py:345] - Attempting login with email: geo.qa.bot@gmail.com
2026-07-21 07:45:56 - GeoTravelGlobalLogger - INFO     - [logger.py:345] - 🔍 _request START - Current self.headers: {'Content-Type': 'application/json', 'Accept': 'application/json', 'X-Client-Type': 'retail'}
2026-07-21 07:45:56 - GeoTravelGlobalLogger - INFO     - [logger.py:345] - 🔍 _request - kwargs headers: {}
2026-07-21 07:45:56 - GeoTravelGlobalLogger - INFO     - [logger.py:345] - 🔍 _request FINAL headers being sent: {'Content-Type': 'application/json', 'Accept': 'application/json', 'X-Client-Type': 'retail'}
2026-07-21 07:45:56 - GeoTravelGlobalLogger - INFO     - [logger.py:345] - API Request: POST https://api.stg.gowithgeo.com/api/auth/login
2026-07-21 07:45:57 - GeoTravelGlobalLogger - INFO     - [logger.py:345] - API Response: 200
2026-07-21 07:45:57 - GeoTravelGlobalLogger - INFO     - [logger.py:345] - Token extracted via cookies (length: 167, valid)
2026-07-21 07:45:57 - GeoTravelGlobalLogger - INFO     - [logger.py:345] - ✅ Auth token set from cookies (Cookie header)
2026-07-21 07:45:57 - GeoTravelGlobalLogger - INFO     - [logger.py:345] - SUCCESS: ✅ Login successful - token set via cookies
2026-07-21 07:45:57 - GeoTravelGlobalLogger - INFO     - [logger.py:345] - SUCCESS: ✅ Authenticated successfully (token length: 167)
2026-07-21 07:45:57 - GeoTravelGlobalLogger - INFO     - [logger.py:345] - ✅ Auth token set from cookies (Cookie header)
2026-07-21 07:45:57 - GeoTravelGlobalLogger - INFO     - [logger.py:345] - ✅ Auth token set from cookies (Cookie header)
2026-07-21 07:45:57 - GeoTravelGlobalLogger - INFO     - [logger.py:345] - === Testing Make Payment (Paystack) - With Auth ===
2026-07-21 07:45:57 - GeoTravelGlobalLogger - INFO     - [logger.py:345] - 🔍 _request START - Current self.headers: {'Content-Type': 'application/json', 'Accept': 'application/json', 'X-Client-Type': 'retail', 'Cookie': 'retail_access_token=eyJhbGciOiJIUzI1NiIsInR5cCI6IkpXVCJ9.eyJpZCI6MTUxLCJ1c2VyVHlwZSI6IlJFVEFJTCIsImlhdCI6MTc4NDYxOTk1NywiZXhwIjoxNzg0NjYzMTU3fQ.Gp0Ho24exiZv-g5fFeaw-x9HZkDdS_FjIE9FOvPQYQ8'}
2026-07-21 07:45:57 - GeoTravelGlobalLogger - INFO     - [logger.py:345] - 🔍 _request - kwargs headers: {}
2026-07-21 07:45:57 - GeoTravelGlobalLogger - INFO     - [logger.py:345] - 🔍 _request FINAL headers being sent: {'Content-Type': 'application/json', 'Accept': 'application/json', 'X-Client-Type': 'retail', 'Cookie': 'retail_access_token=eyJhbGciOiJIUzI1NiIsInR5cCI6IkpXVCJ9.eyJpZCI6MTUxLCJ1c2VyVHlwZSI6IlJFVEFJTCIsImlhdCI6MTc4NDYxOTk1NywiZXhwIjoxNzg0NjYzMTU3fQ.Gp0Ho24exiZv-g5fFeaw-x9HZkDdS_FjIE9FOvPQYQ8'}
2026-07-21 07:45:57 - GeoTravelGlobalLogger - INFO     - [logger.py:345] - API Request: POST https://api.stg.gowithgeo.com/api/visa/create
2026-07-21 07:45:57 - GeoTravelGlobalLogger - INFO     - [logger.py:345] - API Response: 200
2026-07-21 07:45:57 - GeoTravelGlobalLogger - INFO     - [logger.py:345] - 🔍 _request START - Current self.headers: {'Content-Type': 'application/json', 'Accept': 'application/json', 'X-Client-Type': 'retail', 'Cookie': 'retail_access_token=eyJhbGciOiJIUzI1NiIsInR5cCI6IkpXVCJ9.eyJpZCI6MTUxLCJ1c2VyVHlwZSI6IlJFVEFJTCIsImlhdCI6MTc4NDYxOTk1NywiZXhwIjoxNzg0NjYzMTU3fQ.Gp0Ho24exiZv-g5fFeaw-x9HZkDdS_FjIE9FOvPQYQ8'}
2026-07-21 07:45:57 - GeoTravelGlobalLogger - INFO     - [logger.py:345] - 🔍 _request - kwargs headers: {}
2026-07-21 07:45:57 - GeoTravelGlobalLogger - INFO     - [logger.py:345] - 🔍 _request FINAL headers being sent: {'Content-Type': 'application/json', 'Accept': 'application/json', 'X-Client-Type': 'retail', 'Cookie': 'retail_access_token=eyJhbGciOiJIUzI1NiIsInR5cCI6IkpXVCJ9.eyJpZCI6MTUxLCJ1c2VyVHlwZSI6IlJFVEFJTCIsImlhdCI6MTc4NDYxOTk1NywiZXhwIjoxNzg0NjYzMTU3fQ.Gp0Ho24exiZv-g5fFeaw-x9HZkDdS_FjIE9FOvPQYQ8'}
2026-07-21 07:45:57 - GeoTravelGlobalLogger - INFO     - [logger.py:345] - API Request: POST https://api.stg.gowithgeo.com/api/visa/payment
2026-07-21 07:45:58 - GeoTravelGlobalLogger - INFO     - [logger.py:345] - API Response: 200
2026-07-21 07:45:58 - GeoTravelGlobalLogger - INFO     - [logger.py:345] - SUCCESS: ✅ Paystack payment initiated successfully with auth!
2026-07-21 07:45:58 - GeoTravelGlobalLogger - INFO     - [logger.py:345] - 📋 Payment link: https://checkout.paystack.com/lwal1z123v5exg0
2026-07-21 07:45:58 - GeoTravelGlobalLogger - INFO     - [logger.py:345] - ✅ Saved test-specific logs: reports/logs/src_tests_api_tests_test_visa_api.py_TestVisaEnquiryAPI_test_make_payment_paystack_with_auth_074558.log
2026-07-21 07:45:58 - GeoTravelGlobalLogger - INFO     - [logger.py:345] - Test result added: src/tests/api_tests/test_visa_api.py::TestVisaEnquiryAPI::test_make_payment_paystack_with_auth - PASS (Duration: 1.76s)
2026-07-21 07:45:58 - GeoTravelGlobalLogger - INFO     - [logger.py:345] - Added test result to API SMOKE TEST: src/tests/api_tests/test_visa_api.py::TestVisaEnquiryAPI::test_make_payment_paystack_with_auth - PASS
2026-07-21 07:45:58 - GeoTravelGlobalLogger - INFO     - [logger.py:345] - ✅ TestVisaEnquiryAPI test completed
2026-07-21 07:45:58 - GeoTravelGlobalLogger - INFO     - [logger.py:345] - 🚀 Starting TestVisaEnquiryAPI test
2026-07-21 07:45:58 - GeoTravelGlobalLogger - INFO     - [logger.py:345] - Retrieved credentials from environment for: geo.qa.bot@gmail.com
2026-07-21 07:45:58 - GeoTravelGlobalLogger - INFO     - [logger.py:345] - Attempting login with email: geo.qa.bot@gmail.com
2026-07-21 07:45:58 - GeoTravelGlobalLogger - INFO     - [logger.py:345] - 🔍 _request START - Current self.headers: {'Content-Type': 'application/json', 'Accept': 'application/json', 'X-Client-Type': 'retail'}
2026-07-21 07:45:58 - GeoTravelGlobalLogger - INFO     - [logger.py:345] - 🔍 _request - kwargs headers: {}
2026-07-21 07:45:58 - GeoTravelGlobalLogger - INFO     - [logger.py:345] - 🔍 _request FINAL headers being sent: {'Content-Type': 'application/json', 'Accept': 'application/json', 'X-Client-Type': 'retail'}
2026-07-21 07:45:58 - GeoTravelGlobalLogger - INFO     - [logger.py:345] - API Request: POST https://api.stg.gowithgeo.com/api/auth/login
2026-07-21 07:45:59 - GeoTravelGlobalLogger - INFO     - [logger.py:345] - API Response: 200
2026-07-21 07:45:59 - GeoTravelGlobalLogger - INFO     - [logger.py:345] - Token extracted via cookies (length: 167, valid)
2026-07-21 07:45:59 - GeoTravelGlobalLogger - INFO     - [logger.py:345] - ✅ Auth token set from cookies (Cookie header)
2026-07-21 07:45:59 - GeoTravelGlobalLogger - INFO     - [logger.py:345] - SUCCESS: ✅ Login successful - token set via cookies
2026-07-21 07:45:59 - GeoTravelGlobalLogger - INFO     - [logger.py:345] - SUCCESS: ✅ Authenticated successfully (token length: 167)
2026-07-21 07:45:59 - GeoTravelGlobalLogger - INFO     - [logger.py:345] - ✅ Auth token set from cookies (Cookie header)
2026-07-21 07:45:59 - GeoTravelGlobalLogger - INFO     - [logger.py:345] - ✅ Auth token set from cookies (Cookie header)
2026-07-21 07:45:59 - GeoTravelGlobalLogger - INFO     - [logger.py:345] - === Testing Make Payment (Bank Transfer) - With Auth ===
2026-07-21 07:45:59 - GeoTravelGlobalLogger - INFO     - [logger.py:345] - 🔍 _request START - Current self.headers: {'Content-Type': 'application/json', 'Accept': 'application/json', 'X-Client-Type': 'retail', 'Cookie': 'retail_access_token=eyJhbGciOiJIUzI1NiIsInR5cCI6IkpXVCJ9.eyJpZCI6MTUxLCJ1c2VyVHlwZSI6IlJFVEFJTCIsImlhdCI6MTc4NDYxOTk1OSwiZXhwIjoxNzg0NjYzMTU5fQ.gimMU3-F-syUCScLZpYeoFNBKG_jT9BI5mR-j6hdkL0'}
2026-07-21 07:45:59 - GeoTravelGlobalLogger - INFO     - [logger.py:345] - 🔍 _request - kwargs headers: {}
2026-07-21 07:45:59 - GeoTravelGlobalLogger - INFO     - [logger.py:345] - 🔍 _request FINAL headers being sent: {'Content-Type': 'application/json', 'Accept': 'application/json', 'X-Client-Type': 'retail', 'Cookie': 'retail_access_token=eyJhbGciOiJIUzI1NiIsInR5cCI6IkpXVCJ9.eyJpZCI6MTUxLCJ1c2VyVHlwZSI6IlJFVEFJTCIsImlhdCI6MTc4NDYxOTk1OSwiZXhwIjoxNzg0NjYzMTU5fQ.gimMU3-F-syUCScLZpYeoFNBKG_jT9BI5mR-j6hdkL0'}
2026-07-21 07:45:59 - GeoTravelGlobalLogger - INFO     - [logger.py:345] - API Request: POST https://api.stg.gowithgeo.com/api/visa/create
2026-07-21 07:45:59 - GeoTravelGlobalLogger - INFO     - [logger.py:345] - API Response: 200
2026-07-21 07:45:59 - GeoTravelGlobalLogger - INFO     - [logger.py:345] - 🔍 _request START - Current self.headers: {'Content-Type': 'application/json', 'Accept': 'application/json', 'X-Client-Type': 'retail', 'Cookie': 'retail_access_token=eyJhbGciOiJIUzI1NiIsInR5cCI6IkpXVCJ9.eyJpZCI6MTUxLCJ1c2VyVHlwZSI6IlJFVEFJTCIsImlhdCI6MTc4NDYxOTk1OSwiZXhwIjoxNzg0NjYzMTU5fQ.gimMU3-F-syUCScLZpYeoFNBKG_jT9BI5mR-j6hdkL0'}
2026-07-21 07:45:59 - GeoTravelGlobalLogger - INFO     - [logger.py:345] - 🔍 _request - kwargs headers: {}
2026-07-21 07:45:59 - GeoTravelGlobalLogger - INFO     - [logger.py:345] - 🔍 _request FINAL headers being sent: {'Content-Type': 'application/json', 'Accept': 'application/json', 'X-Client-Type': 'retail', 'Cookie': 'retail_access_token=eyJhbGciOiJIUzI1NiIsInR5cCI6IkpXVCJ9.eyJpZCI6MTUxLCJ1c2VyVHlwZSI6IlJFVEFJTCIsImlhdCI6MTc4NDYxOTk1OSwiZXhwIjoxNzg0NjYzMTU5fQ.gimMU3-F-syUCScLZpYeoFNBKG_jT9BI5mR-j6hdkL0'}
2026-07-21 07:45:59 - GeoTravelGlobalLogger - INFO     - [logger.py:345] - API Request: POST https://api.stg.gowithgeo.com/api/visa/payment
2026-07-21 07:46:00 - GeoTravelGlobalLogger - INFO     - [logger.py:345] - API Response: 200
2026-07-21 07:46:00 - GeoTravelGlobalLogger - INFO     - [logger.py:345] - SUCCESS: ✅ Bank Transfer payment initiated successfully!
2026-07-21 07:46:00 - GeoTravelGlobalLogger - INFO     - [logger.py:345] - 📋 Amount to pay: 25000
2026-07-21 07:46:00 - GeoTravelGlobalLogger - INFO     - [logger.py:345] - 📋 Reference: e27385b6-9d33-45c7-be5e-1bf54020ac05
2026-07-21 07:46:00 - GeoTravelGlobalLogger - INFO     - [logger.py:345] - ✅ Saved test-specific logs: reports/logs/src_tests_api_tests_test_visa_api.py_TestVisaEnquiryAPI_test_make_payment_bank_transfer_with_auth_074600.log
2026-07-21 07:46:00 - GeoTravelGlobalLogger - INFO     - [logger.py:345] - Test result added: src/tests/api_tests/test_visa_api.py::TestVisaEnquiryAPI::test_make_payment_bank_transfer_with_auth - PASS (Duration: 1.29s)
2026-07-21 07:46:00 - GeoTravelGlobalLogger - INFO     - [logger.py:345] - Added test result to API SMOKE TEST: src/tests/api_tests/test_visa_api.py::TestVisaEnquiryAPI::test_make_payment_bank_transfer_with_auth - PASS
2026-07-21 07:46:00 - GeoTravelGlobalLogger - INFO     - [logger.py:345] - ✅ TestVisaEnquiryAPI test completed
2026-07-21 07:46:00 - GeoTravelGlobalLogger - INFO     - [logger.py:345] - 🚀 Starting TestVisaEnquiryAPI test
2026-07-21 07:46:00 - GeoTravelGlobalLogger - INFO     - [logger.py:345] - === Testing Make Payment - Invalid Visa ID ===
2026-07-21 07:46:00 - GeoTravelGlobalLogger - INFO     - [logger.py:345] - 🔍 _request START - Current self.headers: {'Content-Type': 'application/json', 'Accept': 'application/json', 'X-Client-Type': 'retail'}
2026-07-21 07:46:00 - GeoTravelGlobalLogger - INFO     - [logger.py:345] - 🔍 _request - kwargs headers: {}
2026-07-21 07:46:00 - GeoTravelGlobalLogger - INFO     - [logger.py:345] - 🔍 _request FINAL headers being sent: {'Content-Type': 'application/json', 'Accept': 'application/json', 'X-Client-Type': 'retail'}
2026-07-21 07:46:00 - GeoTravelGlobalLogger - INFO     - [logger.py:345] - API Request: POST https://api.stg.gowithgeo.com/api/visa/payment
2026-07-21 07:46:00 - GeoTravelGlobalLogger - INFO     - [logger.py:345] - API Response: 404
2026-07-21 07:46:00 - GeoTravelGlobalLogger - INFO     - [logger.py:345] - SUCCESS: ✅ Invalid visa ID correctly rejected with 404
2026-07-21 07:46:00 - GeoTravelGlobalLogger - INFO     - [logger.py:345] - ✅ Saved test-specific logs: reports/logs/src_tests_api_tests_test_visa_api.py_TestVisaEnquiryAPI_test_make_payment_invalid_visa_id_074600.log
2026-07-21 07:46:00 - GeoTravelGlobalLogger - INFO     - [logger.py:345] - Test result added: src/tests/api_tests/test_visa_api.py::TestVisaEnquiryAPI::test_make_payment_invalid_visa_id - PASS (Duration: 0.20s)
2026-07-21 07:46:00 - GeoTravelGlobalLogger - INFO     - [logger.py:345] - Added test result to API SMOKE TEST: src/tests/api_tests/test_visa_api.py::TestVisaEnquiryAPI::test_make_payment_invalid_visa_id - PASS
2026-07-21 07:46:00 - GeoTravelGlobalLogger - INFO     - [logger.py:345] - ✅ TestVisaEnquiryAPI test completed
2026-07-21 07:46:00 - GeoTravelGlobalLogger - INFO     - [logger.py:345] - 🚀 Starting TestVisaEnquiryAPI test
2026-07-21 07:46:00 - GeoTravelGlobalLogger - INFO     - [logger.py:345] - === Testing Make Payment - Invalid Method ===
2026-07-21 07:46:00 - GeoTravelGlobalLogger - INFO     - [logger.py:345] - Testing invalid payment method: 'PayPal'
2026-07-21 07:46:00 - GeoTravelGlobalLogger - INFO     - [logger.py:345] - 🔍 _request START - Current self.headers: {'Content-Type': 'application/json', 'Accept': 'application/json', 'X-Client-Type': 'retail'}
2026-07-21 07:46:00 - GeoTravelGlobalLogger - INFO     - [logger.py:345] - 🔍 _request - kwargs headers: {}
2026-07-21 07:46:00 - GeoTravelGlobalLogger - INFO     - [logger.py:345] - 🔍 _request FINAL headers being sent: {'Content-Type': 'application/json', 'Accept': 'application/json', 'X-Client-Type': 'retail'}
2026-07-21 07:46:00 - GeoTravelGlobalLogger - INFO     - [logger.py:345] - API Request: POST https://api.stg.gowithgeo.com/api/visa/create
2026-07-21 07:46:01 - GeoTravelGlobalLogger - INFO     - [logger.py:345] - API Response: 200
2026-07-21 07:46:01 - GeoTravelGlobalLogger - INFO     - [logger.py:345] - 🔍 _request START - Current self.headers: {'Content-Type': 'application/json', 'Accept': 'application/json', 'X-Client-Type': 'retail'}
2026-07-21 07:46:01 - GeoTravelGlobalLogger - INFO     - [logger.py:345] - 🔍 _request - kwargs headers: {}
2026-07-21 07:46:01 - GeoTravelGlobalLogger - INFO     - [logger.py:345] - 🔍 _request FINAL headers being sent: {'Content-Type': 'application/json', 'Accept': 'application/json', 'X-Client-Type': 'retail'}
2026-07-21 07:46:01 - GeoTravelGlobalLogger - INFO     - [logger.py:345] - API Request: POST https://api.stg.gowithgeo.com/api/visa/payment
2026-07-21 07:46:01 - GeoTravelGlobalLogger - INFO     - [logger.py:345] - API Response: 400
2026-07-21 07:46:01 - GeoTravelGlobalLogger - INFO     - [logger.py:345] - SUCCESS: ✅ Invalid payment method 'PayPal' correctly rejected
2026-07-21 07:46:01 - GeoTravelGlobalLogger - INFO     - [logger.py:345] - Testing invalid payment method: 'CreditCard'
2026-07-21 07:46:01 - GeoTravelGlobalLogger - INFO     - [logger.py:345] - 🔍 _request START - Current self.headers: {'Content-Type': 'application/json', 'Accept': 'application/json', 'X-Client-Type': 'retail'}
2026-07-21 07:46:01 - GeoTravelGlobalLogger - INFO     - [logger.py:345] - 🔍 _request - kwargs headers: {}
2026-07-21 07:46:01 - GeoTravelGlobalLogger - INFO     - [logger.py:345] - 🔍 _request FINAL headers being sent: {'Content-Type': 'application/json', 'Accept': 'application/json', 'X-Client-Type': 'retail'}
2026-07-21 07:46:01 - GeoTravelGlobalLogger - INFO     - [logger.py:345] - API Request: POST https://api.stg.gowithgeo.com/api/visa/create
2026-07-21 07:46:01 - GeoTravelGlobalLogger - INFO     - [logger.py:345] - API Response: 200
2026-07-21 07:46:01 - GeoTravelGlobalLogger - INFO     - [logger.py:345] - 🔍 _request START - Current self.headers: {'Content-Type': 'application/json', 'Accept': 'application/json', 'X-Client-Type': 'retail'}
2026-07-21 07:46:01 - GeoTravelGlobalLogger - INFO     - [logger.py:345] - 🔍 _request - kwargs headers: {}
2026-07-21 07:46:01 - GeoTravelGlobalLogger - INFO     - [logger.py:345] - 🔍 _request FINAL headers being sent: {'Content-Type': 'application/json', 'Accept': 'application/json', 'X-Client-Type': 'retail'}
2026-07-21 07:46:01 - GeoTravelGlobalLogger - INFO     - [logger.py:345] - API Request: POST https://api.stg.gowithgeo.com/api/visa/payment
2026-07-21 07:46:01 - GeoTravelGlobalLogger - INFO     - [logger.py:345] - API Response: 400
2026-07-21 07:46:01 - GeoTravelGlobalLogger - INFO     - [logger.py:345] - SUCCESS: ✅ Invalid payment method 'CreditCard' correctly rejected
2026-07-21 07:46:01 - GeoTravelGlobalLogger - INFO     - [logger.py:345] - Testing invalid payment method: ''
2026-07-21 07:46:01 - GeoTravelGlobalLogger - INFO     - [logger.py:345] - 🔍 _request START - Current self.headers: {'Content-Type': 'application/json', 'Accept': 'application/json', 'X-Client-Type': 'retail'}
2026-07-21 07:46:01 - GeoTravelGlobalLogger - INFO     - [logger.py:345] - 🔍 _request - kwargs headers: {}
2026-07-21 07:46:01 - GeoTravelGlobalLogger - INFO     - [logger.py:345] - 🔍 _request FINAL headers being sent: {'Content-Type': 'application/json', 'Accept': 'application/json', 'X-Client-Type': 'retail'}
2026-07-21 07:46:01 - GeoTravelGlobalLogger - INFO     - [logger.py:345] - API Request: POST https://api.stg.gowithgeo.com/api/visa/create
2026-07-21 07:46:01 - GeoTravelGlobalLogger - INFO     - [logger.py:345] - API Response: 200
2026-07-21 07:46:01 - GeoTravelGlobalLogger - INFO     - [logger.py:345] - 🔍 _request START - Current self.headers: {'Content-Type': 'application/json', 'Accept': 'application/json', 'X-Client-Type': 'retail'}
2026-07-21 07:46:01 - GeoTravelGlobalLogger - INFO     - [logger.py:345] - 🔍 _request - kwargs headers: {}
2026-07-21 07:46:01 - GeoTravelGlobalLogger - INFO     - [logger.py:345] - 🔍 _request FINAL headers being sent: {'Content-Type': 'application/json', 'Accept': 'application/json', 'X-Client-Type': 'retail'}
2026-07-21 07:46:01 - GeoTravelGlobalLogger - INFO     - [logger.py:345] - API Request: POST https://api.stg.gowithgeo.com/api/visa/payment
2026-07-21 07:46:01 - GeoTravelGlobalLogger - INFO     - [logger.py:345] - API Response: 400
2026-07-21 07:46:01 - GeoTravelGlobalLogger - INFO     - [logger.py:345] - SUCCESS: ✅ Invalid payment method '' correctly rejected
2026-07-21 07:46:01 - GeoTravelGlobalLogger - INFO     - [logger.py:345] - ✅ Saved test-specific logs: reports/logs/src_tests_api_tests_test_visa_api.py_TestVisaEnquiryAPI_test_make_payment_invalid_method_074601.log
2026-07-21 07:46:01 - GeoTravelGlobalLogger - INFO     - [logger.py:345] - Test result added: src/tests/api_tests/test_visa_api.py::TestVisaEnquiryAPI::test_make_payment_invalid_method - PASS (Duration: 1.22s)
2026-07-21 07:46:01 - GeoTravelGlobalLogger - INFO     - [logger.py:345] - Added test result to API SMOKE TEST: src/tests/api_tests/test_visa_api.py::TestVisaEnquiryAPI::test_make_payment_invalid_method - PASS
2026-07-21 07:46:01 - GeoTravelGlobalLogger - INFO     - [logger.py:345] - ✅ TestVisaEnquiryAPI test completed
2026-07-21 07:46:01 - GeoTravelGlobalLogger - INFO     - [logger.py:345] - 🚀 Starting TestVisaEnquiryAPI test
2026-07-21 07:46:01 - GeoTravelGlobalLogger - INFO     - [logger.py:345] - Retrieved credentials from environment for: geo.qa.bot@gmail.com
2026-07-21 07:46:01 - GeoTravelGlobalLogger - INFO     - [logger.py:345] - Attempting login with email: geo.qa.bot@gmail.com
2026-07-21 07:46:01 - GeoTravelGlobalLogger - INFO     - [logger.py:345] - 🔍 _request START - Current self.headers: {'Content-Type': 'application/json', 'Accept': 'application/json', 'X-Client-Type': 'retail'}
2026-07-21 07:46:01 - GeoTravelGlobalLogger - INFO     - [logger.py:345] - 🔍 _request - kwargs headers: {}
2026-07-21 07:46:01 - GeoTravelGlobalLogger - INFO     - [logger.py:345] - 🔍 _request FINAL headers being sent: {'Content-Type': 'application/json', 'Accept': 'application/json', 'X-Client-Type': 'retail'}
2026-07-21 07:46:01 - GeoTravelGlobalLogger - INFO     - [logger.py:345] - API Request: POST https://api.stg.gowithgeo.com/api/auth/login
2026-07-21 07:46:02 - GeoTravelGlobalLogger - INFO     - [logger.py:345] - API Response: 200
2026-07-21 07:46:02 - GeoTravelGlobalLogger - INFO     - [logger.py:345] - Token extracted via cookies (length: 167, valid)
2026-07-21 07:46:02 - GeoTravelGlobalLogger - INFO     - [logger.py:345] - ✅ Auth token set from cookies (Cookie header)
2026-07-21 07:46:02 - GeoTravelGlobalLogger - INFO     - [logger.py:345] - SUCCESS: ✅ Login successful - token set via cookies
2026-07-21 07:46:02 - GeoTravelGlobalLogger - INFO     - [logger.py:345] - SUCCESS: ✅ Authenticated successfully (token length: 167)
2026-07-21 07:46:02 - GeoTravelGlobalLogger - INFO     - [logger.py:345] - ✅ Auth token set from cookies (Cookie header)
2026-07-21 07:46:02 - GeoTravelGlobalLogger - INFO     - [logger.py:345] - ✅ Auth token set from cookies (Cookie header)
2026-07-21 07:46:02 - GeoTravelGlobalLogger - INFO     - [logger.py:345] - === Testing Get User Visa Applications - With Auth ===
2026-07-21 07:46:02 - GeoTravelGlobalLogger - INFO     - [logger.py:345] - 🔍 _request START - Current self.headers: {'Content-Type': 'application/json', 'Accept': 'application/json', 'X-Client-Type': 'retail', 'Cookie': 'retail_access_token=eyJhbGciOiJIUzI1NiIsInR5cCI6IkpXVCJ9.eyJpZCI6MTUxLCJ1c2VyVHlwZSI6IlJFVEFJTCIsImlhdCI6MTc4NDYxOTk2MiwiZXhwIjoxNzg0NjYzMTYyfQ.kdQr6qkzO32SkqSpDTENOQ7_UIMEX40NCMIEkpJMaKo'}
2026-07-21 07:46:02 - GeoTravelGlobalLogger - INFO     - [logger.py:345] - 🔍 _request - kwargs headers: {}
2026-07-21 07:46:02 - GeoTravelGlobalLogger - INFO     - [logger.py:345] - 🔍 _request FINAL headers being sent: {'Content-Type': 'application/json', 'Accept': 'application/json', 'X-Client-Type': 'retail', 'Cookie': 'retail_access_token=eyJhbGciOiJIUzI1NiIsInR5cCI6IkpXVCJ9.eyJpZCI6MTUxLCJ1c2VyVHlwZSI6IlJFVEFJTCIsImlhdCI6MTc4NDYxOTk2MiwiZXhwIjoxNzg0NjYzMTYyfQ.kdQr6qkzO32SkqSpDTENOQ7_UIMEX40NCMIEkpJMaKo'}
2026-07-21 07:46:02 - GeoTravelGlobalLogger - INFO     - [logger.py:345] - API Request: GET https://api.stg.gowithgeo.com/api/visa/all/user
2026-07-21 07:46:02 - GeoTravelGlobalLogger - INFO     - [logger.py:345] - API Response: 200
2026-07-21 07:46:02 - GeoTravelGlobalLogger - INFO     - [logger.py:345] - 📋 Found 10 visa applications
2026-07-21 07:46:02 - GeoTravelGlobalLogger - INFO     - [logger.py:345] - 📋 Pagination: Page 1 of 98
2026-07-21 07:46:02 - GeoTravelGlobalLogger - INFO     - [logger.py:345] -   Visa 1: ID=3498, Country=QATAR, Status=Submitted
2026-07-21 07:46:02 - GeoTravelGlobalLogger - INFO     - [logger.py:345] -   Visa 2: ID=3497, Country=QATAR, Status=Submitted
2026-07-21 07:46:02 - GeoTravelGlobalLogger - INFO     - [logger.py:345] -   Visa 3: ID=3496, Country=QATAR, Status=Submitted
2026-07-21 07:46:02 - GeoTravelGlobalLogger - INFO     - [logger.py:345] - SUCCESS: ✅ Successfully retrieved user visa applications
2026-07-21 07:46:02 - GeoTravelGlobalLogger - INFO     - [logger.py:345] - ✅ Saved test-specific logs: reports/logs/src_tests_api_tests_test_visa_api.py_TestVisaEnquiryAPI_test_get_user_visa_applications_with_auth_074602.log
2026-07-21 07:46:02 - GeoTravelGlobalLogger - INFO     - [logger.py:345] - Test result added: src/tests/api_tests/test_visa_api.py::TestVisaEnquiryAPI::test_get_user_visa_applications_with_auth - PASS (Duration: 0.32s)
2026-07-21 07:46:02 - GeoTravelGlobalLogger - INFO     - [logger.py:345] - Added test result to API SMOKE TEST: src/tests/api_tests/test_visa_api.py::TestVisaEnquiryAPI::test_get_user_visa_applications_with_auth - PASS
2026-07-21 07:46:02 - GeoTravelGlobalLogger - INFO     - [logger.py:345] - ✅ TestVisaEnquiryAPI test completed
2026-07-21 07:46:02 - GeoTravelGlobalLogger - INFO     - [logger.py:345] - 🚀 Starting TestVisaEnquiryAPI test
2026-07-21 07:46:02 - GeoTravelGlobalLogger - INFO     - [logger.py:345] - === Testing Get User Visa Applications - Without Auth ===
2026-07-21 07:46:02 - GeoTravelGlobalLogger - INFO     - [logger.py:345] - 🔍 _request START - Current self.headers: {'Content-Type': 'application/json', 'Accept': 'application/json', 'X-Client-Type': 'retail'}
2026-07-21 07:46:02 - GeoTravelGlobalLogger - INFO     - [logger.py:345] - 🔍 _request - kwargs headers: {}
2026-07-21 07:46:02 - GeoTravelGlobalLogger - INFO     - [logger.py:345] - 🔍 _request FINAL headers being sent: {'Content-Type': 'application/json', 'Accept': 'application/json', 'X-Client-Type': 'retail'}
2026-07-21 07:46:02 - GeoTravelGlobalLogger - INFO     - [logger.py:345] - API Request: GET https://api.stg.gowithgeo.com/api/visa/all/user
2026-07-21 07:46:02 - GeoTravelGlobalLogger - INFO     - [logger.py:345] - API Response: 401
2026-07-21 07:46:02 - GeoTravelGlobalLogger - INFO     - [logger.py:345] - SUCCESS: ✅ Unauthenticated access correctly rejected with 401
2026-07-21 07:46:02 - GeoTravelGlobalLogger - INFO     - [logger.py:345] - ✅ Saved test-specific logs: reports/logs/src_tests_api_tests_test_visa_api.py_TestVisaEnquiryAPI_test_get_user_visa_applications_without_auth_074602.log
2026-07-21 07:46:02 - GeoTravelGlobalLogger - INFO     - [logger.py:345] - Test result added: src/tests/api_tests/test_visa_api.py::TestVisaEnquiryAPI::test_get_user_visa_applications_without_auth - PASS (Duration: 0.12s)
2026-07-21 07:46:02 - GeoTravelGlobalLogger - INFO     - [logger.py:345] - Added test result to API SMOKE TEST: src/tests/api_tests/test_visa_api.py::TestVisaEnquiryAPI::test_get_user_visa_applications_without_auth - PASS
2026-07-21 07:46:02 - GeoTravelGlobalLogger - INFO     - [logger.py:345] - ✅ TestVisaEnquiryAPI test completed
2026-07-21 07:46:02 - GeoTravelGlobalLogger - INFO     - [logger.py:345] - 🚀 Starting TestVisaEnquiryAPI test
2026-07-21 07:46:02 - GeoTravelGlobalLogger - INFO     - [logger.py:345] - Retrieved credentials from environment for: geo.qa.bot@gmail.com
2026-07-21 07:46:02 - GeoTravelGlobalLogger - INFO     - [logger.py:345] - Attempting login with email: geo.qa.bot@gmail.com
2026-07-21 07:46:02 - GeoTravelGlobalLogger - INFO     - [logger.py:345] - 🔍 _request START - Current self.headers: {'Content-Type': 'application/json', 'Accept': 'application/json', 'X-Client-Type': 'retail'}
2026-07-21 07:46:02 - GeoTravelGlobalLogger - INFO     - [logger.py:345] - 🔍 _request - kwargs headers: {}
2026-07-21 07:46:02 - GeoTravelGlobalLogger - INFO     - [logger.py:345] - 🔍 _request FINAL headers being sent: {'Content-Type': 'application/json', 'Accept': 'application/json', 'X-Client-Type': 'retail'}
2026-07-21 07:46:02 - GeoTravelGlobalLogger - INFO     - [logger.py:345] - API Request: POST https://api.stg.gowithgeo.com/api/auth/login
2026-07-21 07:46:03 - GeoTravelGlobalLogger - INFO     - [logger.py:345] - API Response: 200
2026-07-21 07:46:03 - GeoTravelGlobalLogger - INFO     - [logger.py:345] - Token extracted via cookies (length: 167, valid)
2026-07-21 07:46:03 - GeoTravelGlobalLogger - INFO     - [logger.py:345] - ✅ Auth token set from cookies (Cookie header)
2026-07-21 07:46:03 - GeoTravelGlobalLogger - INFO     - [logger.py:345] - SUCCESS: ✅ Login successful - token set via cookies
2026-07-21 07:46:03 - GeoTravelGlobalLogger - INFO     - [logger.py:345] - SUCCESS: ✅ Authenticated successfully (token length: 167)
2026-07-21 07:46:03 - GeoTravelGlobalLogger - INFO     - [logger.py:345] - ✅ Auth token set from cookies (Cookie header)
2026-07-21 07:46:03 - GeoTravelGlobalLogger - INFO     - [logger.py:345] - ✅ Auth token set from cookies (Cookie header)
2026-07-21 07:46:03 - GeoTravelGlobalLogger - INFO     - [logger.py:345] - === Testing Get User Visa Applications - With Filters ===
2026-07-21 07:46:03 - GeoTravelGlobalLogger - INFO     - [logger.py:345] - Testing: Status filter - Submitted
2026-07-21 07:46:03 - GeoTravelGlobalLogger - INFO     - [logger.py:345] - 🔍 _request START - Current self.headers: {'Content-Type': 'application/json', 'Accept': 'application/json', 'X-Client-Type': 'retail', 'Cookie': 'retail_access_token=eyJhbGciOiJIUzI1NiIsInR5cCI6IkpXVCJ9.eyJpZCI6MTUxLCJ1c2VyVHlwZSI6IlJFVEFJTCIsImlhdCI6MTc4NDYxOTk2MywiZXhwIjoxNzg0NjYzMTYzfQ.E63ns5hW2byi-A4fykC0pIWftcUGYltQxRsaPy-JBME'}
2026-07-21 07:46:03 - GeoTravelGlobalLogger - INFO     - [logger.py:345] - 🔍 _request - kwargs headers: {}
2026-07-21 07:46:03 - GeoTravelGlobalLogger - INFO     - [logger.py:345] - 🔍 _request FINAL headers being sent: {'Content-Type': 'application/json', 'Accept': 'application/json', 'X-Client-Type': 'retail', 'Cookie': 'retail_access_token=eyJhbGciOiJIUzI1NiIsInR5cCI6IkpXVCJ9.eyJpZCI6MTUxLCJ1c2VyVHlwZSI6IlJFVEFJTCIsImlhdCI6MTc4NDYxOTk2MywiZXhwIjoxNzg0NjYzMTYzfQ.E63ns5hW2byi-A4fykC0pIWftcUGYltQxRsaPy-JBME'}
2026-07-21 07:46:03 - GeoTravelGlobalLogger - INFO     - [logger.py:345] - API Request: GET https://api.stg.gowithgeo.com/api/visa/all/user
2026-07-21 07:46:03 - GeoTravelGlobalLogger - INFO     - [logger.py:345] - API Response: 200
2026-07-21 07:46:03 - GeoTravelGlobalLogger - INFO     - [logger.py:345] -   ✅ Filter applied: {'name': 'Status filter - Submitted', 'status': 'Submitted'}, Found: 20 applications
2026-07-21 07:46:03 - GeoTravelGlobalLogger - INFO     - [logger.py:345] - Testing: Status filter - InProgress
2026-07-21 07:46:03 - GeoTravelGlobalLogger - INFO     - [logger.py:345] - 🔍 _request START - Current self.headers: {'Content-Type': 'application/json', 'Accept': 'application/json', 'X-Client-Type': 'retail', 'Cookie': 'retail_access_token=eyJhbGciOiJIUzI1NiIsInR5cCI6IkpXVCJ9.eyJpZCI6MTUxLCJ1c2VyVHlwZSI6IlJFVEFJTCIsImlhdCI6MTc4NDYxOTk2MywiZXhwIjoxNzg0NjYzMTYzfQ.E63ns5hW2byi-A4fykC0pIWftcUGYltQxRsaPy-JBME'}
2026-07-21 07:46:03 - GeoTravelGlobalLogger - INFO     - [logger.py:345] - 🔍 _request - kwargs headers: {}
2026-07-21 07:46:03 - GeoTravelGlobalLogger - INFO     - [logger.py:345] - 🔍 _request FINAL headers being sent: {'Content-Type': 'application/json', 'Accept': 'application/json', 'X-Client-Type': 'retail', 'Cookie': 'retail_access_token=eyJhbGciOiJIUzI1NiIsInR5cCI6IkpXVCJ9.eyJpZCI6MTUxLCJ1c2VyVHlwZSI6IlJFVEFJTCIsImlhdCI6MTc4NDYxOTk2MywiZXhwIjoxNzg0NjYzMTYzfQ.E63ns5hW2byi-A4fykC0pIWftcUGYltQxRsaPy-JBME'}
2026-07-21 07:46:03 - GeoTravelGlobalLogger - INFO     - [logger.py:345] - API Request: GET https://api.stg.gowithgeo.com/api/visa/all/user
2026-07-21 07:46:03 - GeoTravelGlobalLogger - INFO     - [logger.py:345] - API Response: 200
2026-07-21 07:46:03 - GeoTravelGlobalLogger - INFO     - [logger.py:345] -   ✅ Filter applied: {'name': 'Status filter - InProgress', 'status': 'InProgress'}, Found: 0 applications
2026-07-21 07:46:03 - GeoTravelGlobalLogger - INFO     - [logger.py:345] - Testing: Type filter - Tourist
2026-07-21 07:46:03 - GeoTravelGlobalLogger - INFO     - [logger.py:345] - 🔍 _request START - Current self.headers: {'Content-Type': 'application/json', 'Accept': 'application/json', 'X-Client-Type': 'retail', 'Cookie': 'retail_access_token=eyJhbGciOiJIUzI1NiIsInR5cCI6IkpXVCJ9.eyJpZCI6MTUxLCJ1c2VyVHlwZSI6IlJFVEFJTCIsImlhdCI6MTc4NDYxOTk2MywiZXhwIjoxNzg0NjYzMTYzfQ.E63ns5hW2byi-A4fykC0pIWftcUGYltQxRsaPy-JBME'}
2026-07-21 07:46:03 - GeoTravelGlobalLogger - INFO     - [logger.py:345] - 🔍 _request - kwargs headers: {}
2026-07-21 07:46:03 - GeoTravelGlobalLogger - INFO     - [logger.py:345] - 🔍 _request FINAL headers being sent: {'Content-Type': 'application/json', 'Accept': 'application/json', 'X-Client-Type': 'retail', 'Cookie': 'retail_access_token=eyJhbGciOiJIUzI1NiIsInR5cCI6IkpXVCJ9.eyJpZCI6MTUxLCJ1c2VyVHlwZSI6IlJFVEFJTCIsImlhdCI6MTc4NDYxOTk2MywiZXhwIjoxNzg0NjYzMTYzfQ.E63ns5hW2byi-A4fykC0pIWftcUGYltQxRsaPy-JBME'}
2026-07-21 07:46:03 - GeoTravelGlobalLogger - INFO     - [logger.py:345] - API Request: GET https://api.stg.gowithgeo.com/api/visa/all/user
2026-07-21 07:46:04 - GeoTravelGlobalLogger - INFO     - [logger.py:345] - API Response: 200
2026-07-21 07:46:04 - GeoTravelGlobalLogger - INFO     - [logger.py:345] -   ✅ Filter applied: {'name': 'Type filter - Tourist', 'type': 'Tourist'}, Found: 20 applications
2026-07-21 07:46:04 - GeoTravelGlobalLogger - INFO     - [logger.py:345] - Testing: Type filter - Business
2026-07-21 07:46:04 - GeoTravelGlobalLogger - INFO     - [logger.py:345] - 🔍 _request START - Current self.headers: {'Content-Type': 'application/json', 'Accept': 'application/json', 'X-Client-Type': 'retail', 'Cookie': 'retail_access_token=eyJhbGciOiJIUzI1NiIsInR5cCI6IkpXVCJ9.eyJpZCI6MTUxLCJ1c2VyVHlwZSI6IlJFVEFJTCIsImlhdCI6MTc4NDYxOTk2MywiZXhwIjoxNzg0NjYzMTYzfQ.E63ns5hW2byi-A4fykC0pIWftcUGYltQxRsaPy-JBME'}
2026-07-21 07:46:04 - GeoTravelGlobalLogger - INFO     - [logger.py:345] - 🔍 _request - kwargs headers: {}
2026-07-21 07:46:04 - GeoTravelGlobalLogger - INFO     - [logger.py:345] - 🔍 _request FINAL headers being sent: {'Content-Type': 'application/json', 'Accept': 'application/json', 'X-Client-Type': 'retail', 'Cookie': 'retail_access_token=eyJhbGciOiJIUzI1NiIsInR5cCI6IkpXVCJ9.eyJpZCI6MTUxLCJ1c2VyVHlwZSI6IlJFVEFJTCIsImlhdCI6MTc4NDYxOTk2MywiZXhwIjoxNzg0NjYzMTYzfQ.E63ns5hW2byi-A4fykC0pIWftcUGYltQxRsaPy-JBME'}
2026-07-21 07:46:04 - GeoTravelGlobalLogger - INFO     - [logger.py:345] - API Request: GET https://api.stg.gowithgeo.com/api/visa/all/user
2026-07-21 07:46:04 - GeoTravelGlobalLogger - INFO     - [logger.py:345] - API Response: 200
2026-07-21 07:46:04 - GeoTravelGlobalLogger - INFO     - [logger.py:345] -   ✅ Filter applied: {'name': 'Type filter - Business', 'type': 'Business'}, Found: 10 applications
2026-07-21 07:46:04 - GeoTravelGlobalLogger - INFO     - [logger.py:345] - Testing: Combined filters
2026-07-21 07:46:04 - GeoTravelGlobalLogger - INFO     - [logger.py:345] - 🔍 _request START - Current self.headers: {'Content-Type': 'application/json', 'Accept': 'application/json', 'X-Client-Type': 'retail', 'Cookie': 'retail_access_token=eyJhbGciOiJIUzI1NiIsInR5cCI6IkpXVCJ9.eyJpZCI6MTUxLCJ1c2VyVHlwZSI6IlJFVEFJTCIsImlhdCI6MTc4NDYxOTk2MywiZXhwIjoxNzg0NjYzMTYzfQ.E63ns5hW2byi-A4fykC0pIWftcUGYltQxRsaPy-JBME'}
2026-07-21 07:46:04 - GeoTravelGlobalLogger - INFO     - [logger.py:345] - 🔍 _request - kwargs headers: {}
2026-07-21 07:46:04 - GeoTravelGlobalLogger - INFO     - [logger.py:345] - 🔍 _request FINAL headers being sent: {'Content-Type': 'application/json', 'Accept': 'application/json', 'X-Client-Type': 'retail', 'Cookie': 'retail_access_token=eyJhbGciOiJIUzI1NiIsInR5cCI6IkpXVCJ9.eyJpZCI6MTUxLCJ1c2VyVHlwZSI6IlJFVEFJTCIsImlhdCI6MTc4NDYxOTk2MywiZXhwIjoxNzg0NjYzMTYzfQ.E63ns5hW2byi-A4fykC0pIWftcUGYltQxRsaPy-JBME'}
2026-07-21 07:46:04 - GeoTravelGlobalLogger - INFO     - [logger.py:345] - API Request: GET https://api.stg.gowithgeo.com/api/visa/all/user
2026-07-21 07:46:04 - GeoTravelGlobalLogger - INFO     - [logger.py:345] - API Response: 200
2026-07-21 07:46:04 - GeoTravelGlobalLogger - INFO     - [logger.py:345] -   ✅ Filter applied: {'name': 'Combined filters', 'status': 'Submitted', 'type': 'Work', 'limit': 5}, Found: 1 applications
2026-07-21 07:46:04 - GeoTravelGlobalLogger - INFO     - [logger.py:345] - Testing: Date range filter
2026-07-21 07:46:04 - GeoTravelGlobalLogger - INFO     - [logger.py:345] - 🔍 _request START - Current self.headers: {'Content-Type': 'application/json', 'Accept': 'application/json', 'X-Client-Type': 'retail', 'Cookie': 'retail_access_token=eyJhbGciOiJIUzI1NiIsInR5cCI6IkpXVCJ9.eyJpZCI6MTUxLCJ1c2VyVHlwZSI6IlJFVEFJTCIsImlhdCI6MTc4NDYxOTk2MywiZXhwIjoxNzg0NjYzMTYzfQ.E63ns5hW2byi-A4fykC0pIWftcUGYltQxRsaPy-JBME'}
2026-07-21 07:46:04 - GeoTravelGlobalLogger - INFO     - [logger.py:345] - 🔍 _request - kwargs headers: {}
2026-07-21 07:46:04 - GeoTravelGlobalLogger - INFO     - [logger.py:345] - 🔍 _request FINAL headers being sent: {'Content-Type': 'application/json', 'Accept': 'application/json', 'X-Client-Type': 'retail', 'Cookie': 'retail_access_token=eyJhbGciOiJIUzI1NiIsInR5cCI6IkpXVCJ9.eyJpZCI6MTUxLCJ1c2VyVHlwZSI6IlJFVEFJTCIsImlhdCI6MTc4NDYxOTk2MywiZXhwIjoxNzg0NjYzMTYzfQ.E63ns5hW2byi-A4fykC0pIWftcUGYltQxRsaPy-JBME'}
2026-07-21 07:46:04 - GeoTravelGlobalLogger - INFO     - [logger.py:345] - API Request: GET https://api.stg.gowithgeo.com/api/visa/all/user
2026-07-21 07:46:04 - GeoTravelGlobalLogger - INFO     - [logger.py:345] - API Response: 200
2026-07-21 07:46:04 - GeoTravelGlobalLogger - INFO     - [logger.py:345] -   ✅ Filter applied: {'name': 'Date range filter', 'start_date': '2025-01-01', 'end_date': '2025-12-31'}, Found: 0 applications
2026-07-21 07:46:04 - GeoTravelGlobalLogger - INFO     - [logger.py:345] - ✅ Saved test-specific logs: reports/logs/src_tests_api_tests_test_visa_api.py_TestVisaEnquiryAPI_test_get_user_visa_applications_with_filters_074604.log
2026-07-21 07:46:04 - GeoTravelGlobalLogger - INFO     - [logger.py:345] - Test result added: src/tests/api_tests/test_visa_api.py::TestVisaEnquiryAPI::test_get_user_visa_applications_with_filters - PASS (Duration: 1.52s)
2026-07-21 07:46:04 - GeoTravelGlobalLogger - INFO     - [logger.py:345] - Added test result to API SMOKE TEST: src/tests/api_tests/test_visa_api.py::TestVisaEnquiryAPI::test_get_user_visa_applications_with_filters - PASS
2026-07-21 07:46:04 - GeoTravelGlobalLogger - INFO     - [logger.py:345] - ✅ TestVisaEnquiryAPI test completed
2026-07-21 07:46:04 - GeoTravelGlobalLogger - INFO     - [logger.py:345] - 🚀 Starting TestVisaEnquiryAPI test
2026-07-21 07:46:04 - GeoTravelGlobalLogger - INFO     - [logger.py:345] - Retrieved credentials from environment for: geo.qa.bot@gmail.com
2026-07-21 07:46:04 - GeoTravelGlobalLogger - INFO     - [logger.py:345] - Attempting login with email: geo.qa.bot@gmail.com
2026-07-21 07:46:04 - GeoTravelGlobalLogger - INFO     - [logger.py:345] - 🔍 _request START - Current self.headers: {'Content-Type': 'application/json', 'Accept': 'application/json', 'X-Client-Type': 'retail'}
2026-07-21 07:46:04 - GeoTravelGlobalLogger - INFO     - [logger.py:345] - 🔍 _request - kwargs headers: {}
2026-07-21 07:46:04 - GeoTravelGlobalLogger - INFO     - [logger.py:345] - 🔍 _request FINAL headers being sent: {'Content-Type': 'application/json', 'Accept': 'application/json', 'X-Client-Type': 'retail'}
2026-07-21 07:46:04 - GeoTravelGlobalLogger - INFO     - [logger.py:345] - API Request: POST https://api.stg.gowithgeo.com/api/auth/login
2026-07-21 07:46:05 - GeoTravelGlobalLogger - INFO     - [logger.py:345] - API Response: 200
2026-07-21 07:46:05 - GeoTravelGlobalLogger - INFO     - [logger.py:345] - Token extracted via cookies (length: 167, valid)
2026-07-21 07:46:05 - GeoTravelGlobalLogger - INFO     - [logger.py:345] - ✅ Auth token set from cookies (Cookie header)
2026-07-21 07:46:05 - GeoTravelGlobalLogger - INFO     - [logger.py:345] - SUCCESS: ✅ Login successful - token set via cookies
2026-07-21 07:46:05 - GeoTravelGlobalLogger - INFO     - [logger.py:345] - SUCCESS: ✅ Authenticated successfully (token length: 167)
2026-07-21 07:46:05 - GeoTravelGlobalLogger - INFO     - [logger.py:345] - ✅ Auth token set from cookies (Cookie header)
2026-07-21 07:46:05 - GeoTravelGlobalLogger - INFO     - [logger.py:345] - ✅ Auth token set from cookies (Cookie header)
2026-07-21 07:46:05 - GeoTravelGlobalLogger - INFO     - [logger.py:345] - === Testing User Visa Applications Pagination ===
2026-07-21 07:46:05 - GeoTravelGlobalLogger - INFO     - [logger.py:345] - Testing pagination: Page 1, Limit 5
2026-07-21 07:46:05 - GeoTravelGlobalLogger - INFO     - [logger.py:345] - 🔍 _request START - Current self.headers: {'Content-Type': 'application/json', 'Accept': 'application/json', 'X-Client-Type': 'retail', 'Cookie': 'retail_access_token=eyJhbGciOiJIUzI1NiIsInR5cCI6IkpXVCJ9.eyJpZCI6MTUxLCJ1c2VyVHlwZSI6IlJFVEFJTCIsImlhdCI6MTc4NDYxOTk2NCwiZXhwIjoxNzg0NjYzMTY0fQ.LNLK0BMeIxt1FnORLXwI4H8fIMM1yIdkcjDRyIWSAMI'}
2026-07-21 07:46:05 - GeoTravelGlobalLogger - INFO     - [logger.py:345] - 🔍 _request - kwargs headers: {}
2026-07-21 07:46:05 - GeoTravelGlobalLogger - INFO     - [logger.py:345] - 🔍 _request FINAL headers being sent: {'Content-Type': 'application/json', 'Accept': 'application/json', 'X-Client-Type': 'retail', 'Cookie': 'retail_access_token=eyJhbGciOiJIUzI1NiIsInR5cCI6IkpXVCJ9.eyJpZCI6MTUxLCJ1c2VyVHlwZSI6IlJFVEFJTCIsImlhdCI6MTc4NDYxOTk2NCwiZXhwIjoxNzg0NjYzMTY0fQ.LNLK0BMeIxt1FnORLXwI4H8fIMM1yIdkcjDRyIWSAMI'}
2026-07-21 07:46:05 - GeoTravelGlobalLogger - INFO     - [logger.py:345] - API Request: GET https://api.stg.gowithgeo.com/api/visa/all/user
2026-07-21 07:46:05 - GeoTravelGlobalLogger - INFO     - [logger.py:345] - API Response: 200
2026-07-21 07:46:05 - GeoTravelGlobalLogger - INFO     - [logger.py:345] -   ✅ Page 1, Items per page: 5
2026-07-21 07:46:05 - GeoTravelGlobalLogger - INFO     - [logger.py:345] - Testing pagination: Page 1, Limit 10
2026-07-21 07:46:05 - GeoTravelGlobalLogger - INFO     - [logger.py:345] - 🔍 _request START - Current self.headers: {'Content-Type': 'application/json', 'Accept': 'application/json', 'X-Client-Type': 'retail', 'Cookie': 'retail_access_token=eyJhbGciOiJIUzI1NiIsInR5cCI6IkpXVCJ9.eyJpZCI6MTUxLCJ1c2VyVHlwZSI6IlJFVEFJTCIsImlhdCI6MTc4NDYxOTk2NCwiZXhwIjoxNzg0NjYzMTY0fQ.LNLK0BMeIxt1FnORLXwI4H8fIMM1yIdkcjDRyIWSAMI'}
2026-07-21 07:46:05 - GeoTravelGlobalLogger - INFO     - [logger.py:345] - 🔍 _request - kwargs headers: {}
2026-07-21 07:46:05 - GeoTravelGlobalLogger - INFO     - [logger.py:345] - 🔍 _request FINAL headers being sent: {'Content-Type': 'application/json', 'Accept': 'application/json', 'X-Client-Type': 'retail', 'Cookie': 'retail_access_token=eyJhbGciOiJIUzI1NiIsInR5cCI6IkpXVCJ9.eyJpZCI6MTUxLCJ1c2VyVHlwZSI6IlJFVEFJTCIsImlhdCI6MTc4NDYxOTk2NCwiZXhwIjoxNzg0NjYzMTY0fQ.LNLK0BMeIxt1FnORLXwI4H8fIMM1yIdkcjDRyIWSAMI'}
2026-07-21 07:46:05 - GeoTravelGlobalLogger - INFO     - [logger.py:345] - API Request: GET https://api.stg.gowithgeo.com/api/visa/all/user
2026-07-21 07:46:05 - GeoTravelGlobalLogger - INFO     - [logger.py:345] - API Response: 200
2026-07-21 07:46:05 - GeoTravelGlobalLogger - INFO     - [logger.py:345] -   ✅ Page 1, Items per page: 10
2026-07-21 07:46:05 - GeoTravelGlobalLogger - INFO     - [logger.py:345] - Testing pagination: Page 2, Limit 5
2026-07-21 07:46:05 - GeoTravelGlobalLogger - INFO     - [logger.py:345] - 🔍 _request START - Current self.headers: {'Content-Type': 'application/json', 'Accept': 'application/json', 'X-Client-Type': 'retail', 'Cookie': 'retail_access_token=eyJhbGciOiJIUzI1NiIsInR5cCI6IkpXVCJ9.eyJpZCI6MTUxLCJ1c2VyVHlwZSI6IlJFVEFJTCIsImlhdCI6MTc4NDYxOTk2NCwiZXhwIjoxNzg0NjYzMTY0fQ.LNLK0BMeIxt1FnORLXwI4H8fIMM1yIdkcjDRyIWSAMI'}
2026-07-21 07:46:05 - GeoTravelGlobalLogger - INFO     - [logger.py:345] - 🔍 _request - kwargs headers: {}
2026-07-21 07:46:05 - GeoTravelGlobalLogger - INFO     - [logger.py:345] - 🔍 _request FINAL headers being sent: {'Content-Type': 'application/json', 'Accept': 'application/json', 'X-Client-Type': 'retail', 'Cookie': 'retail_access_token=eyJhbGciOiJIUzI1NiIsInR5cCI6IkpXVCJ9.eyJpZCI6MTUxLCJ1c2VyVHlwZSI6IlJFVEFJTCIsImlhdCI6MTc4NDYxOTk2NCwiZXhwIjoxNzg0NjYzMTY0fQ.LNLK0BMeIxt1FnORLXwI4H8fIMM1yIdkcjDRyIWSAMI'}
2026-07-21 07:46:05 - GeoTravelGlobalLogger - INFO     - [logger.py:345] - API Request: GET https://api.stg.gowithgeo.com/api/visa/all/user
2026-07-21 07:46:05 - GeoTravelGlobalLogger - INFO     - [logger.py:345] - API Response: 200
2026-07-21 07:46:05 - GeoTravelGlobalLogger - INFO     - [logger.py:345] -   ✅ Page 2, Items per page: 5
2026-07-21 07:46:05 - GeoTravelGlobalLogger - INFO     - [logger.py:345] - ✅ Saved test-specific logs: reports/logs/src_tests_api_tests_test_visa_api.py_TestVisaEnquiryAPI_test_get_user_visa_applications_pagination_074605.log
2026-07-21 07:46:05 - GeoTravelGlobalLogger - INFO     - [logger.py:345] - Test result added: src/tests/api_tests/test_visa_api.py::TestVisaEnquiryAPI::test_get_user_visa_applications_pagination - PASS (Duration: 0.79s)
2026-07-21 07:46:05 - GeoTravelGlobalLogger - INFO     - [logger.py:345] - Added test result to API SMOKE TEST: src/tests/api_tests/test_visa_api.py::TestVisaEnquiryAPI::test_get_user_visa_applications_pagination - PASS
2026-07-21 07:46:05 - GeoTravelGlobalLogger - INFO     - [logger.py:345] - ✅ TestVisaEnquiryAPI test completed
2026-07-21 07:46:05 - GeoTravelGlobalLogger - INFO     - [logger.py:345] - 🚀 Starting TestVisaEnquiryAPI test
2026-07-21 07:46:05 - GeoTravelGlobalLogger - INFO     - [logger.py:345] - Retrieved credentials from environment for: geo.qa.bot@gmail.com
2026-07-21 07:46:05 - GeoTravelGlobalLogger - INFO     - [logger.py:345] - Attempting login with email: geo.qa.bot@gmail.com
2026-07-21 07:46:05 - GeoTravelGlobalLogger - INFO     - [logger.py:345] - 🔍 _request START - Current self.headers: {'Content-Type': 'application/json', 'Accept': 'application/json', 'X-Client-Type': 'retail'}
2026-07-21 07:46:05 - GeoTravelGlobalLogger - INFO     - [logger.py:345] - 🔍 _request - kwargs headers: {}
2026-07-21 07:46:05 - GeoTravelGlobalLogger - INFO     - [logger.py:345] - 🔍 _request FINAL headers being sent: {'Content-Type': 'application/json', 'Accept': 'application/json', 'X-Client-Type': 'retail'}
2026-07-21 07:46:05 - GeoTravelGlobalLogger - INFO     - [logger.py:345] - API Request: POST https://api.stg.gowithgeo.com/api/auth/login
2026-07-21 07:46:06 - GeoTravelGlobalLogger - INFO     - [logger.py:345] - API Response: 200
2026-07-21 07:46:06 - GeoTravelGlobalLogger - INFO     - [logger.py:345] - Token extracted via cookies (length: 167, valid)
2026-07-21 07:46:06 - GeoTravelGlobalLogger - INFO     - [logger.py:345] - ✅ Auth token set from cookies (Cookie header)
2026-07-21 07:46:06 - GeoTravelGlobalLogger - INFO     - [logger.py:345] - SUCCESS: ✅ Login successful - token set via cookies
2026-07-21 07:46:06 - GeoTravelGlobalLogger - INFO     - [logger.py:345] - SUCCESS: ✅ Authenticated successfully (token length: 167)
2026-07-21 07:46:06 - GeoTravelGlobalLogger - INFO     - [logger.py:345] - ✅ Auth token set from cookies (Cookie header)
2026-07-21 07:46:06 - GeoTravelGlobalLogger - INFO     - [logger.py:345] - ✅ Auth token set from cookies (Cookie header)
2026-07-21 07:46:06 - GeoTravelGlobalLogger - INFO     - [logger.py:345] - === Testing Get Visa Application by ID - With Auth ===
2026-07-21 07:46:06 - GeoTravelGlobalLogger - INFO     - [logger.py:345] - 🔍 _request START - Current self.headers: {'Content-Type': 'application/json', 'Accept': 'application/json', 'X-Client-Type': 'retail', 'Cookie': 'retail_access_token=eyJhbGciOiJIUzI1NiIsInR5cCI6IkpXVCJ9.eyJpZCI6MTUxLCJ1c2VyVHlwZSI6IlJFVEFJTCIsImlhdCI6MTc4NDYxOTk2NiwiZXhwIjoxNzg0NjYzMTY2fQ.II6kTZ1HDE5_ZDVciqlkmCt2RO_IkmsKxiPIxQa6sdw'}
2026-07-21 07:46:06 - GeoTravelGlobalLogger - INFO     - [logger.py:345] - 🔍 _request - kwargs headers: {}
2026-07-21 07:46:06 - GeoTravelGlobalLogger - INFO     - [logger.py:345] - 🔍 _request FINAL headers being sent: {'Content-Type': 'application/json', 'Accept': 'application/json', 'X-Client-Type': 'retail', 'Cookie': 'retail_access_token=eyJhbGciOiJIUzI1NiIsInR5cCI6IkpXVCJ9.eyJpZCI6MTUxLCJ1c2VyVHlwZSI6IlJFVEFJTCIsImlhdCI6MTc4NDYxOTk2NiwiZXhwIjoxNzg0NjYzMTY2fQ.II6kTZ1HDE5_ZDVciqlkmCt2RO_IkmsKxiPIxQa6sdw'}
2026-07-21 07:46:06 - GeoTravelGlobalLogger - INFO     - [logger.py:345] - API Request: GET https://api.stg.gowithgeo.com/api/visa/all/user
2026-07-21 07:46:06 - GeoTravelGlobalLogger - INFO     - [logger.py:345] - API Response: 200
2026-07-21 07:46:06 - GeoTravelGlobalLogger - INFO     - [logger.py:345] - 🔍 _request START - Current self.headers: {'Content-Type': 'application/json', 'Accept': 'application/json', 'X-Client-Type': 'retail', 'Cookie': 'retail_access_token=eyJhbGciOiJIUzI1NiIsInR5cCI6IkpXVCJ9.eyJpZCI6MTUxLCJ1c2VyVHlwZSI6IlJFVEFJTCIsImlhdCI6MTc4NDYxOTk2NiwiZXhwIjoxNzg0NjYzMTY2fQ.II6kTZ1HDE5_ZDVciqlkmCt2RO_IkmsKxiPIxQa6sdw'}
2026-07-21 07:46:06 - GeoTravelGlobalLogger - INFO     - [logger.py:345] - 🔍 _request - kwargs headers: {}
2026-07-21 07:46:06 - GeoTravelGlobalLogger - INFO     - [logger.py:345] - 🔍 _request FINAL headers being sent: {'Content-Type': 'application/json', 'Accept': 'application/json', 'X-Client-Type': 'retail', 'Cookie': 'retail_access_token=eyJhbGciOiJIUzI1NiIsInR5cCI6IkpXVCJ9.eyJpZCI6MTUxLCJ1c2VyVHlwZSI6IlJFVEFJTCIsImlhdCI6MTc4NDYxOTk2NiwiZXhwIjoxNzg0NjYzMTY2fQ.II6kTZ1HDE5_ZDVciqlkmCt2RO_IkmsKxiPIxQa6sdw'}
2026-07-21 07:46:06 - GeoTravelGlobalLogger - INFO     - [logger.py:345] - API Request: GET https://api.stg.gowithgeo.com/api/visa
2026-07-21 07:46:06 - GeoTravelGlobalLogger - INFO     - [logger.py:345] - API Response: 200
2026-07-21 07:46:06 - GeoTravelGlobalLogger - INFO     - [logger.py:345] - SUCCESS: ✅ Successfully retrieved visa application 3498
2026-07-21 07:46:06 - GeoTravelGlobalLogger - INFO     - [logger.py:345] - Response: {'status': 'success', 'message': 'Visa retrieved successful', 'data': {'id': 3498, 'visaCountry': 'QATAR', 'first_name': 'QA Bot', 'last_name': 'GEO', 'travel_date': '2026-07-22', 'email': 'geo.qa.bot@gmail.com', 'phoneNumber': '7080702920', 'nationality': 'Nigeria', 'passportAvailable': 'Yes', 'invoice_id': 4125, 'paymentStatus': 'UNPAID', 'user_id': 151, 'enquiryStatus': 'Submitted', 'message': 'I would like to travel for business purposes', 'amount': 25000, 'agree': True, 'application_id': 'VISA-000959', 'type': 'Tourist', 'appointment_date': None, 'passport_bio_page': None, 'bank_statement': None, 'travel_itinerary': None, 'flight_reservation': None, 'accommodation_proof': None, 'last_updated': '2026-07-21T07:45:59.525Z', 'booking_code': 'GV-MRUCN9UNWEQ2UQOI', 'createdAt': '2026-07-21T07:45:59.525Z', 'updatedAt': '2026-07-21T07:46:00.115Z'}}
2026-07-21 07:46:06 - GeoTravelGlobalLogger - INFO     - [logger.py:345] - ✅ Saved test-specific logs: reports/logs/src_tests_api_tests_test_visa_api.py_TestVisaEnquiryAPI_test_get_visa_application_by_id_with_auth_074606.log
2026-07-21 07:46:06 - GeoTravelGlobalLogger - INFO     - [logger.py:345] - Test result added: src/tests/api_tests/test_visa_api.py::TestVisaEnquiryAPI::test_get_visa_application_by_id_with_auth - PASS (Duration: 0.51s)
2026-07-21 07:46:06 - GeoTravelGlobalLogger - INFO     - [logger.py:345] - Added test result to API SMOKE TEST: src/tests/api_tests/test_visa_api.py::TestVisaEnquiryAPI::test_get_visa_application_by_id_with_auth - PASS
2026-07-21 07:46:06 - GeoTravelGlobalLogger - INFO     - [logger.py:345] - ✅ TestVisaEnquiryAPI test completed
2026-07-21 07:46:06 - GeoTravelGlobalLogger - INFO     - [logger.py:345] - 🚀 Starting TestVisaEnquiryAPI test
2026-07-21 07:46:06 - GeoTravelGlobalLogger - INFO     - [logger.py:345] - === Testing Get Visa Application by ID - Without Auth ===
2026-07-21 07:46:06 - GeoTravelGlobalLogger - INFO     - [logger.py:345] - 🔍 _request START - Current self.headers: {'Content-Type': 'application/json', 'Accept': 'application/json', 'X-Client-Type': 'retail'}
2026-07-21 07:46:06 - GeoTravelGlobalLogger - INFO     - [logger.py:345] - 🔍 _request - kwargs headers: {}
2026-07-21 07:46:06 - GeoTravelGlobalLogger - INFO     - [logger.py:345] - 🔍 _request FINAL headers being sent: {'Content-Type': 'application/json', 'Accept': 'application/json', 'X-Client-Type': 'retail'}
2026-07-21 07:46:06 - GeoTravelGlobalLogger - INFO     - [logger.py:345] - API Request: GET https://api.stg.gowithgeo.com/api/visa
2026-07-21 07:46:06 - GeoTravelGlobalLogger - INFO     - [logger.py:345] - API Response: 401
2026-07-21 07:46:06 - GeoTravelGlobalLogger - INFO     - [logger.py:345] - SUCCESS: ✅ Unauthenticated access correctly rejected with 401
2026-07-21 07:46:06 - GeoTravelGlobalLogger - INFO     - [logger.py:345] - ✅ Saved test-specific logs: reports/logs/src_tests_api_tests_test_visa_api.py_TestVisaEnquiryAPI_test_get_visa_application_by_id_without_auth_074606.log
2026-07-21 07:46:06 - GeoTravelGlobalLogger - INFO     - [logger.py:345] - Test result added: src/tests/api_tests/test_visa_api.py::TestVisaEnquiryAPI::test_get_visa_application_by_id_without_auth - PASS (Duration: 0.12s)
2026-07-21 07:46:06 - GeoTravelGlobalLogger - INFO     - [logger.py:345] - Added test result to API SMOKE TEST: src/tests/api_tests/test_visa_api.py::TestVisaEnquiryAPI::test_get_visa_application_by_id_without_auth - PASS
2026-07-21 07:46:06 - GeoTravelGlobalLogger - INFO     - [logger.py:345] - ✅ TestVisaEnquiryAPI test completed
2026-07-21 07:46:06 - GeoTravelGlobalLogger - INFO     - [logger.py:345] - 🚀 Starting TestVisaEnquiryAPI test
2026-07-21 07:46:06 - GeoTravelGlobalLogger - INFO     - [logger.py:345] - Retrieved credentials from environment for: geo.qa.bot@gmail.com
2026-07-21 07:46:06 - GeoTravelGlobalLogger - INFO     - [logger.py:345] - Attempting login with email: geo.qa.bot@gmail.com
2026-07-21 07:46:06 - GeoTravelGlobalLogger - INFO     - [logger.py:345] - 🔍 _request START - Current self.headers: {'Content-Type': 'application/json', 'Accept': 'application/json', 'X-Client-Type': 'retail'}
2026-07-21 07:46:06 - GeoTravelGlobalLogger - INFO     - [logger.py:345] - 🔍 _request - kwargs headers: {}
2026-07-21 07:46:06 - GeoTravelGlobalLogger - INFO     - [logger.py:345] - 🔍 _request FINAL headers being sent: {'Content-Type': 'application/json', 'Accept': 'application/json', 'X-Client-Type': 'retail'}
2026-07-21 07:46:06 - GeoTravelGlobalLogger - INFO     - [logger.py:345] - API Request: POST https://api.stg.gowithgeo.com/api/auth/login
2026-07-21 07:46:07 - GeoTravelGlobalLogger - INFO     - [logger.py:345] - API Response: 200
2026-07-21 07:46:07 - GeoTravelGlobalLogger - INFO     - [logger.py:345] - Token extracted via cookies (length: 167, valid)
2026-07-21 07:46:07 - GeoTravelGlobalLogger - INFO     - [logger.py:345] - ✅ Auth token set from cookies (Cookie header)
2026-07-21 07:46:07 - GeoTravelGlobalLogger - INFO     - [logger.py:345] - SUCCESS: ✅ Login successful - token set via cookies
2026-07-21 07:46:07 - GeoTravelGlobalLogger - INFO     - [logger.py:345] - SUCCESS: ✅ Authenticated successfully (token length: 167)
2026-07-21 07:46:07 - GeoTravelGlobalLogger - INFO     - [logger.py:345] - ✅ Auth token set from cookies (Cookie header)
2026-07-21 07:46:07 - GeoTravelGlobalLogger - INFO     - [logger.py:345] - ✅ Auth token set from cookies (Cookie header)
2026-07-21 07:46:07 - GeoTravelGlobalLogger - INFO     - [logger.py:345] - === Testing Complete Visa Flow - With Auth ===
2026-07-21 07:46:07 - GeoTravelGlobalLogger - INFO     - [logger.py:345] - === Flow for FLUTTERWAVE ===
2026-07-21 07:46:07 - GeoTravelGlobalLogger - INFO     - [logger.py:345] - Step 1: Creating visa enquiry...
2026-07-21 07:46:07 - GeoTravelGlobalLogger - INFO     - [logger.py:345] - 🔍 _request START - Current self.headers: {'Content-Type': 'application/json', 'Accept': 'application/json', 'X-Client-Type': 'retail', 'Cookie': 'retail_access_token=eyJhbGciOiJIUzI1NiIsInR5cCI6IkpXVCJ9.eyJpZCI6MTUxLCJ1c2VyVHlwZSI6IlJFVEFJTCIsImlhdCI6MTc4NDYxOTk2NywiZXhwIjoxNzg0NjYzMTY3fQ.BPxnl1_iMleP9SoVO0kuYCmGeazABiRmLiVNRCUzXCw'}
2026-07-21 07:46:07 - GeoTravelGlobalLogger - INFO     - [logger.py:345] - 🔍 _request - kwargs headers: {}
2026-07-21 07:46:07 - GeoTravelGlobalLogger - INFO     - [logger.py:345] - 🔍 _request FINAL headers being sent: {'Content-Type': 'application/json', 'Accept': 'application/json', 'X-Client-Type': 'retail', 'Cookie': 'retail_access_token=eyJhbGciOiJIUzI1NiIsInR5cCI6IkpXVCJ9.eyJpZCI6MTUxLCJ1c2VyVHlwZSI6IlJFVEFJTCIsImlhdCI6MTc4NDYxOTk2NywiZXhwIjoxNzg0NjYzMTY3fQ.BPxnl1_iMleP9SoVO0kuYCmGeazABiRmLiVNRCUzXCw'}
2026-07-21 07:46:07 - GeoTravelGlobalLogger - INFO     - [logger.py:345] - API Request: POST https://api.stg.gowithgeo.com/api/visa/create
2026-07-21 07:46:07 - GeoTravelGlobalLogger - INFO     - [logger.py:345] - API Response: 200
2026-07-21 07:46:07 - GeoTravelGlobalLogger - INFO     - [logger.py:345] - SUCCESS: ✅ Visa enquiry created: ID=3502
2026-07-21 07:46:07 - GeoTravelGlobalLogger - INFO     - [logger.py:345] - Step 2: Verifying visa appears in user's applications...
2026-07-21 07:46:07 - GeoTravelGlobalLogger - INFO     - [logger.py:345] - 🔍 _request START - Current self.headers: {'Content-Type': 'application/json', 'Accept': 'application/json', 'X-Client-Type': 'retail', 'Cookie': 'retail_access_token=eyJhbGciOiJIUzI1NiIsInR5cCI6IkpXVCJ9.eyJpZCI6MTUxLCJ1c2VyVHlwZSI6IlJFVEFJTCIsImlhdCI6MTc4NDYxOTk2NywiZXhwIjoxNzg0NjYzMTY3fQ.BPxnl1_iMleP9SoVO0kuYCmGeazABiRmLiVNRCUzXCw'}
2026-07-21 07:46:07 - GeoTravelGlobalLogger - INFO     - [logger.py:345] - 🔍 _request - kwargs headers: {}
2026-07-21 07:46:07 - GeoTravelGlobalLogger - INFO     - [logger.py:345] - 🔍 _request FINAL headers being sent: {'Content-Type': 'application/json', 'Accept': 'application/json', 'X-Client-Type': 'retail', 'Cookie': 'retail_access_token=eyJhbGciOiJIUzI1NiIsInR5cCI6IkpXVCJ9.eyJpZCI6MTUxLCJ1c2VyVHlwZSI6IlJFVEFJTCIsImlhdCI6MTc4NDYxOTk2NywiZXhwIjoxNzg0NjYzMTY3fQ.BPxnl1_iMleP9SoVO0kuYCmGeazABiRmLiVNRCUzXCw'}
2026-07-21 07:46:07 - GeoTravelGlobalLogger - INFO     - [logger.py:345] - API Request: GET https://api.stg.gowithgeo.com/api/visa/all/user
2026-07-21 07:46:08 - GeoTravelGlobalLogger - INFO     - [logger.py:345] - API Response: 200
2026-07-21 07:46:08 - GeoTravelGlobalLogger - INFO     - [logger.py:345] - SUCCESS: ✅ Visa found in user's applications
2026-07-21 07:46:08 - GeoTravelGlobalLogger - INFO     - [logger.py:345] - Step 3: Initiating payment via FLUTTERWAVE
2026-07-21 07:46:08 - GeoTravelGlobalLogger - INFO     - [logger.py:345] - 🔍 _request START - Current self.headers: {'Content-Type': 'application/json', 'Accept': 'application/json', 'X-Client-Type': 'retail', 'Cookie': 'retail_access_token=eyJhbGciOiJIUzI1NiIsInR5cCI6IkpXVCJ9.eyJpZCI6MTUxLCJ1c2VyVHlwZSI6IlJFVEFJTCIsImlhdCI6MTc4NDYxOTk2NywiZXhwIjoxNzg0NjYzMTY3fQ.BPxnl1_iMleP9SoVO0kuYCmGeazABiRmLiVNRCUzXCw'}
2026-07-21 07:46:08 - GeoTravelGlobalLogger - INFO     - [logger.py:345] - 🔍 _request - kwargs headers: {}
2026-07-21 07:46:08 - GeoTravelGlobalLogger - INFO     - [logger.py:345] - 🔍 _request FINAL headers being sent: {'Content-Type': 'application/json', 'Accept': 'application/json', 'X-Client-Type': 'retail', 'Cookie': 'retail_access_token=eyJhbGciOiJIUzI1NiIsInR5cCI6IkpXVCJ9.eyJpZCI6MTUxLCJ1c2VyVHlwZSI6IlJFVEFJTCIsImlhdCI6MTc4NDYxOTk2NywiZXhwIjoxNzg0NjYzMTY3fQ.BPxnl1_iMleP9SoVO0kuYCmGeazABiRmLiVNRCUzXCw'}
2026-07-21 07:46:08 - GeoTravelGlobalLogger - INFO     - [logger.py:345] - API Request: POST https://api.stg.gowithgeo.com/api/visa/payment
2026-07-21 07:46:09 - GeoTravelGlobalLogger - INFO     - [logger.py:345] - API Response: 200
2026-07-21 07:46:09 - GeoTravelGlobalLogger - INFO     - [logger.py:345] - SUCCESS: ✅ Flutterwave payment link generated and verified
2026-07-21 07:46:09 - GeoTravelGlobalLogger - INFO     - [logger.py:345] - === Flow for MANUAL PAYMENT ===
2026-07-21 07:46:09 - GeoTravelGlobalLogger - INFO     - [logger.py:345] - Step 1: Creating visa enquiry...
2026-07-21 07:46:09 - GeoTravelGlobalLogger - INFO     - [logger.py:345] - 🔍 _request START - Current self.headers: {'Content-Type': 'application/json', 'Accept': 'application/json', 'X-Client-Type': 'retail', 'Cookie': 'retail_access_token=eyJhbGciOiJIUzI1NiIsInR5cCI6IkpXVCJ9.eyJpZCI6MTUxLCJ1c2VyVHlwZSI6IlJFVEFJTCIsImlhdCI6MTc4NDYxOTk2NywiZXhwIjoxNzg0NjYzMTY3fQ.BPxnl1_iMleP9SoVO0kuYCmGeazABiRmLiVNRCUzXCw'}
2026-07-21 07:46:09 - GeoTravelGlobalLogger - INFO     - [logger.py:345] - 🔍 _request - kwargs headers: {}
2026-07-21 07:46:09 - GeoTravelGlobalLogger - INFO     - [logger.py:345] - 🔍 _request FINAL headers being sent: {'Content-Type': 'application/json', 'Accept': 'application/json', 'X-Client-Type': 'retail', 'Cookie': 'retail_access_token=eyJhbGciOiJIUzI1NiIsInR5cCI6IkpXVCJ9.eyJpZCI6MTUxLCJ1c2VyVHlwZSI6IlJFVEFJTCIsImlhdCI6MTc4NDYxOTk2NywiZXhwIjoxNzg0NjYzMTY3fQ.BPxnl1_iMleP9SoVO0kuYCmGeazABiRmLiVNRCUzXCw'}
2026-07-21 07:46:09 - GeoTravelGlobalLogger - INFO     - [logger.py:345] - API Request: POST https://api.stg.gowithgeo.com/api/visa/create
2026-07-21 07:46:10 - GeoTravelGlobalLogger - INFO     - [logger.py:345] - API Response: 200
2026-07-21 07:46:10 - GeoTravelGlobalLogger - INFO     - [logger.py:345] - SUCCESS: ✅ Visa enquiry created: ID=3503
2026-07-21 07:46:10 - GeoTravelGlobalLogger - INFO     - [logger.py:345] - Step 2: Verifying visa appears in user's applications...
2026-07-21 07:46:10 - GeoTravelGlobalLogger - INFO     - [logger.py:345] - 🔍 _request START - Current self.headers: {'Content-Type': 'application/json', 'Accept': 'application/json', 'X-Client-Type': 'retail', 'Cookie': 'retail_access_token=eyJhbGciOiJIUzI1NiIsInR5cCI6IkpXVCJ9.eyJpZCI6MTUxLCJ1c2VyVHlwZSI6IlJFVEFJTCIsImlhdCI6MTc4NDYxOTk2NywiZXhwIjoxNzg0NjYzMTY3fQ.BPxnl1_iMleP9SoVO0kuYCmGeazABiRmLiVNRCUzXCw'}
2026-07-21 07:46:10 - GeoTravelGlobalLogger - INFO     - [logger.py:345] - 🔍 _request - kwargs headers: {}
2026-07-21 07:46:10 - GeoTravelGlobalLogger - INFO     - [logger.py:345] - 🔍 _request FINAL headers being sent: {'Content-Type': 'application/json', 'Accept': 'application/json', 'X-Client-Type': 'retail', 'Cookie': 'retail_access_token=eyJhbGciOiJIUzI1NiIsInR5cCI6IkpXVCJ9.eyJpZCI6MTUxLCJ1c2VyVHlwZSI6IlJFVEFJTCIsImlhdCI6MTc4NDYxOTk2NywiZXhwIjoxNzg0NjYzMTY3fQ.BPxnl1_iMleP9SoVO0kuYCmGeazABiRmLiVNRCUzXCw'}
2026-07-21 07:46:10 - GeoTravelGlobalLogger - INFO     - [logger.py:345] - API Request: GET https://api.stg.gowithgeo.com/api/visa/all/user
2026-07-21 07:46:10 - GeoTravelGlobalLogger - INFO     - [logger.py:345] - API Response: 200
2026-07-21 07:46:10 - GeoTravelGlobalLogger - INFO     - [logger.py:345] - SUCCESS: ✅ Visa found in user's applications
2026-07-21 07:46:10 - GeoTravelGlobalLogger - INFO     - [logger.py:345] - Step 3: Initiating payment via MANUAL PAYMENT
2026-07-21 07:46:10 - GeoTravelGlobalLogger - INFO     - [logger.py:345] - 🔍 _request START - Current self.headers: {'Content-Type': 'application/json', 'Accept': 'application/json', 'X-Client-Type': 'retail', 'Cookie': 'retail_access_token=eyJhbGciOiJIUzI1NiIsInR5cCI6IkpXVCJ9.eyJpZCI6MTUxLCJ1c2VyVHlwZSI6IlJFVEFJTCIsImlhdCI6MTc4NDYxOTk2NywiZXhwIjoxNzg0NjYzMTY3fQ.BPxnl1_iMleP9SoVO0kuYCmGeazABiRmLiVNRCUzXCw'}
2026-07-21 07:46:10 - GeoTravelGlobalLogger - INFO     - [logger.py:345] - 🔍 _request - kwargs headers: {}
2026-07-21 07:46:10 - GeoTravelGlobalLogger - INFO     - [logger.py:345] - 🔍 _request FINAL headers being sent: {'Content-Type': 'application/json', 'Accept': 'application/json', 'X-Client-Type': 'retail', 'Cookie': 'retail_access_token=eyJhbGciOiJIUzI1NiIsInR5cCI6IkpXVCJ9.eyJpZCI6MTUxLCJ1c2VyVHlwZSI6IlJFVEFJTCIsImlhdCI6MTc4NDYxOTk2NywiZXhwIjoxNzg0NjYzMTY3fQ.BPxnl1_iMleP9SoVO0kuYCmGeazABiRmLiVNRCUzXCw'}
2026-07-21 07:46:10 - GeoTravelGlobalLogger - INFO     - [logger.py:345] - API Request: POST https://api.stg.gowithgeo.com/api/visa/payment
2026-07-21 07:46:11 - GeoTravelGlobalLogger - INFO     - [logger.py:345] - API Response: 200
2026-07-21 07:46:11 - GeoTravelGlobalLogger - INFO     - [logger.py:345] - SUCCESS: ✅ Manual payment correctly returned no payment link
2026-07-21 07:46:11 - GeoTravelGlobalLogger - INFO     - [logger.py:345] - SUCCESS: 🎉 Complete visa flow test passed for BOTH payment methods
2026-07-21 07:46:11 - GeoTravelGlobalLogger - INFO     - [logger.py:345] - ✅ Saved test-specific logs: reports/logs/src_tests_api_tests_test_visa_api.py_TestVisaEnquiryAPI_test_complete_visa_flow_with_auth_074611.log
2026-07-21 07:46:11 - GeoTravelGlobalLogger - INFO     - [logger.py:345] - Test result added: src/tests/api_tests/test_visa_api.py::TestVisaEnquiryAPI::test_complete_visa_flow_with_auth - PASS (Duration: 3.80s)
2026-07-21 07:46:11 - GeoTravelGlobalLogger - INFO     - [logger.py:345] - Added test result to API SMOKE TEST: src/tests/api_tests/test_visa_api.py::TestVisaEnquiryAPI::test_complete_visa_flow_with_auth - PASS
2026-07-21 07:46:11 - GeoTravelGlobalLogger - INFO     - [logger.py:345] - ✅ TestVisaEnquiryAPI test completed
2026-07-21 07:46:11 - GeoTravelGlobalLogger - INFO     - [logger.py:345] - 🚀 Starting TestVisaEnquiryAPI test
2026-07-21 07:46:11 - GeoTravelGlobalLogger - INFO     - [logger.py:345] - === Testing Complete Visa Flow - WITHOUT Auth ===
2026-07-21 07:46:11 - GeoTravelGlobalLogger - INFO     - [logger.py:345] - --- Flow for FLUTTERWAVE ---
2026-07-21 07:46:11 - GeoTravelGlobalLogger - INFO     - [logger.py:345] - 🔍 _request START - Current self.headers: {'Content-Type': 'application/json', 'Accept': 'application/json', 'X-Client-Type': 'retail'}
2026-07-21 07:46:11 - GeoTravelGlobalLogger - INFO     - [logger.py:345] - 🔍 _request - kwargs headers: {}
2026-07-21 07:46:11 - GeoTravelGlobalLogger - INFO     - [logger.py:345] - 🔍 _request FINAL headers being sent: {'Content-Type': 'application/json', 'Accept': 'application/json', 'X-Client-Type': 'retail'}
2026-07-21 07:46:11 - GeoTravelGlobalLogger - INFO     - [logger.py:345] - API Request: POST https://api.stg.gowithgeo.com/api/visa/create
2026-07-21 07:46:11 - GeoTravelGlobalLogger - INFO     - [logger.py:345] - API Response: 200
2026-07-21 07:46:11 - GeoTravelGlobalLogger - INFO     - [logger.py:345] - SUCCESS: ✅ Visa enquiry created: ID=3504, User ID=None
2026-07-21 07:46:11 - GeoTravelGlobalLogger - INFO     - [logger.py:345] - 🔍 _request START - Current self.headers: {'Content-Type': 'application/json', 'Accept': 'application/json', 'X-Client-Type': 'retail'}
2026-07-21 07:46:11 - GeoTravelGlobalLogger - INFO     - [logger.py:345] - 🔍 _request - kwargs headers: {}
2026-07-21 07:46:11 - GeoTravelGlobalLogger - INFO     - [logger.py:345] - 🔍 _request FINAL headers being sent: {'Content-Type': 'application/json', 'Accept': 'application/json', 'X-Client-Type': 'retail'}
2026-07-21 07:46:11 - GeoTravelGlobalLogger - INFO     - [logger.py:345] - API Request: GET https://api.stg.gowithgeo.com/api/visa/all/user
2026-07-21 07:46:11 - GeoTravelGlobalLogger - INFO     - [logger.py:345] - API Response: 401
2026-07-21 07:46:11 - GeoTravelGlobalLogger - INFO     - [logger.py:345] - SUCCESS: ✅ Unauthenticated access correctly rejected (401)
2026-07-21 07:46:11 - GeoTravelGlobalLogger - INFO     - [logger.py:345] - 🔍 _request START - Current self.headers: {'Content-Type': 'application/json', 'Accept': 'application/json', 'X-Client-Type': 'retail'}
2026-07-21 07:46:11 - GeoTravelGlobalLogger - INFO     - [logger.py:345] - 🔍 _request - kwargs headers: {}
2026-07-21 07:46:11 - GeoTravelGlobalLogger - INFO     - [logger.py:345] - 🔍 _request FINAL headers being sent: {'Content-Type': 'application/json', 'Accept': 'application/json', 'X-Client-Type': 'retail'}
2026-07-21 07:46:11 - GeoTravelGlobalLogger - INFO     - [logger.py:345] - API Request: POST https://api.stg.gowithgeo.com/api/visa/payment
2026-07-21 07:46:12 - GeoTravelGlobalLogger - INFO     - [logger.py:345] - API Response: 200
2026-07-21 07:46:12 - GeoTravelGlobalLogger - INFO     - [logger.py:345] - SUCCESS: ✅ Flutterwave payment link generated and verified without auth
2026-07-21 07:46:12 - GeoTravelGlobalLogger - INFO     - [logger.py:345] - --- Flow for MANUAL PAYMENT ---
2026-07-21 07:46:12 - GeoTravelGlobalLogger - INFO     - [logger.py:345] - 🔍 _request START - Current self.headers: {'Content-Type': 'application/json', 'Accept': 'application/json', 'X-Client-Type': 'retail'}
2026-07-21 07:46:12 - GeoTravelGlobalLogger - INFO     - [logger.py:345] - 🔍 _request - kwargs headers: {}
2026-07-21 07:46:12 - GeoTravelGlobalLogger - INFO     - [logger.py:345] - 🔍 _request FINAL headers being sent: {'Content-Type': 'application/json', 'Accept': 'application/json', 'X-Client-Type': 'retail'}
2026-07-21 07:46:12 - GeoTravelGlobalLogger - INFO     - [logger.py:345] - API Request: POST https://api.stg.gowithgeo.com/api/visa/create
2026-07-21 07:46:12 - GeoTravelGlobalLogger - INFO     - [logger.py:345] - API Response: 200
2026-07-21 07:46:12 - GeoTravelGlobalLogger - INFO     - [logger.py:345] - SUCCESS: ✅ Visa enquiry created: ID=3505, User ID=None
2026-07-21 07:46:12 - GeoTravelGlobalLogger - INFO     - [logger.py:345] - 🔍 _request START - Current self.headers: {'Content-Type': 'application/json', 'Accept': 'application/json', 'X-Client-Type': 'retail'}
2026-07-21 07:46:12 - GeoTravelGlobalLogger - INFO     - [logger.py:345] - 🔍 _request - kwargs headers: {}
2026-07-21 07:46:12 - GeoTravelGlobalLogger - INFO     - [logger.py:345] - 🔍 _request FINAL headers being sent: {'Content-Type': 'application/json', 'Accept': 'application/json', 'X-Client-Type': 'retail'}
2026-07-21 07:46:12 - GeoTravelGlobalLogger - INFO     - [logger.py:345] - API Request: GET https://api.stg.gowithgeo.com/api/visa/all/user
2026-07-21 07:46:12 - GeoTravelGlobalLogger - INFO     - [logger.py:345] - API Response: 401
2026-07-21 07:46:12 - GeoTravelGlobalLogger - INFO     - [logger.py:345] - SUCCESS: ✅ Unauthenticated access correctly rejected (401)
2026-07-21 07:46:12 - GeoTravelGlobalLogger - INFO     - [logger.py:345] - 🔍 _request START - Current self.headers: {'Content-Type': 'application/json', 'Accept': 'application/json', 'X-Client-Type': 'retail'}
2026-07-21 07:46:12 - GeoTravelGlobalLogger - INFO     - [logger.py:345] - 🔍 _request - kwargs headers: {}
2026-07-21 07:46:12 - GeoTravelGlobalLogger - INFO     - [logger.py:345] - 🔍 _request FINAL headers being sent: {'Content-Type': 'application/json', 'Accept': 'application/json', 'X-Client-Type': 'retail'}
2026-07-21 07:46:12 - GeoTravelGlobalLogger - INFO     - [logger.py:345] - API Request: POST https://api.stg.gowithgeo.com/api/visa/payment
2026-07-21 07:46:13 - GeoTravelGlobalLogger - INFO     - [logger.py:345] - API Response: 200
2026-07-21 07:46:13 - GeoTravelGlobalLogger - INFO     - [logger.py:345] - SUCCESS: ✅ Manual payment initialized without auth: Amount=25000, Reference=bb5a08c2-e60e-49d5-abc6-04b46cdc6bec
2026-07-21 07:46:13 - GeoTravelGlobalLogger - INFO     - [logger.py:345] - SUCCESS: ✅ Complete visa flow without auth test passed for BOTH payment methods
2026-07-21 07:46:13 - GeoTravelGlobalLogger - INFO     - [logger.py:345] - ✅ Saved test-specific logs: reports/logs/src_tests_api_tests_test_visa_api.py_TestVisaEnquiryAPI_test_complete_visa_flow_without_auth_074613.log
