2026-05-28 08:43:25 - GeoTravelGlobalLogger - INFO     - [logger.py:345] - Git Metadata - Branch: MAIN, Commit: f860771
2026-05-28 08:43:25 - GeoTravelGlobalLogger - INFO     - [logger.py:345] - Git Metadata - Branch: MAIN, Commit: f860771
2026-05-28 08:43:25 - GeoTravelGlobalLogger - INFO     - [logger.py:345] - Branch: MAIN
2026-05-28 08:43:25 - GeoTravelGlobalLogger - INFO     - [logger.py:345] - Build ID: #2026.05.28.0843
2026-05-28 08:43:25 - GeoTravelGlobalLogger - INFO     - [logger.py:345] - Browser: CHROME
2026-05-28 08:43:25 - GeoTravelGlobalLogger - INFO     - [logger.py:345] - Environment: STAGING
2026-05-28 08:43:25 - GeoTravelGlobalLogger - INFO     - [logger.py:345] - Starting unified test run for: smoke, api, partners_api
2026-05-28 08:43:25 - GeoTravelGlobalLogger - INFO     - [logger.py:345] - Slack webhook response: 200
2026-05-28 08:43:25 - GeoTravelGlobalLogger - INFO     - [logger.py:345] - 🚀 Starting SMOKE test suite...
2026-05-28 08:43:25 - GeoTravelGlobalLogger - INFO     - [logger.py:345] - Git Metadata - Branch: MAIN, Commit: f860771
2026-05-28 08:43:25 - GeoTravelGlobalLogger - INFO     - [logger.py:345] - Branch: MAIN
2026-05-28 08:43:25 - GeoTravelGlobalLogger - INFO     - [logger.py:345] - Build ID: #2026.05.28.0843
2026-05-28 08:43:25 - GeoTravelGlobalLogger - INFO     - [logger.py:345] - Browser: CHROME
2026-05-28 08:43:25 - GeoTravelGlobalLogger - INFO     - [logger.py:345] - Environment: STAGING
2026-05-28 08:43:25 - GeoTravelGlobalLogger - INFO     - [logger.py:345] - Running SMOKE tests from src/tests/smoke_tests/
2026-05-28 08:43:25 - GeoTravelGlobalLogger - INFO     - [logger.py:345] - Checking UI environment availability...
2026-05-28 08:43:25 - GeoTravelGlobalLogger - INFO     - [logger.py:345] - UI environment check attempt 1/3 for https://retail.stg.gowithgeo.com
2026-05-28 08:43:25 - GeoTravelGlobalLogger - INFO     - [logger.py:345] - SUCCESS: UI environment staging is accessible (Status: 200)
2026-05-28 08:43:25 - GeoTravelGlobalLogger - INFO     - [logger.py:345] - SUCCESS: UI environment is accessible - proceeding with tests
2026-05-28 08:43:25 - GeoTravelGlobalLogger - INFO     - [logger.py:345] - Starting test suite: Unified UI Smoke + API + Partners API TEST REPORT
2026-05-28 08:43:26 - GeoTravelGlobalLogger - INFO     - [logger.py:345] - Environment checks will be performed after test collection
2026-05-28 08:43:26 - GeoTravelGlobalLogger - INFO     - [logger.py:345] - 🔍 Checking required environments based on detected test types...
2026-05-28 08:43:26 - GeoTravelGlobalLogger - INFO     - [logger.py:345] - 🔍 Detected test types: {'ui': True, 'api': False, 'partners_api': False}
2026-05-28 08:43:26 - GeoTravelGlobalLogger - INFO     - [logger.py:345] - UI check attempt 1/3 for https://retail.stg.gowithgeo.com
2026-05-28 08:43:26 - GeoTravelGlobalLogger - INFO     - [logger.py:345] - UI environment check attempt 1/1 for https://retail.stg.gowithgeo.com
2026-05-28 08:43:26 - GeoTravelGlobalLogger - INFO     - [logger.py:345] - SUCCESS: UI environment staging is accessible (Status: 200)
2026-05-28 08:43:26 - GeoTravelGlobalLogger - INFO     - [logger.py:345] - SUCCESS: UI environment is accessible
2026-05-28 08:43:26 - GeoTravelGlobalLogger - INFO     - [logger.py:345] - SUCCESS: ✅ All required environments are accessible: ui
2026-05-28 08:43:26 - GeoTravelGlobalLogger - INFO     - [logger.py:345] - Creating chrome driver...
2026-05-28 08:43:37 - GeoTravelGlobalLogger - INFO     - [logger.py:345] - chrome driver created successfully
2026-05-28 08:43:37 - GeoTravelGlobalLogger - INFO     - [logger.py:345] - === Testing Login Page Accessibility ===
2026-05-28 08:43:37 - GeoTravelGlobalLogger - INFO     - [logger.py:345] - 🔄 STEP 1: Navigating to homepage
2026-05-28 08:43:39 - GeoTravelGlobalLogger - INFO     - [logger.py:345] - Navigated to: https://retail.stg.gowithgeo.com/
2026-05-28 08:43:39 - GeoTravelGlobalLogger - INFO     - [logger.py:345] - 🏁 Warming up site before homepage load...
2026-05-28 08:43:40 - GeoTravelGlobalLogger - INFO     - [logger.py:345] - Navigated to: https://retail.stg.gowithgeo.com/
2026-05-28 08:43:40 - GeoTravelGlobalLogger - INFO     - [logger.py:345] - Warm-up page opened successfully.
2026-05-28 08:43:45 - GeoTravelGlobalLogger - INFO     - [logger.py:345] - 🏠 Waiting for homepage to load (max retries: 3)
2026-05-28 08:43:45 - GeoTravelGlobalLogger - INFO     - [logger.py:345] - Attempt 1/3
2026-05-28 08:43:45 - GeoTravelGlobalLogger - INFO     - [logger.py:345] - Page body loaded
2026-05-28 08:43:45 - GeoTravelGlobalLogger - INFO     - [logger.py:345] - Validating Geo Travel page...
2026-05-28 08:43:45 - GeoTravelGlobalLogger - INFO     - [logger.py:345] - Validating page HTML structure...
2026-05-28 08:43:45 - GeoTravelGlobalLogger - INFO     - [logger.py:345] - Validating page content keywords...
2026-05-28 08:43:45 - GeoTravelGlobalLogger - INFO     - [logger.py:345] - Page validation confidence: 100.0%
2026-05-28 08:43:45 - GeoTravelGlobalLogger - INFO     - [logger.py:345] - Found keywords: ['geo', 'travel', 'destination', 'book', 'tour', 'package', 'hotel', 'flight', 'vacation', 'adventure']
2026-05-28 08:43:45 - GeoTravelGlobalLogger - INFO     - [logger.py:345] - Homepage validation passed! Confidence: 100.0%
2026-05-28 08:43:45 - GeoTravelGlobalLogger - INFO     - [logger.py:345] - 🔄 STEP 2: Navigating to login page
2026-05-28 08:43:45 - GeoTravelGlobalLogger - INFO     - [logger.py:345] - Navigated to: https://retail.stg.gowithgeo.com/auth/login
2026-05-28 08:43:45 - GeoTravelGlobalLogger - INFO     - [logger.py:345] - 🔐 Navigated to login page
2026-05-28 08:43:45 - GeoTravelGlobalLogger - INFO     - [logger.py:345] - 🔄 STEP 3: Verifying login page loads
2026-05-28 08:43:45 - GeoTravelGlobalLogger - INFO     - [logger.py:345] - ⏳ Waiting for login page to load...
2026-05-28 08:43:45 - GeoTravelGlobalLogger - INFO     - [logger.py:345] - Login page loaded successfully
2026-05-28 08:43:45 - GeoTravelGlobalLogger - INFO     - [logger.py:345] - 🔄 STEP 4: Verifying required elements on login page
2026-05-28 08:43:45 - GeoTravelGlobalLogger - INFO     - [logger.py:345] - 🔄 STEP 5: Verifying login page title and content
2026-05-28 08:43:45 - GeoTravelGlobalLogger - INFO     - [logger.py:345] - SUCCESS: Login page accessibility test passed
2026-05-28 08:43:45 - GeoTravelGlobalLogger - INFO     - [logger.py:345] - ✅ Saved test-specific logs: reports/logs/src_tests_smoke_tests_test_auth_flow_smoke.py_TestAuthFlowSmoke_test_login_page_accessibility_084345.log
2026-05-28 08:43:45 - GeoTravelGlobalLogger - INFO     - [logger.py:345] - Test result added: src/tests/smoke_tests/test_auth_flow_smoke.py::TestAuthFlowSmoke::test_login_page_accessibility - PASS (Duration: 8.33s)
2026-05-28 08:43:45 - GeoTravelGlobalLogger - INFO     - [logger.py:345] - Added test result to Unified UI Smoke + API + Partners API TEST REPORT: src/tests/smoke_tests/test_auth_flow_smoke.py::TestAuthFlowSmoke::test_login_page_accessibility - PASS
2026-05-28 08:43:45 - GeoTravelGlobalLogger - INFO     - [logger.py:345] - Test result added: test_login_page_accessibility - PASS (Duration: 19.06s)
2026-05-28 08:43:45 - GeoTravelGlobalLogger - INFO     - [logger.py:345] - Creating chrome driver...
2026-05-28 08:43:46 - GeoTravelGlobalLogger - INFO     - [logger.py:345] - chrome driver created successfully
2026-05-28 08:43:46 - GeoTravelGlobalLogger - INFO     - [logger.py:345] - === Testing Successful Login and Redirect ===
2026-05-28 08:43:46 - GeoTravelGlobalLogger - INFO     - [logger.py:345] - 🔄 STEP 1: Navigating to login page
2026-05-28 08:43:46 - GeoTravelGlobalLogger - INFO     - [logger.py:345] - Navigated to: https://retail.stg.gowithgeo.com/auth/login
2026-05-28 08:43:46 - GeoTravelGlobalLogger - INFO     - [logger.py:345] - 🔐 Navigated to login page
2026-05-28 08:43:46 - GeoTravelGlobalLogger - INFO     - [logger.py:345] - ⏳ Waiting for login page to load...
2026-05-28 08:43:46 - GeoTravelGlobalLogger - INFO     - [logger.py:345] - Login page loaded successfully
2026-05-28 08:43:46 - GeoTravelGlobalLogger - INFO     - [logger.py:345] - 🔄 STEP 2: Attempting login with valid credentials
2026-05-28 08:43:46 - GeoTravelGlobalLogger - INFO     - [logger.py:345] - Attempting login for user: geo.qa.bot@gmail.com
2026-05-28 08:43:47 - GeoTravelGlobalLogger - INFO     - [logger.py:345] - Login attempt completed
2026-05-28 08:43:47 - GeoTravelGlobalLogger - INFO     - [logger.py:345] - 🔍 Verifying login status...
2026-05-28 08:44:16 - GeoTravelGlobalLogger - INFO     - [logger.py:345] - Getting current URL
2026-05-28 08:44:16 - GeoTravelGlobalLogger - INFO     - [logger.py:345] - Redirected to: https://retail.stg.gowithgeo.com/dashboard/bookings/upcoming
2026-05-28 08:44:16 - GeoTravelGlobalLogger - INFO     - [logger.py:345] - Looking for dashboard indicators...
2026-05-28 08:44:16 - GeoTravelGlobalLogger - INFO     - [logger.py:345] -   Trying indicator 1: ('xpath', "//span[contains(text(),'Bookings')]")
2026-05-28 08:44:16 - GeoTravelGlobalLogger - INFO     - [logger.py:345] - Dashboard found with indicator 1: ('xpath', "//span[contains(text(),'Bookings')]")
2026-05-28 08:44:16 - GeoTravelGlobalLogger - INFO     - [logger.py:345] - SUCCESS: Login confirmed – Dashboard detected.
2026-05-28 08:44:16 - GeoTravelGlobalLogger - INFO     - [logger.py:345] - 🔄 STEP 3: Verifying user is redirected to dashboard
2026-05-28 08:44:16 - GeoTravelGlobalLogger - INFO     - [logger.py:345] - Dashboard verified via UI element: ('xpath', "//span[contains(text(),'Bookings')]")
2026-05-28 08:44:16 - GeoTravelGlobalLogger - INFO     - [logger.py:345] - SUCCESS: Successful login & redirect test passed
2026-05-28 08:44:16 - GeoTravelGlobalLogger - INFO     - [logger.py:345] - ✅ Saved test-specific logs: reports/logs/src_tests_smoke_tests_test_auth_flow_smoke.py_TestAuthFlowSmoke_test_successful_login_and_redirect_084416.log
2026-05-28 08:44:16 - GeoTravelGlobalLogger - INFO     - [logger.py:345] - Test result added: src/tests/smoke_tests/test_auth_flow_smoke.py::TestAuthFlowSmoke::test_successful_login_and_redirect - PASS (Duration: 30.53s)
2026-05-28 08:44:16 - GeoTravelGlobalLogger - INFO     - [logger.py:345] - Added test result to Unified UI Smoke + API + Partners API TEST REPORT: src/tests/smoke_tests/test_auth_flow_smoke.py::TestAuthFlowSmoke::test_successful_login_and_redirect - PASS
2026-05-28 08:44:16 - GeoTravelGlobalLogger - INFO     - [logger.py:345] - Test result added: test_successful_login_and_redirect - PASS (Duration: 31.02s)
2026-05-28 08:44:16 - GeoTravelGlobalLogger - INFO     - [logger.py:345] - Creating chrome driver...
2026-05-28 08:44:17 - GeoTravelGlobalLogger - INFO     - [logger.py:345] - chrome driver created successfully
2026-05-28 08:44:17 - GeoTravelGlobalLogger - INFO     - [logger.py:345] - === Testing Failed Login with Error Message ===
2026-05-28 08:44:17 - GeoTravelGlobalLogger - INFO     - [logger.py:345] - 🔄 STEP 1: Navigating to login page
2026-05-28 08:44:17 - GeoTravelGlobalLogger - INFO     - [logger.py:345] - Navigated to: https://retail.stg.gowithgeo.com/auth/login
2026-05-28 08:44:17 - GeoTravelGlobalLogger - INFO     - [logger.py:345] - 🔐 Navigated to login page
2026-05-28 08:44:17 - GeoTravelGlobalLogger - INFO     - [logger.py:345] - ⏳ Waiting for login page to load...
2026-05-28 08:44:17 - GeoTravelGlobalLogger - INFO     - [logger.py:345] - Login page loaded successfully
2026-05-28 08:44:17 - GeoTravelGlobalLogger - INFO     - [logger.py:345] - 🔄 STEP 2: Attempting login with invalid credentials
2026-05-28 08:44:17 - GeoTravelGlobalLogger - INFO     - [logger.py:345] - Attempting login for user: invalid_user@example.com
2026-05-28 08:44:18 - GeoTravelGlobalLogger - INFO     - [logger.py:345] - Login attempt completed
2026-05-28 08:44:18 - GeoTravelGlobalLogger - INFO     - [logger.py:345] - 🔍 Verifying login status...
2026-05-28 08:44:48 - GeoTravelGlobalLogger - ERROR    - [logger.py:363] - Login did not reach dashboard: Message: 

2026-05-28 08:44:48 - GeoTravelGlobalLogger - INFO     - [logger.py:345] - 🔄 STEP 3: Fetching error message from toast
2026-05-28 08:44:59 - GeoTravelGlobalLogger - INFO     - [logger.py:345] - Getting current URL
2026-05-28 08:44:59 - GeoTravelGlobalLogger - INFO     - [logger.py:345] - SUCCESS: Failed login confirmed — user remained on login page
2026-05-28 08:44:59 - GeoTravelGlobalLogger - INFO     - [logger.py:345] - ✅ Saved test-specific logs: reports/logs/src_tests_smoke_tests_test_auth_flow_smoke.py_TestAuthFlowSmoke_test_failed_login_with_error_message_084459.log
2026-05-28 08:44:59 - GeoTravelGlobalLogger - INFO     - [logger.py:345] - Test result added: src/tests/smoke_tests/test_auth_flow_smoke.py::TestAuthFlowSmoke::test_failed_login_with_error_message - PASS (Duration: 42.87s)
2026-05-28 08:44:59 - GeoTravelGlobalLogger - INFO     - [logger.py:345] - Added test result to Unified UI Smoke + API + Partners API TEST REPORT: src/tests/smoke_tests/test_auth_flow_smoke.py::TestAuthFlowSmoke::test_failed_login_with_error_message - PASS
2026-05-28 08:45:00 - GeoTravelGlobalLogger - INFO     - [logger.py:345] - Test result added: test_failed_login_with_error_message - PASS (Duration: 43.35s)
2026-05-28 08:45:00 - GeoTravelGlobalLogger - INFO     - [logger.py:345] - Creating chrome driver...
2026-05-28 08:45:00 - GeoTravelGlobalLogger - INFO     - [logger.py:345] - chrome driver created successfully
2026-05-28 08:45:00 - GeoTravelGlobalLogger - INFO     - [logger.py:345] - === Testing Logout Functionality ===
2026-05-28 08:45:00 - GeoTravelGlobalLogger - INFO     - [logger.py:345] - 🔄 STEP 1: Logging in with valid credentials
2026-05-28 08:45:00 - GeoTravelGlobalLogger - INFO     - [logger.py:345] - Navigated to: https://retail.stg.gowithgeo.com/auth/login
2026-05-28 08:45:00 - GeoTravelGlobalLogger - INFO     - [logger.py:345] - 🔐 Navigated to login page
2026-05-28 08:45:00 - GeoTravelGlobalLogger - INFO     - [logger.py:345] - ⏳ Waiting for login page to load...
2026-05-28 08:45:00 - GeoTravelGlobalLogger - INFO     - [logger.py:345] - Login page loaded successfully
2026-05-28 08:45:00 - GeoTravelGlobalLogger - INFO     - [logger.py:345] - Attempting login for user: geo.qa.bot@gmail.com
2026-05-28 08:45:01 - GeoTravelGlobalLogger - INFO     - [logger.py:345] - Login attempt completed
2026-05-28 08:45:01 - GeoTravelGlobalLogger - INFO     - [logger.py:345] - 🔍 Verifying login status...
2026-05-28 08:45:02 - GeoTravelGlobalLogger - INFO     - [logger.py:345] - Getting current URL
2026-05-28 08:45:02 - GeoTravelGlobalLogger - INFO     - [logger.py:345] - Redirected to: https://retail.stg.gowithgeo.com/dashboard/bookings/upcoming
2026-05-28 08:45:02 - GeoTravelGlobalLogger - INFO     - [logger.py:345] - Looking for dashboard indicators...
2026-05-28 08:45:02 - GeoTravelGlobalLogger - INFO     - [logger.py:345] -   Trying indicator 1: ('xpath', "//span[contains(text(),'Bookings')]")
2026-05-28 08:45:02 - GeoTravelGlobalLogger - INFO     - [logger.py:345] - Dashboard found with indicator 1: ('xpath', "//span[contains(text(),'Bookings')]")
2026-05-28 08:45:02 - GeoTravelGlobalLogger - INFO     - [logger.py:345] - SUCCESS: Login confirmed – Dashboard detected.
2026-05-28 08:45:02 - GeoTravelGlobalLogger - INFO     - [logger.py:345] - 🔄 STEP 2: Verifying user is on dashboard after login
2026-05-28 08:45:02 - GeoTravelGlobalLogger - INFO     - [logger.py:345] - Dashboard verified via UI element: ('xpath', "//span[contains(text(),'Bookings')]")
2026-05-28 08:45:02 - GeoTravelGlobalLogger - INFO     - [logger.py:345] - 🔄 STEP 3: Performing logout
2026-05-28 08:45:02 - GeoTravelGlobalLogger - INFO     - [logger.py:345] - Attempting logout...
2026-05-28 08:45:02 - GeoTravelGlobalLogger - INFO     - [logger.py:345] - Dashboard verified via UI element: ('xpath', "//span[contains(text(),'Bookings')]")
2026-05-28 08:45:08 - GeoTravelGlobalLogger - INFO     - [logger.py:345] - Clicked logout via normal click: ('xpath', "//button[.//*[contains(@class, 'lucide-log-out')]]")
2026-05-28 08:45:11 - GeoTravelGlobalLogger - INFO     - [logger.py:345] - Getting current URL
2026-05-28 08:45:11 - GeoTravelGlobalLogger - INFO     - [logger.py:345] - SUCCESS: Successfully logged out and redirected.
2026-05-28 08:45:11 - GeoTravelGlobalLogger - INFO     - [logger.py:345] - SUCCESS: Logout functionality test passed
2026-05-28 08:45:11 - GeoTravelGlobalLogger - INFO     - [logger.py:345] - ✅ Saved test-specific logs: reports/logs/src_tests_smoke_tests_test_auth_flow_smoke.py_TestAuthFlowSmoke_test_logout_functionality_084511.log
2026-05-28 08:45:11 - GeoTravelGlobalLogger - INFO     - [logger.py:345] - Test result added: src/tests/smoke_tests/test_auth_flow_smoke.py::TestAuthFlowSmoke::test_logout_functionality - PASS (Duration: 10.88s)
2026-05-28 08:45:11 - GeoTravelGlobalLogger - INFO     - [logger.py:345] - Added test result to Unified UI Smoke + API + Partners API TEST REPORT: src/tests/smoke_tests/test_auth_flow_smoke.py::TestAuthFlowSmoke::test_logout_functionality - PASS
2026-05-28 08:45:11 - GeoTravelGlobalLogger - INFO     - [logger.py:345] - Test result added: test_logout_functionality - PASS (Duration: 11.36s)
2026-05-28 08:45:11 - GeoTravelGlobalLogger - INFO     - [logger.py:345] - Creating chrome driver...
2026-05-28 08:45:11 - GeoTravelGlobalLogger - INFO     - [logger.py:345] - chrome driver created successfully
2026-05-28 08:45:11 - GeoTravelGlobalLogger - INFO     - [logger.py:345] - === Test: Blogs Page Navigation ===
2026-05-28 08:45:11 - GeoTravelGlobalLogger - INFO     - [logger.py:345] - 🔄 STEP 1: Opening homepage
2026-05-28 08:45:12 - GeoTravelGlobalLogger - INFO     - [logger.py:345] - Navigated to: https://retail.stg.gowithgeo.com/
2026-05-28 08:45:12 - GeoTravelGlobalLogger - INFO     - [logger.py:345] - 🏁 Warming up site before homepage load...
2026-05-28 08:45:13 - GeoTravelGlobalLogger - INFO     - [logger.py:345] - Navigated to: https://retail.stg.gowithgeo.com/
2026-05-28 08:45:13 - GeoTravelGlobalLogger - INFO     - [logger.py:345] - Warm-up page opened successfully.
2026-05-28 08:45:18 - GeoTravelGlobalLogger - INFO     - [logger.py:345] - 🏠 Waiting for homepage to load (max retries: 3)
2026-05-28 08:45:18 - GeoTravelGlobalLogger - INFO     - [logger.py:345] - Attempt 1/3
2026-05-28 08:45:18 - GeoTravelGlobalLogger - INFO     - [logger.py:345] - Page body loaded
2026-05-28 08:45:18 - GeoTravelGlobalLogger - INFO     - [logger.py:345] - Validating Geo Travel page...
2026-05-28 08:45:18 - GeoTravelGlobalLogger - INFO     - [logger.py:345] - Validating page HTML structure...
2026-05-28 08:45:18 - GeoTravelGlobalLogger - INFO     - [logger.py:345] - Validating page content keywords...
2026-05-28 08:45:18 - GeoTravelGlobalLogger - INFO     - [logger.py:345] - Page validation confidence: 100.0%
2026-05-28 08:45:18 - GeoTravelGlobalLogger - INFO     - [logger.py:345] - Found keywords: ['geo', 'travel', 'destination', 'book', 'tour', 'package', 'hotel', 'flight', 'vacation', 'adventure']
2026-05-28 08:45:18 - GeoTravelGlobalLogger - INFO     - [logger.py:345] - Homepage validation passed! Confidence: 100.0%
2026-05-28 08:45:18 - GeoTravelGlobalLogger - INFO     - [logger.py:345] - 🔄 STEP 2: Navigating to Blogs
2026-05-28 08:45:18 - GeoTravelGlobalLogger - INFO     - [logger.py:345] - Navigating to Blogs page
2026-05-28 08:45:18 - GeoTravelGlobalLogger - INFO     - [logger.py:345] - Successfully navigated to Blogs page
2026-05-28 08:45:18 - GeoTravelGlobalLogger - INFO     - [logger.py:345] - Blogs page source verified
2026-05-28 08:45:18 - GeoTravelGlobalLogger - INFO     - [logger.py:345] - Successfully navigated to Blogs page
2026-05-28 08:45:18 - GeoTravelGlobalLogger - INFO     - [logger.py:345] - 🔄 STEP 3: Verifying Blogs page
2026-05-28 08:45:18 - GeoTravelGlobalLogger - INFO     - [logger.py:345] - Verifying Blogs page loaded
2026-05-28 08:45:18 - GeoTravelGlobalLogger - INFO     - [logger.py:345] - Blogs header is visible
2026-05-28 08:45:18 - GeoTravelGlobalLogger - INFO     - [logger.py:345] - Blogs container is present
2026-05-28 08:45:18 - GeoTravelGlobalLogger - INFO     - [logger.py:345] - Blogs page verified
2026-05-28 08:45:18 - GeoTravelGlobalLogger - INFO     - [logger.py:345] - SUCCESS: ✅ Blogs page navigation verified
2026-05-28 08:45:18 - GeoTravelGlobalLogger - INFO     - [logger.py:345] - ✅ Saved test-specific logs: reports/logs/src_tests_smoke_tests_test_blogs_smoke.py_TestBlogs_test_blogs_page_navigation_084518.log
2026-05-28 08:45:18 - GeoTravelGlobalLogger - INFO     - [logger.py:345] - Test result added: src/tests/smoke_tests/test_blogs_smoke.py::TestBlogs::test_blogs_page_navigation - PASS (Duration: 6.92s)
2026-05-28 08:45:18 - GeoTravelGlobalLogger - INFO     - [logger.py:345] - Added test result to Unified UI Smoke + API + Partners API TEST REPORT: src/tests/smoke_tests/test_blogs_smoke.py::TestBlogs::test_blogs_page_navigation - PASS
2026-05-28 08:45:18 - GeoTravelGlobalLogger - INFO     - [logger.py:345] - Test result added: test_blogs_page_navigation - PASS (Duration: 7.44s)
2026-05-28 08:45:18 - GeoTravelGlobalLogger - INFO     - [logger.py:345] - Creating chrome driver...
2026-05-28 08:45:19 - GeoTravelGlobalLogger - INFO     - [logger.py:345] - chrome driver created successfully
2026-05-28 08:45:19 - GeoTravelGlobalLogger - INFO     - [logger.py:345] - === Test: Read Blog ===
2026-05-28 08:45:19 - GeoTravelGlobalLogger - INFO     - [logger.py:345] - 🔄 STEP 1: Navigating to Blogs
2026-05-28 08:45:20 - GeoTravelGlobalLogger - INFO     - [logger.py:345] - Navigated to: https://retail.stg.gowithgeo.com/
2026-05-28 08:45:20 - GeoTravelGlobalLogger - INFO     - [logger.py:345] - 🏁 Warming up site before homepage load...
2026-05-28 08:45:20 - GeoTravelGlobalLogger - INFO     - [logger.py:345] - Navigated to: https://retail.stg.gowithgeo.com/
2026-05-28 08:45:20 - GeoTravelGlobalLogger - INFO     - [logger.py:345] - Warm-up page opened successfully.
2026-05-28 08:45:25 - GeoTravelGlobalLogger - INFO     - [logger.py:345] - 🏠 Waiting for homepage to load (max retries: 3)
2026-05-28 08:45:25 - GeoTravelGlobalLogger - INFO     - [logger.py:345] - Attempt 1/3
2026-05-28 08:45:25 - GeoTravelGlobalLogger - INFO     - [logger.py:345] - Page body loaded
2026-05-28 08:45:25 - GeoTravelGlobalLogger - INFO     - [logger.py:345] - Validating Geo Travel page...
2026-05-28 08:45:25 - GeoTravelGlobalLogger - INFO     - [logger.py:345] - Validating page HTML structure...
2026-05-28 08:45:25 - GeoTravelGlobalLogger - INFO     - [logger.py:345] - Validating page content keywords...
2026-05-28 08:45:25 - GeoTravelGlobalLogger - INFO     - [logger.py:345] - Page validation confidence: 100.0%
2026-05-28 08:45:25 - GeoTravelGlobalLogger - INFO     - [logger.py:345] - Found keywords: ['geo', 'travel', 'destination', 'book', 'tour', 'package', 'hotel', 'flight', 'vacation', 'adventure']
2026-05-28 08:45:25 - GeoTravelGlobalLogger - INFO     - [logger.py:345] - Homepage validation passed! Confidence: 100.0%
2026-05-28 08:45:25 - GeoTravelGlobalLogger - INFO     - [logger.py:345] - Navigating to Blogs page
2026-05-28 08:45:26 - GeoTravelGlobalLogger - INFO     - [logger.py:345] - Successfully navigated to Blogs page
2026-05-28 08:45:26 - GeoTravelGlobalLogger - INFO     - [logger.py:345] - Blogs page source verified
2026-05-28 08:45:26 - GeoTravelGlobalLogger - INFO     - [logger.py:345] - Successfully navigated to Blogs page
2026-05-28 08:45:26 - GeoTravelGlobalLogger - INFO     - [logger.py:345] - 🔄 STEP 2: Clicking on first blog
2026-05-28 08:45:26 - GeoTravelGlobalLogger - INFO     - [logger.py:345] - Clicking on first blog's Read article button
2026-05-28 08:45:33 - GeoTravelGlobalLogger - INFO     - [logger.py:345] - Successfully clicked on first blog's Read article button
2026-05-28 08:45:33 - GeoTravelGlobalLogger - INFO     - [logger.py:345] - 🔄 STEP 3: Waiting for blog detail
2026-05-28 08:45:33 - GeoTravelGlobalLogger - INFO     - [logger.py:345] - Waiting for blog detail to load
2026-05-28 08:45:33 - GeoTravelGlobalLogger - INFO     - [logger.py:345] - Blog detail loaded
2026-05-28 08:45:33 - GeoTravelGlobalLogger - INFO     - [logger.py:345] - 🔄 STEP 4: Verifying URL
2026-05-28 08:45:33 - GeoTravelGlobalLogger - INFO     - [logger.py:345] - SUCCESS: ✅ Read blog verified
2026-05-28 08:45:33 - GeoTravelGlobalLogger - INFO     - [logger.py:345] - ✅ Saved test-specific logs: reports/logs/src_tests_smoke_tests_test_blogs_smoke.py_TestBlogs_test_read_blog_084533.log
2026-05-28 08:45:33 - GeoTravelGlobalLogger - INFO     - [logger.py:345] - Test result added: src/tests/smoke_tests/test_blogs_smoke.py::TestBlogs::test_read_blog - PASS (Duration: 14.41s)
2026-05-28 08:45:33 - GeoTravelGlobalLogger - INFO     - [logger.py:345] - Added test result to Unified UI Smoke + API + Partners API TEST REPORT: src/tests/smoke_tests/test_blogs_smoke.py::TestBlogs::test_read_blog - PASS
2026-05-28 08:45:33 - GeoTravelGlobalLogger - INFO     - [logger.py:345] - Test result added: test_read_blog - PASS (Duration: 14.90s)
2026-05-28 08:45:33 - GeoTravelGlobalLogger - INFO     - [logger.py:345] - Creating chrome driver...
2026-05-28 08:45:34 - GeoTravelGlobalLogger - INFO     - [logger.py:345] - chrome driver created successfully
2026-05-28 08:45:34 - GeoTravelGlobalLogger - INFO     - [logger.py:345] - === Test: Comment Flow ===
2026-05-28 08:45:34 - GeoTravelGlobalLogger - INFO     - [logger.py:345] - 🔄 STEP 1: Navigating to blog detail
2026-05-28 08:45:35 - GeoTravelGlobalLogger - INFO     - [logger.py:345] - Navigated to: https://retail.stg.gowithgeo.com/
2026-05-28 08:45:35 - GeoTravelGlobalLogger - INFO     - [logger.py:345] - 🏁 Warming up site before homepage load...
2026-05-28 08:45:35 - GeoTravelGlobalLogger - INFO     - [logger.py:345] - Navigated to: https://retail.stg.gowithgeo.com/
2026-05-28 08:45:35 - GeoTravelGlobalLogger - INFO     - [logger.py:345] - Warm-up page opened successfully.
2026-05-28 08:45:40 - GeoTravelGlobalLogger - INFO     - [logger.py:345] - 🏠 Waiting for homepage to load (max retries: 3)
2026-05-28 08:45:40 - GeoTravelGlobalLogger - INFO     - [logger.py:345] - Attempt 1/3
2026-05-28 08:45:40 - GeoTravelGlobalLogger - INFO     - [logger.py:345] - Page body loaded
2026-05-28 08:45:40 - GeoTravelGlobalLogger - INFO     - [logger.py:345] - Validating Geo Travel page...
2026-05-28 08:45:40 - GeoTravelGlobalLogger - INFO     - [logger.py:345] - Validating page HTML structure...
2026-05-28 08:45:40 - GeoTravelGlobalLogger - INFO     - [logger.py:345] - Validating page content keywords...
2026-05-28 08:45:40 - GeoTravelGlobalLogger - INFO     - [logger.py:345] - Page validation confidence: 100.0%
2026-05-28 08:45:40 - GeoTravelGlobalLogger - INFO     - [logger.py:345] - Found keywords: ['geo', 'travel', 'destination', 'book', 'tour', 'package', 'hotel', 'flight', 'vacation', 'adventure']
2026-05-28 08:45:40 - GeoTravelGlobalLogger - INFO     - [logger.py:345] - Homepage validation passed! Confidence: 100.0%
2026-05-28 08:45:40 - GeoTravelGlobalLogger - INFO     - [logger.py:345] - Navigating to Blogs page
2026-05-28 08:45:40 - GeoTravelGlobalLogger - INFO     - [logger.py:345] - Successfully navigated to Blogs page
2026-05-28 08:45:40 - GeoTravelGlobalLogger - INFO     - [logger.py:345] - Blogs page source verified
2026-05-28 08:45:40 - GeoTravelGlobalLogger - INFO     - [logger.py:345] - Successfully navigated to Blogs page
2026-05-28 08:45:40 - GeoTravelGlobalLogger - INFO     - [logger.py:345] - Clicking on first blog's Read article button
2026-05-28 08:45:48 - GeoTravelGlobalLogger - INFO     - [logger.py:345] - Successfully clicked on first blog's Read article button
2026-05-28 08:45:48 - GeoTravelGlobalLogger - INFO     - [logger.py:345] - Waiting for blog detail to load
2026-05-28 08:45:48 - GeoTravelGlobalLogger - INFO     - [logger.py:345] - Blog detail loaded
2026-05-28 08:45:48 - GeoTravelGlobalLogger - INFO     - [logger.py:345] - 🔄 STEP 2: Filling comment form
2026-05-28 08:45:48 - GeoTravelGlobalLogger - INFO     - [logger.py:345] - Filling comment form with name: QA Bot 20260528_084534
2026-05-28 08:45:52 - GeoTravelGlobalLogger - INFO     - [logger.py:345] - Comment form filled successfully
2026-05-28 08:45:52 - GeoTravelGlobalLogger - INFO     - [logger.py:345] - 🔄 STEP 3: Submitting comment
2026-05-28 08:45:52 - GeoTravelGlobalLogger - INFO     - [logger.py:345] - Submitting comment
2026-05-28 08:45:57 - GeoTravelGlobalLogger - INFO     - [logger.py:345] - Comment submitted
2026-05-28 08:45:57 - GeoTravelGlobalLogger - INFO     - [logger.py:345] - 🔄 STEP 4: Verifying success message
2026-05-28 08:45:57 - GeoTravelGlobalLogger - INFO     - [logger.py:345] - Checking success toast message
2026-05-28 08:45:57 - GeoTravelGlobalLogger - INFO     - [logger.py:345] - SUCCESS: ✅ Comment flow verified
2026-05-28 08:45:57 - GeoTravelGlobalLogger - INFO     - [logger.py:345] - ✅ Saved test-specific logs: reports/logs/src_tests_smoke_tests_test_blogs_smoke.py_TestBlogs_test_comment_flow_084557.log
2026-05-28 08:45:57 - GeoTravelGlobalLogger - INFO     - [logger.py:345] - Test result added: src/tests/smoke_tests/test_blogs_smoke.py::TestBlogs::test_comment_flow - PASS (Duration: 23.27s)
2026-05-28 08:45:57 - GeoTravelGlobalLogger - INFO     - [logger.py:345] - Added test result to Unified UI Smoke + API + Partners API TEST REPORT: src/tests/smoke_tests/test_blogs_smoke.py::TestBlogs::test_comment_flow - PASS
2026-05-28 08:45:57 - GeoTravelGlobalLogger - INFO     - [logger.py:345] - Test result added: test_comment_flow - PASS (Duration: 23.76s)
2026-05-28 08:45:57 - GeoTravelGlobalLogger - INFO     - [logger.py:345] - Creating chrome driver...
2026-05-28 08:45:57 - GeoTravelGlobalLogger - INFO     - [logger.py:345] - chrome driver created successfully
2026-05-28 08:45:57 - GeoTravelGlobalLogger - INFO     - [logger.py:345] - === Test: Scroll Functionality ===
2026-05-28 08:45:57 - GeoTravelGlobalLogger - INFO     - [logger.py:345] - 🔄 STEP 1: Navigating to blog detail
2026-05-28 08:45:58 - GeoTravelGlobalLogger - INFO     - [logger.py:345] - Navigated to: https://retail.stg.gowithgeo.com/
2026-05-28 08:45:58 - GeoTravelGlobalLogger - INFO     - [logger.py:345] - 🏁 Warming up site before homepage load...
2026-05-28 08:45:59 - GeoTravelGlobalLogger - INFO     - [logger.py:345] - Navigated to: https://retail.stg.gowithgeo.com/
2026-05-28 08:45:59 - GeoTravelGlobalLogger - INFO     - [logger.py:345] - Warm-up page opened successfully.
2026-05-28 08:46:04 - GeoTravelGlobalLogger - INFO     - [logger.py:345] - 🏠 Waiting for homepage to load (max retries: 3)
2026-05-28 08:46:04 - GeoTravelGlobalLogger - INFO     - [logger.py:345] - Attempt 1/3
2026-05-28 08:46:04 - GeoTravelGlobalLogger - INFO     - [logger.py:345] - Page body loaded
2026-05-28 08:46:04 - GeoTravelGlobalLogger - INFO     - [logger.py:345] - Validating Geo Travel page...
2026-05-28 08:46:04 - GeoTravelGlobalLogger - INFO     - [logger.py:345] - Validating page HTML structure...
2026-05-28 08:46:04 - GeoTravelGlobalLogger - INFO     - [logger.py:345] - Validating page content keywords...
2026-05-28 08:46:04 - GeoTravelGlobalLogger - INFO     - [logger.py:345] - Page validation confidence: 100.0%
2026-05-28 08:46:04 - GeoTravelGlobalLogger - INFO     - [logger.py:345] - Found keywords: ['geo', 'travel', 'destination', 'book', 'tour', 'package', 'hotel', 'flight', 'vacation', 'adventure']
2026-05-28 08:46:04 - GeoTravelGlobalLogger - INFO     - [logger.py:345] - Homepage validation passed! Confidence: 100.0%
2026-05-28 08:46:04 - GeoTravelGlobalLogger - INFO     - [logger.py:345] - Navigating to Blogs page
2026-05-28 08:46:04 - GeoTravelGlobalLogger - INFO     - [logger.py:345] - Successfully navigated to Blogs page
2026-05-28 08:46:04 - GeoTravelGlobalLogger - INFO     - [logger.py:345] - Blogs page source verified
2026-05-28 08:46:04 - GeoTravelGlobalLogger - INFO     - [logger.py:345] - Successfully navigated to Blogs page
2026-05-28 08:46:04 - GeoTravelGlobalLogger - INFO     - [logger.py:345] - Clicking on first blog's Read article button
2026-05-28 08:46:12 - GeoTravelGlobalLogger - INFO     - [logger.py:345] - Successfully clicked on first blog's Read article button
2026-05-28 08:46:12 - GeoTravelGlobalLogger - INFO     - [logger.py:345] - Waiting for blog detail to load
2026-05-28 08:46:12 - GeoTravelGlobalLogger - INFO     - [logger.py:345] - Blog detail loaded
2026-05-28 08:46:12 - GeoTravelGlobalLogger - INFO     - [logger.py:345] - Initial scroll position: 0
2026-05-28 08:46:12 - GeoTravelGlobalLogger - INFO     - [logger.py:345] - 🔄 STEP 2: Scrolling down
2026-05-28 08:46:13 - GeoTravelGlobalLogger - INFO     - [logger.py:345] - After scroll down position: 1593
2026-05-28 08:46:13 - GeoTravelGlobalLogger - INFO     - [logger.py:345] - 🔄 STEP 3: Scrolling up
2026-05-28 08:46:14 - GeoTravelGlobalLogger - INFO     - [logger.py:345] - After scroll up position: 0
2026-05-28 08:46:14 - GeoTravelGlobalLogger - INFO     - [logger.py:345] - SUCCESS: ✅ Scroll functionality verified
2026-05-28 08:46:14 - GeoTravelGlobalLogger - INFO     - [logger.py:345] - ✅ Saved test-specific logs: reports/logs/src_tests_smoke_tests_test_blogs_smoke.py_TestBlogs_test_scroll_functionality_084614.log
2026-05-28 08:46:14 - GeoTravelGlobalLogger - INFO     - [logger.py:345] - Test result added: src/tests/smoke_tests/test_blogs_smoke.py::TestBlogs::test_scroll_functionality - PASS (Duration: 16.17s)
2026-05-28 08:46:14 - GeoTravelGlobalLogger - INFO     - [logger.py:345] - Added test result to Unified UI Smoke + API + Partners API TEST REPORT: src/tests/smoke_tests/test_blogs_smoke.py::TestBlogs::test_scroll_functionality - PASS
2026-05-28 08:46:14 - GeoTravelGlobalLogger - INFO     - [logger.py:345] - Test result added: test_scroll_functionality - PASS (Duration: 16.66s)
2026-05-28 08:46:14 - GeoTravelGlobalLogger - INFO     - [logger.py:345] - Creating chrome driver...
2026-05-28 08:46:14 - GeoTravelGlobalLogger - INFO     - [logger.py:345] - chrome driver created successfully
2026-05-28 08:46:14 - GeoTravelGlobalLogger - INFO     - [logger.py:345] - === Test: More Like This ===
2026-05-28 08:46:14 - GeoTravelGlobalLogger - INFO     - [logger.py:345] - 🔄 STEP 1: Navigating to blog detail
2026-05-28 08:46:15 - GeoTravelGlobalLogger - INFO     - [logger.py:345] - Navigated to: https://retail.stg.gowithgeo.com/
2026-05-28 08:46:15 - GeoTravelGlobalLogger - INFO     - [logger.py:345] - 🏁 Warming up site before homepage load...
2026-05-28 08:46:16 - GeoTravelGlobalLogger - INFO     - [logger.py:345] - Navigated to: https://retail.stg.gowithgeo.com/
2026-05-28 08:46:16 - GeoTravelGlobalLogger - INFO     - [logger.py:345] - Warm-up page opened successfully.
2026-05-28 08:46:21 - GeoTravelGlobalLogger - INFO     - [logger.py:345] - 🏠 Waiting for homepage to load (max retries: 3)
2026-05-28 08:46:21 - GeoTravelGlobalLogger - INFO     - [logger.py:345] - Attempt 1/3
2026-05-28 08:46:21 - GeoTravelGlobalLogger - INFO     - [logger.py:345] - Page body loaded
2026-05-28 08:46:21 - GeoTravelGlobalLogger - INFO     - [logger.py:345] - Validating Geo Travel page...
2026-05-28 08:46:21 - GeoTravelGlobalLogger - INFO     - [logger.py:345] - Validating page HTML structure...
2026-05-28 08:46:21 - GeoTravelGlobalLogger - INFO     - [logger.py:345] - Validating page content keywords...
2026-05-28 08:46:21 - GeoTravelGlobalLogger - INFO     - [logger.py:345] - Page validation confidence: 100.0%
2026-05-28 08:46:21 - GeoTravelGlobalLogger - INFO     - [logger.py:345] - Found keywords: ['geo', 'travel', 'destination', 'book', 'tour', 'package', 'hotel', 'flight', 'vacation', 'adventure']
2026-05-28 08:46:21 - GeoTravelGlobalLogger - INFO     - [logger.py:345] - Homepage validation passed! Confidence: 100.0%
2026-05-28 08:46:21 - GeoTravelGlobalLogger - INFO     - [logger.py:345] - Navigating to Blogs page
2026-05-28 08:46:21 - GeoTravelGlobalLogger - INFO     - [logger.py:345] - Successfully navigated to Blogs page
2026-05-28 08:46:21 - GeoTravelGlobalLogger - INFO     - [logger.py:345] - Blogs page source verified
2026-05-28 08:46:21 - GeoTravelGlobalLogger - INFO     - [logger.py:345] - Successfully navigated to Blogs page
2026-05-28 08:46:21 - GeoTravelGlobalLogger - INFO     - [logger.py:345] - Clicking on first blog's Read article button
2026-05-28 08:46:28 - GeoTravelGlobalLogger - INFO     - [logger.py:345] - Successfully clicked on first blog's Read article button
2026-05-28 08:46:28 - GeoTravelGlobalLogger - INFO     - [logger.py:345] - Waiting for blog detail to load
2026-05-28 08:46:28 - GeoTravelGlobalLogger - INFO     - [logger.py:345] - Blog detail loaded
2026-05-28 08:46:28 - GeoTravelGlobalLogger - INFO     - [logger.py:345] - 🔄 STEP 2: Scrolling to More like this
2026-05-28 08:46:28 - GeoTravelGlobalLogger - INFO     - [logger.py:345] - Scrolling to More like this section
2026-05-28 08:46:32 - GeoTravelGlobalLogger - INFO     - [logger.py:345] - 🔄 STEP 3: Verifying related blogs
2026-05-28 08:46:32 - GeoTravelGlobalLogger - INFO     - [logger.py:345] - Verifying related blogs exist
2026-05-28 08:46:32 - GeoTravelGlobalLogger - INFO     - [logger.py:345] - Found 4 related blogs
2026-05-28 08:46:32 - GeoTravelGlobalLogger - INFO     - [logger.py:345] - SUCCESS: ✅ More like this verified
2026-05-28 08:46:32 - GeoTravelGlobalLogger - INFO     - [logger.py:345] - ✅ Saved test-specific logs: reports/logs/src_tests_smoke_tests_test_blogs_smoke.py_TestBlogs_test_more_like_this_084632.log
2026-05-28 08:46:32 - GeoTravelGlobalLogger - INFO     - [logger.py:345] - Test result added: src/tests/smoke_tests/test_blogs_smoke.py::TestBlogs::test_more_like_this - PASS (Duration: 17.60s)
2026-05-28 08:46:32 - GeoTravelGlobalLogger - INFO     - [logger.py:345] - Added test result to Unified UI Smoke + API + Partners API TEST REPORT: src/tests/smoke_tests/test_blogs_smoke.py::TestBlogs::test_more_like_this - PASS
2026-05-28 08:46:32 - GeoTravelGlobalLogger - INFO     - [logger.py:345] - Test result added: test_more_like_this - PASS (Duration: 18.08s)
2026-05-28 08:46:32 - GeoTravelGlobalLogger - INFO     - [logger.py:345] - Creating chrome driver...
2026-05-28 08:46:32 - GeoTravelGlobalLogger - INFO     - [logger.py:345] - chrome driver created successfully
2026-05-28 08:46:32 - GeoTravelGlobalLogger - INFO     - [logger.py:345] - === Comprehensive Test: Complete Blog Flow ===
2026-05-28 08:46:32 - GeoTravelGlobalLogger - INFO     - [logger.py:345] - 🔄 STEP 1: Navigating to Blogs
2026-05-28 08:46:33 - GeoTravelGlobalLogger - INFO     - [logger.py:345] - Navigated to: https://retail.stg.gowithgeo.com/
2026-05-28 08:46:33 - GeoTravelGlobalLogger - INFO     - [logger.py:345] - 🏁 Warming up site before homepage load...
2026-05-28 08:46:33 - GeoTravelGlobalLogger - INFO     - [logger.py:345] - Navigated to: https://retail.stg.gowithgeo.com/
2026-05-28 08:46:33 - GeoTravelGlobalLogger - INFO     - [logger.py:345] - Warm-up page opened successfully.
2026-05-28 08:46:38 - GeoTravelGlobalLogger - INFO     - [logger.py:345] - 🏠 Waiting for homepage to load (max retries: 3)
2026-05-28 08:46:38 - GeoTravelGlobalLogger - INFO     - [logger.py:345] - Attempt 1/3
2026-05-28 08:46:38 - GeoTravelGlobalLogger - INFO     - [logger.py:345] - Page body loaded
2026-05-28 08:46:38 - GeoTravelGlobalLogger - INFO     - [logger.py:345] - Validating Geo Travel page...
2026-05-28 08:46:38 - GeoTravelGlobalLogger - INFO     - [logger.py:345] - Validating page HTML structure...
2026-05-28 08:46:38 - GeoTravelGlobalLogger - INFO     - [logger.py:345] - Validating page content keywords...
2026-05-28 08:46:39 - GeoTravelGlobalLogger - INFO     - [logger.py:345] - Page validation confidence: 100.0%
2026-05-28 08:46:39 - GeoTravelGlobalLogger - INFO     - [logger.py:345] - Found keywords: ['geo', 'travel', 'destination', 'book', 'tour', 'package', 'hotel', 'flight', 'vacation', 'adventure']
2026-05-28 08:46:39 - GeoTravelGlobalLogger - INFO     - [logger.py:345] - Homepage validation passed! Confidence: 100.0%
2026-05-28 08:46:39 - GeoTravelGlobalLogger - INFO     - [logger.py:345] - Navigating to Blogs page
2026-05-28 08:46:39 - GeoTravelGlobalLogger - INFO     - [logger.py:345] - Successfully navigated to Blogs page
2026-05-28 08:46:39 - GeoTravelGlobalLogger - INFO     - [logger.py:345] - Blogs page source verified
2026-05-28 08:46:39 - GeoTravelGlobalLogger - INFO     - [logger.py:345] - Successfully navigated to Blogs page
2026-05-28 08:46:39 - GeoTravelGlobalLogger - INFO     - [logger.py:345] - 🔄 STEP 3: Clicking first blog
2026-05-28 08:46:39 - GeoTravelGlobalLogger - INFO     - [logger.py:345] - Clicking on first blog's Read article button
2026-05-28 08:46:46 - GeoTravelGlobalLogger - INFO     - [logger.py:345] - Successfully clicked on first blog's Read article button
2026-05-28 08:46:46 - GeoTravelGlobalLogger - INFO     - [logger.py:345] - Waiting for blog detail to load
2026-05-28 08:46:46 - GeoTravelGlobalLogger - INFO     - [logger.py:345] - Blog detail loaded
2026-05-28 08:46:46 - GeoTravelGlobalLogger - INFO     - [logger.py:345] - 🔄 STEP 4: Scrolling to comments
2026-05-28 08:46:46 - GeoTravelGlobalLogger - INFO     - [logger.py:345] - Scrolling to comments section
2026-05-28 08:46:50 - GeoTravelGlobalLogger - INFO     - [logger.py:345] - 🔄 STEP 5: Filling and submitting comment
2026-05-28 08:46:50 - GeoTravelGlobalLogger - INFO     - [logger.py:345] - Filling comment form with name: QA Bot 20260528_084632
2026-05-28 08:46:53 - GeoTravelGlobalLogger - INFO     - [logger.py:345] - Comment form filled successfully
2026-05-28 08:46:53 - GeoTravelGlobalLogger - INFO     - [logger.py:345] - Submitting comment
2026-05-28 08:46:59 - GeoTravelGlobalLogger - INFO     - [logger.py:345] - Comment submitted
2026-05-28 08:46:59 - GeoTravelGlobalLogger - INFO     - [logger.py:345] - 🔄 STEP 6: Verifying comment submission
2026-05-28 08:46:59 - GeoTravelGlobalLogger - INFO     - [logger.py:345] - Checking success toast message
2026-05-28 08:46:59 - GeoTravelGlobalLogger - INFO     - [logger.py:345] - 🔄 STEP 7: Scrolling to More like this
2026-05-28 08:46:59 - GeoTravelGlobalLogger - INFO     - [logger.py:345] - Scrolling to More like this section
2026-05-28 08:47:02 - GeoTravelGlobalLogger - INFO     - [logger.py:345] - 🔄 STEP 8: Verifying related blogs
2026-05-28 08:47:02 - GeoTravelGlobalLogger - INFO     - [logger.py:345] - Verifying related blogs exist
2026-05-28 08:47:02 - GeoTravelGlobalLogger - INFO     - [logger.py:345] - Found 4 related blogs
2026-05-28 08:47:02 - GeoTravelGlobalLogger - INFO     - [logger.py:345] - SUCCESS: ✅ Complete blog flow verified
2026-05-28 08:47:02 - GeoTravelGlobalLogger - INFO     - [logger.py:345] - ✅ Saved test-specific logs: reports/logs/src_tests_smoke_tests_test_blogs_smoke.py_TestBlogs_test_complete_blog_flow_084702.log
2026-05-28 08:47:02 - GeoTravelGlobalLogger - INFO     - [logger.py:345] - Test result added: src/tests/smoke_tests/test_blogs_smoke.py::TestBlogs::test_complete_blog_flow - PASS (Duration: 29.77s)
2026-05-28 08:47:02 - GeoTravelGlobalLogger - INFO     - [logger.py:345] - Added test result to Unified UI Smoke + API + Partners API TEST REPORT: src/tests/smoke_tests/test_blogs_smoke.py::TestBlogs::test_complete_blog_flow - PASS
2026-05-28 08:47:02 - GeoTravelGlobalLogger - INFO     - [logger.py:345] - Test result added: test_complete_blog_flow - PASS (Duration: 30.24s)
2026-05-28 08:47:02 - GeoTravelGlobalLogger - INFO     - [logger.py:345] - Creating chrome driver...
2026-05-28 08:47:02 - GeoTravelGlobalLogger - INFO     - [logger.py:345] - chrome driver created successfully
2026-05-28 08:47:02 - GeoTravelGlobalLogger - INFO     - [logger.py:345] - === Test: Contact Page Navigation ===
2026-05-28 08:47:02 - GeoTravelGlobalLogger - INFO     - [logger.py:345] - 🔄 STEP 1: Opening homepage
2026-05-28 08:47:03 - GeoTravelGlobalLogger - INFO     - [logger.py:345] - Navigated to: https://retail.stg.gowithgeo.com/
2026-05-28 08:47:03 - GeoTravelGlobalLogger - INFO     - [logger.py:345] - 🏁 Warming up site before homepage load...
2026-05-28 08:47:04 - GeoTravelGlobalLogger - INFO     - [logger.py:345] - Navigated to: https://retail.stg.gowithgeo.com/
2026-05-28 08:47:04 - GeoTravelGlobalLogger - INFO     - [logger.py:345] - Warm-up page opened successfully.
2026-05-28 08:47:09 - GeoTravelGlobalLogger - INFO     - [logger.py:345] - 🏠 Waiting for homepage to load (max retries: 3)
2026-05-28 08:47:09 - GeoTravelGlobalLogger - INFO     - [logger.py:345] - Attempt 1/3
2026-05-28 08:47:09 - GeoTravelGlobalLogger - INFO     - [logger.py:345] - Page body loaded
2026-05-28 08:47:09 - GeoTravelGlobalLogger - INFO     - [logger.py:345] - Validating Geo Travel page...
2026-05-28 08:47:09 - GeoTravelGlobalLogger - INFO     - [logger.py:345] - Validating page HTML structure...
2026-05-28 08:47:09 - GeoTravelGlobalLogger - INFO     - [logger.py:345] - Validating page content keywords...
2026-05-28 08:47:09 - GeoTravelGlobalLogger - INFO     - [logger.py:345] - Page validation confidence: 100.0%
2026-05-28 08:47:09 - GeoTravelGlobalLogger - INFO     - [logger.py:345] - Found keywords: ['geo', 'travel', 'destination', 'book', 'tour', 'package', 'hotel', 'flight', 'vacation', 'adventure']
2026-05-28 08:47:09 - GeoTravelGlobalLogger - INFO     - [logger.py:345] - Homepage validation passed! Confidence: 100.0%
2026-05-28 08:47:09 - GeoTravelGlobalLogger - INFO     - [logger.py:345] - 🔄 STEP 2: Navigating to Contact
2026-05-28 08:47:09 - GeoTravelGlobalLogger - INFO     - [logger.py:345] - Navigating to Contact page
2026-05-28 08:47:09 - GeoTravelGlobalLogger - INFO     - [logger.py:345] - Successfully navigated to Contact page
2026-05-28 08:47:09 - GeoTravelGlobalLogger - INFO     - [logger.py:345] - 🔄 STEP 3: Verifying Contact page
2026-05-28 08:47:09 - GeoTravelGlobalLogger - INFO     - [logger.py:345] - SUCCESS: ✅ Contact page navigation verified
2026-05-28 08:47:09 - GeoTravelGlobalLogger - INFO     - [logger.py:345] - ✅ Saved test-specific logs: reports/logs/src_tests_smoke_tests_test_contact_us_smoke.py_TestContact_test_contact_page_navigation_084709.log
2026-05-28 08:47:09 - GeoTravelGlobalLogger - INFO     - [logger.py:345] - Test result added: src/tests/smoke_tests/test_contact_us_smoke.py::TestContact::test_contact_page_navigation - PASS (Duration: 6.62s)
2026-05-28 08:47:09 - GeoTravelGlobalLogger - INFO     - [logger.py:345] - Added test result to Unified UI Smoke + API + Partners API TEST REPORT: src/tests/smoke_tests/test_contact_us_smoke.py::TestContact::test_contact_page_navigation - PASS
2026-05-28 08:47:09 - GeoTravelGlobalLogger - INFO     - [logger.py:345] - Test result added: test_contact_page_navigation - PASS (Duration: 7.08s)
2026-05-28 08:47:09 - GeoTravelGlobalLogger - INFO     - [logger.py:345] - Creating chrome driver...
2026-05-28 08:47:09 - GeoTravelGlobalLogger - INFO     - [logger.py:345] - chrome driver created successfully
2026-05-28 08:47:09 - GeoTravelGlobalLogger - INFO     - [logger.py:345] - === Test: Submit Contact Form ===
2026-05-28 08:47:09 - GeoTravelGlobalLogger - INFO     - [logger.py:345] - 🔄 STEP 1: Navigating to Contact
2026-05-28 08:47:10 - GeoTravelGlobalLogger - INFO     - [logger.py:345] - Navigated to: https://retail.stg.gowithgeo.com/
2026-05-28 08:47:10 - GeoTravelGlobalLogger - INFO     - [logger.py:345] - 🏁 Warming up site before homepage load...
2026-05-28 08:47:11 - GeoTravelGlobalLogger - INFO     - [logger.py:345] - Navigated to: https://retail.stg.gowithgeo.com/
2026-05-28 08:47:11 - GeoTravelGlobalLogger - INFO     - [logger.py:345] - Warm-up page opened successfully.
2026-05-28 08:47:16 - GeoTravelGlobalLogger - INFO     - [logger.py:345] - 🏠 Waiting for homepage to load (max retries: 3)
2026-05-28 08:47:16 - GeoTravelGlobalLogger - INFO     - [logger.py:345] - Attempt 1/3
2026-05-28 08:47:16 - GeoTravelGlobalLogger - INFO     - [logger.py:345] - Page body loaded
2026-05-28 08:47:16 - GeoTravelGlobalLogger - INFO     - [logger.py:345] - Validating Geo Travel page...
2026-05-28 08:47:16 - GeoTravelGlobalLogger - INFO     - [logger.py:345] - Validating page HTML structure...
2026-05-28 08:47:16 - GeoTravelGlobalLogger - INFO     - [logger.py:345] - Validating page content keywords...
2026-05-28 08:47:16 - GeoTravelGlobalLogger - INFO     - [logger.py:345] - Page validation confidence: 100.0%
2026-05-28 08:47:16 - GeoTravelGlobalLogger - INFO     - [logger.py:345] - Found keywords: ['geo', 'travel', 'destination', 'book', 'tour', 'package', 'hotel', 'flight', 'vacation', 'adventure']
2026-05-28 08:47:16 - GeoTravelGlobalLogger - INFO     - [logger.py:345] - Homepage validation passed! Confidence: 100.0%
2026-05-28 08:47:16 - GeoTravelGlobalLogger - INFO     - [logger.py:345] - Navigating to Contact page
2026-05-28 08:47:16 - GeoTravelGlobalLogger - INFO     - [logger.py:345] - Successfully navigated to Contact page
2026-05-28 08:47:16 - GeoTravelGlobalLogger - INFO     - [logger.py:345] - 🔄 STEP 2: Filling contact form
2026-05-28 08:47:16 - GeoTravelGlobalLogger - INFO     - [logger.py:345] - Filling contact form with name: Geo QA Bot
2026-05-28 08:47:16 - GeoTravelGlobalLogger - INFO     - [logger.py:345] - Filled name input
2026-05-28 08:47:16 - GeoTravelGlobalLogger - INFO     - [logger.py:345] - Filled email input
2026-05-28 08:47:17 - GeoTravelGlobalLogger - INFO     - [logger.py:345] - Filled phone input
2026-05-28 08:47:17 - GeoTravelGlobalLogger - INFO     - [logger.py:345] - Selecting support type: technical support
2026-05-28 08:47:21 - GeoTravelGlobalLogger - INFO     - [logger.py:345] - Selected support type: technical support
2026-05-28 08:47:21 - GeoTravelGlobalLogger - INFO     - [logger.py:345] - Filled message textarea
2026-05-28 08:47:21 - GeoTravelGlobalLogger - INFO     - [logger.py:345] - Scrolling to privacy checkbox
2026-05-28 08:47:25 - GeoTravelGlobalLogger - INFO     - [logger.py:345] - Privacy checkbox checked
2026-05-28 08:47:25 - GeoTravelGlobalLogger - INFO     - [logger.py:345] - Contact form filled successfully
2026-05-28 08:47:25 - GeoTravelGlobalLogger - INFO     - [logger.py:345] - 🔄 STEP 3: Submitting form
2026-05-28 08:47:25 - GeoTravelGlobalLogger - INFO     - [logger.py:345] - Submitting contact form
2026-05-28 08:47:28 - GeoTravelGlobalLogger - INFO     - [logger.py:345] - 🔄 STEP 4: Verifying success message
2026-05-28 08:47:28 - GeoTravelGlobalLogger - INFO     - [logger.py:345] - Checking success message
2026-05-28 08:47:31 - GeoTravelGlobalLogger - INFO     - [logger.py:345] - SUCCESS: ✅ Contact form submission verified
2026-05-28 08:47:31 - GeoTravelGlobalLogger - INFO     - [logger.py:345] - ✅ Saved test-specific logs: reports/logs/src_tests_smoke_tests_test_contact_us_smoke.py_TestContact_test_submit_contact_form_084731.log
2026-05-28 08:47:31 - GeoTravelGlobalLogger - INFO     - [logger.py:345] - Test result added: src/tests/smoke_tests/test_contact_us_smoke.py::TestContact::test_submit_contact_form - PASS (Duration: 21.26s)
2026-05-28 08:47:31 - GeoTravelGlobalLogger - INFO     - [logger.py:345] - Added test result to Unified UI Smoke + API + Partners API TEST REPORT: src/tests/smoke_tests/test_contact_us_smoke.py::TestContact::test_submit_contact_form - PASS
2026-05-28 08:47:31 - GeoTravelGlobalLogger - INFO     - [logger.py:345] - Test result added: test_submit_contact_form - PASS (Duration: 21.75s)
2026-05-28 08:47:31 - GeoTravelGlobalLogger - INFO     - [logger.py:345] - Creating chrome driver...
2026-05-28 08:47:31 - GeoTravelGlobalLogger - INFO     - [logger.py:345] - chrome driver created successfully
2026-05-28 08:47:31 - GeoTravelGlobalLogger - INFO     - [logger.py:345] - === Test: Read FAQs ===
2026-05-28 08:47:31 - GeoTravelGlobalLogger - INFO     - [logger.py:345] - 🔄 STEP 1: Navigating to Contact
2026-05-28 08:47:32 - GeoTravelGlobalLogger - INFO     - [logger.py:345] - Navigated to: https://retail.stg.gowithgeo.com/
2026-05-28 08:47:32 - GeoTravelGlobalLogger - INFO     - [logger.py:345] - 🏁 Warming up site before homepage load...
2026-05-28 08:47:32 - GeoTravelGlobalLogger - INFO     - [logger.py:345] - Navigated to: https://retail.stg.gowithgeo.com/
2026-05-28 08:47:32 - GeoTravelGlobalLogger - INFO     - [logger.py:345] - Warm-up page opened successfully.
2026-05-28 08:47:37 - GeoTravelGlobalLogger - INFO     - [logger.py:345] - 🏠 Waiting for homepage to load (max retries: 3)
2026-05-28 08:47:37 - GeoTravelGlobalLogger - INFO     - [logger.py:345] - Attempt 1/3
2026-05-28 08:47:37 - GeoTravelGlobalLogger - INFO     - [logger.py:345] - Page body loaded
2026-05-28 08:47:37 - GeoTravelGlobalLogger - INFO     - [logger.py:345] - Validating Geo Travel page...
2026-05-28 08:47:37 - GeoTravelGlobalLogger - INFO     - [logger.py:345] - Validating page HTML structure...
2026-05-28 08:47:37 - GeoTravelGlobalLogger - INFO     - [logger.py:345] - Validating page content keywords...
2026-05-28 08:47:38 - GeoTravelGlobalLogger - INFO     - [logger.py:345] - Page validation confidence: 100.0%
2026-05-28 08:47:38 - GeoTravelGlobalLogger - INFO     - [logger.py:345] - Found keywords: ['geo', 'travel', 'destination', 'book', 'tour', 'package', 'hotel', 'flight', 'vacation', 'adventure']
2026-05-28 08:47:38 - GeoTravelGlobalLogger - INFO     - [logger.py:345] - Homepage validation passed! Confidence: 100.0%
2026-05-28 08:47:38 - GeoTravelGlobalLogger - INFO     - [logger.py:345] - Navigating to Contact page
2026-05-28 08:47:38 - GeoTravelGlobalLogger - INFO     - [logger.py:345] - Successfully navigated to Contact page
2026-05-28 08:47:38 - GeoTravelGlobalLogger - INFO     - [logger.py:345] - 🔄 STEP 2: Clicking Read FAQs
2026-05-28 08:47:38 - GeoTravelGlobalLogger - INFO     - [logger.py:345] - Clicking Read FAQs
2026-05-28 08:47:42 - GeoTravelGlobalLogger - INFO     - [logger.py:345] - Clicked Read FAQs
2026-05-28 08:47:42 - GeoTravelGlobalLogger - INFO     - [logger.py:345] - 🔄 STEP 3: Verifying FAQ page
2026-05-28 08:47:42 - GeoTravelGlobalLogger - INFO     - [logger.py:345] - Verifying FAQ page loaded
2026-05-28 08:47:42 - GeoTravelGlobalLogger - INFO     - [logger.py:345] - SUCCESS: ✅ Read FAQs verified
2026-05-28 08:47:42 - GeoTravelGlobalLogger - INFO     - [logger.py:345] - ✅ Saved test-specific logs: reports/logs/src_tests_smoke_tests_test_contact_us_smoke.py_TestContact_test_read_faqs_084742.log
2026-05-28 08:47:42 - GeoTravelGlobalLogger - INFO     - [logger.py:345] - Test result added: src/tests/smoke_tests/test_contact_us_smoke.py::TestContact::test_read_faqs - PASS (Duration: 10.84s)
2026-05-28 08:47:42 - GeoTravelGlobalLogger - INFO     - [logger.py:345] - Added test result to Unified UI Smoke + API + Partners API TEST REPORT: src/tests/smoke_tests/test_contact_us_smoke.py::TestContact::test_read_faqs - PASS
2026-05-28 08:47:42 - GeoTravelGlobalLogger - INFO     - [logger.py:345] - Test result added: test_read_faqs - PASS (Duration: 11.31s)
2026-05-28 08:47:42 - GeoTravelGlobalLogger - INFO     - [logger.py:345] - Creating chrome driver...
2026-05-28 08:47:42 - GeoTravelGlobalLogger - INFO     - [logger.py:345] - chrome driver created successfully
2026-05-28 08:47:43 - GeoTravelGlobalLogger - INFO     - [logger.py:345] - === Test: Privacy Statement ===
2026-05-28 08:47:43 - GeoTravelGlobalLogger - INFO     - [logger.py:345] - 🔄 STEP 1: Navigating to Contact
2026-05-28 08:47:43 - GeoTravelGlobalLogger - INFO     - [logger.py:345] - Navigated to: https://retail.stg.gowithgeo.com/
2026-05-28 08:47:43 - GeoTravelGlobalLogger - INFO     - [logger.py:345] - 🏁 Warming up site before homepage load...
2026-05-28 08:47:44 - GeoTravelGlobalLogger - INFO     - [logger.py:345] - Navigated to: https://retail.stg.gowithgeo.com/
2026-05-28 08:47:44 - GeoTravelGlobalLogger - INFO     - [logger.py:345] - Warm-up page opened successfully.
2026-05-28 08:47:49 - GeoTravelGlobalLogger - INFO     - [logger.py:345] - 🏠 Waiting for homepage to load (max retries: 3)
2026-05-28 08:47:49 - GeoTravelGlobalLogger - INFO     - [logger.py:345] - Attempt 1/3
2026-05-28 08:47:49 - GeoTravelGlobalLogger - INFO     - [logger.py:345] - Page body loaded
2026-05-28 08:47:49 - GeoTravelGlobalLogger - INFO     - [logger.py:345] - Validating Geo Travel page...
2026-05-28 08:47:49 - GeoTravelGlobalLogger - INFO     - [logger.py:345] - Validating page HTML structure...
2026-05-28 08:47:49 - GeoTravelGlobalLogger - INFO     - [logger.py:345] - Validating page content keywords...
2026-05-28 08:47:49 - GeoTravelGlobalLogger - INFO     - [logger.py:345] - Page validation confidence: 100.0%
2026-05-28 08:47:49 - GeoTravelGlobalLogger - INFO     - [logger.py:345] - Found keywords: ['geo', 'travel', 'destination', 'book', 'tour', 'package', 'hotel', 'flight', 'vacation', 'adventure']
2026-05-28 08:47:49 - GeoTravelGlobalLogger - INFO     - [logger.py:345] - Homepage validation passed! Confidence: 100.0%
2026-05-28 08:47:49 - GeoTravelGlobalLogger - INFO     - [logger.py:345] - Navigating to Contact page
2026-05-28 08:47:49 - GeoTravelGlobalLogger - INFO     - [logger.py:345] - Successfully navigated to Contact page
2026-05-28 08:47:49 - GeoTravelGlobalLogger - INFO     - [logger.py:345] - 🔄 STEP 2: Clicking Privacy Statement
2026-05-28 08:47:49 - GeoTravelGlobalLogger - INFO     - [logger.py:345] - Clicking Privacy Statement
2026-05-28 08:47:53 - GeoTravelGlobalLogger - INFO     - [logger.py:345] - Clicked Privacy Statement
2026-05-28 08:47:53 - GeoTravelGlobalLogger - INFO     - [logger.py:345] - 🔄 STEP 3: Switching to new tab
2026-05-28 08:47:54 - GeoTravelGlobalLogger - INFO     - [logger.py:345] - 🔄 STEP 4: Verifying privacy page
2026-05-28 08:47:54 - GeoTravelGlobalLogger - INFO     - [logger.py:345] - SUCCESS: ✅ Privacy Statement verified
2026-05-28 08:47:54 - GeoTravelGlobalLogger - INFO     - [logger.py:345] - ✅ Saved test-specific logs: reports/logs/src_tests_smoke_tests_test_contact_us_smoke.py_TestContact_test_privacy_statement_link_084754.log
2026-05-28 08:47:54 - GeoTravelGlobalLogger - INFO     - [logger.py:345] - Test result added: src/tests/smoke_tests/test_contact_us_smoke.py::TestContact::test_privacy_statement_link - PASS (Duration: 11.05s)
2026-05-28 08:47:54 - GeoTravelGlobalLogger - INFO     - [logger.py:345] - Added test result to Unified UI Smoke + API + Partners API TEST REPORT: src/tests/smoke_tests/test_contact_us_smoke.py::TestContact::test_privacy_statement_link - PASS
2026-05-28 08:47:54 - GeoTravelGlobalLogger - INFO     - [logger.py:345] - Test result added: test_privacy_statement_link - PASS (Duration: 11.52s)
2026-05-28 08:47:54 - GeoTravelGlobalLogger - INFO     - [logger.py:345] - Creating chrome driver...
2026-05-28 08:47:54 - GeoTravelGlobalLogger - INFO     - [logger.py:345] - chrome driver created successfully
2026-05-28 08:47:54 - GeoTravelGlobalLogger - INFO     - [logger.py:345] - === Comprehensive Test: Complete Contact Flow ===
2026-05-28 08:47:54 - GeoTravelGlobalLogger - INFO     - [logger.py:345] - 🔄 STEP 1: Navigating to Contact
2026-05-28 08:47:55 - GeoTravelGlobalLogger - INFO     - [logger.py:345] - Navigated to: https://retail.stg.gowithgeo.com/
2026-05-28 08:47:55 - GeoTravelGlobalLogger - INFO     - [logger.py:345] - 🏁 Warming up site before homepage load...
2026-05-28 08:47:55 - GeoTravelGlobalLogger - INFO     - [logger.py:345] - Navigated to: https://retail.stg.gowithgeo.com/
2026-05-28 08:47:55 - GeoTravelGlobalLogger - INFO     - [logger.py:345] - Warm-up page opened successfully.
2026-05-28 08:48:00 - GeoTravelGlobalLogger - INFO     - [logger.py:345] - 🏠 Waiting for homepage to load (max retries: 3)
2026-05-28 08:48:00 - GeoTravelGlobalLogger - INFO     - [logger.py:345] - Attempt 1/3
2026-05-28 08:48:00 - GeoTravelGlobalLogger - INFO     - [logger.py:345] - Page body loaded
2026-05-28 08:48:00 - GeoTravelGlobalLogger - INFO     - [logger.py:345] - Validating Geo Travel page...
2026-05-28 08:48:00 - GeoTravelGlobalLogger - INFO     - [logger.py:345] - Validating page HTML structure...
2026-05-28 08:48:00 - GeoTravelGlobalLogger - INFO     - [logger.py:345] - Validating page content keywords...
2026-05-28 08:48:01 - GeoTravelGlobalLogger - INFO     - [logger.py:345] - Page validation confidence: 100.0%
2026-05-28 08:48:01 - GeoTravelGlobalLogger - INFO     - [logger.py:345] - Found keywords: ['geo', 'travel', 'destination', 'book', 'tour', 'package', 'hotel', 'flight', 'vacation', 'adventure']
2026-05-28 08:48:01 - GeoTravelGlobalLogger - INFO     - [logger.py:345] - Homepage validation passed! Confidence: 100.0%
2026-05-28 08:48:01 - GeoTravelGlobalLogger - INFO     - [logger.py:345] - Navigating to Contact page
2026-05-28 08:48:01 - GeoTravelGlobalLogger - INFO     - [logger.py:345] - Successfully navigated to Contact page
2026-05-28 08:48:01 - GeoTravelGlobalLogger - INFO     - [logger.py:345] - 🔄 STEP 2: Filling and submitting form
2026-05-28 08:48:01 - GeoTravelGlobalLogger - INFO     - [logger.py:345] - Filling contact form with name: Geo QA Bot
2026-05-28 08:48:01 - GeoTravelGlobalLogger - INFO     - [logger.py:345] - Filled name input
2026-05-28 08:48:01 - GeoTravelGlobalLogger - INFO     - [logger.py:345] - Filled email input
2026-05-28 08:48:01 - GeoTravelGlobalLogger - INFO     - [logger.py:345] - Filled phone input
2026-05-28 08:48:01 - GeoTravelGlobalLogger - INFO     - [logger.py:345] - Selecting support type: booking & reservations
2026-05-28 08:48:05 - GeoTravelGlobalLogger - INFO     - [logger.py:345] - Selected support type: booking & reservations
2026-05-28 08:48:05 - GeoTravelGlobalLogger - INFO     - [logger.py:345] - Filled message textarea
2026-05-28 08:48:05 - GeoTravelGlobalLogger - INFO     - [logger.py:345] - Scrolling to privacy checkbox
2026-05-28 08:48:10 - GeoTravelGlobalLogger - INFO     - [logger.py:345] - Privacy checkbox checked
2026-05-28 08:48:10 - GeoTravelGlobalLogger - INFO     - [logger.py:345] - Contact form filled successfully
2026-05-28 08:48:10 - GeoTravelGlobalLogger - INFO     - [logger.py:345] - Submitting contact form
2026-05-28 08:48:12 - GeoTravelGlobalLogger - INFO     - [logger.py:345] - 🔄 STEP 3: Verifying success
2026-05-28 08:48:12 - GeoTravelGlobalLogger - INFO     - [logger.py:345] - Checking success message
2026-05-28 08:48:15 - GeoTravelGlobalLogger - INFO     - [logger.py:345] - 🔄 STEP 4: Testing FAQs section
2026-05-28 08:48:15 - GeoTravelGlobalLogger - INFO     - [logger.py:345] - Navigating to Contact page
2026-05-28 08:48:15 - GeoTravelGlobalLogger - INFO     - [logger.py:345] - Successfully navigated to Contact page
2026-05-28 08:48:17 - GeoTravelGlobalLogger - INFO     - [logger.py:345] - Clicking Read FAQs
2026-05-28 08:48:22 - GeoTravelGlobalLogger - INFO     - [logger.py:345] - Clicked Read FAQs
2026-05-28 08:48:22 - GeoTravelGlobalLogger - INFO     - [logger.py:345] - Verifying FAQ page loaded
2026-05-28 08:48:22 - GeoTravelGlobalLogger - INFO     - [logger.py:345] - SUCCESS: ✅ Complete contact flow verified
2026-05-28 08:48:22 - GeoTravelGlobalLogger - INFO     - [logger.py:345] - ✅ Saved test-specific logs: reports/logs/src_tests_smoke_tests_test_contact_us_smoke.py_TestContact_test_complete_contact_flow_084822.log
2026-05-28 08:48:22 - GeoTravelGlobalLogger - INFO     - [logger.py:345] - Test result added: src/tests/smoke_tests/test_contact_us_smoke.py::TestContact::test_complete_contact_flow - PASS (Duration: 27.78s)
2026-05-28 08:48:22 - GeoTravelGlobalLogger - INFO     - [logger.py:345] - Added test result to Unified UI Smoke + API + Partners API TEST REPORT: src/tests/smoke_tests/test_contact_us_smoke.py::TestContact::test_complete_contact_flow - PASS
2026-05-28 08:48:22 - GeoTravelGlobalLogger - INFO     - [logger.py:345] - Test result added: test_complete_contact_flow - PASS (Duration: 28.27s)
2026-05-28 08:48:22 - GeoTravelGlobalLogger - INFO     - [logger.py:345] - Creating chrome driver...
2026-05-28 08:48:22 - GeoTravelGlobalLogger - INFO     - [logger.py:345] - chrome driver created successfully
2026-05-28 08:48:22 - GeoTravelGlobalLogger - INFO     - [logger.py:345] - === Testing Homepage Loads Successfully ===
2026-05-28 08:48:22 - GeoTravelGlobalLogger - INFO     - [logger.py:345] - 🔄 STEP 1: Opening homepage
2026-05-28 08:48:23 - GeoTravelGlobalLogger - INFO     - [logger.py:345] - Navigated to: https://retail.stg.gowithgeo.com/
2026-05-28 08:48:23 - GeoTravelGlobalLogger - INFO     - [logger.py:345] - 🏁 Warming up site before homepage load...
2026-05-28 08:48:24 - GeoTravelGlobalLogger - INFO     - [logger.py:345] - Navigated to: https://retail.stg.gowithgeo.com/
2026-05-28 08:48:24 - GeoTravelGlobalLogger - INFO     - [logger.py:345] - Warm-up page opened successfully.
2026-05-28 08:48:29 - GeoTravelGlobalLogger - INFO     - [logger.py:345] - 🏠 Waiting for homepage to load (max retries: 3)
2026-05-28 08:48:29 - GeoTravelGlobalLogger - INFO     - [logger.py:345] - Attempt 1/3
2026-05-28 08:48:29 - GeoTravelGlobalLogger - INFO     - [logger.py:345] - Page body loaded
2026-05-28 08:48:29 - GeoTravelGlobalLogger - INFO     - [logger.py:345] - Validating Geo Travel page...
2026-05-28 08:48:29 - GeoTravelGlobalLogger - INFO     - [logger.py:345] - Validating page HTML structure...
2026-05-28 08:48:29 - GeoTravelGlobalLogger - INFO     - [logger.py:345] - Validating page content keywords...
2026-05-28 08:48:29 - GeoTravelGlobalLogger - INFO     - [logger.py:345] - Page validation confidence: 100.0%
2026-05-28 08:48:29 - GeoTravelGlobalLogger - INFO     - [logger.py:345] - Found keywords: ['geo', 'travel', 'destination', 'book', 'tour', 'package', 'hotel', 'flight', 'vacation', 'adventure']
2026-05-28 08:48:29 - GeoTravelGlobalLogger - INFO     - [logger.py:345] - Homepage validation passed! Confidence: 100.0%
2026-05-28 08:48:29 - GeoTravelGlobalLogger - INFO     - [logger.py:345] - 🔄 STEP 2: Verifying page title
2026-05-28 08:48:29 - GeoTravelGlobalLogger - INFO     - [logger.py:345] - 🔄 STEP 3: Checking current URL
2026-05-28 08:48:29 - GeoTravelGlobalLogger - INFO     - [logger.py:345] - Getting current URL
2026-05-28 08:48:29 - GeoTravelGlobalLogger - INFO     - [logger.py:345] - SUCCESS: Homepage loaded successfully
2026-05-28 08:48:29 - GeoTravelGlobalLogger - INFO     - [logger.py:345] - ✅ Saved test-specific logs: reports/logs/src_tests_smoke_tests_test_flight_booking_smoke.py_TestFlightBookingSmoke_test_homepage_loads_successfully_084829.log
2026-05-28 08:48:29 - GeoTravelGlobalLogger - INFO     - [logger.py:345] - Test result added: src/tests/smoke_tests/test_flight_booking_smoke.py::TestFlightBookingSmoke::test_homepage_loads_successfully - PASS (Duration: 6.44s)
2026-05-28 08:48:29 - GeoTravelGlobalLogger - INFO     - [logger.py:345] - Added test result to Unified UI Smoke + API + Partners API TEST REPORT: src/tests/smoke_tests/test_flight_booking_smoke.py::TestFlightBookingSmoke::test_homepage_loads_successfully - PASS
2026-05-28 08:48:29 - GeoTravelGlobalLogger - INFO     - [logger.py:345] - Test result added: test_homepage_loads_successfully - PASS (Duration: 6.92s)
2026-05-28 08:48:29 - GeoTravelGlobalLogger - INFO     - [logger.py:345] - Creating chrome driver...
2026-05-28 08:48:29 - GeoTravelGlobalLogger - INFO     - [logger.py:345] - chrome driver created successfully
2026-05-28 08:48:29 - GeoTravelGlobalLogger - INFO     - [logger.py:345] - === Testing Flight Search Form Visibility ===
2026-05-28 08:48:29 - GeoTravelGlobalLogger - INFO     - [logger.py:345] - 🔄 STEP 1: Opening homepage
2026-05-28 08:48:30 - GeoTravelGlobalLogger - INFO     - [logger.py:345] - Navigated to: https://retail.stg.gowithgeo.com/
2026-05-28 08:48:30 - GeoTravelGlobalLogger - INFO     - [logger.py:345] - 🏁 Warming up site before homepage load...
2026-05-28 08:48:31 - GeoTravelGlobalLogger - INFO     - [logger.py:345] - Navigated to: https://retail.stg.gowithgeo.com/
2026-05-28 08:48:31 - GeoTravelGlobalLogger - INFO     - [logger.py:345] - Warm-up page opened successfully.
2026-05-28 08:48:36 - GeoTravelGlobalLogger - INFO     - [logger.py:345] - 🏠 Waiting for homepage to load (max retries: 3)
2026-05-28 08:48:36 - GeoTravelGlobalLogger - INFO     - [logger.py:345] - Attempt 1/3
2026-05-28 08:48:36 - GeoTravelGlobalLogger - INFO     - [logger.py:345] - Page body loaded
2026-05-28 08:48:36 - GeoTravelGlobalLogger - INFO     - [logger.py:345] - Validating Geo Travel page...
2026-05-28 08:48:36 - GeoTravelGlobalLogger - INFO     - [logger.py:345] - Validating page HTML structure...
2026-05-28 08:48:36 - GeoTravelGlobalLogger - INFO     - [logger.py:345] - Validating page content keywords...
2026-05-28 08:48:36 - GeoTravelGlobalLogger - INFO     - [logger.py:345] - Page validation confidence: 100.0%
2026-05-28 08:48:36 - GeoTravelGlobalLogger - INFO     - [logger.py:345] - Found keywords: ['geo', 'travel', 'destination', 'book', 'tour', 'package', 'hotel', 'flight', 'vacation', 'adventure']
2026-05-28 08:48:36 - GeoTravelGlobalLogger - INFO     - [logger.py:345] - Homepage validation passed! Confidence: 100.0%
2026-05-28 08:48:36 - GeoTravelGlobalLogger - INFO     - [logger.py:345] - 🔄 STEP 2: Checking flight search form visibility
2026-05-28 08:48:36 - GeoTravelGlobalLogger - INFO     - [logger.py:345] - Flight search form is visible
2026-05-28 08:48:36 - GeoTravelGlobalLogger - INFO     - [logger.py:345] - SUCCESS: Flight search form is visible
2026-05-28 08:48:36 - GeoTravelGlobalLogger - INFO     - [logger.py:345] - ✅ Saved test-specific logs: reports/logs/src_tests_smoke_tests_test_flight_booking_smoke.py_TestFlightBookingSmoke_test_flight_search_form_visible_084836.log
2026-05-28 08:48:36 - GeoTravelGlobalLogger - INFO     - [logger.py:345] - Test result added: src/tests/smoke_tests/test_flight_booking_smoke.py::TestFlightBookingSmoke::test_flight_search_form_visible - PASS (Duration: 6.51s)
2026-05-28 08:48:36 - GeoTravelGlobalLogger - INFO     - [logger.py:345] - Added test result to Unified UI Smoke + API + Partners API TEST REPORT: src/tests/smoke_tests/test_flight_booking_smoke.py::TestFlightBookingSmoke::test_flight_search_form_visible - PASS
2026-05-28 08:48:36 - GeoTravelGlobalLogger - INFO     - [logger.py:345] - Test result added: test_flight_search_form_visible - PASS (Duration: 6.98s)
2026-05-28 08:48:36 - GeoTravelGlobalLogger - INFO     - [logger.py:345] - Creating chrome driver...
2026-05-28 08:48:36 - GeoTravelGlobalLogger - INFO     - [logger.py:345] - chrome driver created successfully
2026-05-28 08:48:36 - GeoTravelGlobalLogger - INFO     - [logger.py:345] - === Testing Error Handling ===
2026-05-28 08:48:36 - GeoTravelGlobalLogger - INFO     - [logger.py:345] - 🔄 STEP 1: Opening homepage
2026-05-28 08:48:37 - GeoTravelGlobalLogger - INFO     - [logger.py:345] - Navigated to: https://retail.stg.gowithgeo.com/
2026-05-28 08:48:37 - GeoTravelGlobalLogger - INFO     - [logger.py:345] - 🏁 Warming up site before homepage load...
2026-05-28 08:48:38 - GeoTravelGlobalLogger - INFO     - [logger.py:345] - Navigated to: https://retail.stg.gowithgeo.com/
2026-05-28 08:48:38 - GeoTravelGlobalLogger - INFO     - [logger.py:345] - Warm-up page opened successfully.
2026-05-28 08:48:43 - GeoTravelGlobalLogger - INFO     - [logger.py:345] - 🏠 Waiting for homepage to load (max retries: 3)
2026-05-28 08:48:43 - GeoTravelGlobalLogger - INFO     - [logger.py:345] - Attempt 1/3
2026-05-28 08:48:43 - GeoTravelGlobalLogger - INFO     - [logger.py:345] - Page body loaded
2026-05-28 08:48:43 - GeoTravelGlobalLogger - INFO     - [logger.py:345] - Validating Geo Travel page...
2026-05-28 08:48:43 - GeoTravelGlobalLogger - INFO     - [logger.py:345] - Validating page HTML structure...
2026-05-28 08:48:43 - GeoTravelGlobalLogger - INFO     - [logger.py:345] - Validating page content keywords...
2026-05-28 08:48:43 - GeoTravelGlobalLogger - INFO     - [logger.py:345] - Page validation confidence: 100.0%
2026-05-28 08:48:43 - GeoTravelGlobalLogger - INFO     - [logger.py:345] - Found keywords: ['geo', 'travel', 'destination', 'book', 'tour', 'package', 'hotel', 'flight', 'vacation', 'adventure']
2026-05-28 08:48:43 - GeoTravelGlobalLogger - INFO     - [logger.py:345] - Homepage validation passed! Confidence: 100.0%
2026-05-28 08:48:43 - GeoTravelGlobalLogger - INFO     - [logger.py:345] - 🔄 STEP 2: Testing error handling with non-existent elements
2026-05-28 08:48:53 - GeoTravelGlobalLogger - INFO     - [logger.py:345] - 🔄 STEP 3: Verifying error handling works
2026-05-28 08:48:53 - GeoTravelGlobalLogger - INFO     - [logger.py:345] - SUCCESS: Error handling works correctly
2026-05-28 08:48:53 - GeoTravelGlobalLogger - INFO     - [logger.py:345] - ✅ Saved test-specific logs: reports/logs/src_tests_smoke_tests_test_flight_booking_smoke.py_TestFlightBookingSmoke_test_error_handling_084853.log
2026-05-28 08:48:53 - GeoTravelGlobalLogger - INFO     - [logger.py:345] - Test result added: src/tests/smoke_tests/test_flight_booking_smoke.py::TestFlightBookingSmoke::test_error_handling - PASS (Duration: 16.49s)
2026-05-28 08:48:53 - GeoTravelGlobalLogger - INFO     - [logger.py:345] - Added test result to Unified UI Smoke + API + Partners API TEST REPORT: src/tests/smoke_tests/test_flight_booking_smoke.py::TestFlightBookingSmoke::test_error_handling - PASS
2026-05-28 08:48:53 - GeoTravelGlobalLogger - INFO     - [logger.py:345] - Test result added: test_error_handling - PASS (Duration: 16.99s)
2026-05-28 08:48:53 - GeoTravelGlobalLogger - INFO     - [logger.py:345] - Creating chrome driver...
2026-05-28 08:48:53 - GeoTravelGlobalLogger - INFO     - [logger.py:345] - chrome driver created successfully
2026-05-28 08:48:53 - GeoTravelGlobalLogger - INFO     - [logger.py:345] - === Testing Homepage Loads Successfully ===
2026-05-28 08:48:53 - GeoTravelGlobalLogger - INFO     - [logger.py:345] - 🔄 STEP 1: Opening homepage
2026-05-28 08:48:54 - GeoTravelGlobalLogger - INFO     - [logger.py:345] - Navigated to: https://retail.stg.gowithgeo.com/
2026-05-28 08:48:54 - GeoTravelGlobalLogger - INFO     - [logger.py:345] - 🏁 Warming up site before homepage load...
2026-05-28 08:48:54 - GeoTravelGlobalLogger - INFO     - [logger.py:345] - Navigated to: https://retail.stg.gowithgeo.com/
2026-05-28 08:48:54 - GeoTravelGlobalLogger - INFO     - [logger.py:345] - Warm-up page opened successfully.
2026-05-28 08:48:59 - GeoTravelGlobalLogger - INFO     - [logger.py:345] - 🏠 Waiting for homepage to load (max retries: 3)
2026-05-28 08:48:59 - GeoTravelGlobalLogger - INFO     - [logger.py:345] - Attempt 1/3
2026-05-28 08:49:00 - GeoTravelGlobalLogger - INFO     - [logger.py:345] - Page body loaded
2026-05-28 08:49:00 - GeoTravelGlobalLogger - INFO     - [logger.py:345] - Validating Geo Travel page...
2026-05-28 08:49:00 - GeoTravelGlobalLogger - INFO     - [logger.py:345] - Validating page HTML structure...
2026-05-28 08:49:00 - GeoTravelGlobalLogger - INFO     - [logger.py:345] - Validating page content keywords...
2026-05-28 08:49:00 - GeoTravelGlobalLogger - INFO     - [logger.py:345] - Page validation confidence: 100.0%
2026-05-28 08:49:00 - GeoTravelGlobalLogger - INFO     - [logger.py:345] - Found keywords: ['geo', 'travel', 'destination', 'book', 'tour', 'package', 'hotel', 'flight', 'vacation', 'adventure']
2026-05-28 08:49:00 - GeoTravelGlobalLogger - INFO     - [logger.py:345] - Homepage validation passed! Confidence: 100.0%
2026-05-28 08:49:00 - GeoTravelGlobalLogger - INFO     - [logger.py:345] - 🔄 STEP 2: Checking page title
2026-05-28 08:49:00 - GeoTravelGlobalLogger - INFO     - [logger.py:345] - 🔄 STEP 3: Checking current URL
2026-05-28 08:49:00 - GeoTravelGlobalLogger - INFO     - [logger.py:345] - SUCCESS: Homepage loaded successfully
2026-05-28 08:49:00 - GeoTravelGlobalLogger - INFO     - [logger.py:345] - ✅ Saved test-specific logs: reports/logs/src_tests_smoke_tests_test_homepage_smoke.py_TestHomePageSmoke_test_homepage_loads_successfully_084900.log
2026-05-28 08:49:00 - GeoTravelGlobalLogger - INFO     - [logger.py:345] - Test result added: src/tests/smoke_tests/test_homepage_smoke.py::TestHomePageSmoke::test_homepage_loads_successfully - PASS (Duration: 6.41s)
2026-05-28 08:49:00 - GeoTravelGlobalLogger - INFO     - [logger.py:345] - Added test result to Unified UI Smoke + API + Partners API TEST REPORT: src/tests/smoke_tests/test_homepage_smoke.py::TestHomePageSmoke::test_homepage_loads_successfully - PASS
2026-05-28 08:49:00 - GeoTravelGlobalLogger - INFO     - [logger.py:345] - Test result added: test_homepage_loads_successfully - PASS (Duration: 6.89s)
2026-05-28 08:49:00 - GeoTravelGlobalLogger - INFO     - [logger.py:345] - Creating chrome driver...
2026-05-28 08:49:00 - GeoTravelGlobalLogger - INFO     - [logger.py:345] - chrome driver created successfully
2026-05-28 08:49:00 - GeoTravelGlobalLogger - INFO     - [logger.py:345] - === Testing Basic Homepage Elements Exist ===
2026-05-28 08:49:00 - GeoTravelGlobalLogger - INFO     - [logger.py:345] - 🔄 STEP 1: Opening homepage
2026-05-28 08:49:01 - GeoTravelGlobalLogger - INFO     - [logger.py:345] - Navigated to: https://retail.stg.gowithgeo.com/
2026-05-28 08:49:01 - GeoTravelGlobalLogger - INFO     - [logger.py:345] - 🏁 Warming up site before homepage load...
2026-05-28 08:49:01 - GeoTravelGlobalLogger - INFO     - [logger.py:345] - Navigated to: https://retail.stg.gowithgeo.com/
2026-05-28 08:49:01 - GeoTravelGlobalLogger - INFO     - [logger.py:345] - Warm-up page opened successfully.
2026-05-28 08:49:06 - GeoTravelGlobalLogger - INFO     - [logger.py:345] - 🏠 Waiting for homepage to load (max retries: 3)
2026-05-28 08:49:06 - GeoTravelGlobalLogger - INFO     - [logger.py:345] - Attempt 1/3
2026-05-28 08:49:06 - GeoTravelGlobalLogger - INFO     - [logger.py:345] - Page body loaded
2026-05-28 08:49:07 - GeoTravelGlobalLogger - INFO     - [logger.py:345] - Validating Geo Travel page...
2026-05-28 08:49:07 - GeoTravelGlobalLogger - INFO     - [logger.py:345] - Validating page HTML structure...
2026-05-28 08:49:07 - GeoTravelGlobalLogger - INFO     - [logger.py:345] - Validating page content keywords...
2026-05-28 08:49:07 - GeoTravelGlobalLogger - INFO     - [logger.py:345] - Page validation confidence: 100.0%
2026-05-28 08:49:07 - GeoTravelGlobalLogger - INFO     - [logger.py:345] - Found keywords: ['geo', 'travel', 'destination', 'book', 'tour', 'package', 'hotel', 'flight', 'vacation', 'adventure']
2026-05-28 08:49:07 - GeoTravelGlobalLogger - INFO     - [logger.py:345] - Homepage validation passed! Confidence: 100.0%
2026-05-28 08:49:07 - GeoTravelGlobalLogger - INFO     - [logger.py:345] - 🔄 STEP 2: Checking page source and structure
2026-05-28 08:49:07 - GeoTravelGlobalLogger - INFO     - [logger.py:345] - 🔄 STEP 3: Checking for headings and links
2026-05-28 08:49:07 - GeoTravelGlobalLogger - INFO     - [logger.py:345] - Element present (('tag name', 'h1')): True
2026-05-28 08:49:07 - GeoTravelGlobalLogger - INFO     - [logger.py:345] - Element present (('tag name', 'a')): True
2026-05-28 08:49:07 - GeoTravelGlobalLogger - INFO     - [logger.py:345] - SUCCESS: Basic page elements check passed
2026-05-28 08:49:07 - GeoTravelGlobalLogger - INFO     - [logger.py:345] - ✅ Saved test-specific logs: reports/logs/src_tests_smoke_tests_test_homepage_smoke.py_TestHomePageSmoke_test_basic_homepage_elements_exist_084907.log
2026-05-28 08:49:07 - GeoTravelGlobalLogger - INFO     - [logger.py:345] - Test result added: src/tests/smoke_tests/test_homepage_smoke.py::TestHomePageSmoke::test_basic_homepage_elements_exist - PASS (Duration: 6.52s)
2026-05-28 08:49:07 - GeoTravelGlobalLogger - INFO     - [logger.py:345] - Added test result to Unified UI Smoke + API + Partners API TEST REPORT: src/tests/smoke_tests/test_homepage_smoke.py::TestHomePageSmoke::test_basic_homepage_elements_exist - PASS
2026-05-28 08:49:07 - GeoTravelGlobalLogger - INFO     - [logger.py:345] - Test result added: test_basic_homepage_elements_exist - PASS (Duration: 7.00s)
2026-05-28 08:49:07 - GeoTravelGlobalLogger - INFO     - [logger.py:345] - Creating chrome driver...
2026-05-28 08:49:07 - GeoTravelGlobalLogger - INFO     - [logger.py:345] - chrome driver created successfully
2026-05-28 08:49:07 - GeoTravelGlobalLogger - INFO     - [logger.py:345] - === Testing Homepage Navigation Works ===
2026-05-28 08:49:07 - GeoTravelGlobalLogger - INFO     - [logger.py:345] - 🔄 STEP 1: Opening and validating homepage
2026-05-28 08:49:08 - GeoTravelGlobalLogger - INFO     - [logger.py:345] - Navigated to: https://retail.stg.gowithgeo.com/
2026-05-28 08:49:08 - GeoTravelGlobalLogger - INFO     - [logger.py:345] - 🏁 Warming up site before homepage load...
2026-05-28 08:49:08 - GeoTravelGlobalLogger - INFO     - [logger.py:345] - Navigated to: https://retail.stg.gowithgeo.com/
2026-05-28 08:49:08 - GeoTravelGlobalLogger - INFO     - [logger.py:345] - Warm-up page opened successfully.
2026-05-28 08:49:13 - GeoTravelGlobalLogger - INFO     - [logger.py:345] - 🏠 Waiting for homepage to load (max retries: 3)
2026-05-28 08:49:13 - GeoTravelGlobalLogger - INFO     - [logger.py:345] - Attempt 1/3
2026-05-28 08:49:13 - GeoTravelGlobalLogger - INFO     - [logger.py:345] - Page body loaded
2026-05-28 08:49:13 - GeoTravelGlobalLogger - INFO     - [logger.py:345] - Validating Geo Travel page...
2026-05-28 08:49:13 - GeoTravelGlobalLogger - INFO     - [logger.py:345] - Validating page HTML structure...
2026-05-28 08:49:13 - GeoTravelGlobalLogger - INFO     - [logger.py:345] - Validating page content keywords...
2026-05-28 08:49:14 - GeoTravelGlobalLogger - INFO     - [logger.py:345] - Page validation confidence: 100.0%
2026-05-28 08:49:14 - GeoTravelGlobalLogger - INFO     - [logger.py:345] - Found keywords: ['geo', 'travel', 'destination', 'book', 'tour', 'package', 'hotel', 'flight', 'vacation', 'adventure']
2026-05-28 08:49:14 - GeoTravelGlobalLogger - INFO     - [logger.py:345] - Homepage validation passed! Confidence: 100.0%
2026-05-28 08:49:14 - GeoTravelGlobalLogger - INFO     - [logger.py:345] - 🔄 STEP 2: Testing navigation functionality
2026-05-28 08:49:14 - GeoTravelGlobalLogger - INFO     - [logger.py:345] - === Testing Navigation Functionality ===
2026-05-28 08:49:14 - GeoTravelGlobalLogger - INFO     - [logger.py:345] - Finding navigation links
2026-05-28 08:49:14 - GeoTravelGlobalLogger - INFO     - [logger.py:345] - Found 3 clickable links out of 30 total
2026-05-28 08:49:14 - GeoTravelGlobalLogger - INFO     - [logger.py:345] - Attempt 1/3: Testing link to https://retail.stg.gowithgeo.com/
2026-05-28 08:49:14 - GeoTravelGlobalLogger - INFO     - [logger.py:345] - Clicking navigation link: https://retail.stg.gowithgeo.com/
2026-05-28 08:49:17 - GeoTravelGlobalLogger - INFO     - [logger.py:345] - Getting current URL
2026-05-28 08:49:17 - GeoTravelGlobalLogger - INFO     - [logger.py:345] - SUCCESS: Navigation successful: https://retail.stg.gowithgeo.com/ -> https://retail.stg.gowithgeo.com/
2026-05-28 08:49:17 - GeoTravelGlobalLogger - INFO     - [logger.py:345] - SUCCESS: Navigation verified: <bound method NavigationUtils.get_current_url of <src.utils.navigation.NavigationUtils object at 0x7f0c0b60dae0>> → https://retail.stg.gowithgeo.com/
2026-05-28 08:49:17 - GeoTravelGlobalLogger - INFO     - [logger.py:345] - SUCCESS: Navigation test passed: Successfully navigated to https://retail.stg.gowithgeo.com/
2026-05-28 08:49:17 - GeoTravelGlobalLogger - INFO     - [logger.py:345] - ✅ Saved test-specific logs: reports/logs/src_tests_smoke_tests_test_homepage_smoke.py_TestHomePageSmoke_test_homepage_navigation_works_084917.log
2026-05-28 08:49:17 - GeoTravelGlobalLogger - INFO     - [logger.py:345] - Test result added: src/tests/smoke_tests/test_homepage_smoke.py::TestHomePageSmoke::test_homepage_navigation_works - PASS (Duration: 9.58s)
2026-05-28 08:49:17 - GeoTravelGlobalLogger - INFO     - [logger.py:345] - Added test result to Unified UI Smoke + API + Partners API TEST REPORT: src/tests/smoke_tests/test_homepage_smoke.py::TestHomePageSmoke::test_homepage_navigation_works - PASS
2026-05-28 08:49:17 - GeoTravelGlobalLogger - INFO     - [logger.py:345] - Test result added: test_homepage_navigation_works - PASS (Duration: 10.05s)
2026-05-28 08:49:17 - GeoTravelGlobalLogger - INFO     - [logger.py:345] - Creating chrome driver...
2026-05-28 08:49:17 - GeoTravelGlobalLogger - INFO     - [logger.py:345] - chrome driver created successfully
2026-05-28 08:49:17 - GeoTravelGlobalLogger - INFO     - [logger.py:345] - === Testing Page Health Check ===
2026-05-28 08:49:17 - GeoTravelGlobalLogger - INFO     - [logger.py:345] - 🔄 STEP 1: Opening homepage
2026-05-28 08:49:18 - GeoTravelGlobalLogger - INFO     - [logger.py:345] - Navigated to: https://retail.stg.gowithgeo.com/
2026-05-28 08:49:18 - GeoTravelGlobalLogger - INFO     - [logger.py:345] - 🏁 Warming up site before homepage load...
2026-05-28 08:49:18 - GeoTravelGlobalLogger - INFO     - [logger.py:345] - Navigated to: https://retail.stg.gowithgeo.com/
2026-05-28 08:49:18 - GeoTravelGlobalLogger - INFO     - [logger.py:345] - Warm-up page opened successfully.
2026-05-28 08:49:23 - GeoTravelGlobalLogger - INFO     - [logger.py:345] - 🏠 Waiting for homepage to load (max retries: 3)
2026-05-28 08:49:23 - GeoTravelGlobalLogger - INFO     - [logger.py:345] - Attempt 1/3
2026-05-28 08:49:23 - GeoTravelGlobalLogger - INFO     - [logger.py:345] - Page body loaded
2026-05-28 08:49:23 - GeoTravelGlobalLogger - INFO     - [logger.py:345] - Validating Geo Travel page...
2026-05-28 08:49:23 - GeoTravelGlobalLogger - INFO     - [logger.py:345] - Validating page HTML structure...
2026-05-28 08:49:23 - GeoTravelGlobalLogger - INFO     - [logger.py:345] - Validating page content keywords...
2026-05-28 08:49:24 - GeoTravelGlobalLogger - INFO     - [logger.py:345] - Page validation confidence: 100.0%
2026-05-28 08:49:24 - GeoTravelGlobalLogger - INFO     - [logger.py:345] - Found keywords: ['geo', 'travel', 'destination', 'book', 'tour', 'package', 'hotel', 'flight', 'vacation', 'adventure']
2026-05-28 08:49:24 - GeoTravelGlobalLogger - INFO     - [logger.py:345] - Homepage validation passed! Confidence: 100.0%
2026-05-28 08:49:24 - GeoTravelGlobalLogger - INFO     - [logger.py:345] - 🔄 STEP 2: Performing comprehensive health check
2026-05-28 08:49:24 - GeoTravelGlobalLogger - INFO     - [logger.py:345] - Performing page health check
2026-05-28 08:49:54 - GeoTravelGlobalLogger - INFO     - [logger.py:345] - Health check - page_has_title: PASS
2026-05-28 08:49:54 - GeoTravelGlobalLogger - INFO     - [logger.py:345] - Health check - page_has_body: PASS
2026-05-28 08:49:54 - GeoTravelGlobalLogger - INFO     - [logger.py:345] - Health check - not_error_page: PASS
2026-05-28 08:49:54 - GeoTravelGlobalLogger - INFO     - [logger.py:345] - Health check - has_react_content: PASS
2026-05-28 08:49:54 - GeoTravelGlobalLogger - INFO     - [logger.py:345] - Health check - has_interactive_elements: PASS
2026-05-28 08:49:54 - GeoTravelGlobalLogger - INFO     - [logger.py:345] - Health check - has_navigation: PASS
2026-05-28 08:49:54 - GeoTravelGlobalLogger - INFO     - [logger.py:345] - Page health check overall: PASS
2026-05-28 08:49:54 - GeoTravelGlobalLogger - INFO     - [logger.py:345] - 🔄 STEP 3: Verifying critical health checks
2026-05-28 08:49:54 - GeoTravelGlobalLogger - INFO     - [logger.py:345] - 🔄 STEP 4: Checking logo visibility
2026-05-28 08:50:14 - GeoTravelGlobalLogger - WARNING  - [logger.py:360] - Element not visible within 15s: ('xpath', "//div[contains(@class,'w-28') and contains(@class,'h-12') and contains(@class,'relative')]//img[@alt='GeoTravel']")
2026-05-28 08:50:14 - GeoTravelGlobalLogger - WARNING  - [logger.py:360] - Primary logo selector failed, trying next option... | Message: 
Stacktrace:
#0 0x55c932c1f16a <unknown>
#1 0x55c93261c6b9 <unknown>
#2 0x55c932670c0d <unknown>
#3 0x55c932670e51 <unknown>
#4 0x55c9326bbb24 <unknown>
#5 0x55c9326b8cbf <unknown>
#6 0x55c932664222 <unknown>
#7 0x55c932665011 <unknown>
#8 0x55c932be4a0b <unknown>
#9 0x55c932be792d <unknown>
#10 0x55c932bd1948 <unknown>
#11 0x55c932be84c0 <unknown>
#12 0x55c932bb8560 <unknown>
#13 0x55c932c0bdd8 <unknown>
#14 0x55c932c0bf75 <unknown>
#15 0x55c932c1dbce <unknown>
#16 0x7f12ed09caa4 <unknown>
#17 0x7f12ed129c6c <unknown>

2026-05-28 08:50:14 - GeoTravelGlobalLogger - INFO     - [logger.py:345] - Logo visible (Fallback): True
2026-05-28 08:50:14 - GeoTravelGlobalLogger - INFO     - [logger.py:345] - SUCCESS: Homepage health check passed
2026-05-28 08:50:14 - GeoTravelGlobalLogger - INFO     - [logger.py:345] - ✅ Saved test-specific logs: reports/logs/src_tests_smoke_tests_test_homepage_smoke.py_TestHomePageSmoke_test_homepage_health_check_085014.log
2026-05-28 08:50:14 - GeoTravelGlobalLogger - INFO     - [logger.py:345] - Test result added: src/tests/smoke_tests/test_homepage_smoke.py::TestHomePageSmoke::test_homepage_health_check - PASS (Duration: 57.26s)
2026-05-28 08:50:14 - GeoTravelGlobalLogger - INFO     - [logger.py:345] - Added test result to Unified UI Smoke + API + Partners API TEST REPORT: src/tests/smoke_tests/test_homepage_smoke.py::TestHomePageSmoke::test_homepage_health_check - PASS
2026-05-28 08:50:14 - GeoTravelGlobalLogger - INFO     - [logger.py:345] - Test result added: test_homepage_health_check - PASS (Duration: 57.73s)
2026-05-28 08:50:14 - GeoTravelGlobalLogger - INFO     - [logger.py:345] - Creating chrome driver...
2026-05-28 08:50:15 - GeoTravelGlobalLogger - INFO     - [logger.py:345] - chrome driver created successfully
2026-05-28 08:50:15 - GeoTravelGlobalLogger - INFO     - [logger.py:345] - === Quick Smoke Test: Homepage Load ===
2026-05-28 08:50:15 - GeoTravelGlobalLogger - INFO     - [logger.py:345] - Step 1: Opening homepage
2026-05-28 08:50:16 - GeoTravelGlobalLogger - INFO     - [logger.py:345] - Navigated to: https://retail.stg.gowithgeo.com/
2026-05-28 08:50:16 - GeoTravelGlobalLogger - INFO     - [logger.py:345] - 🏁 Warming up site before homepage load...
2026-05-28 08:50:16 - GeoTravelGlobalLogger - INFO     - [logger.py:345] - Navigated to: https://retail.stg.gowithgeo.com/
2026-05-28 08:50:16 - GeoTravelGlobalLogger - INFO     - [logger.py:345] - Warm-up page opened successfully.
2026-05-28 08:50:21 - GeoTravelGlobalLogger - INFO     - [logger.py:345] - 🏠 Waiting for homepage to load (max retries: 3)
2026-05-28 08:50:21 - GeoTravelGlobalLogger - INFO     - [logger.py:345] - Attempt 1/3
2026-05-28 08:50:21 - GeoTravelGlobalLogger - INFO     - [logger.py:345] - Page body loaded
2026-05-28 08:50:21 - GeoTravelGlobalLogger - INFO     - [logger.py:345] - Validating Geo Travel page...
2026-05-28 08:50:21 - GeoTravelGlobalLogger - INFO     - [logger.py:345] - Validating page HTML structure...
2026-05-28 08:50:21 - GeoTravelGlobalLogger - INFO     - [logger.py:345] - Validating page content keywords...
2026-05-28 08:50:21 - GeoTravelGlobalLogger - INFO     - [logger.py:345] - Page validation confidence: 100.0%
2026-05-28 08:50:21 - GeoTravelGlobalLogger - INFO     - [logger.py:345] - Found keywords: ['geo', 'travel', 'destination', 'book', 'tour', 'package', 'hotel', 'flight', 'vacation', 'adventure']
2026-05-28 08:50:21 - GeoTravelGlobalLogger - INFO     - [logger.py:345] - Homepage validation passed! Confidence: 100.0%
2026-05-28 08:50:21 - GeoTravelGlobalLogger - INFO     - [logger.py:345] - Step 2: Verifying page title
2026-05-28 08:50:21 - GeoTravelGlobalLogger - INFO     - [logger.py:345] - SUCCESS: ✅ Homepage loaded successfully - Basic navigation works
2026-05-28 08:50:21 - GeoTravelGlobalLogger - INFO     - [logger.py:345] - ✅ Saved test-specific logs: reports/logs/src_tests_smoke_tests_test_package_booking_smoke.py_TestPackageBookingSmoke_test_homepage_loads_successfully_085021.log
2026-05-28 08:50:21 - GeoTravelGlobalLogger - INFO     - [logger.py:345] - Test result added: src/tests/smoke_tests/test_package_booking_smoke.py::TestPackageBookingSmoke::test_homepage_loads_successfully - PASS (Duration: 6.41s)
2026-05-28 08:50:21 - GeoTravelGlobalLogger - INFO     - [logger.py:345] - Added test result to Unified UI Smoke + API + Partners API TEST REPORT: src/tests/smoke_tests/test_package_booking_smoke.py::TestPackageBookingSmoke::test_homepage_loads_successfully - PASS
2026-05-28 08:50:21 - GeoTravelGlobalLogger - INFO     - [logger.py:345] - Test result added: test_homepage_loads_successfully - PASS (Duration: 6.88s)
2026-05-28 08:50:21 - GeoTravelGlobalLogger - INFO     - [logger.py:345] - Creating chrome driver...
2026-05-28 08:50:22 - GeoTravelGlobalLogger - INFO     - [logger.py:345] - chrome driver created successfully
2026-05-28 08:50:22 - GeoTravelGlobalLogger - INFO     - [logger.py:345] - === Quick Smoke Test: Booking Form ===
2026-05-28 08:50:22 - GeoTravelGlobalLogger - INFO     - [logger.py:345] - Step 1: Quick navigation to trigger booking form
2026-05-28 08:50:22 - GeoTravelGlobalLogger - INFO     - [logger.py:345] - Navigated to: https://retail.stg.gowithgeo.com/
2026-05-28 08:50:22 - GeoTravelGlobalLogger - INFO     - [logger.py:345] - Clicking Package button
2026-05-28 08:50:23 - GeoTravelGlobalLogger - INFO     - [logger.py:345] - SUCCESS: ✅ Booking form basic navigation verified
2026-05-28 08:50:23 - GeoTravelGlobalLogger - INFO     - [logger.py:345] - ✅ Saved test-specific logs: reports/logs/src_tests_smoke_tests_test_package_booking_smoke.py_TestPackageBookingSmoke_test_booking_form_navigation_on_homepage_085023.log
2026-05-28 08:50:23 - GeoTravelGlobalLogger - INFO     - [logger.py:345] - Test result added: src/tests/smoke_tests/test_package_booking_smoke.py::TestPackageBookingSmoke::test_booking_form_navigation_on_homepage - PASS (Duration: 0.98s)
2026-05-28 08:50:23 - GeoTravelGlobalLogger - INFO     - [logger.py:345] - Added test result to Unified UI Smoke + API + Partners API TEST REPORT: src/tests/smoke_tests/test_package_booking_smoke.py::TestPackageBookingSmoke::test_booking_form_navigation_on_homepage - PASS
2026-05-28 08:50:23 - GeoTravelGlobalLogger - INFO     - [logger.py:345] - Test result added: test_booking_form_navigation_on_homepage - PASS (Duration: 1.45s)
2026-05-28 08:50:23 - GeoTravelGlobalLogger - INFO     - [logger.py:345] - Creating chrome driver...
2026-05-28 08:50:23 - GeoTravelGlobalLogger - INFO     - [logger.py:345] - chrome driver created successfully
2026-05-28 08:50:23 - GeoTravelGlobalLogger - INFO     - [logger.py:345] - === Quick Smoke Test: Package Search ===
2026-05-28 08:50:23 - GeoTravelGlobalLogger - INFO     - [logger.py:345] - Step 1: Opening homepage and navigating to packages
2026-05-28 08:50:24 - GeoTravelGlobalLogger - INFO     - [logger.py:345] - Navigated to: https://retail.stg.gowithgeo.com/
2026-05-28 08:50:24 - GeoTravelGlobalLogger - INFO     - [logger.py:345] - Clicking Package button
2026-05-28 08:50:25 - GeoTravelGlobalLogger - INFO     - [logger.py:345] - Step 3: Selecting trip type
2026-05-28 08:50:25 - GeoTravelGlobalLogger - INFO     - [logger.py:345] - Selecting trip type as 'group'
2026-05-28 08:50:25 - GeoTravelGlobalLogger - INFO     - [logger.py:345] - Clicked trip type dropdown
2026-05-28 08:50:27 - GeoTravelGlobalLogger - INFO     - [logger.py:345] - Trip type selected: group
2026-05-28 08:50:30 - GeoTravelGlobalLogger - INFO     - [logger.py:345] - Step 2: Selecting country
2026-05-28 08:50:30 - GeoTravelGlobalLogger - INFO     - [logger.py:345] - Selecting country: Nigeria
2026-05-28 08:50:31 - GeoTravelGlobalLogger - INFO     - [logger.py:345] - Clicked country selector
2026-05-28 08:50:33 - GeoTravelGlobalLogger - INFO     - [logger.py:345] - Clicked country input
2026-05-28 08:50:36 - GeoTravelGlobalLogger - INFO     - [logger.py:345] - Typed country: Nigeria
2026-05-28 08:50:38 - GeoTravelGlobalLogger - INFO     - [logger.py:345] - Country selected: Nigeria
2026-05-28 08:50:41 - GeoTravelGlobalLogger - INFO     - [logger.py:345] - Step 4: Opening travel date selector
2026-05-28 08:50:41 - GeoTravelGlobalLogger - INFO     - [logger.py:345] - Opening travel date selector
2026-05-28 08:50:43 - GeoTravelGlobalLogger - INFO     - [logger.py:345] - Selected travel date: 
2026-05-28 08:50:46 - GeoTravelGlobalLogger - INFO     - [logger.py:345] - Step 5: Executing package search
2026-05-28 08:50:46 - GeoTravelGlobalLogger - INFO     - [logger.py:345] - Clicking Search Packages button
2026-05-28 08:50:51 - GeoTravelGlobalLogger - INFO     - [logger.py:345] - Step 6: Verifying search results
2026-05-28 08:50:51 - GeoTravelGlobalLogger - INFO     - [logger.py:345] - Checking for 'packages' in https://retail.stg.gowithgeo.com/search-results/packages?country=NIGERIA&tripType=GROUP&startDate=2026-05-28 (waiting up to 30s)...
2026-05-28 08:50:51 - GeoTravelGlobalLogger - INFO     - [logger.py:345] - Search session initialized successfully - Found 'packages' in URL: https://retail.stg.gowithgeo.com/search-results/packages?country=NIGERIA&tripType=GROUP&startDate=2026-05-28
2026-05-28 08:50:51 - GeoTravelGlobalLogger - INFO     - [logger.py:345] - SUCCESS: ✅ Package search test passed
2026-05-28 08:50:51 - GeoTravelGlobalLogger - INFO     - [logger.py:345] - ✅ Saved test-specific logs: reports/logs/src_tests_smoke_tests_test_package_booking_smoke.py_TestPackageBookingSmoke_test_package_search_functionality_085051.log
2026-05-28 08:50:51 - GeoTravelGlobalLogger - INFO     - [logger.py:345] - Test result added: src/tests/smoke_tests/test_package_booking_smoke.py::TestPackageBookingSmoke::test_package_search_functionality - PASS (Duration: 28.01s)
2026-05-28 08:50:51 - GeoTravelGlobalLogger - INFO     - [logger.py:345] - Added test result to Unified UI Smoke + API + Partners API TEST REPORT: src/tests/smoke_tests/test_package_booking_smoke.py::TestPackageBookingSmoke::test_package_search_functionality - PASS
2026-05-28 08:50:51 - GeoTravelGlobalLogger - INFO     - [logger.py:345] - Test result added: test_package_search_functionality - PASS (Duration: 28.49s)
2026-05-28 08:50:51 - GeoTravelGlobalLogger - INFO     - [logger.py:345] - Creating chrome driver...
2026-05-28 08:50:52 - GeoTravelGlobalLogger - INFO     - [logger.py:345] - chrome driver created successfully
2026-05-28 08:50:52 - GeoTravelGlobalLogger - INFO     - [logger.py:345] - === TEST: All Packages Booking Flow ===
2026-05-28 08:50:52 - GeoTravelGlobalLogger - INFO     - [logger.py:345] - 🔄 STEP 1: Opening homepage
2026-05-28 08:50:53 - GeoTravelGlobalLogger - INFO     - [logger.py:345] - Navigated to: https://retail.stg.gowithgeo.com/
2026-05-28 08:50:53 - GeoTravelGlobalLogger - INFO     - [logger.py:345] - 🏁 Warming up site before homepage load...
2026-05-28 08:50:53 - GeoTravelGlobalLogger - INFO     - [logger.py:345] - Navigated to: https://retail.stg.gowithgeo.com/
2026-05-28 08:50:53 - GeoTravelGlobalLogger - INFO     - [logger.py:345] - Warm-up page opened successfully.
2026-05-28 08:50:58 - GeoTravelGlobalLogger - INFO     - [logger.py:345] - 🏠 Waiting for homepage to load (max retries: 3)
2026-05-28 08:50:58 - GeoTravelGlobalLogger - INFO     - [logger.py:345] - Attempt 1/3
2026-05-28 08:50:58 - GeoTravelGlobalLogger - INFO     - [logger.py:345] - Page body loaded
2026-05-28 08:50:58 - GeoTravelGlobalLogger - INFO     - [logger.py:345] - Validating Geo Travel page...
2026-05-28 08:50:58 - GeoTravelGlobalLogger - INFO     - [logger.py:345] - Validating page HTML structure...
2026-05-28 08:50:58 - GeoTravelGlobalLogger - INFO     - [logger.py:345] - Validating page content keywords...
2026-05-28 08:50:59 - GeoTravelGlobalLogger - INFO     - [logger.py:345] - Page validation confidence: 100.0%
2026-05-28 08:50:59 - GeoTravelGlobalLogger - INFO     - [logger.py:345] - Found keywords: ['geo', 'travel', 'destination', 'book', 'tour', 'package', 'hotel', 'flight', 'vacation', 'adventure']
2026-05-28 08:50:59 - GeoTravelGlobalLogger - INFO     - [logger.py:345] - Homepage validation passed! Confidence: 100.0%
2026-05-28 08:50:59 - GeoTravelGlobalLogger - INFO     - [logger.py:345] - 🔄 STEP 2: Clicking Packages in nav bar
2026-05-28 08:50:59 - GeoTravelGlobalLogger - INFO     - [logger.py:345] - Clicking 'Packages' link in navigation
2026-05-28 08:50:59 - GeoTravelGlobalLogger - INFO     - [logger.py:345] - 🔄 STEP 3: Verifying All Packages page
2026-05-28 08:50:59 - GeoTravelGlobalLogger - INFO     - [logger.py:345] - Verifying All Packages page loaded
2026-05-28 08:50:59 - GeoTravelGlobalLogger - INFO     - [logger.py:345] - ✅ Successfully loaded All Packages page
2026-05-28 08:50:59 - GeoTravelGlobalLogger - INFO     - [logger.py:345] - 🔄 STEP 4: Selecting first package
2026-05-28 08:50:59 - GeoTravelGlobalLogger - INFO     - [logger.py:345] - Clicking View Package button
2026-05-28 08:51:05 - GeoTravelGlobalLogger - INFO     - [logger.py:345] - 🔄 STEP 5: Verifying pricing option
2026-05-28 08:51:05 - GeoTravelGlobalLogger - INFO     - [logger.py:345] - ✅ Pricing option is present
2026-05-28 08:51:05 - GeoTravelGlobalLogger - INFO     - [logger.py:345] - 🔄 STEP 6: Verifying Book Reservation button
2026-05-28 08:51:15 - GeoTravelGlobalLogger - ERROR    - [logger.py:363] - ❌ Book Reservation button not found
2026-05-28 08:51:15 - GeoTravelGlobalLogger - ERROR    - [logger.py:363] - ❌ All Packages booking flow failed: Book Reservation button not found on package details page
assert False
2026-05-28 08:51:15 - GeoTravelGlobalLogger - INFO     - [logger.py:345] - ✅ Saved test-specific logs: reports/logs/src_tests_smoke_tests_test_package_booking_smoke.py_TestPackageBookingSmoke_test_all_packages_booking_flow_085115.log
2026-05-28 08:51:15 - GeoTravelGlobalLogger - INFO     - [logger.py:345] - Test result added: src/tests/smoke_tests/test_package_booking_smoke.py::TestPackageBookingSmoke::test_all_packages_booking_flow - PASS (Duration: 23.38s)
2026-05-28 08:51:15 - GeoTravelGlobalLogger - INFO     - [logger.py:345] - Added test result to Unified UI Smoke + API + Partners API TEST REPORT: src/tests/smoke_tests/test_package_booking_smoke.py::TestPackageBookingSmoke::test_all_packages_booking_flow - PASS
2026-05-28 08:51:15 - GeoTravelGlobalLogger - INFO     - [logger.py:345] - Test result added: test_all_packages_booking_flow - PASS (Duration: 23.93s)
2026-05-28 08:51:15 - GeoTravelGlobalLogger - INFO     - [logger.py:345] - Creating chrome driver...
2026-05-28 08:51:16 - GeoTravelGlobalLogger - INFO     - [logger.py:345] - chrome driver created successfully
2026-05-28 08:51:16 - GeoTravelGlobalLogger - INFO     - [logger.py:345] - === Test: Travel Gallery Navigation ===
2026-05-28 08:51:16 - GeoTravelGlobalLogger - INFO     - [logger.py:345] - 🔄 STEP 1: Opening homepage
2026-05-28 08:51:17 - GeoTravelGlobalLogger - INFO     - [logger.py:345] - Navigated to: https://retail.stg.gowithgeo.com/
2026-05-28 08:51:17 - GeoTravelGlobalLogger - INFO     - [logger.py:345] - 🏁 Warming up site before homepage load...
2026-05-28 08:51:17 - GeoTravelGlobalLogger - INFO     - [logger.py:345] - Navigated to: https://retail.stg.gowithgeo.com/
2026-05-28 08:51:17 - GeoTravelGlobalLogger - INFO     - [logger.py:345] - Warm-up page opened successfully.
2026-05-28 08:51:22 - GeoTravelGlobalLogger - INFO     - [logger.py:345] - 🏠 Waiting for homepage to load (max retries: 3)
2026-05-28 08:51:22 - GeoTravelGlobalLogger - INFO     - [logger.py:345] - Attempt 1/3
2026-05-28 08:51:22 - GeoTravelGlobalLogger - INFO     - [logger.py:345] - Page body loaded
2026-05-28 08:51:22 - GeoTravelGlobalLogger - INFO     - [logger.py:345] - Validating Geo Travel page...
2026-05-28 08:51:22 - GeoTravelGlobalLogger - INFO     - [logger.py:345] - Validating page HTML structure...
2026-05-28 08:51:22 - GeoTravelGlobalLogger - INFO     - [logger.py:345] - Validating page content keywords...
2026-05-28 08:51:22 - GeoTravelGlobalLogger - INFO     - [logger.py:345] - Page validation confidence: 100.0%
2026-05-28 08:51:22 - GeoTravelGlobalLogger - INFO     - [logger.py:345] - Found keywords: ['geo', 'travel', 'destination', 'book', 'tour', 'package', 'hotel', 'flight', 'vacation', 'adventure']
2026-05-28 08:51:22 - GeoTravelGlobalLogger - INFO     - [logger.py:345] - Homepage validation passed! Confidence: 100.0%
2026-05-28 08:51:22 - GeoTravelGlobalLogger - INFO     - [logger.py:345] - 🔄 STEP 2: Navigating to Travel Gallery
2026-05-28 08:51:22 - GeoTravelGlobalLogger - INFO     - [logger.py:345] - Navigating to Travel Gallery page
2026-05-28 08:51:23 - GeoTravelGlobalLogger - INFO     - [logger.py:345] - Successfully navigated to Travel Gallery page
2026-05-28 08:51:23 - GeoTravelGlobalLogger - INFO     - [logger.py:345] - 🔄 STEP 3: Verifying Travel Gallery page
2026-05-28 08:51:23 - GeoTravelGlobalLogger - INFO     - [logger.py:345] - Verifying Travel Gallery page loaded
2026-05-28 08:51:23 - GeoTravelGlobalLogger - INFO     - [logger.py:345] - Travel Gallery page verified
2026-05-28 08:51:23 - GeoTravelGlobalLogger - INFO     - [logger.py:345] - SUCCESS: ✅ Travel Gallery navigation verified
2026-05-28 08:51:23 - GeoTravelGlobalLogger - INFO     - [logger.py:345] - ✅ Saved test-specific logs: reports/logs/src_tests_smoke_tests_test_travel_gallery_smoke.py_TestTravelGallery_test_travel_gallery_navigation_085123.log
2026-05-28 08:51:23 - GeoTravelGlobalLogger - INFO     - [logger.py:345] - Test result added: src/tests/smoke_tests/test_travel_gallery_smoke.py::TestTravelGallery::test_travel_gallery_navigation - PASS (Duration: 6.90s)
2026-05-28 08:51:23 - GeoTravelGlobalLogger - INFO     - [logger.py:345] - Added test result to Unified UI Smoke + API + Partners API TEST REPORT: src/tests/smoke_tests/test_travel_gallery_smoke.py::TestTravelGallery::test_travel_gallery_navigation - PASS
2026-05-28 08:51:23 - GeoTravelGlobalLogger - INFO     - [logger.py:345] - Test result added: test_travel_gallery_navigation - PASS (Duration: 7.40s)
2026-05-28 08:51:23 - GeoTravelGlobalLogger - INFO     - [logger.py:345] - Creating chrome driver...
2026-05-28 08:51:23 - GeoTravelGlobalLogger - INFO     - [logger.py:345] - chrome driver created successfully
2026-05-28 08:51:23 - GeoTravelGlobalLogger - INFO     - [logger.py:345] - === Test: Tour Card Click and Close ===
2026-05-28 08:51:23 - GeoTravelGlobalLogger - INFO     - [logger.py:345] - 🔄 STEP 1: Navigating to Travel Gallery
2026-05-28 08:51:24 - GeoTravelGlobalLogger - INFO     - [logger.py:345] - Navigated to: https://retail.stg.gowithgeo.com/
2026-05-28 08:51:24 - GeoTravelGlobalLogger - INFO     - [logger.py:345] - 🏁 Warming up site before homepage load...
2026-05-28 08:51:24 - GeoTravelGlobalLogger - INFO     - [logger.py:345] - Navigated to: https://retail.stg.gowithgeo.com/
2026-05-28 08:51:24 - GeoTravelGlobalLogger - INFO     - [logger.py:345] - Warm-up page opened successfully.
2026-05-28 08:51:29 - GeoTravelGlobalLogger - INFO     - [logger.py:345] - 🏠 Waiting for homepage to load (max retries: 3)
2026-05-28 08:51:29 - GeoTravelGlobalLogger - INFO     - [logger.py:345] - Attempt 1/3
2026-05-28 08:51:29 - GeoTravelGlobalLogger - INFO     - [logger.py:345] - Page body loaded
2026-05-28 08:51:29 - GeoTravelGlobalLogger - INFO     - [logger.py:345] - Validating Geo Travel page...
2026-05-28 08:51:29 - GeoTravelGlobalLogger - INFO     - [logger.py:345] - Validating page HTML structure...
2026-05-28 08:51:29 - GeoTravelGlobalLogger - INFO     - [logger.py:345] - Validating page content keywords...
2026-05-28 08:51:30 - GeoTravelGlobalLogger - INFO     - [logger.py:345] - Page validation confidence: 100.0%
2026-05-28 08:51:30 - GeoTravelGlobalLogger - INFO     - [logger.py:345] - Found keywords: ['geo', 'travel', 'destination', 'book', 'tour', 'package', 'hotel', 'flight', 'vacation', 'adventure']
2026-05-28 08:51:30 - GeoTravelGlobalLogger - INFO     - [logger.py:345] - Homepage validation passed! Confidence: 100.0%
2026-05-28 08:51:30 - GeoTravelGlobalLogger - INFO     - [logger.py:345] - Navigating to Travel Gallery page
2026-05-28 08:51:30 - GeoTravelGlobalLogger - INFO     - [logger.py:345] - Successfully navigated to Travel Gallery page
2026-05-28 08:51:30 - GeoTravelGlobalLogger - INFO     - [logger.py:345] - 🔄 STEP 2: Clicking on first tour card
2026-05-28 08:51:30 - GeoTravelGlobalLogger - INFO     - [logger.py:345] - Clicking on first tour card
2026-05-28 08:51:33 - GeoTravelGlobalLogger - INFO     - [logger.py:345] - Successfully clicked on first tour
2026-05-28 08:51:33 - GeoTravelGlobalLogger - INFO     - [logger.py:345] - 🔄 STEP 3: Waiting for tour detail page
2026-05-28 08:51:33 - GeoTravelGlobalLogger - INFO     - [logger.py:345] - Waiting for tour detail to load
2026-05-28 08:51:33 - GeoTravelGlobalLogger - INFO     - [logger.py:345] - Tour detail loaded with images
2026-05-28 08:51:33 - GeoTravelGlobalLogger - INFO     - [logger.py:345] - 🔄 STEP 4: Clicking view button on image
2026-05-28 08:51:33 - GeoTravelGlobalLogger - INFO     - [logger.py:345] - Clicking view button on image 1
2026-05-28 08:51:35 - GeoTravelGlobalLogger - INFO     - [logger.py:345] - Clicked view button on image 1
2026-05-28 08:51:35 - GeoTravelGlobalLogger - INFO     - [logger.py:345] - 🔄 STEP 5: Closing image viewer
2026-05-28 08:51:35 - GeoTravelGlobalLogger - INFO     - [logger.py:345] - Closing image viewer
2026-05-28 08:51:36 - GeoTravelGlobalLogger - INFO     - [logger.py:345] - Image viewer closed
2026-05-28 08:51:36 - GeoTravelGlobalLogger - INFO     - [logger.py:345] - 🔄 STEP 6: Going back to gallery
2026-05-28 08:51:38 - GeoTravelGlobalLogger - INFO     - [logger.py:345] - 🔄 STEP 7: Verifying back on gallery page
2026-05-28 08:51:38 - GeoTravelGlobalLogger - INFO     - [logger.py:345] - SUCCESS: ✅ Tour card click, image view, and back navigation verified
2026-05-28 08:51:38 - GeoTravelGlobalLogger - INFO     - [logger.py:345] - ✅ Saved test-specific logs: reports/logs/src_tests_smoke_tests_test_travel_gallery_smoke.py_TestTravelGallery_test_tour_card_click_and_close_085138.log
2026-05-28 08:51:38 - GeoTravelGlobalLogger - INFO     - [logger.py:345] - Test result added: src/tests/smoke_tests/test_travel_gallery_smoke.py::TestTravelGallery::test_tour_card_click_and_close - PASS (Duration: 15.36s)
2026-05-28 08:51:38 - GeoTravelGlobalLogger - INFO     - [logger.py:345] - Added test result to Unified UI Smoke + API + Partners API TEST REPORT: src/tests/smoke_tests/test_travel_gallery_smoke.py::TestTravelGallery::test_tour_card_click_and_close - PASS
2026-05-28 08:51:39 - GeoTravelGlobalLogger - INFO     - [logger.py:345] - Test result added: test_tour_card_click_and_close - PASS (Duration: 15.87s)
2026-05-28 08:51:39 - GeoTravelGlobalLogger - INFO     - [logger.py:345] - Creating chrome driver...
2026-05-28 08:51:39 - GeoTravelGlobalLogger - INFO     - [logger.py:345] - chrome driver created successfully
2026-05-28 08:51:39 - GeoTravelGlobalLogger - INFO     - [logger.py:345] - === Test: Scroll Functionality ===
2026-05-28 08:51:39 - GeoTravelGlobalLogger - INFO     - [logger.py:345] - 🔄 STEP 1: Navigating to Travel Gallery
2026-05-28 08:51:39 - GeoTravelGlobalLogger - INFO     - [logger.py:345] - Navigated to: https://retail.stg.gowithgeo.com/
2026-05-28 08:51:39 - GeoTravelGlobalLogger - INFO     - [logger.py:345] - 🏁 Warming up site before homepage load...
2026-05-28 08:51:40 - GeoTravelGlobalLogger - INFO     - [logger.py:345] - Navigated to: https://retail.stg.gowithgeo.com/
2026-05-28 08:51:40 - GeoTravelGlobalLogger - INFO     - [logger.py:345] - Warm-up page opened successfully.
2026-05-28 08:51:45 - GeoTravelGlobalLogger - INFO     - [logger.py:345] - 🏠 Waiting for homepage to load (max retries: 3)
2026-05-28 08:51:45 - GeoTravelGlobalLogger - INFO     - [logger.py:345] - Attempt 1/3
2026-05-28 08:51:45 - GeoTravelGlobalLogger - INFO     - [logger.py:345] - Page body loaded
2026-05-28 08:51:45 - GeoTravelGlobalLogger - INFO     - [logger.py:345] - Validating Geo Travel page...
2026-05-28 08:51:45 - GeoTravelGlobalLogger - INFO     - [logger.py:345] - Validating page HTML structure...
2026-05-28 08:51:45 - GeoTravelGlobalLogger - INFO     - [logger.py:345] - Validating page content keywords...
2026-05-28 08:51:45 - GeoTravelGlobalLogger - INFO     - [logger.py:345] - Page validation confidence: 100.0%
2026-05-28 08:51:45 - GeoTravelGlobalLogger - INFO     - [logger.py:345] - Found keywords: ['geo', 'travel', 'destination', 'book', 'tour', 'package', 'hotel', 'flight', 'vacation', 'adventure']
2026-05-28 08:51:45 - GeoTravelGlobalLogger - INFO     - [logger.py:345] - Homepage validation passed! Confidence: 100.0%
2026-05-28 08:51:45 - GeoTravelGlobalLogger - INFO     - [logger.py:345] - Navigating to Travel Gallery page
2026-05-28 08:51:46 - GeoTravelGlobalLogger - INFO     - [logger.py:345] - Successfully navigated to Travel Gallery page
2026-05-28 08:51:46 - GeoTravelGlobalLogger - INFO     - [logger.py:345] - Initial scroll position: 0
2026-05-28 08:51:46 - GeoTravelGlobalLogger - INFO     - [logger.py:345] - 🔄 STEP 2: Scrolling down
2026-05-28 08:51:47 - GeoTravelGlobalLogger - INFO     - [logger.py:345] - After scroll down position: 270
2026-05-28 08:51:47 - GeoTravelGlobalLogger - INFO     - [logger.py:345] - 🔄 STEP 3: Scrolling up
2026-05-28 08:51:48 - GeoTravelGlobalLogger - INFO     - [logger.py:345] - After scroll up position: 0
2026-05-28 08:51:48 - GeoTravelGlobalLogger - INFO     - [logger.py:345] - SUCCESS: ✅ Scroll functionality verified
2026-05-28 08:51:48 - GeoTravelGlobalLogger - INFO     - [logger.py:345] - ✅ Saved test-specific logs: reports/logs/src_tests_smoke_tests_test_travel_gallery_smoke.py_TestTravelGallery_test_scroll_functionality_085148.log
2026-05-28 08:51:48 - GeoTravelGlobalLogger - INFO     - [logger.py:345] - Test result added: src/tests/smoke_tests/test_travel_gallery_smoke.py::TestTravelGallery::test_scroll_functionality - PASS (Duration: 8.76s)
2026-05-28 08:51:48 - GeoTravelGlobalLogger - INFO     - [logger.py:345] - Added test result to Unified UI Smoke + API + Partners API TEST REPORT: src/tests/smoke_tests/test_travel_gallery_smoke.py::TestTravelGallery::test_scroll_functionality - PASS
2026-05-28 08:51:48 - GeoTravelGlobalLogger - INFO     - [logger.py:345] - Test result added: test_scroll_functionality - PASS (Duration: 9.24s)
2026-05-28 08:51:48 - GeoTravelGlobalLogger - INFO     - [logger.py:345] - Creating chrome driver...
2026-05-28 08:51:48 - GeoTravelGlobalLogger - INFO     - [logger.py:345] - chrome driver created successfully
2026-05-28 08:51:48 - GeoTravelGlobalLogger - INFO     - [logger.py:345] - === Comprehensive Test: Complete Travel Gallery Flow ===
2026-05-28 08:51:48 - GeoTravelGlobalLogger - INFO     - [logger.py:345] - 🔄 STEP 1: Opening homepage
2026-05-28 08:51:49 - GeoTravelGlobalLogger - INFO     - [logger.py:345] - Navigated to: https://retail.stg.gowithgeo.com/
2026-05-28 08:51:49 - GeoTravelGlobalLogger - INFO     - [logger.py:345] - 🏁 Warming up site before homepage load...
2026-05-28 08:51:50 - GeoTravelGlobalLogger - INFO     - [logger.py:345] - Navigated to: https://retail.stg.gowithgeo.com/
2026-05-28 08:51:50 - GeoTravelGlobalLogger - INFO     - [logger.py:345] - Warm-up page opened successfully.
2026-05-28 08:51:55 - GeoTravelGlobalLogger - INFO     - [logger.py:345] - 🏠 Waiting for homepage to load (max retries: 3)
2026-05-28 08:51:55 - GeoTravelGlobalLogger - INFO     - [logger.py:345] - Attempt 1/3
2026-05-28 08:51:55 - GeoTravelGlobalLogger - INFO     - [logger.py:345] - Page body loaded
2026-05-28 08:51:55 - GeoTravelGlobalLogger - INFO     - [logger.py:345] - Validating Geo Travel page...
2026-05-28 08:51:55 - GeoTravelGlobalLogger - INFO     - [logger.py:345] - Validating page HTML structure...
2026-05-28 08:51:55 - GeoTravelGlobalLogger - INFO     - [logger.py:345] - Validating page content keywords...
2026-05-28 08:51:55 - GeoTravelGlobalLogger - INFO     - [logger.py:345] - Page validation confidence: 100.0%
2026-05-28 08:51:55 - GeoTravelGlobalLogger - INFO     - [logger.py:345] - Found keywords: ['geo', 'travel', 'destination', 'book', 'tour', 'package', 'hotel', 'flight', 'vacation', 'adventure']
2026-05-28 08:51:55 - GeoTravelGlobalLogger - INFO     - [logger.py:345] - Homepage validation passed! Confidence: 100.0%
2026-05-28 08:51:55 - GeoTravelGlobalLogger - INFO     - [logger.py:345] - 🔄 STEP 2: Clicking Travel Gallery menu
2026-05-28 08:51:55 - GeoTravelGlobalLogger - INFO     - [logger.py:345] - Navigating to Travel Gallery page
2026-05-28 08:51:55 - GeoTravelGlobalLogger - INFO     - [logger.py:345] - Successfully navigated to Travel Gallery page
2026-05-28 08:51:55 - GeoTravelGlobalLogger - INFO     - [logger.py:345] - 🔄 STEP 3: Verifying gallery page
2026-05-28 08:51:55 - GeoTravelGlobalLogger - INFO     - [logger.py:345] - Verifying Travel Gallery page loaded
2026-05-28 08:51:55 - GeoTravelGlobalLogger - INFO     - [logger.py:345] - Travel Gallery page verified
2026-05-28 08:51:55 - GeoTravelGlobalLogger - INFO     - [logger.py:345] - Verifying gallery has tour cards
2026-05-28 08:51:55 - GeoTravelGlobalLogger - INFO     - [logger.py:345] - Found 3 tour cards
2026-05-28 08:51:55 - GeoTravelGlobalLogger - INFO     - [logger.py:345] - Found 3 tours
2026-05-28 08:51:55 - GeoTravelGlobalLogger - INFO     - [logger.py:345] - 🔄 STEP 4: Scrolling down
2026-05-28 08:51:57 - GeoTravelGlobalLogger - INFO     - [logger.py:345] - 🔄 STEP 5: Scrolling up
2026-05-28 08:51:59 - GeoTravelGlobalLogger - INFO     - [logger.py:345] - 🔄 STEP 6: Clicking on first tour
2026-05-28 08:51:59 - GeoTravelGlobalLogger - INFO     - [logger.py:345] - Clicking on first tour card
2026-05-28 08:52:01 - GeoTravelGlobalLogger - INFO     - [logger.py:345] - Successfully clicked on first tour
2026-05-28 08:52:01 - GeoTravelGlobalLogger - INFO     - [logger.py:345] - 🔄 STEP 7: Waiting for tour detail page
2026-05-28 08:52:01 - GeoTravelGlobalLogger - INFO     - [logger.py:345] - Waiting for tour detail to load
2026-05-28 08:52:02 - GeoTravelGlobalLogger - INFO     - [logger.py:345] - Tour detail loaded with images
2026-05-28 08:52:02 - GeoTravelGlobalLogger - INFO     - [logger.py:345] - 🔄 STEP 8: Clicking view button on image
2026-05-28 08:52:02 - GeoTravelGlobalLogger - INFO     - [logger.py:345] - Clicking view button on image 1
2026-05-28 08:52:04 - GeoTravelGlobalLogger - INFO     - [logger.py:345] - Clicked view button on image 1
2026-05-28 08:52:04 - GeoTravelGlobalLogger - INFO     - [logger.py:345] - 🔄 STEP 9: Closing image viewer
2026-05-28 08:52:04 - GeoTravelGlobalLogger - INFO     - [logger.py:345] - Closing image viewer
2026-05-28 08:52:05 - GeoTravelGlobalLogger - INFO     - [logger.py:345] - Image viewer closed
2026-05-28 08:52:05 - GeoTravelGlobalLogger - INFO     - [logger.py:345] - 🔄 STEP 10: Going back to gallery
2026-05-28 08:52:07 - GeoTravelGlobalLogger - INFO     - [logger.py:345] - 🔄 STEP 11: Verifying back on gallery page
2026-05-28 08:52:07 - GeoTravelGlobalLogger - INFO     - [logger.py:345] - Verifying Travel Gallery page loaded
2026-05-28 08:52:07 - GeoTravelGlobalLogger - INFO     - [logger.py:345] - Travel Gallery page verified
2026-05-28 08:52:07 - GeoTravelGlobalLogger - INFO     - [logger.py:345] - SUCCESS: ✅ Complete travel gallery flow verified
2026-05-28 08:52:07 - GeoTravelGlobalLogger - INFO     - [logger.py:345] - ✅ Saved test-specific logs: reports/logs/src_tests_smoke_tests_test_travel_gallery_smoke.py_TestTravelGallery_test_complete_travel_gallery_flow_085207.log
2026-05-28 08:52:07 - GeoTravelGlobalLogger - INFO     - [logger.py:345] - Test result added: src/tests/smoke_tests/test_travel_gallery_smoke.py::TestTravelGallery::test_complete_travel_gallery_flow - PASS (Duration: 18.90s)
2026-05-28 08:52:07 - GeoTravelGlobalLogger - INFO     - [logger.py:345] - Added test result to Unified UI Smoke + API + Partners API TEST REPORT: src/tests/smoke_tests/test_travel_gallery_smoke.py::TestTravelGallery::test_complete_travel_gallery_flow - PASS
2026-05-28 08:52:07 - GeoTravelGlobalLogger - INFO     - [logger.py:345] - Test result added: test_complete_travel_gallery_flow - PASS (Duration: 19.41s)
2026-05-28 08:52:07 - GeoTravelGlobalLogger - INFO     - [logger.py:345] - Creating chrome driver...
2026-05-28 08:52:08 - GeoTravelGlobalLogger - INFO     - [logger.py:345] - chrome driver created successfully
2026-05-28 08:52:08 - GeoTravelGlobalLogger - INFO     - [logger.py:345] - === Test: Multiple Tour Clicks ===
2026-05-28 08:52:08 - GeoTravelGlobalLogger - INFO     - [logger.py:345] - 🔄 STEP 1: Navigating to Travel Gallery
2026-05-28 08:52:08 - GeoTravelGlobalLogger - INFO     - [logger.py:345] - Navigated to: https://retail.stg.gowithgeo.com/
2026-05-28 08:52:08 - GeoTravelGlobalLogger - INFO     - [logger.py:345] - 🏁 Warming up site before homepage load...
2026-05-28 08:52:09 - GeoTravelGlobalLogger - INFO     - [logger.py:345] - Navigated to: https://retail.stg.gowithgeo.com/
2026-05-28 08:52:09 - GeoTravelGlobalLogger - INFO     - [logger.py:345] - Warm-up page opened successfully.
2026-05-28 08:52:14 - GeoTravelGlobalLogger - INFO     - [logger.py:345] - 🏠 Waiting for homepage to load (max retries: 3)
2026-05-28 08:52:14 - GeoTravelGlobalLogger - INFO     - [logger.py:345] - Attempt 1/3
2026-05-28 08:52:14 - GeoTravelGlobalLogger - INFO     - [logger.py:345] - Page body loaded
2026-05-28 08:52:14 - GeoTravelGlobalLogger - INFO     - [logger.py:345] - Validating Geo Travel page...
2026-05-28 08:52:14 - GeoTravelGlobalLogger - INFO     - [logger.py:345] - Validating page HTML structure...
2026-05-28 08:52:14 - GeoTravelGlobalLogger - INFO     - [logger.py:345] - Validating page content keywords...
2026-05-28 08:52:14 - GeoTravelGlobalLogger - INFO     - [logger.py:345] - Page validation confidence: 100.0%
2026-05-28 08:52:14 - GeoTravelGlobalLogger - INFO     - [logger.py:345] - Found keywords: ['geo', 'travel', 'destination', 'book', 'tour', 'package', 'hotel', 'flight', 'vacation', 'adventure']
2026-05-28 08:52:14 - GeoTravelGlobalLogger - INFO     - [logger.py:345] - Homepage validation passed! Confidence: 100.0%
2026-05-28 08:52:14 - GeoTravelGlobalLogger - INFO     - [logger.py:345] - Navigating to Travel Gallery page
2026-05-28 08:52:14 - GeoTravelGlobalLogger - INFO     - [logger.py:345] - Successfully navigated to Travel Gallery page
2026-05-28 08:52:14 - GeoTravelGlobalLogger - INFO     - [logger.py:345] - Testing 3 tours
2026-05-28 08:52:14 - GeoTravelGlobalLogger - INFO     - [logger.py:345] - 🔄 STEP 2: Testing tour 1
2026-05-28 08:52:14 - GeoTravelGlobalLogger - INFO     - [logger.py:345] - Clicking on tour card at index 0
2026-05-28 08:52:17 - GeoTravelGlobalLogger - INFO     - [logger.py:345] - Successfully clicked on tour card 0
2026-05-28 08:52:17 - GeoTravelGlobalLogger - INFO     - [logger.py:345] - Waiting for tour detail to load
2026-05-28 08:52:17 - GeoTravelGlobalLogger - INFO     - [logger.py:345] - Tour detail loaded with images
2026-05-28 08:52:17 - GeoTravelGlobalLogger - INFO     - [logger.py:345] - Clicking view button on image 1
2026-05-28 08:52:19 - GeoTravelGlobalLogger - INFO     - [logger.py:345] - Clicked view button on image 1
2026-05-28 08:52:19 - GeoTravelGlobalLogger - INFO     - [logger.py:345] - Closing image viewer
2026-05-28 08:52:20 - GeoTravelGlobalLogger - INFO     - [logger.py:345] - Image viewer closed
2026-05-28 08:52:22 - GeoTravelGlobalLogger - INFO     - [logger.py:345] - Verifying Travel Gallery page loaded
2026-05-28 08:52:22 - GeoTravelGlobalLogger - INFO     - [logger.py:345] - Travel Gallery page verified
2026-05-28 08:52:22 - GeoTravelGlobalLogger - INFO     - [logger.py:345] - 🔄 STEP 3: Testing tour 2
2026-05-28 08:52:22 - GeoTravelGlobalLogger - INFO     - [logger.py:345] - Clicking on tour card at index 1
2026-05-28 08:52:25 - GeoTravelGlobalLogger - INFO     - [logger.py:345] - Successfully clicked on tour card 1
2026-05-28 08:52:25 - GeoTravelGlobalLogger - INFO     - [logger.py:345] - Waiting for tour detail to load
2026-05-28 08:52:25 - GeoTravelGlobalLogger - INFO     - [logger.py:345] - Tour detail loaded with images
2026-05-28 08:52:25 - GeoTravelGlobalLogger - INFO     - [logger.py:345] - Clicking view button on image 1
2026-05-28 08:52:27 - GeoTravelGlobalLogger - INFO     - [logger.py:345] - Clicked view button on image 1
2026-05-28 08:52:27 - GeoTravelGlobalLogger - INFO     - [logger.py:345] - Closing image viewer
2026-05-28 08:52:28 - GeoTravelGlobalLogger - INFO     - [logger.py:345] - Image viewer closed
2026-05-28 08:52:30 - GeoTravelGlobalLogger - INFO     - [logger.py:345] - Verifying Travel Gallery page loaded
2026-05-28 08:52:30 - GeoTravelGlobalLogger - INFO     - [logger.py:345] - Travel Gallery page verified
2026-05-28 08:52:30 - GeoTravelGlobalLogger - INFO     - [logger.py:345] - 🔄 STEP 4: Testing tour 3
2026-05-28 08:52:30 - GeoTravelGlobalLogger - INFO     - [logger.py:345] - Clicking on tour card at index 2
2026-05-28 08:52:33 - GeoTravelGlobalLogger - INFO     - [logger.py:345] - Successfully clicked on tour card 2
2026-05-28 08:52:33 - GeoTravelGlobalLogger - INFO     - [logger.py:345] - Waiting for tour detail to load
2026-05-28 08:52:33 - GeoTravelGlobalLogger - INFO     - [logger.py:345] - Tour detail loaded with images
2026-05-28 08:52:33 - GeoTravelGlobalLogger - INFO     - [logger.py:345] - Clicking view button on image 1
2026-05-28 08:52:35 - GeoTravelGlobalLogger - INFO     - [logger.py:345] - Clicked view button on image 1
2026-05-28 08:52:35 - GeoTravelGlobalLogger - INFO     - [logger.py:345] - Closing image viewer
2026-05-28 08:52:36 - GeoTravelGlobalLogger - INFO     - [logger.py:345] - Image viewer closed
2026-05-28 08:52:38 - GeoTravelGlobalLogger - INFO     - [logger.py:345] - Verifying Travel Gallery page loaded
2026-05-28 08:52:38 - GeoTravelGlobalLogger - INFO     - [logger.py:345] - Travel Gallery page verified
2026-05-28 08:52:38 - GeoTravelGlobalLogger - INFO     - [logger.py:345] - SUCCESS: ✅ Multiple tour clicks verified
2026-05-28 08:52:38 - GeoTravelGlobalLogger - INFO     - [logger.py:345] - ✅ Saved test-specific logs: reports/logs/src_tests_smoke_tests_test_travel_gallery_smoke.py_TestTravelGallery_test_multiple_tour_clicks_085238.log
2026-05-28 08:52:38 - GeoTravelGlobalLogger - INFO     - [logger.py:345] - Test result added: src/tests/smoke_tests/test_travel_gallery_smoke.py::TestTravelGallery::test_multiple_tour_clicks - PASS (Duration: 30.69s)
2026-05-28 08:52:38 - GeoTravelGlobalLogger - INFO     - [logger.py:345] - Added test result to Unified UI Smoke + API + Partners API TEST REPORT: src/tests/smoke_tests/test_travel_gallery_smoke.py::TestTravelGallery::test_multiple_tour_clicks - PASS
2026-05-28 08:52:38 - GeoTravelGlobalLogger - INFO     - [logger.py:345] - Test result added: test_multiple_tour_clicks - PASS (Duration: 31.18s)
2026-05-28 08:52:38 - GeoTravelGlobalLogger - INFO     - [logger.py:345] - Creating chrome driver...
2026-05-28 08:52:39 - GeoTravelGlobalLogger - INFO     - [logger.py:345] - chrome driver created successfully
2026-05-28 08:52:39 - GeoTravelGlobalLogger - INFO     - [logger.py:345] - === Quick Smoke Test: Visa Page Navigation ===
2026-05-28 08:52:39 - GeoTravelGlobalLogger - INFO     - [logger.py:345] - 🔄 STEP 1: Opening homepage
2026-05-28 08:52:39 - GeoTravelGlobalLogger - INFO     - [logger.py:345] - Navigated to: https://retail.stg.gowithgeo.com/
2026-05-28 08:52:39 - GeoTravelGlobalLogger - INFO     - [logger.py:345] - 🏁 Warming up site before homepage load...
2026-05-28 08:52:40 - GeoTravelGlobalLogger - INFO     - [logger.py:345] - Navigated to: https://retail.stg.gowithgeo.com/
2026-05-28 08:52:40 - GeoTravelGlobalLogger - INFO     - [logger.py:345] - Warm-up page opened successfully.
2026-05-28 08:52:45 - GeoTravelGlobalLogger - INFO     - [logger.py:345] - 🏠 Waiting for homepage to load (max retries: 3)
2026-05-28 08:52:45 - GeoTravelGlobalLogger - INFO     - [logger.py:345] - Attempt 1/3
2026-05-28 08:52:45 - GeoTravelGlobalLogger - INFO     - [logger.py:345] - Page body loaded
2026-05-28 08:52:45 - GeoTravelGlobalLogger - INFO     - [logger.py:345] - Validating Geo Travel page...
2026-05-28 08:52:45 - GeoTravelGlobalLogger - INFO     - [logger.py:345] - Validating page HTML structure...
2026-05-28 08:52:45 - GeoTravelGlobalLogger - INFO     - [logger.py:345] - Validating page content keywords...
2026-05-28 08:52:45 - GeoTravelGlobalLogger - INFO     - [logger.py:345] - Page validation confidence: 100.0%
2026-05-28 08:52:45 - GeoTravelGlobalLogger - INFO     - [logger.py:345] - Found keywords: ['geo', 'travel', 'destination', 'book', 'tour', 'package', 'hotel', 'flight', 'vacation', 'adventure']
2026-05-28 08:52:45 - GeoTravelGlobalLogger - INFO     - [logger.py:345] - Homepage validation passed! Confidence: 100.0%
2026-05-28 08:52:45 - GeoTravelGlobalLogger - INFO     - [logger.py:345] - 🔄 STEP 2: Navigating to Visa page
2026-05-28 08:52:45 - GeoTravelGlobalLogger - INFO     - [logger.py:345] - Navigating to Visa page
2026-05-28 08:52:45 - GeoTravelGlobalLogger - INFO     - [logger.py:345] - Successfully navigated to Visa page
2026-05-28 08:52:45 - GeoTravelGlobalLogger - INFO     - [logger.py:345] - SUCCESS: ✅ Visa page navigation verified
2026-05-28 08:52:45 - GeoTravelGlobalLogger - INFO     - [logger.py:345] - ✅ Saved test-specific logs: reports/logs/src_tests_smoke_tests_test_visa_enquiries_smoke.py_TestVisaSmoke_test_visa_page_navigation_085245.log
2026-05-28 08:52:45 - GeoTravelGlobalLogger - INFO     - [logger.py:345] - Test result added: src/tests/smoke_tests/test_visa_enquiries_smoke.py::TestVisaSmoke::test_visa_page_navigation - PASS (Duration: 6.47s)
2026-05-28 08:52:45 - GeoTravelGlobalLogger - INFO     - [logger.py:345] - Added test result to Unified UI Smoke + API + Partners API TEST REPORT: src/tests/smoke_tests/test_visa_enquiries_smoke.py::TestVisaSmoke::test_visa_page_navigation - PASS
2026-05-28 08:52:45 - GeoTravelGlobalLogger - INFO     - [logger.py:345] - Test result added: test_visa_page_navigation - PASS (Duration: 6.94s)
2026-05-28 08:52:45 - GeoTravelGlobalLogger - INFO     - [logger.py:345] - Creating chrome driver...
2026-05-28 08:52:46 - GeoTravelGlobalLogger - INFO     - [logger.py:345] - chrome driver created successfully
2026-05-28 08:52:46 - GeoTravelGlobalLogger - INFO     - [logger.py:345] - === Quick Smoke Test: Visa Form Basic Interaction ===
2026-05-28 08:52:46 - GeoTravelGlobalLogger - INFO     - [logger.py:345] - 🔄 STEP 1: Navigating to Visa page and opening form
2026-05-28 08:52:46 - GeoTravelGlobalLogger - INFO     - [logger.py:345] - Navigated to: https://retail.stg.gowithgeo.com/
2026-05-28 08:52:46 - GeoTravelGlobalLogger - INFO     - [logger.py:345] - 🏁 Warming up site before homepage load...
2026-05-28 08:52:47 - GeoTravelGlobalLogger - INFO     - [logger.py:345] - Navigated to: https://retail.stg.gowithgeo.com/
2026-05-28 08:52:47 - GeoTravelGlobalLogger - INFO     - [logger.py:345] - Warm-up page opened successfully.
2026-05-28 08:52:52 - GeoTravelGlobalLogger - INFO     - [logger.py:345] - 🏠 Waiting for homepage to load (max retries: 3)
2026-05-28 08:52:52 - GeoTravelGlobalLogger - INFO     - [logger.py:345] - Attempt 1/3
2026-05-28 08:52:52 - GeoTravelGlobalLogger - INFO     - [logger.py:345] - Page body loaded
2026-05-28 08:52:52 - GeoTravelGlobalLogger - INFO     - [logger.py:345] - Validating Geo Travel page...
2026-05-28 08:52:52 - GeoTravelGlobalLogger - INFO     - [logger.py:345] - Validating page HTML structure...
2026-05-28 08:52:52 - GeoTravelGlobalLogger - INFO     - [logger.py:345] - Validating page content keywords...
2026-05-28 08:52:52 - GeoTravelGlobalLogger - INFO     - [logger.py:345] - Page validation confidence: 100.0%
2026-05-28 08:52:52 - GeoTravelGlobalLogger - INFO     - [logger.py:345] - Found keywords: ['geo', 'travel', 'destination', 'book', 'tour', 'package', 'hotel', 'flight', 'vacation', 'adventure']
2026-05-28 08:52:52 - GeoTravelGlobalLogger - INFO     - [logger.py:345] - Homepage validation passed! Confidence: 100.0%
2026-05-28 08:52:52 - GeoTravelGlobalLogger - INFO     - [logger.py:345] - Navigating to Visa page
2026-05-28 08:52:52 - GeoTravelGlobalLogger - INFO     - [logger.py:345] - Successfully navigated to Visa page
2026-05-28 08:52:52 - GeoTravelGlobalLogger - INFO     - [logger.py:345] - Clicking 'Get Started' button
2026-05-28 08:52:55 - GeoTravelGlobalLogger - INFO     - [logger.py:345] - Visa application form opened
2026-05-28 08:52:55 - GeoTravelGlobalLogger - INFO     - [logger.py:345] - 🔄 STEP 2: Verifying form loaded
2026-05-28 08:52:55 - GeoTravelGlobalLogger - INFO     - [logger.py:345] - Waiting for visa form to load
2026-05-28 08:52:55 - GeoTravelGlobalLogger - INFO     - [logger.py:345] - Visa form loaded successfully
2026-05-28 08:52:55 - GeoTravelGlobalLogger - INFO     - [logger.py:345] - 🔄 STEP 3: Testing form field interaction
2026-05-28 08:52:55 - GeoTravelGlobalLogger - INFO     - [logger.py:345] - Filling personal details
2026-05-28 08:52:55 - GeoTravelGlobalLogger - INFO     - [logger.py:345] - Personal details filled successfully
2026-05-28 08:52:55 - GeoTravelGlobalLogger - INFO     - [logger.py:345] - SUCCESS: ✅ Visa form basic interaction verified
2026-05-28 08:52:55 - GeoTravelGlobalLogger - INFO     - [logger.py:345] - ✅ Saved test-specific logs: reports/logs/src_tests_smoke_tests_test_visa_enquiries_smoke.py_TestVisaSmoke_test_visa_form_basic_interaction_085255.log
2026-05-28 08:52:55 - GeoTravelGlobalLogger - INFO     - [logger.py:345] - Test result added: src/tests/smoke_tests/test_visa_enquiries_smoke.py::TestVisaSmoke::test_visa_form_basic_interaction - PASS (Duration: 9.78s)
2026-05-28 08:52:55 - GeoTravelGlobalLogger - INFO     - [logger.py:345] - Added test result to Unified UI Smoke + API + Partners API TEST REPORT: src/tests/smoke_tests/test_visa_enquiries_smoke.py::TestVisaSmoke::test_visa_form_basic_interaction - PASS
2026-05-28 08:52:56 - GeoTravelGlobalLogger - INFO     - [logger.py:345] - Test result added: test_visa_form_basic_interaction - PASS (Duration: 10.25s)
2026-05-28 08:52:56 - GeoTravelGlobalLogger - INFO     - [logger.py:345] - Creating chrome driver...
2026-05-28 08:52:56 - GeoTravelGlobalLogger - INFO     - [logger.py:345] - chrome driver created successfully
2026-05-28 08:52:56 - GeoTravelGlobalLogger - INFO     - [logger.py:345] - === Quick Smoke Test: Dropdown Functionality ===
2026-05-28 08:52:56 - GeoTravelGlobalLogger - INFO     - [logger.py:345] - 🔄 STEP 1: Navigating to Visa form
2026-05-28 08:52:57 - GeoTravelGlobalLogger - INFO     - [logger.py:345] - Navigated to: https://retail.stg.gowithgeo.com/
2026-05-28 08:52:57 - GeoTravelGlobalLogger - INFO     - [logger.py:345] - 🏁 Warming up site before homepage load...
2026-05-28 08:52:57 - GeoTravelGlobalLogger - INFO     - [logger.py:345] - Navigated to: https://retail.stg.gowithgeo.com/
2026-05-28 08:52:57 - GeoTravelGlobalLogger - INFO     - [logger.py:345] - Warm-up page opened successfully.
2026-05-28 08:53:02 - GeoTravelGlobalLogger - INFO     - [logger.py:345] - 🏠 Waiting for homepage to load (max retries: 3)
2026-05-28 08:53:02 - GeoTravelGlobalLogger - INFO     - [logger.py:345] - Attempt 1/3
2026-05-28 08:53:02 - GeoTravelGlobalLogger - INFO     - [logger.py:345] - Page body loaded
2026-05-28 08:53:02 - GeoTravelGlobalLogger - INFO     - [logger.py:345] - Validating Geo Travel page...
2026-05-28 08:53:02 - GeoTravelGlobalLogger - INFO     - [logger.py:345] - Validating page HTML structure...
2026-05-28 08:53:02 - GeoTravelGlobalLogger - INFO     - [logger.py:345] - Validating page content keywords...
2026-05-28 08:53:02 - GeoTravelGlobalLogger - INFO     - [logger.py:345] - Page validation confidence: 100.0%
2026-05-28 08:53:02 - GeoTravelGlobalLogger - INFO     - [logger.py:345] - Found keywords: ['geo', 'travel', 'destination', 'book', 'tour', 'package', 'hotel', 'flight', 'vacation', 'adventure']
2026-05-28 08:53:02 - GeoTravelGlobalLogger - INFO     - [logger.py:345] - Homepage validation passed! Confidence: 100.0%
2026-05-28 08:53:02 - GeoTravelGlobalLogger - INFO     - [logger.py:345] - Navigating to Visa page
2026-05-28 08:53:03 - GeoTravelGlobalLogger - INFO     - [logger.py:345] - Successfully navigated to Visa page
2026-05-28 08:53:03 - GeoTravelGlobalLogger - INFO     - [logger.py:345] - Clicking 'Get Started' button
2026-05-28 08:53:05 - GeoTravelGlobalLogger - INFO     - [logger.py:345] - Visa application form opened
2026-05-28 08:53:05 - GeoTravelGlobalLogger - INFO     - [logger.py:345] - Waiting for visa form to load
2026-05-28 08:53:05 - GeoTravelGlobalLogger - INFO     - [logger.py:345] - Visa form loaded successfully
2026-05-28 08:53:05 - GeoTravelGlobalLogger - INFO     - [logger.py:345] - 🔄 STEP 2: Testing country origin dropdown
2026-05-28 08:53:05 - GeoTravelGlobalLogger - INFO     - [logger.py:345] - Selecting country of origin: Nigeria
2026-05-28 08:53:08 - GeoTravelGlobalLogger - INFO     - [logger.py:345] - Country of origin 'Nigeria' selected
2026-05-28 08:53:09 - GeoTravelGlobalLogger - INFO     - [logger.py:345] - 🔄 STEP 3: Testing passport availability dropdown
2026-05-28 08:53:09 - GeoTravelGlobalLogger - INFO     - [logger.py:345] - Selecting passport availability: yes
2026-05-28 08:53:11 - GeoTravelGlobalLogger - INFO     - [logger.py:345] - Passport availability 'yes' selected
2026-05-28 08:53:12 - GeoTravelGlobalLogger - INFO     - [logger.py:345] - 🔄 STEP 4: Testing destination country dropdown
2026-05-28 08:53:12 - GeoTravelGlobalLogger - INFO     - [logger.py:345] - Selecting any destination country
2026-05-28 08:53:14 - GeoTravelGlobalLogger - INFO     - [logger.py:345] - Auto-selecting destination: Qatar
2026-05-28 08:53:17 - GeoTravelGlobalLogger - INFO     - [logger.py:345] - 🔄 STEP 5: Testing visa type dropdown
2026-05-28 08:53:17 - GeoTravelGlobalLogger - INFO     - [logger.py:345] - Selecting any visa type
2026-05-28 08:53:20 - GeoTravelGlobalLogger - INFO     - [logger.py:345] - Auto-selecting visa type: Tourist/Visit Visa
2026-05-28 08:53:23 - GeoTravelGlobalLogger - INFO     - [logger.py:345] - SUCCESS: ✅ All dropdowns functional
2026-05-28 08:53:23 - GeoTravelGlobalLogger - INFO     - [logger.py:345] - ✅ Saved test-specific logs: reports/logs/src_tests_smoke_tests_test_visa_enquiries_smoke.py_TestVisaSmoke_test_dropdown_functionality_085323.log
2026-05-28 08:53:23 - GeoTravelGlobalLogger - INFO     - [logger.py:345] - Test result added: src/tests/smoke_tests/test_visa_enquiries_smoke.py::TestVisaSmoke::test_dropdown_functionality - PASS (Duration: 27.06s)
2026-05-28 08:53:23 - GeoTravelGlobalLogger - INFO     - [logger.py:345] - Added test result to Unified UI Smoke + API + Partners API TEST REPORT: src/tests/smoke_tests/test_visa_enquiries_smoke.py::TestVisaSmoke::test_dropdown_functionality - PASS
2026-05-28 08:53:23 - GeoTravelGlobalLogger - INFO     - [logger.py:345] - Test result added: test_dropdown_functionality - PASS (Duration: 27.54s)
2026-05-28 08:53:23 - GeoTravelGlobalLogger - INFO     - [logger.py:345] - Creating chrome driver...
2026-05-28 08:53:23 - GeoTravelGlobalLogger - INFO     - [logger.py:345] - chrome driver created successfully
2026-05-28 08:53:23 - GeoTravelGlobalLogger - INFO     - [logger.py:345] - === Quick Smoke Test: Date Picker ===
2026-05-28 08:53:23 - GeoTravelGlobalLogger - INFO     - [logger.py:345] - 🔄 STEP 1: Navigating to Visa form
2026-05-28 08:53:24 - GeoTravelGlobalLogger - INFO     - [logger.py:345] - Navigated to: https://retail.stg.gowithgeo.com/
2026-05-28 08:53:24 - GeoTravelGlobalLogger - INFO     - [logger.py:345] - 🏁 Warming up site before homepage load...
2026-05-28 08:53:25 - GeoTravelGlobalLogger - INFO     - [logger.py:345] - Navigated to: https://retail.stg.gowithgeo.com/
2026-05-28 08:53:25 - GeoTravelGlobalLogger - INFO     - [logger.py:345] - Warm-up page opened successfully.
2026-05-28 08:53:30 - GeoTravelGlobalLogger - INFO     - [logger.py:345] - 🏠 Waiting for homepage to load (max retries: 3)
2026-05-28 08:53:30 - GeoTravelGlobalLogger - INFO     - [logger.py:345] - Attempt 1/3
2026-05-28 08:53:30 - GeoTravelGlobalLogger - INFO     - [logger.py:345] - Page body loaded
2026-05-28 08:53:30 - GeoTravelGlobalLogger - INFO     - [logger.py:345] - Validating Geo Travel page...
2026-05-28 08:53:30 - GeoTravelGlobalLogger - INFO     - [logger.py:345] - Validating page HTML structure...
2026-05-28 08:53:30 - GeoTravelGlobalLogger - INFO     - [logger.py:345] - Validating page content keywords...
2026-05-28 08:53:30 - GeoTravelGlobalLogger - INFO     - [logger.py:345] - Page validation confidence: 100.0%
2026-05-28 08:53:30 - GeoTravelGlobalLogger - INFO     - [logger.py:345] - Found keywords: ['geo', 'travel', 'destination', 'book', 'tour', 'package', 'hotel', 'flight', 'vacation', 'adventure']
2026-05-28 08:53:30 - GeoTravelGlobalLogger - INFO     - [logger.py:345] - Homepage validation passed! Confidence: 100.0%
2026-05-28 08:53:30 - GeoTravelGlobalLogger - INFO     - [logger.py:345] - Navigating to Visa page
2026-05-28 08:53:30 - GeoTravelGlobalLogger - INFO     - [logger.py:345] - Successfully navigated to Visa page
2026-05-28 08:53:30 - GeoTravelGlobalLogger - INFO     - [logger.py:345] - Clicking 'Get Started' button
2026-05-28 08:53:32 - GeoTravelGlobalLogger - INFO     - [logger.py:345] - Visa application form opened
2026-05-28 08:53:32 - GeoTravelGlobalLogger - INFO     - [logger.py:345] - Waiting for visa form to load
2026-05-28 08:53:32 - GeoTravelGlobalLogger - INFO     - [logger.py:345] - Visa form loaded successfully
2026-05-28 08:53:32 - GeoTravelGlobalLogger - INFO     - [logger.py:345] - 🔄 STEP 2: Testing date picker
2026-05-28 08:53:32 - GeoTravelGlobalLogger - INFO     - [logger.py:345] - Selecting travel date
2026-05-28 08:53:37 - GeoTravelGlobalLogger - INFO     - [logger.py:345] - Selected travel date: 
2026-05-28 08:53:39 - GeoTravelGlobalLogger - INFO     - [logger.py:345] - Date picker opened successfully
2026-05-28 08:53:39 - GeoTravelGlobalLogger - INFO     - [logger.py:345] - SUCCESS: ✅ Date picker functional
2026-05-28 08:53:39 - GeoTravelGlobalLogger - INFO     - [logger.py:345] - ✅ Saved test-specific logs: reports/logs/src_tests_smoke_tests_test_visa_enquiries_smoke.py_TestVisaSmoke_test_date_picker_functionality_085339.log
2026-05-28 08:53:39 - GeoTravelGlobalLogger - INFO     - [logger.py:345] - Test result added: src/tests/smoke_tests/test_visa_enquiries_smoke.py::TestVisaSmoke::test_date_picker_functionality - PASS (Duration: 15.51s)
2026-05-28 08:53:39 - GeoTravelGlobalLogger - INFO     - [logger.py:345] - Added test result to Unified UI Smoke + API + Partners API TEST REPORT: src/tests/smoke_tests/test_visa_enquiries_smoke.py::TestVisaSmoke::test_date_picker_functionality - PASS
2026-05-28 08:53:39 - GeoTravelGlobalLogger - INFO     - [logger.py:345] - Test result added: test_date_picker_functionality - PASS (Duration: 15.99s)
2026-05-28 08:53:39 - GeoTravelGlobalLogger - INFO     - [logger.py:345] - Creating chrome driver...
2026-05-28 08:53:39 - GeoTravelGlobalLogger - INFO     - [logger.py:345] - chrome driver created successfully
2026-05-28 08:53:39 - GeoTravelGlobalLogger - INFO     - [logger.py:345] - === COMPREHENSIVE TEST: Complete Visa Application Flow ===
2026-05-28 08:53:39 - GeoTravelGlobalLogger - INFO     - [logger.py:345] - 🔄 STEP 1: Opening homepage and navigating to Visa
2026-05-28 08:53:40 - GeoTravelGlobalLogger - INFO     - [logger.py:345] - Navigated to: https://retail.stg.gowithgeo.com/
2026-05-28 08:53:40 - GeoTravelGlobalLogger - INFO     - [logger.py:345] - 🏁 Warming up site before homepage load...
2026-05-28 08:53:41 - GeoTravelGlobalLogger - INFO     - [logger.py:345] - Navigated to: https://retail.stg.gowithgeo.com/
2026-05-28 08:53:41 - GeoTravelGlobalLogger - INFO     - [logger.py:345] - Warm-up page opened successfully.
2026-05-28 08:53:46 - GeoTravelGlobalLogger - INFO     - [logger.py:345] - 🏠 Waiting for homepage to load (max retries: 3)
2026-05-28 08:53:46 - GeoTravelGlobalLogger - INFO     - [logger.py:345] - Attempt 1/3
2026-05-28 08:53:46 - GeoTravelGlobalLogger - INFO     - [logger.py:345] - Page body loaded
2026-05-28 08:53:46 - GeoTravelGlobalLogger - INFO     - [logger.py:345] - Validating Geo Travel page...
2026-05-28 08:53:46 - GeoTravelGlobalLogger - INFO     - [logger.py:345] - Validating page HTML structure...
2026-05-28 08:53:46 - GeoTravelGlobalLogger - INFO     - [logger.py:345] - Validating page content keywords...
2026-05-28 08:53:46 - GeoTravelGlobalLogger - INFO     - [logger.py:345] - Page validation confidence: 100.0%
2026-05-28 08:53:46 - GeoTravelGlobalLogger - INFO     - [logger.py:345] - Found keywords: ['geo', 'travel', 'destination', 'book', 'tour', 'package', 'hotel', 'flight', 'vacation', 'adventure']
2026-05-28 08:53:46 - GeoTravelGlobalLogger - INFO     - [logger.py:345] - Homepage validation passed! Confidence: 100.0%
2026-05-28 08:53:46 - GeoTravelGlobalLogger - INFO     - [logger.py:345] - Navigating to Visa page
2026-05-28 08:53:46 - GeoTravelGlobalLogger - INFO     - [logger.py:345] - Successfully navigated to Visa page
2026-05-28 08:53:46 - GeoTravelGlobalLogger - INFO     - [logger.py:345] - 🔄 STEP 2: Opening visa application form
2026-05-28 08:53:46 - GeoTravelGlobalLogger - INFO     - [logger.py:345] - Clicking 'Get Started' button
2026-05-28 08:53:48 - GeoTravelGlobalLogger - INFO     - [logger.py:345] - Visa application form opened
2026-05-28 08:53:48 - GeoTravelGlobalLogger - INFO     - [logger.py:345] - Waiting for visa form to load
2026-05-28 08:53:49 - GeoTravelGlobalLogger - INFO     - [logger.py:345] - Visa form loaded successfully
2026-05-28 08:53:49 - GeoTravelGlobalLogger - INFO     - [logger.py:345] - 🔄 STEP 3: Filling personal details
2026-05-28 08:53:49 - GeoTravelGlobalLogger - INFO     - [logger.py:345] - Filling personal details
2026-05-28 08:53:49 - GeoTravelGlobalLogger - INFO     - [logger.py:345] - Personal details filled successfully
2026-05-28 08:53:49 - GeoTravelGlobalLogger - INFO     - [logger.py:345] - 🔄 STEP 4: Selecting country of origin
2026-05-28 08:53:49 - GeoTravelGlobalLogger - INFO     - [logger.py:345] - Selecting country of origin: Nigeria
2026-05-28 08:53:53 - GeoTravelGlobalLogger - INFO     - [logger.py:345] - Country of origin 'Nigeria' selected
2026-05-28 08:53:53 - GeoTravelGlobalLogger - INFO     - [logger.py:345] - 🔄 STEP 5: Selecting passport availability
2026-05-28 08:53:53 - GeoTravelGlobalLogger - INFO     - [logger.py:345] - Selecting passport availability: yes
2026-05-28 08:53:54 - GeoTravelGlobalLogger - INFO     - [logger.py:345] - Passport availability 'yes' selected
2026-05-28 08:53:54 - GeoTravelGlobalLogger - INFO     - [logger.py:345] - 🔄 STEP 6: Selecting travel date
2026-05-28 08:53:54 - GeoTravelGlobalLogger - INFO     - [logger.py:345] - Selecting travel date
2026-05-28 08:53:59 - GeoTravelGlobalLogger - INFO     - [logger.py:345] - Selected travel date: 
2026-05-28 08:54:01 - GeoTravelGlobalLogger - INFO     - [logger.py:345] - Date picker opened successfully
2026-05-28 08:54:01 - GeoTravelGlobalLogger - INFO     - [logger.py:345] - 🔄 STEP 7: Selecting destination country
2026-05-28 08:54:01 - GeoTravelGlobalLogger - INFO     - [logger.py:345] - Selecting any destination country
2026-05-28 08:54:03 - GeoTravelGlobalLogger - INFO     - [logger.py:345] - Auto-selecting destination: Uganda
2026-05-28 08:54:05 - GeoTravelGlobalLogger - INFO     - [logger.py:345] - 🔄 STEP 8: Selecting visa type
2026-05-28 08:54:05 - GeoTravelGlobalLogger - INFO     - [logger.py:345] - Selecting any visa type
2026-05-28 08:54:08 - GeoTravelGlobalLogger - INFO     - [logger.py:345] - Auto-selecting visa type: Business Visa
2026-05-28 08:54:10 - GeoTravelGlobalLogger - INFO     - [logger.py:345] - 🔄 STEP 9: Filling additional message
2026-05-28 08:54:10 - GeoTravelGlobalLogger - INFO     - [logger.py:345] - Filling additional message
2026-05-28 08:54:10 - GeoTravelGlobalLogger - INFO     - [logger.py:345] - Message filled successfully
2026-05-28 08:54:10 - GeoTravelGlobalLogger - INFO     - [logger.py:345] - 🔄 STEP 10: Submitting visa application
2026-05-28 08:54:10 - GeoTravelGlobalLogger - INFO     - [logger.py:345] - Submitting visa application
2026-05-28 08:54:12 - GeoTravelGlobalLogger - INFO     - [logger.py:345] - Visa application submitted
2026-05-28 08:54:12 - GeoTravelGlobalLogger - INFO     - [logger.py:345] - 🔄 STEP 11: Verifying submission response
2026-05-28 08:54:25 - GeoTravelGlobalLogger - WARNING  - [logger.py:360] - Element not visible within 10s: ('css selector', "[class*='success'], [class*='Success'], .text-green-500")
2026-05-28 08:54:25 - GeoTravelGlobalLogger - INFO     - [logger.py:345] - No success message displayed (might be expected in staging)
2026-05-28 08:54:25 - GeoTravelGlobalLogger - INFO     - [logger.py:345] - SUCCESS: ✅ Comprehensive visa application flow completed
2026-05-28 08:54:25 - GeoTravelGlobalLogger - INFO     - [logger.py:345] - ✅ Saved test-specific logs: reports/logs/src_tests_smoke_tests_test_visa_enquiries_smoke.py_TestVisaSmoke_test_complete_visa_application_flow_085425.log
2026-05-28 08:54:25 - GeoTravelGlobalLogger - INFO     - [logger.py:345] - Test result added: src/tests/smoke_tests/test_visa_enquiries_smoke.py::TestVisaSmoke::test_complete_visa_application_flow - PASS (Duration: 45.73s)
2026-05-28 08:54:25 - GeoTravelGlobalLogger - INFO     - [logger.py:345] - Added test result to Unified UI Smoke + API + Partners API TEST REPORT: src/tests/smoke_tests/test_visa_enquiries_smoke.py::TestVisaSmoke::test_complete_visa_application_flow - PASS
2026-05-28 08:54:25 - GeoTravelGlobalLogger - INFO     - [logger.py:345] - Test result added: test_complete_visa_application_flow - PASS (Duration: 46.22s)
2026-05-28 08:54:25 - GeoTravelGlobalLogger - INFO     - [logger.py:345] - Creating chrome driver...
2026-05-28 08:54:26 - GeoTravelGlobalLogger - INFO     - [logger.py:345] - chrome driver created successfully
2026-05-28 08:54:26 - GeoTravelGlobalLogger - INFO     - [logger.py:345] - === Test: Visa Application Cancel Flow ===
2026-05-28 08:54:26 - GeoTravelGlobalLogger - INFO     - [logger.py:345] - 🔄 STEP 1: Navigating to Visa form
2026-05-28 08:54:27 - GeoTravelGlobalLogger - INFO     - [logger.py:345] - Navigated to: https://retail.stg.gowithgeo.com/
2026-05-28 08:54:27 - GeoTravelGlobalLogger - INFO     - [logger.py:345] - 🏁 Warming up site before homepage load...
2026-05-28 08:54:27 - GeoTravelGlobalLogger - INFO     - [logger.py:345] - Navigated to: https://retail.stg.gowithgeo.com/
2026-05-28 08:54:27 - GeoTravelGlobalLogger - INFO     - [logger.py:345] - Warm-up page opened successfully.
2026-05-28 08:54:32 - GeoTravelGlobalLogger - INFO     - [logger.py:345] - 🏠 Waiting for homepage to load (max retries: 3)
2026-05-28 08:54:32 - GeoTravelGlobalLogger - INFO     - [logger.py:345] - Attempt 1/3
2026-05-28 08:54:32 - GeoTravelGlobalLogger - INFO     - [logger.py:345] - Page body loaded
2026-05-28 08:54:32 - GeoTravelGlobalLogger - INFO     - [logger.py:345] - Validating Geo Travel page...
2026-05-28 08:54:32 - GeoTravelGlobalLogger - INFO     - [logger.py:345] - Validating page HTML structure...
2026-05-28 08:54:32 - GeoTravelGlobalLogger - INFO     - [logger.py:345] - Validating page content keywords...
2026-05-28 08:54:32 - GeoTravelGlobalLogger - INFO     - [logger.py:345] - Page validation confidence: 100.0%
2026-05-28 08:54:32 - GeoTravelGlobalLogger - INFO     - [logger.py:345] - Found keywords: ['geo', 'travel', 'destination', 'book', 'tour', 'package', 'hotel', 'flight', 'vacation', 'adventure']
2026-05-28 08:54:32 - GeoTravelGlobalLogger - INFO     - [logger.py:345] - Homepage validation passed! Confidence: 100.0%
2026-05-28 08:54:32 - GeoTravelGlobalLogger - INFO     - [logger.py:345] - Navigating to Visa page
2026-05-28 08:54:32 - GeoTravelGlobalLogger - INFO     - [logger.py:345] - Successfully navigated to Visa page
2026-05-28 08:54:32 - GeoTravelGlobalLogger - INFO     - [logger.py:345] - Clicking 'Get Started' button
2026-05-28 08:54:35 - GeoTravelGlobalLogger - INFO     - [logger.py:345] - Visa application form opened
2026-05-28 08:54:35 - GeoTravelGlobalLogger - INFO     - [logger.py:345] - Waiting for visa form to load
2026-05-28 08:54:35 - GeoTravelGlobalLogger - INFO     - [logger.py:345] - Visa form loaded successfully
2026-05-28 08:54:35 - GeoTravelGlobalLogger - INFO     - [logger.py:345] - 🔄 STEP 2: Filling partial form data
2026-05-28 08:54:35 - GeoTravelGlobalLogger - INFO     - [logger.py:345] - Filling personal details
2026-05-28 08:54:35 - GeoTravelGlobalLogger - INFO     - [logger.py:345] - Personal details filled successfully
2026-05-28 08:54:35 - GeoTravelGlobalLogger - INFO     - [logger.py:345] - 🔄 STEP 3: Cancelling application
2026-05-28 08:54:35 - GeoTravelGlobalLogger - INFO     - [logger.py:345] - Cancelling visa application
2026-05-28 08:54:38 - GeoTravelGlobalLogger - INFO     - [logger.py:345] - Visa application cancelled
2026-05-28 08:54:40 - GeoTravelGlobalLogger - INFO     - [logger.py:345] - 🔄 STEP 4: Verifying cancel action
2026-05-28 08:54:40 - GeoTravelGlobalLogger - INFO     - [logger.py:345] - SUCCESS: ✅ Visa application cancel flow verified
2026-05-28 08:54:40 - GeoTravelGlobalLogger - INFO     - [logger.py:345] - ✅ Saved test-specific logs: reports/logs/src_tests_smoke_tests_test_visa_enquiries_smoke.py_TestVisaSmoke_test_visa_application_cancel_flow_085440.log
2026-05-28 08:54:40 - GeoTravelGlobalLogger - INFO     - [logger.py:345] - Test result added: src/tests/smoke_tests/test_visa_enquiries_smoke.py::TestVisaSmoke::test_visa_application_cancel_flow - PASS (Duration: 14.15s)
2026-05-28 08:54:40 - GeoTravelGlobalLogger - INFO     - [logger.py:345] - Added test result to Unified UI Smoke + API + Partners API TEST REPORT: src/tests/smoke_tests/test_visa_enquiries_smoke.py::TestVisaSmoke::test_visa_application_cancel_flow - PASS
2026-05-28 08:54:40 - GeoTravelGlobalLogger - INFO     - [logger.py:345] - Test result added: test_visa_application_cancel_flow - PASS (Duration: 14.63s)
2026-05-28 08:54:40 - GeoTravelGlobalLogger - INFO     - [logger.py:345] - Test suite completed: 74 tests, 74 passed
2026-05-28 08:54:40 - GeoTravelGlobalLogger - INFO     - [logger.py:345] - Added smoke suite results to unified report
2026-05-28 08:54:40 - GeoTravelGlobalLogger - INFO     - [logger.py:345] - SUCCESS: All 74 smoke tests passed!
2026-05-28 08:54:40 - GeoTravelGlobalLogger - INFO     - [logger.py:345] - ✅ Completed SMOKE test suite
2026-05-28 08:54:40 - GeoTravelGlobalLogger - INFO     - [logger.py:345] - 🚀 Starting API test suite...
2026-05-28 08:54:40 - GeoTravelGlobalLogger - INFO     - [logger.py:345] - Git Metadata - Branch: MAIN, Commit: f860771
2026-05-28 08:54:40 - GeoTravelGlobalLogger - INFO     - [logger.py:345] - Branch: MAIN
2026-05-28 08:54:40 - GeoTravelGlobalLogger - INFO     - [logger.py:345] - Build ID: #2026.05.28.0843
2026-05-28 08:54:40 - GeoTravelGlobalLogger - INFO     - [logger.py:345] - Browser: CHROME
2026-05-28 08:54:40 - GeoTravelGlobalLogger - INFO     - [logger.py:345] - Environment: STAGING
2026-05-28 08:54:40 - GeoTravelGlobalLogger - INFO     - [logger.py:345] - Running API tests from src/tests/api_tests/
2026-05-28 08:54:40 - GeoTravelGlobalLogger - INFO     - [logger.py:345] - Checking API environment availability...
2026-05-28 08:54:40 - GeoTravelGlobalLogger - INFO     - [logger.py:345] - API health check attempt 1/3 for https://api.stg.gowithgeo.com/api/auth/login
2026-05-28 08:54:40 - GeoTravelGlobalLogger - INFO     - [logger.py:345] - SUCCESS: API endpoint /api/auth/login is accessible (Status: 404)
2026-05-28 08:54:40 - GeoTravelGlobalLogger - INFO     - [logger.py:345] - API environment healthy - proceeding with tests in staging
2026-05-28 08:54:40 - GeoTravelGlobalLogger - INFO     - [logger.py:345] - SUCCESS: API environment is accessible - proceeding with tests
2026-05-28 08:54:40 - GeoTravelGlobalLogger - INFO     - [logger.py:345] - Starting test suite: API SMOKE TEST
2026-05-28 08:54:40 - GeoTravelGlobalLogger - INFO     - [logger.py:345] - Environment checks will be performed after test collection
2026-05-28 08:54:40 - GeoTravelGlobalLogger - INFO     - [logger.py:345] - 🔍 Checking required environments based on detected test types...
2026-05-28 08:54:40 - GeoTravelGlobalLogger - INFO     - [logger.py:345] - 🔍 Detected test types: {'ui': False, 'api': True, 'partners_api': False}
2026-05-28 08:54:40 - GeoTravelGlobalLogger - INFO     - [logger.py:345] - API check attempt 1/3 for https://api.stg.gowithgeo.com
2026-05-28 08:54:40 - GeoTravelGlobalLogger - INFO     - [logger.py:345] - API health check attempt 1/1 for https://api.stg.gowithgeo.com/api/auth/login
2026-05-28 08:54:40 - GeoTravelGlobalLogger - INFO     - [logger.py:345] - SUCCESS: API endpoint /api/auth/login is accessible (Status: 404)
2026-05-28 08:54:40 - GeoTravelGlobalLogger - INFO     - [logger.py:345] - SUCCESS: API environment is accessible
2026-05-28 08:54:40 - GeoTravelGlobalLogger - INFO     - [logger.py:345] - SUCCESS: ✅ All required environments are accessible: api
2026-05-28 08:54:40 - GeoTravelGlobalLogger - INFO     - [logger.py:345] - === Testing Login Success ===
2026-05-28 08:54:40 - GeoTravelGlobalLogger - INFO     - [logger.py:345] - Retrieved credentials from environment for: geo.qa.bot@gmail.com
2026-05-28 08:54:40 - GeoTravelGlobalLogger - INFO     - [logger.py:345] - Attempting login with email: geo.qa.bot@gmail.com
2026-05-28 08:54:40 - GeoTravelGlobalLogger - INFO     - [logger.py:345] - 🔍 _request START - Current self.headers: {'Content-Type': 'application/json', 'Accept': 'application/json', 'X-Client-Type': 'retail'}
2026-05-28 08:54:40 - GeoTravelGlobalLogger - INFO     - [logger.py:345] - 🔍 _request - kwargs headers: {}
2026-05-28 08:54:40 - GeoTravelGlobalLogger - INFO     - [logger.py:345] - 🔍 _request FINAL headers being sent: {'Content-Type': 'application/json', 'Accept': 'application/json', 'X-Client-Type': 'retail'}
2026-05-28 08:54:40 - GeoTravelGlobalLogger - INFO     - [logger.py:345] - API Request: POST https://api.stg.gowithgeo.com/api/auth/login
2026-05-28 08:54:41 - GeoTravelGlobalLogger - INFO     - [logger.py:345] - API Response: 200
2026-05-28 08:54:41 - GeoTravelGlobalLogger - INFO     - [logger.py:345] - Token extracted via cookies (length: 167, valid)
2026-05-28 08:54:41 - GeoTravelGlobalLogger - INFO     - [logger.py:345] - ✅ Auth token set from cookies (Cookie header)
2026-05-28 08:54:41 - GeoTravelGlobalLogger - INFO     - [logger.py:345] - SUCCESS: ✅ Login successful - token set via cookies
2026-05-28 08:54:41 - GeoTravelGlobalLogger - INFO     - [logger.py:345] - Login successful with valid credentials
2026-05-28 08:54:41 - GeoTravelGlobalLogger - INFO     - [logger.py:345] - Access token received: eyJhbGciOiJIUzI1NiIsInR5cCI6IkpXVCJ9.eyJpZCI6MTUxL...
2026-05-28 08:54:41 - GeoTravelGlobalLogger - INFO     - [logger.py:345] - ✅ Saved test-specific logs: reports/logs/src_tests_api_tests_test_auth_api.py_TestAuthAPI_test_login_success_085441.log
2026-05-28 08:54:41 - GeoTravelGlobalLogger - INFO     - [logger.py:345] - Test result added: src/tests/api_tests/test_auth_api.py::TestAuthAPI::test_login_success - PASS (Duration: 1.04s)
2026-05-28 08:54:41 - GeoTravelGlobalLogger - INFO     - [logger.py:345] - Added test result to API SMOKE TEST: src/tests/api_tests/test_auth_api.py::TestAuthAPI::test_login_success - PASS
2026-05-28 08:54:41 - GeoTravelGlobalLogger - INFO     - [logger.py:345] - === Testing Login with Invalid Credentials ===
2026-05-28 08:54:41 - GeoTravelGlobalLogger - INFO     - [logger.py:345] - Attempting login with email: invalid@example.com
2026-05-28 08:54:41 - GeoTravelGlobalLogger - INFO     - [logger.py:345] - 🔍 _request START - Current self.headers: {'Content-Type': 'application/json', 'Accept': 'application/json', 'X-Client-Type': 'retail'}
2026-05-28 08:54:41 - GeoTravelGlobalLogger - INFO     - [logger.py:345] - 🔍 _request - kwargs headers: {}
2026-05-28 08:54:41 - GeoTravelGlobalLogger - INFO     - [logger.py:345] - 🔍 _request FINAL headers being sent: {'Content-Type': 'application/json', 'Accept': 'application/json', 'X-Client-Type': 'retail'}
2026-05-28 08:54:41 - GeoTravelGlobalLogger - INFO     - [logger.py:345] - API Request: POST https://api.stg.gowithgeo.com/api/auth/login
2026-05-28 08:54:41 - GeoTravelGlobalLogger - INFO     - [logger.py:345] - API Response: 400
2026-05-28 08:54:41 - GeoTravelGlobalLogger - INFO     - [logger.py:345] - Invalid credentials response: 400 - {"status":"error","message":"Invalid credentials"}
2026-05-28 08:54:41 - GeoTravelGlobalLogger - INFO     - [logger.py:345] - Invalid credentials test passed
2026-05-28 08:54:41 - GeoTravelGlobalLogger - INFO     - [logger.py:345] - ✅ Saved test-specific logs: reports/logs/src_tests_api_tests_test_auth_api.py_TestAuthAPI_test_login_invalid_credentials_085441.log
2026-05-28 08:54:41 - GeoTravelGlobalLogger - INFO     - [logger.py:345] - Test result added: src/tests/api_tests/test_auth_api.py::TestAuthAPI::test_login_invalid_credentials - PASS (Duration: 0.14s)
2026-05-28 08:54:41 - GeoTravelGlobalLogger - INFO     - [logger.py:345] - Added test result to API SMOKE TEST: src/tests/api_tests/test_auth_api.py::TestAuthAPI::test_login_invalid_credentials - PASS
2026-05-28 08:54:41 - GeoTravelGlobalLogger - INFO     - [logger.py:345] - === Testing Login with Empty Credentials ===
2026-05-28 08:54:41 - GeoTravelGlobalLogger - INFO     - [logger.py:345] - Attempting login with email: 
2026-05-28 08:54:41 - GeoTravelGlobalLogger - INFO     - [logger.py:345] - 🔍 _request START - Current self.headers: {'Content-Type': 'application/json', 'Accept': 'application/json', 'X-Client-Type': 'retail'}
2026-05-28 08:54:41 - GeoTravelGlobalLogger - INFO     - [logger.py:345] - 🔍 _request - kwargs headers: {}
2026-05-28 08:54:41 - GeoTravelGlobalLogger - INFO     - [logger.py:345] - 🔍 _request FINAL headers being sent: {'Content-Type': 'application/json', 'Accept': 'application/json', 'X-Client-Type': 'retail'}
2026-05-28 08:54:41 - GeoTravelGlobalLogger - INFO     - [logger.py:345] - API Request: POST https://api.stg.gowithgeo.com/api/auth/login
2026-05-28 08:54:42 - GeoTravelGlobalLogger - INFO     - [logger.py:345] - API Response: 400
2026-05-28 08:54:42 - GeoTravelGlobalLogger - INFO     - [logger.py:345] - Empty credentials response: 400 - {"status":"error","message":"Validation failed","errors":[{"message":"Email is required"},{"message":"Password is required"}]}
2026-05-28 08:54:42 - GeoTravelGlobalLogger - INFO     - [logger.py:345] - Empty credentials test passed
2026-05-28 08:54:42 - GeoTravelGlobalLogger - INFO     - [logger.py:345] - ✅ Saved test-specific logs: reports/logs/src_tests_api_tests_test_auth_api.py_TestAuthAPI_test_login_empty_credentials_085442.log
2026-05-28 08:54:42 - GeoTravelGlobalLogger - INFO     - [logger.py:345] - Test result added: src/tests/api_tests/test_auth_api.py::TestAuthAPI::test_login_empty_credentials - PASS (Duration: 0.06s)
2026-05-28 08:54:42 - GeoTravelGlobalLogger - INFO     - [logger.py:345] - Added test result to API SMOKE TEST: src/tests/api_tests/test_auth_api.py::TestAuthAPI::test_login_empty_credentials - PASS
2026-05-28 08:54:42 - GeoTravelGlobalLogger - INFO     - [logger.py:345] - === Testing Login with Missing Password ===
2026-05-28 08:54:42 - GeoTravelGlobalLogger - INFO     - [logger.py:345] - Attempting login with email: test@example.com
2026-05-28 08:54:42 - GeoTravelGlobalLogger - INFO     - [logger.py:345] - 🔍 _request START - Current self.headers: {'Content-Type': 'application/json', 'Accept': 'application/json', 'X-Client-Type': 'retail'}
2026-05-28 08:54:42 - GeoTravelGlobalLogger - INFO     - [logger.py:345] - 🔍 _request - kwargs headers: {}
2026-05-28 08:54:42 - GeoTravelGlobalLogger - INFO     - [logger.py:345] - 🔍 _request FINAL headers being sent: {'Content-Type': 'application/json', 'Accept': 'application/json', 'X-Client-Type': 'retail'}
2026-05-28 08:54:42 - GeoTravelGlobalLogger - INFO     - [logger.py:345] - API Request: POST https://api.stg.gowithgeo.com/api/auth/login
2026-05-28 08:54:42 - GeoTravelGlobalLogger - INFO     - [logger.py:345] - API Response: 400
2026-05-28 08:54:42 - GeoTravelGlobalLogger - INFO     - [logger.py:345] - Missing password response: 400 - {"status":"error","message":"Validation failed","errors":[{"message":"Password is required"}]}
2026-05-28 08:54:42 - GeoTravelGlobalLogger - INFO     - [logger.py:345] - Missing password test passed
2026-05-28 08:54:42 - GeoTravelGlobalLogger - INFO     - [logger.py:345] - ✅ Saved test-specific logs: reports/logs/src_tests_api_tests_test_auth_api.py_TestAuthAPI_test_login_missing_password_085442.log
2026-05-28 08:54:42 - GeoTravelGlobalLogger - INFO     - [logger.py:345] - Test result added: src/tests/api_tests/test_auth_api.py::TestAuthAPI::test_login_missing_password - PASS (Duration: 0.06s)
2026-05-28 08:54:42 - GeoTravelGlobalLogger - INFO     - [logger.py:345] - Added test result to API SMOKE TEST: src/tests/api_tests/test_auth_api.py::TestAuthAPI::test_login_missing_password - PASS
2026-05-28 08:54:42 - GeoTravelGlobalLogger - INFO     - [logger.py:345] - === Testing Auth Token Set After Successful Login ===
2026-05-28 08:54:42 - GeoTravelGlobalLogger - INFO     - [logger.py:345] - Retrieved credentials from environment for: geo.qa.bot@gmail.com
2026-05-28 08:54:42 - GeoTravelGlobalLogger - INFO     - [logger.py:345] - Attempting login with email: geo.qa.bot@gmail.com
2026-05-28 08:54:42 - GeoTravelGlobalLogger - INFO     - [logger.py:345] - 🔍 _request START - Current self.headers: {'Content-Type': 'application/json', 'Accept': 'application/json', 'X-Client-Type': 'retail'}
2026-05-28 08:54:42 - GeoTravelGlobalLogger - INFO     - [logger.py:345] - 🔍 _request - kwargs headers: {}
2026-05-28 08:54:42 - GeoTravelGlobalLogger - INFO     - [logger.py:345] - 🔍 _request FINAL headers being sent: {'Content-Type': 'application/json', 'Accept': 'application/json', 'X-Client-Type': 'retail'}
2026-05-28 08:54:42 - GeoTravelGlobalLogger - INFO     - [logger.py:345] - API Request: POST https://api.stg.gowithgeo.com/api/auth/login
2026-05-28 08:54:42 - GeoTravelGlobalLogger - INFO     - [logger.py:345] - API Response: 200
2026-05-28 08:54:42 - GeoTravelGlobalLogger - INFO     - [logger.py:345] - Token extracted via cookies (length: 167, valid)
2026-05-28 08:54:42 - GeoTravelGlobalLogger - INFO     - [logger.py:345] - ✅ Auth token set from cookies (Cookie header)
2026-05-28 08:54:42 - GeoTravelGlobalLogger - INFO     - [logger.py:345] - SUCCESS: ✅ Login successful - token set via cookies
2026-05-28 08:54:42 - GeoTravelGlobalLogger - INFO     - [logger.py:345] - Cookie header: retail_access_token=eyJhbGciOiJIUzI1NiIsInR5cCI6Ik...
2026-05-28 08:54:42 - GeoTravelGlobalLogger - INFO     - [logger.py:345] - ✅ Auth token successfully set (length: 167)
2026-05-28 08:54:42 - GeoTravelGlobalLogger - INFO     - [logger.py:345] - ✅ Saved test-specific logs: reports/logs/src_tests_api_tests_test_auth_api.py_TestAuthAPI_test_auth_token_set_after_successful_login_085442.log
2026-05-28 08:54:42 - GeoTravelGlobalLogger - INFO     - [logger.py:345] - Test result added: src/tests/api_tests/test_auth_api.py::TestAuthAPI::test_auth_token_set_after_successful_login - PASS (Duration: 0.32s)
2026-05-28 08:54:42 - GeoTravelGlobalLogger - INFO     - [logger.py:345] - Added test result to API SMOKE TEST: src/tests/api_tests/test_auth_api.py::TestAuthAPI::test_auth_token_set_after_successful_login - PASS
2026-05-28 08:54:42 - GeoTravelGlobalLogger - INFO     - [logger.py:345] - === Testing Dynamic Token Extraction ===
2026-05-28 08:54:42 - GeoTravelGlobalLogger - INFO     - [logger.py:345] - Retrieved credentials from environment for: geo.qa.bot@gmail.com
2026-05-28 08:54:42 - GeoTravelGlobalLogger - INFO     - [logger.py:345] - Attempting login with email: geo.qa.bot@gmail.com
2026-05-28 08:54:42 - GeoTravelGlobalLogger - INFO     - [logger.py:345] - 🔍 _request START - Current self.headers: {'Content-Type': 'application/json', 'Accept': 'application/json', 'X-Client-Type': 'retail'}
2026-05-28 08:54:42 - GeoTravelGlobalLogger - INFO     - [logger.py:345] - 🔍 _request - kwargs headers: {}
2026-05-28 08:54:42 - GeoTravelGlobalLogger - INFO     - [logger.py:345] - 🔍 _request FINAL headers being sent: {'Content-Type': 'application/json', 'Accept': 'application/json', 'X-Client-Type': 'retail'}
2026-05-28 08:54:42 - GeoTravelGlobalLogger - INFO     - [logger.py:345] - API Request: POST https://api.stg.gowithgeo.com/api/auth/login
2026-05-28 08:54:42 - GeoTravelGlobalLogger - INFO     - [logger.py:345] - API Response: 200
2026-05-28 08:54:42 - GeoTravelGlobalLogger - INFO     - [logger.py:345] - Token extracted via cookies (length: 167, valid)
2026-05-28 08:54:42 - GeoTravelGlobalLogger - INFO     - [logger.py:345] - ✅ Auth token set from cookies (Cookie header)
2026-05-28 08:54:42 - GeoTravelGlobalLogger - INFO     - [logger.py:345] - SUCCESS: ✅ Login successful - token set via cookies
2026-05-28 08:54:42 - GeoTravelGlobalLogger - INFO     - [logger.py:345] - SUCCESS: ✅ Dynamic token extraction successful via 'cookies'
2026-05-28 08:54:42 - GeoTravelGlobalLogger - INFO     - [logger.py:345] - ✅ Saved test-specific logs: reports/logs/src_tests_api_tests_test_auth_api.py_TestAuthAPI_test_dynamic_token_extraction_085442.log
2026-05-28 08:54:42 - GeoTravelGlobalLogger - INFO     - [logger.py:345] - Test result added: src/tests/api_tests/test_auth_api.py::TestAuthAPI::test_dynamic_token_extraction - PASS (Duration: 0.31s)
2026-05-28 08:54:42 - GeoTravelGlobalLogger - INFO     - [logger.py:345] - Added test result to API SMOKE TEST: src/tests/api_tests/test_auth_api.py::TestAuthAPI::test_dynamic_token_extraction - PASS
2026-05-28 08:54:42 - GeoTravelGlobalLogger - INFO     - [logger.py:345] - === Testing Token Validation ===
2026-05-28 08:54:42 - GeoTravelGlobalLogger - INFO     - [logger.py:345] - Retrieved credentials from environment for: geo.qa.bot@gmail.com
2026-05-28 08:54:42 - GeoTravelGlobalLogger - INFO     - [logger.py:345] - Attempting login with email: geo.qa.bot@gmail.com
2026-05-28 08:54:42 - GeoTravelGlobalLogger - INFO     - [logger.py:345] - 🔍 _request START - Current self.headers: {'Content-Type': 'application/json', 'Accept': 'application/json', 'X-Client-Type': 'retail'}
2026-05-28 08:54:42 - GeoTravelGlobalLogger - INFO     - [logger.py:345] - 🔍 _request - kwargs headers: {}
2026-05-28 08:54:42 - GeoTravelGlobalLogger - INFO     - [logger.py:345] - 🔍 _request FINAL headers being sent: {'Content-Type': 'application/json', 'Accept': 'application/json', 'X-Client-Type': 'retail'}
2026-05-28 08:54:42 - GeoTravelGlobalLogger - INFO     - [logger.py:345] - API Request: POST https://api.stg.gowithgeo.com/api/auth/login
2026-05-28 08:54:43 - GeoTravelGlobalLogger - INFO     - [logger.py:345] - API Response: 200
2026-05-28 08:54:43 - GeoTravelGlobalLogger - INFO     - [logger.py:345] - Token extracted via cookies (length: 167, valid)
2026-05-28 08:54:43 - GeoTravelGlobalLogger - INFO     - [logger.py:345] - ✅ Auth token set from cookies (Cookie header)
2026-05-28 08:54:43 - GeoTravelGlobalLogger - INFO     - [logger.py:345] - SUCCESS: ✅ Login successful - token set via cookies
2026-05-28 08:54:43 - GeoTravelGlobalLogger - INFO     - [logger.py:345] - SUCCESS: ✅ Token validation working correctly
2026-05-28 08:54:43 - GeoTravelGlobalLogger - INFO     - [logger.py:345] - ✅ Saved test-specific logs: reports/logs/src_tests_api_tests_test_auth_api.py_TestAuthAPI_test_token_validation_085443.log
2026-05-28 08:54:43 - GeoTravelGlobalLogger - INFO     - [logger.py:345] - Test result added: src/tests/api_tests/test_auth_api.py::TestAuthAPI::test_token_validation - PASS (Duration: 0.30s)
2026-05-28 08:54:43 - GeoTravelGlobalLogger - INFO     - [logger.py:345] - Added test result to API SMOKE TEST: src/tests/api_tests/test_auth_api.py::TestAuthAPI::test_token_validation - PASS
2026-05-28 08:54:43 - GeoTravelGlobalLogger - INFO     - [logger.py:345] - Retrieved credentials from environment for: geo.qa.bot@gmail.com
2026-05-28 08:54:43 - GeoTravelGlobalLogger - INFO     - [logger.py:345] - Attempting login with email: geo.qa.bot@gmail.com
2026-05-28 08:54:43 - GeoTravelGlobalLogger - INFO     - [logger.py:345] - 🔍 _request START - Current self.headers: {'Content-Type': 'application/json', 'Accept': 'application/json', 'X-Client-Type': 'retail'}
2026-05-28 08:54:43 - GeoTravelGlobalLogger - INFO     - [logger.py:345] - 🔍 _request - kwargs headers: {}
2026-05-28 08:54:43 - GeoTravelGlobalLogger - INFO     - [logger.py:345] - 🔍 _request FINAL headers being sent: {'Content-Type': 'application/json', 'Accept': 'application/json', 'X-Client-Type': 'retail'}
2026-05-28 08:54:43 - GeoTravelGlobalLogger - INFO     - [logger.py:345] - API Request: POST https://api.stg.gowithgeo.com/api/auth/login
2026-05-28 08:54:43 - GeoTravelGlobalLogger - INFO     - [logger.py:345] - API Response: 200
2026-05-28 08:54:43 - GeoTravelGlobalLogger - INFO     - [logger.py:345] - Token extracted via cookies (length: 167, valid)
2026-05-28 08:54:43 - GeoTravelGlobalLogger - INFO     - [logger.py:345] - ✅ Auth token set from cookies (Cookie header)
2026-05-28 08:54:43 - GeoTravelGlobalLogger - INFO     - [logger.py:345] - SUCCESS: ✅ Login successful - token set via cookies
2026-05-28 08:54:43 - GeoTravelGlobalLogger - INFO     - [logger.py:345] - SUCCESS: ✅ Authenticated successfully (token length: 167)
2026-05-28 08:54:43 - GeoTravelGlobalLogger - INFO     - [logger.py:345] - ✅ Auth token set from cookies (Cookie header)
2026-05-28 08:54:43 - GeoTravelGlobalLogger - INFO     - [logger.py:345] - ✅ Auth token set from cookies (Cookie header)
2026-05-28 08:54:43 - GeoTravelGlobalLogger - INFO     - [logger.py:345] - === Testing Flight Search Request ===
2026-05-28 08:54:43 - GeoTravelGlobalLogger - INFO     - [logger.py:345] - 🔍 _request START - Current self.headers: {'Content-Type': 'application/json', 'Accept': 'application/json', 'X-Client-Type': 'retail', 'Cookie': 'retail_access_token=eyJhbGciOiJIUzI1NiIsInR5cCI6IkpXVCJ9.eyJpZCI6MTUxLCJ1c2VyVHlwZSI6IlJFVEFJTCIsImlhdCI6MTc3OTk1ODQ4MywiZXhwIjoxNzgwMDAxNjgzfQ.wgo-y3JUe2GV1y89kMR0gMSZpbzb_gAMCiwwp7v5YoY'}
2026-05-28 08:54:43 - GeoTravelGlobalLogger - INFO     - [logger.py:345] - 🔍 _request - kwargs headers: {}
2026-05-28 08:54:43 - GeoTravelGlobalLogger - INFO     - [logger.py:345] - 🔍 _request FINAL headers being sent: {'Content-Type': 'application/json', 'Accept': 'application/json', 'X-Client-Type': 'retail', 'Cookie': 'retail_access_token=eyJhbGciOiJIUzI1NiIsInR5cCI6IkpXVCJ9.eyJpZCI6MTUxLCJ1c2VyVHlwZSI6IlJFVEFJTCIsImlhdCI6MTc3OTk1ODQ4MywiZXhwIjoxNzgwMDAxNjgzfQ.wgo-y3JUe2GV1y89kMR0gMSZpbzb_gAMCiwwp7v5YoY'}
2026-05-28 08:54:43 - GeoTravelGlobalLogger - INFO     - [logger.py:345] - API Request: POST https://api.stg.gowithgeo.com/api/flight/search-request
2026-05-28 08:54:43 - GeoTravelGlobalLogger - INFO     - [logger.py:345] - API Response: 200
2026-05-28 08:54:43 - GeoTravelGlobalLogger - INFO     - [logger.py:345] - Search Response: 200 - {"message":"Flight search saved successfully","data":{"search_id":"08cf4f47-aed6-41df-a0cb-6ba1905007ec"}}
2026-05-28 08:54:43 - GeoTravelGlobalLogger - INFO     - [logger.py:345] - Flight search request test passed
2026-05-28 08:54:43 - GeoTravelGlobalLogger - INFO     - [logger.py:345] - Search ID: 08cf4f47-aed6-41df-a0cb-6ba1905007ec
2026-05-28 08:54:43 - GeoTravelGlobalLogger - INFO     - [logger.py:345] - ✅ Saved test-specific logs: reports/logs/src_tests_api_tests_test_flight_api.py_TestFlightAPI_test_flight_search_request_085443.log
2026-05-28 08:54:43 - GeoTravelGlobalLogger - INFO     - [logger.py:345] - Test result added: src/tests/api_tests/test_flight_api.py::TestFlightAPI::test_flight_search_request - PASS (Duration: 0.28s)
2026-05-28 08:54:43 - GeoTravelGlobalLogger - INFO     - [logger.py:345] - Added test result to API SMOKE TEST: src/tests/api_tests/test_flight_api.py::TestFlightAPI::test_flight_search_request - PASS
2026-05-28 08:54:43 - GeoTravelGlobalLogger - INFO     - [logger.py:345] - Retrieved credentials from environment for: geo.qa.bot@gmail.com
2026-05-28 08:54:43 - GeoTravelGlobalLogger - INFO     - [logger.py:345] - Attempting login with email: geo.qa.bot@gmail.com
2026-05-28 08:54:43 - GeoTravelGlobalLogger - INFO     - [logger.py:345] - 🔍 _request START - Current self.headers: {'Content-Type': 'application/json', 'Accept': 'application/json', 'X-Client-Type': 'retail'}
2026-05-28 08:54:43 - GeoTravelGlobalLogger - INFO     - [logger.py:345] - 🔍 _request - kwargs headers: {}
2026-05-28 08:54:43 - GeoTravelGlobalLogger - INFO     - [logger.py:345] - 🔍 _request FINAL headers being sent: {'Content-Type': 'application/json', 'Accept': 'application/json', 'X-Client-Type': 'retail'}
2026-05-28 08:54:43 - GeoTravelGlobalLogger - INFO     - [logger.py:345] - API Request: POST https://api.stg.gowithgeo.com/api/auth/login
2026-05-28 08:54:43 - GeoTravelGlobalLogger - INFO     - [logger.py:345] - API Response: 200
2026-05-28 08:54:43 - GeoTravelGlobalLogger - INFO     - [logger.py:345] - Token extracted via cookies (length: 167, valid)
2026-05-28 08:54:43 - GeoTravelGlobalLogger - INFO     - [logger.py:345] - ✅ Auth token set from cookies (Cookie header)
2026-05-28 08:54:43 - GeoTravelGlobalLogger - INFO     - [logger.py:345] - SUCCESS: ✅ Login successful - token set via cookies
2026-05-28 08:54:43 - GeoTravelGlobalLogger - INFO     - [logger.py:345] - SUCCESS: ✅ Authenticated successfully (token length: 167)
2026-05-28 08:54:43 - GeoTravelGlobalLogger - INFO     - [logger.py:345] - ✅ Auth token set from cookies (Cookie header)
2026-05-28 08:54:43 - GeoTravelGlobalLogger - INFO     - [logger.py:345] - ✅ Auth token set from cookies (Cookie header)
2026-05-28 08:54:43 - GeoTravelGlobalLogger - INFO     - [logger.py:345] - === Testing Flight Search Flow ===
2026-05-28 08:54:43 - GeoTravelGlobalLogger - INFO     - [logger.py:345] - 🔍 _request START - Current self.headers: {'Content-Type': 'application/json', 'Accept': 'application/json', 'X-Client-Type': 'retail', 'Cookie': 'retail_access_token=eyJhbGciOiJIUzI1NiIsInR5cCI6IkpXVCJ9.eyJpZCI6MTUxLCJ1c2VyVHlwZSI6IlJFVEFJTCIsImlhdCI6MTc3OTk1ODQ4MywiZXhwIjoxNzgwMDAxNjgzfQ.wgo-y3JUe2GV1y89kMR0gMSZpbzb_gAMCiwwp7v5YoY'}
2026-05-28 08:54:43 - GeoTravelGlobalLogger - INFO     - [logger.py:345] - 🔍 _request - kwargs headers: {}
2026-05-28 08:54:43 - GeoTravelGlobalLogger - INFO     - [logger.py:345] - 🔍 _request FINAL headers being sent: {'Content-Type': 'application/json', 'Accept': 'application/json', 'X-Client-Type': 'retail', 'Cookie': 'retail_access_token=eyJhbGciOiJIUzI1NiIsInR5cCI6IkpXVCJ9.eyJpZCI6MTUxLCJ1c2VyVHlwZSI6IlJFVEFJTCIsImlhdCI6MTc3OTk1ODQ4MywiZXhwIjoxNzgwMDAxNjgzfQ.wgo-y3JUe2GV1y89kMR0gMSZpbzb_gAMCiwwp7v5YoY'}
2026-05-28 08:54:43 - GeoTravelGlobalLogger - INFO     - [logger.py:345] - API Request: POST https://api.stg.gowithgeo.com/api/flight/search-request
2026-05-28 08:54:44 - GeoTravelGlobalLogger - INFO     - [logger.py:345] - API Response: 200
2026-05-28 08:54:44 - GeoTravelGlobalLogger - INFO     - [logger.py:345] - 🔍 _request START - Current self.headers: {'Content-Type': 'application/json', 'Accept': 'application/json', 'X-Client-Type': 'retail', 'Cookie': 'retail_access_token=eyJhbGciOiJIUzI1NiIsInR5cCI6IkpXVCJ9.eyJpZCI6MTUxLCJ1c2VyVHlwZSI6IlJFVEFJTCIsImlhdCI6MTc3OTk1ODQ4MywiZXhwIjoxNzgwMDAxNjgzfQ.wgo-y3JUe2GV1y89kMR0gMSZpbzb_gAMCiwwp7v5YoY'}
2026-05-28 08:54:44 - GeoTravelGlobalLogger - INFO     - [logger.py:345] - 🔍 _request - kwargs headers: {}
2026-05-28 08:54:44 - GeoTravelGlobalLogger - INFO     - [logger.py:345] - 🔍 _request FINAL headers being sent: {'Content-Type': 'application/json', 'Accept': 'application/json', 'X-Client-Type': 'retail', 'Cookie': 'retail_access_token=eyJhbGciOiJIUzI1NiIsInR5cCI6IkpXVCJ9.eyJpZCI6MTUxLCJ1c2VyVHlwZSI6IlJFVEFJTCIsImlhdCI6MTc3OTk1ODQ4MywiZXhwIjoxNzgwMDAxNjgzfQ.wgo-y3JUe2GV1y89kMR0gMSZpbzb_gAMCiwwp7v5YoY'}
2026-05-28 08:54:44 - GeoTravelGlobalLogger - INFO     - [logger.py:345] - API Request: GET https://api.stg.gowithgeo.com/api/flight/search?search_id=9d5db718-4a09-49dc-88b9-7b56ab2708d3
2026-05-28 08:54:52 - GeoTravelGlobalLogger - INFO     - [logger.py:345] - API Response: 200
2026-05-28 08:54:52 - GeoTravelGlobalLogger - INFO     - [logger.py:345] - Search Results: 200
2026-05-28 08:54:52 - GeoTravelGlobalLogger - INFO     - [logger.py:345] - ✅ Saved test-specific logs: reports/logs/src_tests_api_tests_test_flight_api.py_TestFlightAPI_test_flight_search_flow_085452.log
2026-05-28 08:54:52 - GeoTravelGlobalLogger - INFO     - [logger.py:345] - Test result added: src/tests/api_tests/test_flight_api.py::TestFlightAPI::test_flight_search_flow - PASS (Duration: 8.71s)
2026-05-28 08:54:52 - GeoTravelGlobalLogger - INFO     - [logger.py:345] - Added test result to API SMOKE TEST: src/tests/api_tests/test_flight_api.py::TestFlightAPI::test_flight_search_flow - PASS
2026-05-28 08:54:52 - GeoTravelGlobalLogger - INFO     - [logger.py:345] - Retrieved credentials from environment for: geo.qa.bot@gmail.com
2026-05-28 08:54:52 - GeoTravelGlobalLogger - INFO     - [logger.py:345] - Attempting login with email: geo.qa.bot@gmail.com
2026-05-28 08:54:52 - GeoTravelGlobalLogger - INFO     - [logger.py:345] - 🔍 _request START - Current self.headers: {'Content-Type': 'application/json', 'Accept': 'application/json', 'X-Client-Type': 'retail'}
2026-05-28 08:54:52 - GeoTravelGlobalLogger - INFO     - [logger.py:345] - 🔍 _request - kwargs headers: {}
2026-05-28 08:54:52 - GeoTravelGlobalLogger - INFO     - [logger.py:345] - 🔍 _request FINAL headers being sent: {'Content-Type': 'application/json', 'Accept': 'application/json', 'X-Client-Type': 'retail'}
2026-05-28 08:54:52 - GeoTravelGlobalLogger - INFO     - [logger.py:345] - API Request: POST https://api.stg.gowithgeo.com/api/auth/login
2026-05-28 08:54:52 - GeoTravelGlobalLogger - INFO     - [logger.py:345] - API Response: 200
2026-05-28 08:54:52 - GeoTravelGlobalLogger - INFO     - [logger.py:345] - Token extracted via cookies (length: 167, valid)
2026-05-28 08:54:52 - GeoTravelGlobalLogger - INFO     - [logger.py:345] - ✅ Auth token set from cookies (Cookie header)
2026-05-28 08:54:52 - GeoTravelGlobalLogger - INFO     - [logger.py:345] - SUCCESS: ✅ Login successful - token set via cookies
2026-05-28 08:54:52 - GeoTravelGlobalLogger - INFO     - [logger.py:345] - SUCCESS: ✅ Authenticated successfully (token length: 167)
2026-05-28 08:54:52 - GeoTravelGlobalLogger - INFO     - [logger.py:345] - ✅ Auth token set from cookies (Cookie header)
2026-05-28 08:54:52 - GeoTravelGlobalLogger - INFO     - [logger.py:345] - ✅ Auth token set from cookies (Cookie header)
2026-05-28 08:54:52 - GeoTravelGlobalLogger - INFO     - [logger.py:345] - === Testing Flight Quote Flow ===
2026-05-28 08:54:52 - GeoTravelGlobalLogger - INFO     - [logger.py:345] - 🔍 _request START - Current self.headers: {'Content-Type': 'application/json', 'Accept': 'application/json', 'X-Client-Type': 'retail', 'Cookie': 'retail_access_token=eyJhbGciOiJIUzI1NiIsInR5cCI6IkpXVCJ9.eyJpZCI6MTUxLCJ1c2VyVHlwZSI6IlJFVEFJTCIsImlhdCI6MTc3OTk1ODQ5MiwiZXhwIjoxNzgwMDAxNjkyfQ.-0M2WwYFlUMUb-j7FQ8FA-M1W5ZP1gTCe5KkR-loQeA'}
2026-05-28 08:54:52 - GeoTravelGlobalLogger - INFO     - [logger.py:345] - 🔍 _request - kwargs headers: {}
2026-05-28 08:54:52 - GeoTravelGlobalLogger - INFO     - [logger.py:345] - 🔍 _request FINAL headers being sent: {'Content-Type': 'application/json', 'Accept': 'application/json', 'X-Client-Type': 'retail', 'Cookie': 'retail_access_token=eyJhbGciOiJIUzI1NiIsInR5cCI6IkpXVCJ9.eyJpZCI6MTUxLCJ1c2VyVHlwZSI6IlJFVEFJTCIsImlhdCI6MTc3OTk1ODQ5MiwiZXhwIjoxNzgwMDAxNjkyfQ.-0M2WwYFlUMUb-j7FQ8FA-M1W5ZP1gTCe5KkR-loQeA'}
2026-05-28 08:54:52 - GeoTravelGlobalLogger - INFO     - [logger.py:345] - API Request: POST https://api.stg.gowithgeo.com/api/flight/quote
2026-05-28 08:54:53 - GeoTravelGlobalLogger - INFO     - [logger.py:345] - API Response: 400
2026-05-28 08:54:53 - GeoTravelGlobalLogger - INFO     - [logger.py:345] - ✅ Saved test-specific logs: reports/logs/src_tests_api_tests_test_flight_api.py_TestFlightAPI_test_flight_quote_flow_085453.log
2026-05-28 08:54:53 - GeoTravelGlobalLogger - INFO     - [logger.py:345] - Test result added: src/tests/api_tests/test_flight_api.py::TestFlightAPI::test_flight_quote_flow - PASS (Duration: 0.07s)
2026-05-28 08:54:53 - GeoTravelGlobalLogger - INFO     - [logger.py:345] - Added test result to API SMOKE TEST: src/tests/api_tests/test_flight_api.py::TestFlightAPI::test_flight_quote_flow - PASS
2026-05-28 08:54:53 - GeoTravelGlobalLogger - INFO     - [logger.py:345] - Retrieved credentials from environment for: geo.qa.bot@gmail.com
2026-05-28 08:54:53 - GeoTravelGlobalLogger - INFO     - [logger.py:345] - Attempting login with email: geo.qa.bot@gmail.com
2026-05-28 08:54:53 - GeoTravelGlobalLogger - INFO     - [logger.py:345] - 🔍 _request START - Current self.headers: {'Content-Type': 'application/json', 'Accept': 'application/json', 'X-Client-Type': 'retail'}
2026-05-28 08:54:53 - GeoTravelGlobalLogger - INFO     - [logger.py:345] - 🔍 _request - kwargs headers: {}
2026-05-28 08:54:53 - GeoTravelGlobalLogger - INFO     - [logger.py:345] - 🔍 _request FINAL headers being sent: {'Content-Type': 'application/json', 'Accept': 'application/json', 'X-Client-Type': 'retail'}
2026-05-28 08:54:53 - GeoTravelGlobalLogger - INFO     - [logger.py:345] - API Request: POST https://api.stg.gowithgeo.com/api/auth/login
2026-05-28 08:54:53 - GeoTravelGlobalLogger - INFO     - [logger.py:345] - API Response: 200
2026-05-28 08:54:53 - GeoTravelGlobalLogger - INFO     - [logger.py:345] - Token extracted via cookies (length: 167, valid)
2026-05-28 08:54:53 - GeoTravelGlobalLogger - INFO     - [logger.py:345] - ✅ Auth token set from cookies (Cookie header)
2026-05-28 08:54:53 - GeoTravelGlobalLogger - INFO     - [logger.py:345] - SUCCESS: ✅ Login successful - token set via cookies
2026-05-28 08:54:53 - GeoTravelGlobalLogger - INFO     - [logger.py:345] - SUCCESS: ✅ Authenticated successfully (token length: 167)
2026-05-28 08:54:53 - GeoTravelGlobalLogger - INFO     - [logger.py:345] - ✅ Auth token set from cookies (Cookie header)
2026-05-28 08:54:53 - GeoTravelGlobalLogger - INFO     - [logger.py:345] - ✅ Auth token set from cookies (Cookie header)
2026-05-28 08:54:53 - GeoTravelGlobalLogger - INFO     - [logger.py:345] - === Testing Passenger Email Validation ===
2026-05-28 08:54:53 - GeoTravelGlobalLogger - INFO     - [logger.py:345] - 🔍 _request START - Current self.headers: {'Content-Type': 'application/json', 'Accept': 'application/json', 'X-Client-Type': 'retail', 'Cookie': 'retail_access_token=eyJhbGciOiJIUzI1NiIsInR5cCI6IkpXVCJ9.eyJpZCI6MTUxLCJ1c2VyVHlwZSI6IlJFVEFJTCIsImlhdCI6MTc3OTk1ODQ5MywiZXhwIjoxNzgwMDAxNjkzfQ.uX1___JsGsyX10RA0t1nIveSpV3HaXnbWdxYTr_LS80'}
2026-05-28 08:54:53 - GeoTravelGlobalLogger - INFO     - [logger.py:345] - 🔍 _request - kwargs headers: {}
2026-05-28 08:54:53 - GeoTravelGlobalLogger - INFO     - [logger.py:345] - 🔍 _request FINAL headers being sent: {'Content-Type': 'application/json', 'Accept': 'application/json', 'X-Client-Type': 'retail', 'Cookie': 'retail_access_token=eyJhbGciOiJIUzI1NiIsInR5cCI6IkpXVCJ9.eyJpZCI6MTUxLCJ1c2VyVHlwZSI6IlJFVEFJTCIsImlhdCI6MTc3OTk1ODQ5MywiZXhwIjoxNzgwMDAxNjkzfQ.uX1___JsGsyX10RA0t1nIveSpV3HaXnbWdxYTr_LS80'}
2026-05-28 08:54:53 - GeoTravelGlobalLogger - INFO     - [logger.py:345] - API Request: POST https://api.stg.gowithgeo.com/api/flight/validate-passenger-email
2026-05-28 08:54:53 - GeoTravelGlobalLogger - INFO     - [logger.py:345] - API Response: 200
2026-05-28 08:54:53 - GeoTravelGlobalLogger - INFO     - [logger.py:345] - Email Validation: 200
2026-05-28 08:54:53 - GeoTravelGlobalLogger - INFO     - [logger.py:345] - ✅ Saved test-specific logs: reports/logs/src_tests_api_tests_test_flight_api.py_TestFlightAPI_test_passenger_email_validation_085453.log
2026-05-28 08:54:53 - GeoTravelGlobalLogger - INFO     - [logger.py:345] - Test result added: src/tests/api_tests/test_flight_api.py::TestFlightAPI::test_passenger_email_validation - PASS (Duration: 0.15s)
2026-05-28 08:54:53 - GeoTravelGlobalLogger - INFO     - [logger.py:345] - Added test result to API SMOKE TEST: src/tests/api_tests/test_flight_api.py::TestFlightAPI::test_passenger_email_validation - PASS
2026-05-28 08:54:53 - GeoTravelGlobalLogger - INFO     - [logger.py:345] - Retrieved credentials from environment for: geo.qa.bot@gmail.com
2026-05-28 08:54:53 - GeoTravelGlobalLogger - INFO     - [logger.py:345] - Attempting login with email: geo.qa.bot@gmail.com
2026-05-28 08:54:53 - GeoTravelGlobalLogger - INFO     - [logger.py:345] - 🔍 _request START - Current self.headers: {'Content-Type': 'application/json', 'Accept': 'application/json', 'X-Client-Type': 'retail'}
2026-05-28 08:54:53 - GeoTravelGlobalLogger - INFO     - [logger.py:345] - 🔍 _request - kwargs headers: {}
2026-05-28 08:54:53 - GeoTravelGlobalLogger - INFO     - [logger.py:345] - 🔍 _request FINAL headers being sent: {'Content-Type': 'application/json', 'Accept': 'application/json', 'X-Client-Type': 'retail'}
2026-05-28 08:54:53 - GeoTravelGlobalLogger - INFO     - [logger.py:345] - API Request: POST https://api.stg.gowithgeo.com/api/auth/login
2026-05-28 08:54:53 - GeoTravelGlobalLogger - INFO     - [logger.py:345] - API Response: 200
2026-05-28 08:54:53 - GeoTravelGlobalLogger - INFO     - [logger.py:345] - Token extracted via cookies (length: 167, valid)
2026-05-28 08:54:53 - GeoTravelGlobalLogger - INFO     - [logger.py:345] - ✅ Auth token set from cookies (Cookie header)
2026-05-28 08:54:53 - GeoTravelGlobalLogger - INFO     - [logger.py:345] - SUCCESS: ✅ Login successful - token set via cookies
2026-05-28 08:54:53 - GeoTravelGlobalLogger - INFO     - [logger.py:345] - SUCCESS: ✅ Authenticated successfully (token length: 167)
2026-05-28 08:54:53 - GeoTravelGlobalLogger - INFO     - [logger.py:345] - ✅ Auth token set from cookies (Cookie header)
2026-05-28 08:54:53 - GeoTravelGlobalLogger - INFO     - [logger.py:345] - ✅ Auth token set from cookies (Cookie header)
2026-05-28 08:54:53 - GeoTravelGlobalLogger - INFO     - [logger.py:345] - === Testing Different Cabin Classes ===
2026-05-28 08:54:53 - GeoTravelGlobalLogger - INFO     - [logger.py:345] - 🔍 _request START - Current self.headers: {'Content-Type': 'application/json', 'Accept': 'application/json', 'X-Client-Type': 'retail', 'Cookie': 'retail_access_token=eyJhbGciOiJIUzI1NiIsInR5cCI6IkpXVCJ9.eyJpZCI6MTUxLCJ1c2VyVHlwZSI6IlJFVEFJTCIsImlhdCI6MTc3OTk1ODQ5MywiZXhwIjoxNzgwMDAxNjkzfQ.uX1___JsGsyX10RA0t1nIveSpV3HaXnbWdxYTr_LS80'}
2026-05-28 08:54:53 - GeoTravelGlobalLogger - INFO     - [logger.py:345] - 🔍 _request - kwargs headers: {}
2026-05-28 08:54:53 - GeoTravelGlobalLogger - INFO     - [logger.py:345] - 🔍 _request FINAL headers being sent: {'Content-Type': 'application/json', 'Accept': 'application/json', 'X-Client-Type': 'retail', 'Cookie': 'retail_access_token=eyJhbGciOiJIUzI1NiIsInR5cCI6IkpXVCJ9.eyJpZCI6MTUxLCJ1c2VyVHlwZSI6IlJFVEFJTCIsImlhdCI6MTc3OTk1ODQ5MywiZXhwIjoxNzgwMDAxNjkzfQ.uX1___JsGsyX10RA0t1nIveSpV3HaXnbWdxYTr_LS80'}
2026-05-28 08:54:53 - GeoTravelGlobalLogger - INFO     - [logger.py:345] - API Request: POST https://api.stg.gowithgeo.com/api/flight/search-request
2026-05-28 08:54:54 - GeoTravelGlobalLogger - INFO     - [logger.py:345] - API Response: 200
2026-05-28 08:54:54 - GeoTravelGlobalLogger - INFO     - [logger.py:345] - Cabin ECONOMY search successful
2026-05-28 08:54:54 - GeoTravelGlobalLogger - INFO     - [logger.py:345] - 🔍 _request START - Current self.headers: {'Content-Type': 'application/json', 'Accept': 'application/json', 'X-Client-Type': 'retail', 'Cookie': 'retail_access_token=eyJhbGciOiJIUzI1NiIsInR5cCI6IkpXVCJ9.eyJpZCI6MTUxLCJ1c2VyVHlwZSI6IlJFVEFJTCIsImlhdCI6MTc3OTk1ODQ5MywiZXhwIjoxNzgwMDAxNjkzfQ.uX1___JsGsyX10RA0t1nIveSpV3HaXnbWdxYTr_LS80'}
2026-05-28 08:54:54 - GeoTravelGlobalLogger - INFO     - [logger.py:345] - 🔍 _request - kwargs headers: {}
2026-05-28 08:54:54 - GeoTravelGlobalLogger - INFO     - [logger.py:345] - 🔍 _request FINAL headers being sent: {'Content-Type': 'application/json', 'Accept': 'application/json', 'X-Client-Type': 'retail', 'Cookie': 'retail_access_token=eyJhbGciOiJIUzI1NiIsInR5cCI6IkpXVCJ9.eyJpZCI6MTUxLCJ1c2VyVHlwZSI6IlJFVEFJTCIsImlhdCI6MTc3OTk1ODQ5MywiZXhwIjoxNzgwMDAxNjkzfQ.uX1___JsGsyX10RA0t1nIveSpV3HaXnbWdxYTr_LS80'}
2026-05-28 08:54:54 - GeoTravelGlobalLogger - INFO     - [logger.py:345] - API Request: POST https://api.stg.gowithgeo.com/api/flight/search-request
2026-05-28 08:54:54 - GeoTravelGlobalLogger - INFO     - [logger.py:345] - API Response: 200
2026-05-28 08:54:54 - GeoTravelGlobalLogger - INFO     - [logger.py:345] - Cabin BUSINESS search successful
2026-05-28 08:54:54 - GeoTravelGlobalLogger - INFO     - [logger.py:345] - 🔍 _request START - Current self.headers: {'Content-Type': 'application/json', 'Accept': 'application/json', 'X-Client-Type': 'retail', 'Cookie': 'retail_access_token=eyJhbGciOiJIUzI1NiIsInR5cCI6IkpXVCJ9.eyJpZCI6MTUxLCJ1c2VyVHlwZSI6IlJFVEFJTCIsImlhdCI6MTc3OTk1ODQ5MywiZXhwIjoxNzgwMDAxNjkzfQ.uX1___JsGsyX10RA0t1nIveSpV3HaXnbWdxYTr_LS80'}
2026-05-28 08:54:54 - GeoTravelGlobalLogger - INFO     - [logger.py:345] - 🔍 _request - kwargs headers: {}
2026-05-28 08:54:54 - GeoTravelGlobalLogger - INFO     - [logger.py:345] - 🔍 _request FINAL headers being sent: {'Content-Type': 'application/json', 'Accept': 'application/json', 'X-Client-Type': 'retail', 'Cookie': 'retail_access_token=eyJhbGciOiJIUzI1NiIsInR5cCI6IkpXVCJ9.eyJpZCI6MTUxLCJ1c2VyVHlwZSI6IlJFVEFJTCIsImlhdCI6MTc3OTk1ODQ5MywiZXhwIjoxNzgwMDAxNjkzfQ.uX1___JsGsyX10RA0t1nIveSpV3HaXnbWdxYTr_LS80'}
2026-05-28 08:54:54 - GeoTravelGlobalLogger - INFO     - [logger.py:345] - API Request: POST https://api.stg.gowithgeo.com/api/flight/search-request
2026-05-28 08:54:54 - GeoTravelGlobalLogger - INFO     - [logger.py:345] - API Response: 200
2026-05-28 08:54:54 - GeoTravelGlobalLogger - INFO     - [logger.py:345] - Cabin FIRST search successful
2026-05-28 08:54:54 - GeoTravelGlobalLogger - INFO     - [logger.py:345] - ✅ Saved test-specific logs: reports/logs/src_tests_api_tests_test_flight_api.py_TestFlightAPI_test_different_cabins_085454.log
2026-05-28 08:54:54 - GeoTravelGlobalLogger - INFO     - [logger.py:345] - Test result added: src/tests/api_tests/test_flight_api.py::TestFlightAPI::test_different_cabins - PASS (Duration: 0.58s)
2026-05-28 08:54:54 - GeoTravelGlobalLogger - INFO     - [logger.py:345] - Added test result to API SMOKE TEST: src/tests/api_tests/test_flight_api.py::TestFlightAPI::test_different_cabins - PASS
2026-05-28 08:54:54 - GeoTravelGlobalLogger - INFO     - [logger.py:345] - Retrieved credentials from environment for: geo.qa.bot@gmail.com
2026-05-28 08:54:54 - GeoTravelGlobalLogger - INFO     - [logger.py:345] - Attempting login with email: geo.qa.bot@gmail.com
2026-05-28 08:54:54 - GeoTravelGlobalLogger - INFO     - [logger.py:345] - 🔍 _request START - Current self.headers: {'Content-Type': 'application/json', 'Accept': 'application/json', 'X-Client-Type': 'retail'}
2026-05-28 08:54:54 - GeoTravelGlobalLogger - INFO     - [logger.py:345] - 🔍 _request - kwargs headers: {}
2026-05-28 08:54:54 - GeoTravelGlobalLogger - INFO     - [logger.py:345] - 🔍 _request FINAL headers being sent: {'Content-Type': 'application/json', 'Accept': 'application/json', 'X-Client-Type': 'retail'}
2026-05-28 08:54:54 - GeoTravelGlobalLogger - INFO     - [logger.py:345] - API Request: POST https://api.stg.gowithgeo.com/api/auth/login
2026-05-28 08:54:54 - GeoTravelGlobalLogger - INFO     - [logger.py:345] - API Response: 200
2026-05-28 08:54:54 - GeoTravelGlobalLogger - INFO     - [logger.py:345] - Token extracted via cookies (length: 167, valid)
2026-05-28 08:54:54 - GeoTravelGlobalLogger - INFO     - [logger.py:345] - ✅ Auth token set from cookies (Cookie header)
2026-05-28 08:54:54 - GeoTravelGlobalLogger - INFO     - [logger.py:345] - SUCCESS: ✅ Login successful - token set via cookies
2026-05-28 08:54:54 - GeoTravelGlobalLogger - INFO     - [logger.py:345] - SUCCESS: ✅ Authenticated successfully (token length: 167)
2026-05-28 08:54:54 - GeoTravelGlobalLogger - INFO     - [logger.py:345] - ✅ Auth token set from cookies (Cookie header)
2026-05-28 08:54:54 - GeoTravelGlobalLogger - INFO     - [logger.py:345] - ✅ Auth token set from cookies (Cookie header)
2026-05-28 08:54:54 - GeoTravelGlobalLogger - INFO     - [logger.py:345] - === Testing Get Booked Flights ===
2026-05-28 08:54:54 - GeoTravelGlobalLogger - INFO     - [logger.py:345] - 🔍 _request START - Current self.headers: {'Content-Type': 'application/json', 'Accept': 'application/json', 'X-Client-Type': 'retail', 'Cookie': 'retail_access_token=eyJhbGciOiJIUzI1NiIsInR5cCI6IkpXVCJ9.eyJpZCI6MTUxLCJ1c2VyVHlwZSI6IlJFVEFJTCIsImlhdCI6MTc3OTk1ODQ5NCwiZXhwIjoxNzgwMDAxNjk0fQ.CQ70XSrV5gF44M5Pl5K4m5pIAmrFdnlGaudT7c8Jm1A'}
2026-05-28 08:54:54 - GeoTravelGlobalLogger - INFO     - [logger.py:345] - 🔍 _request - kwargs headers: {}
2026-05-28 08:54:54 - GeoTravelGlobalLogger - INFO     - [logger.py:345] - 🔍 _request FINAL headers being sent: {'Content-Type': 'application/json', 'Accept': 'application/json', 'X-Client-Type': 'retail', 'Cookie': 'retail_access_token=eyJhbGciOiJIUzI1NiIsInR5cCI6IkpXVCJ9.eyJpZCI6MTUxLCJ1c2VyVHlwZSI6IlJFVEFJTCIsImlhdCI6MTc3OTk1ODQ5NCwiZXhwIjoxNzgwMDAxNjk0fQ.CQ70XSrV5gF44M5Pl5K4m5pIAmrFdnlGaudT7c8Jm1A'}
2026-05-28 08:54:54 - GeoTravelGlobalLogger - INFO     - [logger.py:345] - API Request: GET https://api.stg.gowithgeo.com/api/flight/user/booked-flights?limit=10&page=1&category=Upcoming
2026-05-28 08:54:55 - GeoTravelGlobalLogger - INFO     - [logger.py:345] - API Response: 200
2026-05-28 08:54:55 - GeoTravelGlobalLogger - INFO     - [logger.py:345] - Booked Flights Response: 200 - {"status":"success","message":"Flights retrieved successful","data":{"flights":[{"id":543,"flightId":"eJzTd9c3D4zyNTEHAAr-AkA","amount":2331800,"priceCharge":2327800,"source":"GDS","flightTag":"flights:multi-city:2:0:0:ECONOMY:LOS:ABV:2026-06-01|ABV:LHR:2026-06-03|LHR:LOS:2026-06-06","sourceType":"AMADEUS","instantTicketingRequired":false,"flighttype":"multi-city","nonHomogeneous":false,"refundable":false,"numberOfBookableSeats":9,"totalStops":2,"totalDuration":"23h 30m","pricing":{"total":2331800,"baseFare":247498,"currency":"NGN","includedCheckedBagsOnly":true},"travelerPricings":[{"cabin":"ECONOMY","class":"Q","total":1165900,"baseFare":123749,"currency":"NGN","fareBasis":"QOWDOM","fareOption":"STANDARD","travelerType":"ADULT","includedCabinBags":0,"includedCheckedBags":"23KG","includedCheckedBagsQuantity":0},{"cabin":"ECONOMY","class":"Q","total":1165900,"baseFare":123749,"currency":"NGN","fareBasis":"QOWDOM","fareOption":"STANDARD","travelerType":"ADULT","includedCabinBags":0,"includedCheckedBags":"23KG","includedCheckedBagsQuantity":0}],"routes":[{"segments":[{"stops":0,"duration":"1h 15m","arrivalCity":"Abuja","arrivalCode":"ABV","arrivalDate":"2026-06-01","arrivalName":"Nnamdi Azikiwe International","arrivalTime":"07:30 PM","carrierCode":"QI","carrierLogo":"https://image.tiqwa.com/airlines/QI.png","carrierName":"Ibom Air","aircraftCode":"CRJ","flightNumber":"312","departureCity":"Lagos","departureCode":"LOS","departureDate":"2026-06-01","departureName":"Murtala Muhammed International","departureTime":"06:15 PM","arrivalCountry":"Nigeria","arrivalTerminal":"D","blacklistedInEU":false,"departureCountry":"Nigeria","departureTerminal":"D"}],"totalDuration":"1h 15m","totalSegmentStops":0},{"segments":[{"stops":1,"layover":true,"duration":"4h 45m","arrivalCity":"Casablanca","arrivalCode":"CMN","arrivalDate":"2026-06-03","arrivalName":"Mohammed V International","arrivalTime":"11:40 AM","carrierCode":"AT","carrierLogo":"https://image.tiqwa.com/airlines/AT.png","carrierName":"Royal Air Maroc","layoverCity":"Casablanca","layoverCode":"CMN","layoverName":"Mohammed V International","aircraftCode":"73H","flightNumber":"586","departureCity":"Abuja","departureCode":"ABV","departureDate":"2026-06-03","departureName":"Nnamdi Azikiwe International","departureTime":"06:55 AM","arrivalCountry":"Morocco","layoverCountry":"Morocco","arrivalTerminal":"2","blacklistedInEU":false,"layoverDuration":"2h 55m","departureCountry":"Nigeria","departureTerminal":"E"},{"stops":0,"duration":"3h 10m","arrivalCity":"London","arrivalCode":"LHR","arrivalDate":"2026-06-03","arrivalName":"Heathrow","arrivalTime":"05:45 PM","carrierCode":"AT","carrierLogo":"https://image.tiqwa.com/airlines/AT.png","carrierName":"Royal Air Maroc","aircraftCode":"7M8","flightNumber":"806","departureCity":"Casablanca","departureCode":"CMN","departureDate":"2026-06-03","departureName":"Mohammed V International","departureTime":"02:35 PM","arrivalCountry":"United Kingdom","arrivalTerminal":"4","blacklistedInEU":false,"departureCountry":"Morocco","departureTerminal":"1"}],"totalDuration":"10h 50m","totalSegmentStops":1},{"segments":[{"stops":1,"layover":true,"duration":"3h 20m","arrivalCity":"Casablanca","arrivalCode":"CMN","arrivalDate":"2026-06-06","arrivalName":"Mohammed V International","arrivalTime":"09:30 PM","carrierCode":"AT","carrierLogo":"https://image.tiqwa.com/airlines/AT.png","carrierName":"Royal Air Maroc","layoverCity":"Casablanca","layoverCode":"CMN","layoverName":"Mohammed V International","aircraftCode":"7M8","flightNumber":"801","departureCity":"London","departureCode":"LHR","departureDate":"2026-06-06","departureName":"Heathrow","departureTime":"06:10 PM","arrivalCountry":"Morocco","layoverCountry":"Morocco","arrivalTerminal":"2","blacklistedInEU":false,"layoverDuration":"3h 40m","departureCountry":"United Kingdom","departureTerminal":"4"},{"stops":0,"duration":"4h 25m","arrivalCity":"Lagos","arrivalCode":"LOS","arrivalDate":"2026-06-07","arrivalName":"Murtala Muhammed International","arrivalTime":"05:35 AM","carrierCode":"AT","carrierLogo":"https://image.tiqwa.com/airlines/AT.png","carrierName":"Royal Air Maroc","aircraftCode":"788","flightNumber":"555","departureCity":"Casablanca","departureCode":"CMN","departureDate":"2026-06-07","departureName":"Mohammed V International","departureTime":"01:10 AM","arrivalCountry":"Nigeria","arrivalTerminal":"2I","blacklistedInEU":false,"departureCountry":"Morocco","departureTerminal":"1"}],"totalDuration":"11h 25m","totalSegmentStops":1}],"flightDeal":null,"geoPricing":{"airline":"QI","payable":2327800},"fareRules":null,"addons":[],"affiliateBooking":false,"passengers":[{"dob":"2002-06-03","email":"adeniyijohn2002@gmail.com","title":"Master","gender":"Male","lastName":"Adeniyi","firstName":"John","phoneCode":"+234","phoneNumber":"+2347080702920"},{"dob":"2000-01-10","email":"adeniyijohn2002@gmail.com","title":"Mrs","gender":"Female","lastName":"Ezeh","firstName":"Success","phoneCode":"+234","phoneNumber":"+234"}],"associatedRecords":[{"reference":"7QZM47","creationDate":"2026-05-21T08:14:00.000","flightOfferId":"10","originSystemCode":"GDS"},{"reference":"7QZM47","creationDate":"2026-05-21T08:14:00.000","flightOfferId":"10","originSystemCode":"AT"}],"officeID":null,"ticketingAgreementOption":"DELAY_TO_CANCEL","ticketingAgreementDelay":"6D","automatedProcess":null,"remarks":{"general":[{"text":"ONLINE BOOKING FROM GEOTRAVELS & TOURS","subType":"GENERAL_MISCELLANEOUS"}]},"tickets":null,"commissions":null,"ticketed":false,"cancelled":false,"pnr":"7QZM47","documentRequired":false,"bookingCode":"GF-MPF7SVXDQZBKTG4K","expiresAt":"2026-06-01T00:00:00.000Z","priceChange":false,"deal":null,"geomarkup":{"name":"Markup","price":"-4000","airline":"QI","markup_type":"fixed"},"geomargin":null,"voucher":null,"invoice_id":2849,"created":"2026-05-21T08:14:26.000Z","paymentStatus":"PAID","deletesAt":false,"isActive":true,"trials":null,"notifyAt":null,"flightStatus":"BOOKED","initials":null,"flightPDF":"https://res.cloudinary.com/dscn7bqto/raw/upload/v1779351268/flight-undefined.pdf","user_id":151,"final_arrival_date":"2026-06-07T00:00:00.000Z","paymentDeadlineAt":"2026-05-23T08:14:28.925Z","notificationCount":0,"lastNotifiedAt":null,"tag":"retail","createdAt":"2026-05-21T08:14:28.939Z","updatedAt":"2026-05-21T08:21:28.272Z","user":{"id":151,"profile":null,"userType":"RETAIL","email":"geo.qa.bot@gmail.com","first_name":"QA Bot","last_name":"GEO","username":null,"phone_number":null,"suspended":false,"banned":false,"invited":false,"last_login":"28-05-2026 08:54 AM","department":null,"verified":true,"active":true,"online":true,"deleted":false,"status":"active","createdAt":"2026-01-08T14:40:01.565Z","updatedAt":"2026-05-28T08:54:41.657Z"},"invoice":{"id":2849,"partPayment":false,"status":"PAID","amount":2327800,"payer_name":"John Adeniyi","payment_gateway":"paystack","payer_email":"adeniyijohn2002@gmail.com","payer_phone":"+2347080702920","invoiceFor":"FLIGHT","invoiceCode":"MPF7SVUMAHAE9HRM","ref":"fb14f8c9-c071-4d08-ab29-334ac6360f16","created":"Thu May 21 2026 08:14:26 GMT+0000","expiry":"Fri May 22 2026 08:14:26 GMT+0000","_id":null,"voucher":null,"createdAt":"2026-05-21T08:14:26.113Z","updatedAt":"2026-05-21T08:21:28.592Z"}},{"id":541,"flightId":"eJzTd9c3dws18jIHAAqOAis","amount":1300253,"priceCharge":1300253,"source":"GDS","flightTag":"flights:return:1:0:0:ECONOMY:LOS:NBO:2026-06-01:2026-06-06","sourceType":"AMADEUS","instantTicketingRequired":false,"flighttype":"return","nonHomogeneous":false,"refundable":true,"numberOfBookableSeats":9,"totalStops":2,"totalDuration":"20h 20m","pricing":{"total":1300253,"baseFare":544064,"currency":"NGN","includedCheckedBagsOnly":true},"travelerPricings":[{"cabin":"ECONOMY","class":"H","total":1300253,"baseFare":544064,"currency":"NGN","fareBasis":"HXPX3M","fareOption":"STANDARD","travelerType":"ADULT","includedCabinBags":0,"includedCheckedBags":"30KG","includedCheckedBagsQuantity":2}],"routes":[{"segments":[{"stops":1,"layover":true,"duration":"1h 0m","arrivalCity":"Lomé","arrivalCode":"LFW","arrivalDate":"2026-06-01","arrivalName":"Lomé–Tokoin International","arrivalTime":"09:15 AM","carrierCode":"KP","carrierLogo":"https://image.tiqwa.com/airlines/KP.png","carrierName":"ASKY Airlines","layoverCity":"Lomé","layoverCode":"LFW","layoverName":"Lomé–Tokoin International","aircraftCode":"738","flightNumber":"63","departureCity":"Lagos","departureCode":"LOS","departureDate":"2026-06-01","departureName":"Murtala Muhammed International","departureTime":"09:15 AM","arrivalCountry":"Togo","layoverCountry":"Togo","blacklistedInEU":false,"layoverDuration":"3h 25m","departureCountry":"Nigeria"},{"stops":0,"duration":"5h 45m","arrivalCity":"Nairobi","arrivalCode":"NBO","arrivalDate":"2026-06-01","arrivalName":"Jomo Kenyatta International","arrivalTime":"09:25 PM","carrierCode":"KP","carrierLogo":"https://image.tiqwa.com/airlines/KP.png","carrierName":"ASKY Airlines","aircraftCode":"7M8","flightNumber":"78","departureCity":"Lomé","departureCode":"LFW","departureDate":"2026-06-01","departureName":"Lomé–Tokoin International","departureTime":"12:40 PM","arrivalCountry":"Kenya","blacklistedInEU":false,"departureCountry":"Togo"}],"totalDuration":"10h 10m","totalSegmentStops":1},{"segments":[{"stops":1,"layover":true,"duration":"5h 35m","arrivalCity":"Lomé","arrivalCode":"LFW","arrivalDate":"2026-06-06","arrivalName":"Lomé–Tokoin International","arrivalTime":"11:40 AM","carrierCode":"KP","carrierLogo":"https://image.tiqwa.com/airlines/KP.png","carrierName":"ASKY Airlines","layoverCity":"Lomé","layoverCode":"LFW","layoverName":"Lomé–Tokoin International","aircraftCode":"7M8","flightNumber":"79","departureCity":"Nairobi","departureCode":"NBO","departureDate":"2026-06-06","departureName":"Jomo Kenyatta International","departureTime":"09:05 AM","arrivalCountry":"Togo","layoverCountry":"Togo","blacklistedInEU":false,"layoverDuration":"3h 35m","departureCountry":"Kenya"},{"stops":0,"duration":"1h 0m","arrivalCity":"Lagos","arrivalCode":"LOS","arrivalDate":"2026-06-06","arrivalName":"Murtala Muhammed International","arrivalTime":"05:15 PM","carrierCode":"KP","carrierLogo":"https://image.tiqwa.com/airlines/KP.png","carrierName":"ASKY Airlines","aircraftCode":"7M8","flightNumber":"62","departureCity":"Lomé","departureCode":"LFW","departureDate":"2026-06-06","departureName":"Lomé–Tokoin International","departureTime":"03:15 PM","arrivalCountry":"Nigeria","blacklistedInEU":false,"departureCountry":"Togo"}],"totalDuration":"10h 10m","totalSegmentStops":1}],"flightDeal":null,"geoPricing":{"airline":"KP","payable":1300253},"fareRules":null,"addons":[],"affiliateBooking":false,"passengers":[{"dob":"2002-06-03","email":"adeniyijohn2002@gmail.com","title":"Mr","gender":"Male","holder":true,"number":"R1","lastName":"Roundtrip","firstName":"Busayo","phoneCode":"+234","expiryDate":"2026-08-28","issuingDate":"2026-05-03","phoneNumber":"+23407080702920","documentType":"passport","issuingCountry":"NG","nationalityCountry":"NG"}],"associatedRecords":[{"reference":"7FU2J7","creationDate":"2026-05-19T08:14:00.000","flightOfferId":"1","originSystemCode":"GDS"}],"officeID":null,"ticketingAgreementOption":"DELAY_TO_CANCEL","ticketingAgreementDelay":"6D","automatedProcess":null,"remarks":{"general":[{"text":"ONLINE BOOKING FROM GEOTRAVELS & TOURS","subType":"GENERAL_MISCELLANEOUS"}]},"tickets":null,"commissions":null,"ticketed":false,"cancelled":false,"pnr":"7FU2J7","documentRequired":true,"bookingCode":"GF-MPCCXT141U3BSMZL","expiresAt":"2026-05-29T00:00:00.000Z","priceChange":false,"deal":null,"geomarkup":null,"geomargin":null,"voucher":null,"invoice_id":2807,"created":"2026-05-19T08:14:55.000Z","paymentStatus":"PAID","deletesAt":false,"isActive":true,"trials":null,"notifyAt":null,"flightStatus":"BOOKED","initials":null,"flightPDF":"https://res.cloudinary.com/dscn7bqto/raw/upload/v1779178497/flight-undefined.pdf","user_id":151,"final_arrival_date":"2026-06-06T00:00:00.000Z","paymentDeadlineAt":"2026-05-21T08:14:57.969Z","notificationCount":0,"lastNotifiedAt":null,"tag":"retail","createdAt":"2026-05-19T08:14:57.970Z","updatedAt":"2026-05-19T08:21:08.539Z","user":{"id":151,"profile":null,"userType":"RETAIL","email":"geo.qa.bot@gmail.com","first_name":"QA Bot","last_name":"GEO","username":null,"phone_number":null,"suspended":false,"banned":false,"invited":false,"last_login":"28-05-2026 08:54 AM","department":null,"verified":true,"active":true,"online":true,"deleted":false,"status":"active","createdAt":"2026-01-08T14:40:01.565Z","updatedAt":"2026-05-28T08:54:41.657Z"},"invoice":{"id":2807,"partPayment":false,"status":"PAID","amount":1300253,"payer_name":"Busayo Roundtrip","payment_gateway":"paystack","payer_email":"adeniyijohn2002@gmail.com","payer_phone":"+23407080702920","invoiceFor":"FLIGHT","invoiceCode":"MPCCXSYK3JKBJ07R","ref":"49d1433e-c00b-4ebd-993a-57b98a9c035f","created":"Tue May 19 2026 08:14:55 GMT+0000","expiry":"Wed May 20 2026 08:14:55 GMT+0000","_id":null,"voucher":null,"createdAt":"2026-05-19T08:14:55.196Z","updatedAt":"2026-05-19T08:21:08.855Z"}},{"id":540,"flightId":"eJzTd9c3d_MPcrYEAArKAkA","amount":108540,"priceCharge":105540,"source":"GDS","flightTag":"flights:one-way:1:0:0:ECONOMY:LOS:ABV:2026-06-03","sourceType":"AMADEUS","instantTicketingRequired":false,"flighttype":"one-way","nonHomogeneous":false,"refundable":false,"numberOfBookableSeats":9,"totalStops":0,"totalDuration":"1h 15m","pricing":{"total":108540,"baseFare":47195,"currency":"NGN","includedCheckedBagsOnly":true},"travelerPricings":[{"cabin":"ECONOMY","class":"Q","total":108540,"baseFare":47195,"currency":"NGN","fareBasis":"QOWDOMNG","fareOption":"STANDARD","travelerType":"ADULT","includedCabinBags":0,"includedCheckedBags":"20KG","includedCheckedBagsQuantity":0}],"routes":[{"segments":[{"stops":0,"duration":"1h 15m","arrivalCity":"Abuja","arrivalCode":"ABV","arrivalDate":"2026-06-03","arrivalName":"Nnamdi Azikiwe International","arrivalTime":"07:30 PM","carrierCode":"QI","carrierLogo":"https://image.tiqwa.com/airlines/QI.png","carrierName":"Ibom Air","aircraftCode":"CRJ","flightNumber":"312","departureCity":"Lagos","departureCode":"LOS","departureDate":"2026-06-03","departureName":"Murtala Muhammed International","departureTime":"06:15 PM","arrivalCountry":"Nigeria","arrivalTerminal":"D","blacklistedInEU":false,"departureCountry":"Nigeria","departureTerminal":"D"}],"totalDuration":"1h 15m","totalSegmentStops":0}],"flightDeal":null,"geoPricing":{"airline":"QI","payable":104540},"fareRules":null,"addons":[{"id":36,"name":"Travel Insurance","price":1000,"description":"Confortable insurance coverage"}],"affiliateBooking":false,"passengers":[{"dob":"2002-06-03","email":"adeniyijohn2002@gmail.com","title":"Mr","gender":"Male","lastName":"Nineteen","firstName":"John","phoneCode":"+234","phoneNumber":"+23408069972717"}],"associatedRecords":[{"reference":"7FORC9","creationDate":"2026-05-19T07:26:00.000","flightOfferId":"5","originSystemCode":"GDS"}],"officeID":null,"ticketingAgreementOption":"DELAY_TO_CANCEL","ticketingAgreementDelay":"6D","automatedProcess":null,"remarks":{"general":[{"text":"ONLINE BOOKING FROM GEOTRAVELS & TOURS","subType":"GENERAL_MISCELLANEOUS"}]},"tickets":null,"commissions":null,"ticketed":false,"cancelled":false,"pnr":"7FORC9","documentRequired":false,"bookingCode":"GF-MPCB7UCTPP23EO66","expiresAt":"2026-06-03T00:00:00.000Z","priceChange":false,"deal":null,"geomarkup":{"name":"Markup","price":"-4000","airline":"QI","markup_type":"fixed"},"geomargin":null,"voucher":null,"invoice_id":2806,"created":"2026-05-19T07:26:44.000Z","paymentStatus":"PAID","deletesAt":false,"isActive":true,"trials":null,"notifyAt":null,"flightStatus":"BOOKED","initials":null,"flightPDF":"https://res.cloudinary.com/dscn7bqto/raw/upload/v1779175606/flight-undefined.pdf","user_id":151,"final_arrival_date":"2026-06-03T00:00:00.000Z","paymentDeadlineAt":"2026-05-21T07:26:46.637Z","notificationCount":0,"lastNotifiedAt":null,"tag":"retail","createdAt":"2026-05-19T07:26:46.646Z","updatedAt":"2026-05-19T07:33:03.447Z","user":{"id":151,"profile":null,"userType":"RETAIL","email":"geo.qa.bot@gmail.com","first_name":"QA Bot","last_name":"GEO","username":null,"phone_number":null,"suspended":false,"banned":false,"invited":false,"last_login":"28-05-2026 08:54 AM","department":null,"verified":true,"active":true,"online":true,"deleted":false,"status":"active","createdAt":"2026-01-08T14:40:01.565Z","updatedAt":"2026-05-28T08:54:41.657Z"},"invoice":{"id":2806,"partPayment":false,"status":"PAID","amount":105540,"payer_name":"John Nineteen","payment_gateway":"paystack","payer_email":"adeniyijohn2002@gmail.com","payer_phone":"+23408069972717","invoiceFor":"FLIGHT","invoiceCode":"MPCB7UA3XV1PBJ5C","ref":"ab4b7257-2fa0-4089-b65c-14027ab265fe","created":"Tue May 19 2026 07:26:44 GMT+0000","expiry":"Wed May 20 2026 07:26:44 GMT+0000","_id":null,"voucher":null,"createdAt":"2026-05-19T07:26:44.238Z","updatedAt":"2026-05-19T07:33:03.745Z"}}],"pagination":{"currentPage":1,"totalItems":3,"totalPages":1,"itemsPerPage":10}}}
2026-05-28 08:54:55 - GeoTravelGlobalLogger - INFO     - [logger.py:345] - Booked flights retrieved successfully
2026-05-28 08:54:55 - GeoTravelGlobalLogger - INFO     - [logger.py:345] - ✅ Saved test-specific logs: reports/logs/src_tests_api_tests_test_flight_api.py_TestFlightAPI_test_get_booked_flights_085455.log
2026-05-28 08:54:55 - GeoTravelGlobalLogger - INFO     - [logger.py:345] - Test result added: src/tests/api_tests/test_flight_api.py::TestFlightAPI::test_get_booked_flights - PASS (Duration: 0.43s)
2026-05-28 08:54:55 - GeoTravelGlobalLogger - INFO     - [logger.py:345] - Added test result to API SMOKE TEST: src/tests/api_tests/test_flight_api.py::TestFlightAPI::test_get_booked_flights - PASS
2026-05-28 08:54:55 - GeoTravelGlobalLogger - INFO     - [logger.py:345] - Retrieved credentials from environment for: geo.qa.bot@gmail.com
2026-05-28 08:54:55 - GeoTravelGlobalLogger - INFO     - [logger.py:345] - Attempting login with email: geo.qa.bot@gmail.com
2026-05-28 08:54:55 - GeoTravelGlobalLogger - INFO     - [logger.py:345] - 🔍 _request START - Current self.headers: {'Content-Type': 'application/json', 'Accept': 'application/json', 'X-Client-Type': 'retail'}
2026-05-28 08:54:55 - GeoTravelGlobalLogger - INFO     - [logger.py:345] - 🔍 _request - kwargs headers: {}
2026-05-28 08:54:55 - GeoTravelGlobalLogger - INFO     - [logger.py:345] - 🔍 _request FINAL headers being sent: {'Content-Type': 'application/json', 'Accept': 'application/json', 'X-Client-Type': 'retail'}
2026-05-28 08:54:55 - GeoTravelGlobalLogger - INFO     - [logger.py:345] - API Request: POST https://api.stg.gowithgeo.com/api/auth/login
2026-05-28 08:54:55 - GeoTravelGlobalLogger - INFO     - [logger.py:345] - API Response: 200
2026-05-28 08:54:55 - GeoTravelGlobalLogger - INFO     - [logger.py:345] - Token extracted via cookies (length: 167, valid)
2026-05-28 08:54:55 - GeoTravelGlobalLogger - INFO     - [logger.py:345] - ✅ Auth token set from cookies (Cookie header)
2026-05-28 08:54:55 - GeoTravelGlobalLogger - INFO     - [logger.py:345] - SUCCESS: ✅ Login successful - token set via cookies
2026-05-28 08:54:55 - GeoTravelGlobalLogger - INFO     - [logger.py:345] - SUCCESS: ✅ Authenticated successfully (token length: 167)
2026-05-28 08:54:55 - GeoTravelGlobalLogger - INFO     - [logger.py:345] - ✅ Auth token set from cookies (Cookie header)
2026-05-28 08:54:55 - GeoTravelGlobalLogger - INFO     - [logger.py:345] - ✅ Auth token set from cookies (Cookie header)
2026-05-28 08:54:55 - GeoTravelGlobalLogger - INFO     - [logger.py:345] - === Testing Return Flight Search ===
2026-05-28 08:54:55 - GeoTravelGlobalLogger - INFO     - [logger.py:345] - 🔍 _request START - Current self.headers: {'Content-Type': 'application/json', 'Accept': 'application/json', 'X-Client-Type': 'retail', 'Cookie': 'retail_access_token=eyJhbGciOiJIUzI1NiIsInR5cCI6IkpXVCJ9.eyJpZCI6MTUxLCJ1c2VyVHlwZSI6IlJFVEFJTCIsImlhdCI6MTc3OTk1ODQ5NSwiZXhwIjoxNzgwMDAxNjk1fQ.z4vbU9hkW_erUMoyBAwKMzixRQnfsCrLmXLhW4I_bFE'}
2026-05-28 08:54:55 - GeoTravelGlobalLogger - INFO     - [logger.py:345] - 🔍 _request - kwargs headers: {}
2026-05-28 08:54:55 - GeoTravelGlobalLogger - INFO     - [logger.py:345] - 🔍 _request FINAL headers being sent: {'Content-Type': 'application/json', 'Accept': 'application/json', 'X-Client-Type': 'retail', 'Cookie': 'retail_access_token=eyJhbGciOiJIUzI1NiIsInR5cCI6IkpXVCJ9.eyJpZCI6MTUxLCJ1c2VyVHlwZSI6IlJFVEFJTCIsImlhdCI6MTc3OTk1ODQ5NSwiZXhwIjoxNzgwMDAxNjk1fQ.z4vbU9hkW_erUMoyBAwKMzixRQnfsCrLmXLhW4I_bFE'}
2026-05-28 08:54:55 - GeoTravelGlobalLogger - INFO     - [logger.py:345] - API Request: POST https://api.stg.gowithgeo.com/api/flight/search-request
2026-05-28 08:54:55 - GeoTravelGlobalLogger - INFO     - [logger.py:345] - API Response: 200
2026-05-28 08:54:55 - GeoTravelGlobalLogger - INFO     - [logger.py:345] - ✅ Saved test-specific logs: reports/logs/src_tests_api_tests_test_flight_api.py_TestFlightAPI_test_return_flight_search_085455.log
2026-05-28 08:54:55 - GeoTravelGlobalLogger - INFO     - [logger.py:345] - Test result added: src/tests/api_tests/test_flight_api.py::TestFlightAPI::test_return_flight_search - PASS (Duration: 0.16s)
2026-05-28 08:54:55 - GeoTravelGlobalLogger - INFO     - [logger.py:345] - Added test result to API SMOKE TEST: src/tests/api_tests/test_flight_api.py::TestFlightAPI::test_return_flight_search - PASS
2026-05-28 08:54:55 - GeoTravelGlobalLogger - INFO     - [logger.py:345] - Retrieved credentials from environment for: geo.qa.bot@gmail.com
2026-05-28 08:54:55 - GeoTravelGlobalLogger - INFO     - [logger.py:345] - Attempting login with email: geo.qa.bot@gmail.com
2026-05-28 08:54:55 - GeoTravelGlobalLogger - INFO     - [logger.py:345] - 🔍 _request START - Current self.headers: {'Content-Type': 'application/json', 'Accept': 'application/json', 'X-Client-Type': 'retail'}
2026-05-28 08:54:55 - GeoTravelGlobalLogger - INFO     - [logger.py:345] - 🔍 _request - kwargs headers: {}
2026-05-28 08:54:55 - GeoTravelGlobalLogger - INFO     - [logger.py:345] - 🔍 _request FINAL headers being sent: {'Content-Type': 'application/json', 'Accept': 'application/json', 'X-Client-Type': 'retail'}
2026-05-28 08:54:55 - GeoTravelGlobalLogger - INFO     - [logger.py:345] - API Request: POST https://api.stg.gowithgeo.com/api/auth/login
2026-05-28 08:54:55 - GeoTravelGlobalLogger - INFO     - [logger.py:345] - API Response: 200
2026-05-28 08:54:55 - GeoTravelGlobalLogger - INFO     - [logger.py:345] - Token extracted via cookies (length: 167, valid)
2026-05-28 08:54:55 - GeoTravelGlobalLogger - INFO     - [logger.py:345] - ✅ Auth token set from cookies (Cookie header)
2026-05-28 08:54:55 - GeoTravelGlobalLogger - INFO     - [logger.py:345] - SUCCESS: ✅ Login successful - token set via cookies
2026-05-28 08:54:55 - GeoTravelGlobalLogger - INFO     - [logger.py:345] - SUCCESS: ✅ Authenticated successfully (token length: 167)
2026-05-28 08:54:55 - GeoTravelGlobalLogger - INFO     - [logger.py:345] - ✅ Auth token set from cookies (Cookie header)
2026-05-28 08:54:55 - GeoTravelGlobalLogger - INFO     - [logger.py:345] - ✅ Auth token set from cookies (Cookie header)
2026-05-28 08:54:55 - GeoTravelGlobalLogger - INFO     - [logger.py:345] - === Testing Different Passenger Combinations ===
2026-05-28 08:54:55 - GeoTravelGlobalLogger - INFO     - [logger.py:345] - 🔍 _request START - Current self.headers: {'Content-Type': 'application/json', 'Accept': 'application/json', 'X-Client-Type': 'retail', 'Cookie': 'retail_access_token=eyJhbGciOiJIUzI1NiIsInR5cCI6IkpXVCJ9.eyJpZCI6MTUxLCJ1c2VyVHlwZSI6IlJFVEFJTCIsImlhdCI6MTc3OTk1ODQ5NSwiZXhwIjoxNzgwMDAxNjk1fQ.z4vbU9hkW_erUMoyBAwKMzixRQnfsCrLmXLhW4I_bFE'}
2026-05-28 08:54:55 - GeoTravelGlobalLogger - INFO     - [logger.py:345] - 🔍 _request - kwargs headers: {}
2026-05-28 08:54:55 - GeoTravelGlobalLogger - INFO     - [logger.py:345] - 🔍 _request FINAL headers being sent: {'Content-Type': 'application/json', 'Accept': 'application/json', 'X-Client-Type': 'retail', 'Cookie': 'retail_access_token=eyJhbGciOiJIUzI1NiIsInR5cCI6IkpXVCJ9.eyJpZCI6MTUxLCJ1c2VyVHlwZSI6IlJFVEFJTCIsImlhdCI6MTc3OTk1ODQ5NSwiZXhwIjoxNzgwMDAxNjk1fQ.z4vbU9hkW_erUMoyBAwKMzixRQnfsCrLmXLhW4I_bFE'}
2026-05-28 08:54:55 - GeoTravelGlobalLogger - INFO     - [logger.py:345] - API Request: POST https://api.stg.gowithgeo.com/api/flight/search-request
2026-05-28 08:54:56 - GeoTravelGlobalLogger - INFO     - [logger.py:345] - API Response: 200
2026-05-28 08:54:56 - GeoTravelGlobalLogger - INFO     - [logger.py:345] - 🔍 _request START - Current self.headers: {'Content-Type': 'application/json', 'Accept': 'application/json', 'X-Client-Type': 'retail', 'Cookie': 'retail_access_token=eyJhbGciOiJIUzI1NiIsInR5cCI6IkpXVCJ9.eyJpZCI6MTUxLCJ1c2VyVHlwZSI6IlJFVEFJTCIsImlhdCI6MTc3OTk1ODQ5NSwiZXhwIjoxNzgwMDAxNjk1fQ.z4vbU9hkW_erUMoyBAwKMzixRQnfsCrLmXLhW4I_bFE'}
2026-05-28 08:54:56 - GeoTravelGlobalLogger - INFO     - [logger.py:345] - 🔍 _request - kwargs headers: {}
2026-05-28 08:54:56 - GeoTravelGlobalLogger - INFO     - [logger.py:345] - 🔍 _request FINAL headers being sent: {'Content-Type': 'application/json', 'Accept': 'application/json', 'X-Client-Type': 'retail', 'Cookie': 'retail_access_token=eyJhbGciOiJIUzI1NiIsInR5cCI6IkpXVCJ9.eyJpZCI6MTUxLCJ1c2VyVHlwZSI6IlJFVEFJTCIsImlhdCI6MTc3OTk1ODQ5NSwiZXhwIjoxNzgwMDAxNjk1fQ.z4vbU9hkW_erUMoyBAwKMzixRQnfsCrLmXLhW4I_bFE'}
2026-05-28 08:54:56 - GeoTravelGlobalLogger - INFO     - [logger.py:345] - API Request: POST https://api.stg.gowithgeo.com/api/flight/search-request
2026-05-28 08:54:56 - GeoTravelGlobalLogger - INFO     - [logger.py:345] - API Response: 200
2026-05-28 08:54:56 - GeoTravelGlobalLogger - INFO     - [logger.py:345] - 🔍 _request START - Current self.headers: {'Content-Type': 'application/json', 'Accept': 'application/json', 'X-Client-Type': 'retail', 'Cookie': 'retail_access_token=eyJhbGciOiJIUzI1NiIsInR5cCI6IkpXVCJ9.eyJpZCI6MTUxLCJ1c2VyVHlwZSI6IlJFVEFJTCIsImlhdCI6MTc3OTk1ODQ5NSwiZXhwIjoxNzgwMDAxNjk1fQ.z4vbU9hkW_erUMoyBAwKMzixRQnfsCrLmXLhW4I_bFE'}
2026-05-28 08:54:56 - GeoTravelGlobalLogger - INFO     - [logger.py:345] - 🔍 _request - kwargs headers: {}
2026-05-28 08:54:56 - GeoTravelGlobalLogger - INFO     - [logger.py:345] - 🔍 _request FINAL headers being sent: {'Content-Type': 'application/json', 'Accept': 'application/json', 'X-Client-Type': 'retail', 'Cookie': 'retail_access_token=eyJhbGciOiJIUzI1NiIsInR5cCI6IkpXVCJ9.eyJpZCI6MTUxLCJ1c2VyVHlwZSI6IlJFVEFJTCIsImlhdCI6MTc3OTk1ODQ5NSwiZXhwIjoxNzgwMDAxNjk1fQ.z4vbU9hkW_erUMoyBAwKMzixRQnfsCrLmXLhW4I_bFE'}
2026-05-28 08:54:56 - GeoTravelGlobalLogger - INFO     - [logger.py:345] - API Request: POST https://api.stg.gowithgeo.com/api/flight/search-request
2026-05-28 08:54:56 - GeoTravelGlobalLogger - INFO     - [logger.py:345] - API Response: 200
2026-05-28 08:54:56 - GeoTravelGlobalLogger - INFO     - [logger.py:345] - ✅ Saved test-specific logs: reports/logs/src_tests_api_tests_test_flight_api.py_TestFlightAPI_test_passenger_combinations_085456.log
2026-05-28 08:54:56 - GeoTravelGlobalLogger - INFO     - [logger.py:345] - Test result added: src/tests/api_tests/test_flight_api.py::TestFlightAPI::test_passenger_combinations - PASS (Duration: 0.37s)
2026-05-28 08:54:56 - GeoTravelGlobalLogger - INFO     - [logger.py:345] - Added test result to API SMOKE TEST: src/tests/api_tests/test_flight_api.py::TestFlightAPI::test_passenger_combinations - PASS
2026-05-28 08:54:56 - GeoTravelGlobalLogger - INFO     - [logger.py:345] - Retrieved credentials from environment for: geo.qa.bot@gmail.com
2026-05-28 08:54:56 - GeoTravelGlobalLogger - INFO     - [logger.py:345] - Attempting login with email: geo.qa.bot@gmail.com
2026-05-28 08:54:56 - GeoTravelGlobalLogger - INFO     - [logger.py:345] - 🔍 _request START - Current self.headers: {'Content-Type': 'application/json', 'Accept': 'application/json', 'X-Client-Type': 'retail'}
2026-05-28 08:54:56 - GeoTravelGlobalLogger - INFO     - [logger.py:345] - 🔍 _request - kwargs headers: {}
2026-05-28 08:54:56 - GeoTravelGlobalLogger - INFO     - [logger.py:345] - 🔍 _request FINAL headers being sent: {'Content-Type': 'application/json', 'Accept': 'application/json', 'X-Client-Type': 'retail'}
2026-05-28 08:54:56 - GeoTravelGlobalLogger - INFO     - [logger.py:345] - API Request: POST https://api.stg.gowithgeo.com/api/auth/login
2026-05-28 08:54:56 - GeoTravelGlobalLogger - INFO     - [logger.py:345] - API Response: 200
2026-05-28 08:54:56 - GeoTravelGlobalLogger - INFO     - [logger.py:345] - Token extracted via cookies (length: 167, valid)
2026-05-28 08:54:56 - GeoTravelGlobalLogger - INFO     - [logger.py:345] - ✅ Auth token set from cookies (Cookie header)
2026-05-28 08:54:56 - GeoTravelGlobalLogger - INFO     - [logger.py:345] - SUCCESS: ✅ Login successful - token set via cookies
2026-05-28 08:54:56 - GeoTravelGlobalLogger - INFO     - [logger.py:345] - SUCCESS: ✅ Authenticated successfully (token length: 167)
2026-05-28 08:54:56 - GeoTravelGlobalLogger - INFO     - [logger.py:345] - ✅ Auth token set from cookies (Cookie header)
2026-05-28 08:54:56 - GeoTravelGlobalLogger - INFO     - [logger.py:345] - ✅ Auth token set from cookies (Cookie header)
2026-05-28 08:54:56 - GeoTravelGlobalLogger - INFO     - [logger.py:345] - === Testing Flight Booking Initiation Flow ===
2026-05-28 08:54:56 - GeoTravelGlobalLogger - INFO     - [logger.py:345] - 🔍 _request START - Current self.headers: {'Content-Type': 'application/json', 'Accept': 'application/json', 'X-Client-Type': 'retail', 'Cookie': 'retail_access_token=eyJhbGciOiJIUzI1NiIsInR5cCI6IkpXVCJ9.eyJpZCI6MTUxLCJ1c2VyVHlwZSI6IlJFVEFJTCIsImlhdCI6MTc3OTk1ODQ5NiwiZXhwIjoxNzgwMDAxNjk2fQ.J6wv66FvDOGLMGw8dQXoyIo7CbR9M-0NELCnoyVe6-I'}
2026-05-28 08:54:56 - GeoTravelGlobalLogger - INFO     - [logger.py:345] - 🔍 _request - kwargs headers: {}
2026-05-28 08:54:56 - GeoTravelGlobalLogger - INFO     - [logger.py:345] - 🔍 _request FINAL headers being sent: {'Content-Type': 'application/json', 'Accept': 'application/json', 'X-Client-Type': 'retail', 'Cookie': 'retail_access_token=eyJhbGciOiJIUzI1NiIsInR5cCI6IkpXVCJ9.eyJpZCI6MTUxLCJ1c2VyVHlwZSI6IlJFVEFJTCIsImlhdCI6MTc3OTk1ODQ5NiwiZXhwIjoxNzgwMDAxNjk2fQ.J6wv66FvDOGLMGw8dQXoyIo7CbR9M-0NELCnoyVe6-I'}
2026-05-28 08:54:56 - GeoTravelGlobalLogger - INFO     - [logger.py:345] - API Request: POST https://api.stg.gowithgeo.com/api/flight/search-request
2026-05-28 08:54:56 - GeoTravelGlobalLogger - INFO     - [logger.py:345] - API Response: 200
2026-05-28 08:54:56 - GeoTravelGlobalLogger - INFO     - [logger.py:345] - 🔍 _request START - Current self.headers: {'Content-Type': 'application/json', 'Accept': 'application/json', 'X-Client-Type': 'retail', 'Cookie': 'retail_access_token=eyJhbGciOiJIUzI1NiIsInR5cCI6IkpXVCJ9.eyJpZCI6MTUxLCJ1c2VyVHlwZSI6IlJFVEFJTCIsImlhdCI6MTc3OTk1ODQ5NiwiZXhwIjoxNzgwMDAxNjk2fQ.J6wv66FvDOGLMGw8dQXoyIo7CbR9M-0NELCnoyVe6-I'}
2026-05-28 08:54:56 - GeoTravelGlobalLogger - INFO     - [logger.py:345] - 🔍 _request - kwargs headers: {}
2026-05-28 08:54:56 - GeoTravelGlobalLogger - INFO     - [logger.py:345] - 🔍 _request FINAL headers being sent: {'Content-Type': 'application/json', 'Accept': 'application/json', 'X-Client-Type': 'retail', 'Cookie': 'retail_access_token=eyJhbGciOiJIUzI1NiIsInR5cCI6IkpXVCJ9.eyJpZCI6MTUxLCJ1c2VyVHlwZSI6IlJFVEFJTCIsImlhdCI6MTc3OTk1ODQ5NiwiZXhwIjoxNzgwMDAxNjk2fQ.J6wv66FvDOGLMGw8dQXoyIo7CbR9M-0NELCnoyVe6-I'}
2026-05-28 08:54:56 - GeoTravelGlobalLogger - INFO     - [logger.py:345] - API Request: GET https://api.stg.gowithgeo.com/api/flight/search?search_id=96d189b1-9339-4bc3-89c6-7179432f1f07
2026-05-28 08:55:07 - GeoTravelGlobalLogger - INFO     - [logger.py:345] - API Response: 200
2026-05-28 08:55:07 - GeoTravelGlobalLogger - INFO     - [logger.py:345] - 🔍 _request START - Current self.headers: {'Content-Type': 'application/json', 'Accept': 'application/json', 'X-Client-Type': 'retail', 'Cookie': 'retail_access_token=eyJhbGciOiJIUzI1NiIsInR5cCI6IkpXVCJ9.eyJpZCI6MTUxLCJ1c2VyVHlwZSI6IlJFVEFJTCIsImlhdCI6MTc3OTk1ODQ5NiwiZXhwIjoxNzgwMDAxNjk2fQ.J6wv66FvDOGLMGw8dQXoyIo7CbR9M-0NELCnoyVe6-I'}
2026-05-28 08:55:07 - GeoTravelGlobalLogger - INFO     - [logger.py:345] - 🔍 _request - kwargs headers: {}
2026-05-28 08:55:07 - GeoTravelGlobalLogger - INFO     - [logger.py:345] - 🔍 _request FINAL headers being sent: {'Content-Type': 'application/json', 'Accept': 'application/json', 'X-Client-Type': 'retail', 'Cookie': 'retail_access_token=eyJhbGciOiJIUzI1NiIsInR5cCI6IkpXVCJ9.eyJpZCI6MTUxLCJ1c2VyVHlwZSI6IlJFVEFJTCIsImlhdCI6MTc3OTk1ODQ5NiwiZXhwIjoxNzgwMDAxNjk2fQ.J6wv66FvDOGLMGw8dQXoyIo7CbR9M-0NELCnoyVe6-I'}
2026-05-28 08:55:07 - GeoTravelGlobalLogger - INFO     - [logger.py:345] - API Request: POST https://api.stg.gowithgeo.com/api/flight/initiate-booking
2026-05-28 08:55:07 - GeoTravelGlobalLogger - INFO     - [logger.py:345] - API Response: 400
2026-05-28 08:55:07 - GeoTravelGlobalLogger - INFO     - [logger.py:345] - ✅ Saved test-specific logs: reports/logs/src_tests_api_tests_test_flight_api.py_TestFlightAPI_test_initiate_booking_flow_085507.log
2026-05-28 08:55:07 - GeoTravelGlobalLogger - INFO     - [logger.py:345] - Test result added: src/tests/api_tests/test_flight_api.py::TestFlightAPI::test_initiate_booking_flow - PASS (Duration: 10.58s)
2026-05-28 08:55:07 - GeoTravelGlobalLogger - INFO     - [logger.py:345] - Added test result to API SMOKE TEST: src/tests/api_tests/test_flight_api.py::TestFlightAPI::test_initiate_booking_flow - PASS
2026-05-28 08:55:07 - GeoTravelGlobalLogger - INFO     - [logger.py:345] - Retrieved credentials from environment for: geo.qa.bot@gmail.com
2026-05-28 08:55:07 - GeoTravelGlobalLogger - INFO     - [logger.py:345] - Attempting login with email: geo.qa.bot@gmail.com
2026-05-28 08:55:07 - GeoTravelGlobalLogger - INFO     - [logger.py:345] - 🔍 _request START - Current self.headers: {'Content-Type': 'application/json', 'Accept': 'application/json', 'X-Client-Type': 'retail'}
2026-05-28 08:55:07 - GeoTravelGlobalLogger - INFO     - [logger.py:345] - 🔍 _request - kwargs headers: {}
2026-05-28 08:55:07 - GeoTravelGlobalLogger - INFO     - [logger.py:345] - 🔍 _request FINAL headers being sent: {'Content-Type': 'application/json', 'Accept': 'application/json', 'X-Client-Type': 'retail'}
2026-05-28 08:55:07 - GeoTravelGlobalLogger - INFO     - [logger.py:345] - API Request: POST https://api.stg.gowithgeo.com/api/auth/login
2026-05-28 08:55:07 - GeoTravelGlobalLogger - INFO     - [logger.py:345] - API Response: 200
2026-05-28 08:55:07 - GeoTravelGlobalLogger - INFO     - [logger.py:345] - Token extracted via cookies (length: 167, valid)
2026-05-28 08:55:07 - GeoTravelGlobalLogger - INFO     - [logger.py:345] - ✅ Auth token set from cookies (Cookie header)
2026-05-28 08:55:07 - GeoTravelGlobalLogger - INFO     - [logger.py:345] - SUCCESS: ✅ Login successful - token set via cookies
2026-05-28 08:55:07 - GeoTravelGlobalLogger - INFO     - [logger.py:345] - SUCCESS: ✅ Authenticated successfully (token length: 167)
2026-05-28 08:55:07 - GeoTravelGlobalLogger - INFO     - [logger.py:345] - ✅ Auth token set from cookies (Cookie header)
2026-05-28 08:55:07 - GeoTravelGlobalLogger - INFO     - [logger.py:345] - ✅ Auth token set from cookies (Cookie header)
2026-05-28 08:55:07 - GeoTravelGlobalLogger - INFO     - [logger.py:345] - === Testing Flight Search Error Scenarios ===
2026-05-28 08:55:07 - GeoTravelGlobalLogger - INFO     - [logger.py:345] - 🔍 _request START - Current self.headers: {'Content-Type': 'application/json', 'Accept': 'application/json', 'X-Client-Type': 'retail', 'Cookie': 'retail_access_token=eyJhbGciOiJIUzI1NiIsInR5cCI6IkpXVCJ9.eyJpZCI6MTUxLCJ1c2VyVHlwZSI6IlJFVEFJTCIsImlhdCI6MTc3OTk1ODUwNywiZXhwIjoxNzgwMDAxNzA3fQ.-uR3bk3_pHAQfD1-f1TiGBKuqQrbYxLCod3GhETS_2E'}
2026-05-28 08:55:07 - GeoTravelGlobalLogger - INFO     - [logger.py:345] - 🔍 _request - kwargs headers: {}
2026-05-28 08:55:07 - GeoTravelGlobalLogger - INFO     - [logger.py:345] - 🔍 _request FINAL headers being sent: {'Content-Type': 'application/json', 'Accept': 'application/json', 'X-Client-Type': 'retail', 'Cookie': 'retail_access_token=eyJhbGciOiJIUzI1NiIsInR5cCI6IkpXVCJ9.eyJpZCI6MTUxLCJ1c2VyVHlwZSI6IlJFVEFJTCIsImlhdCI6MTc3OTk1ODUwNywiZXhwIjoxNzgwMDAxNzA3fQ.-uR3bk3_pHAQfD1-f1TiGBKuqQrbYxLCod3GhETS_2E'}
2026-05-28 08:55:07 - GeoTravelGlobalLogger - INFO     - [logger.py:345] - API Request: POST https://api.stg.gowithgeo.com/api/flight/search-request
2026-05-28 08:55:07 - GeoTravelGlobalLogger - INFO     - [logger.py:345] - API Response: 200
2026-05-28 08:55:07 - GeoTravelGlobalLogger - INFO     - [logger.py:345] - 🔍 _request START - Current self.headers: {'Content-Type': 'application/json', 'Accept': 'application/json', 'X-Client-Type': 'retail', 'Cookie': 'retail_access_token=eyJhbGciOiJIUzI1NiIsInR5cCI6IkpXVCJ9.eyJpZCI6MTUxLCJ1c2VyVHlwZSI6IlJFVEFJTCIsImlhdCI6MTc3OTk1ODUwNywiZXhwIjoxNzgwMDAxNzA3fQ.-uR3bk3_pHAQfD1-f1TiGBKuqQrbYxLCod3GhETS_2E'}
2026-05-28 08:55:07 - GeoTravelGlobalLogger - INFO     - [logger.py:345] - 🔍 _request - kwargs headers: {}
2026-05-28 08:55:07 - GeoTravelGlobalLogger - INFO     - [logger.py:345] - 🔍 _request FINAL headers being sent: {'Content-Type': 'application/json', 'Accept': 'application/json', 'X-Client-Type': 'retail', 'Cookie': 'retail_access_token=eyJhbGciOiJIUzI1NiIsInR5cCI6IkpXVCJ9.eyJpZCI6MTUxLCJ1c2VyVHlwZSI6IlJFVEFJTCIsImlhdCI6MTc3OTk1ODUwNywiZXhwIjoxNzgwMDAxNzA3fQ.-uR3bk3_pHAQfD1-f1TiGBKuqQrbYxLCod3GhETS_2E'}
2026-05-28 08:55:07 - GeoTravelGlobalLogger - INFO     - [logger.py:345] - API Request: POST https://api.stg.gowithgeo.com/api/flight/search-request
2026-05-28 08:55:07 - GeoTravelGlobalLogger - INFO     - [logger.py:345] - API Response: 400
2026-05-28 08:55:07 - GeoTravelGlobalLogger - INFO     - [logger.py:345] - 🔍 _request START - Current self.headers: {'Content-Type': 'application/json', 'Accept': 'application/json', 'X-Client-Type': 'retail', 'Cookie': 'retail_access_token=eyJhbGciOiJIUzI1NiIsInR5cCI6IkpXVCJ9.eyJpZCI6MTUxLCJ1c2VyVHlwZSI6IlJFVEFJTCIsImlhdCI6MTc3OTk1ODUwNywiZXhwIjoxNzgwMDAxNzA3fQ.-uR3bk3_pHAQfD1-f1TiGBKuqQrbYxLCod3GhETS_2E'}
2026-05-28 08:55:07 - GeoTravelGlobalLogger - INFO     - [logger.py:345] - 🔍 _request - kwargs headers: {}
2026-05-28 08:55:07 - GeoTravelGlobalLogger - INFO     - [logger.py:345] - 🔍 _request FINAL headers being sent: {'Content-Type': 'application/json', 'Accept': 'application/json', 'X-Client-Type': 'retail', 'Cookie': 'retail_access_token=eyJhbGciOiJIUzI1NiIsInR5cCI6IkpXVCJ9.eyJpZCI6MTUxLCJ1c2VyVHlwZSI6IlJFVEFJTCIsImlhdCI6MTc3OTk1ODUwNywiZXhwIjoxNzgwMDAxNzA3fQ.-uR3bk3_pHAQfD1-f1TiGBKuqQrbYxLCod3GhETS_2E'}
2026-05-28 08:55:07 - GeoTravelGlobalLogger - INFO     - [logger.py:345] - API Request: POST https://api.stg.gowithgeo.com/api/flight/search-request
2026-05-28 08:55:07 - GeoTravelGlobalLogger - INFO     - [logger.py:345] - API Response: 400
2026-05-28 08:55:07 - GeoTravelGlobalLogger - INFO     - [logger.py:345] - ✅ Saved test-specific logs: reports/logs/src_tests_api_tests_test_flight_api.py_TestFlightAPI_test_error_scenarios_085507.log
2026-05-28 08:55:07 - GeoTravelGlobalLogger - INFO     - [logger.py:345] - Test result added: src/tests/api_tests/test_flight_api.py::TestFlightAPI::test_error_scenarios - PASS (Duration: 0.19s)
2026-05-28 08:55:07 - GeoTravelGlobalLogger - INFO     - [logger.py:345] - Added test result to API SMOKE TEST: src/tests/api_tests/test_flight_api.py::TestFlightAPI::test_error_scenarios - PASS
2026-05-28 08:55:07 - GeoTravelGlobalLogger - INFO     - [logger.py:345] - Retrieved credentials from environment for: geo.qa.bot@gmail.com
2026-05-28 08:55:07 - GeoTravelGlobalLogger - INFO     - [logger.py:345] - Attempting login with email: geo.qa.bot@gmail.com
2026-05-28 08:55:07 - GeoTravelGlobalLogger - INFO     - [logger.py:345] - 🔍 _request START - Current self.headers: {'Content-Type': 'application/json', 'Accept': 'application/json', 'X-Client-Type': 'retail'}
2026-05-28 08:55:07 - GeoTravelGlobalLogger - INFO     - [logger.py:345] - 🔍 _request - kwargs headers: {}
2026-05-28 08:55:07 - GeoTravelGlobalLogger - INFO     - [logger.py:345] - 🔍 _request FINAL headers being sent: {'Content-Type': 'application/json', 'Accept': 'application/json', 'X-Client-Type': 'retail'}
2026-05-28 08:55:07 - GeoTravelGlobalLogger - INFO     - [logger.py:345] - API Request: POST https://api.stg.gowithgeo.com/api/auth/login
2026-05-28 08:55:08 - GeoTravelGlobalLogger - INFO     - [logger.py:345] - API Response: 200
2026-05-28 08:55:08 - GeoTravelGlobalLogger - INFO     - [logger.py:345] - Token extracted via cookies (length: 167, valid)
2026-05-28 08:55:08 - GeoTravelGlobalLogger - INFO     - [logger.py:345] - ✅ Auth token set from cookies (Cookie header)
2026-05-28 08:55:08 - GeoTravelGlobalLogger - INFO     - [logger.py:345] - SUCCESS: ✅ Login successful - token set via cookies
2026-05-28 08:55:08 - GeoTravelGlobalLogger - INFO     - [logger.py:345] - SUCCESS: ✅ Authenticated successfully (token length: 167)
2026-05-28 08:55:08 - GeoTravelGlobalLogger - INFO     - [logger.py:345] - === Testing Get Google Reviews ===
2026-05-28 08:55:08 - GeoTravelGlobalLogger - INFO     - [logger.py:345] - ✅ Auth token set from cookies (Cookie header)
2026-05-28 08:55:08 - GeoTravelGlobalLogger - INFO     - [logger.py:345] - 🔍 _request START - Current self.headers: {'Content-Type': 'application/json', 'Accept': 'application/json', 'X-Client-Type': 'retail', 'Cookie': 'retail_access_token=eyJhbGciOiJIUzI1NiIsInR5cCI6IkpXVCJ9.eyJpZCI6MTUxLCJ1c2VyVHlwZSI6IlJFVEFJTCIsImlhdCI6MTc3OTk1ODUwNywiZXhwIjoxNzgwMDAxNzA3fQ.-uR3bk3_pHAQfD1-f1TiGBKuqQrbYxLCod3GhETS_2E'}
2026-05-28 08:55:08 - GeoTravelGlobalLogger - INFO     - [logger.py:345] - 🔍 _request - kwargs headers: {}
2026-05-28 08:55:08 - GeoTravelGlobalLogger - INFO     - [logger.py:345] - 🔍 _request FINAL headers being sent: {'Content-Type': 'application/json', 'Accept': 'application/json', 'X-Client-Type': 'retail', 'Cookie': 'retail_access_token=eyJhbGciOiJIUzI1NiIsInR5cCI6IkpXVCJ9.eyJpZCI6MTUxLCJ1c2VyVHlwZSI6IlJFVEFJTCIsImlhdCI6MTc3OTk1ODUwNywiZXhwIjoxNzgwMDAxNzA3fQ.-uR3bk3_pHAQfD1-f1TiGBKuqQrbYxLCod3GhETS_2E'}
2026-05-28 08:55:08 - GeoTravelGlobalLogger - INFO     - [logger.py:345] - API Request: GET https://api.stg.gowithgeo.com/api/google/reviews
2026-05-28 08:55:08 - GeoTravelGlobalLogger - INFO     - [logger.py:345] - API Response: 500
2026-05-28 08:55:08 - GeoTravelGlobalLogger - INFO     - [logger.py:345] - Google Reviews response status: No Response
2026-05-28 08:55:08 - GeoTravelGlobalLogger - INFO     - [logger.py:345] - Google Reviews response content: No Response
2026-05-28 08:55:08 - GeoTravelGlobalLogger - WARNING  - [logger.py:360] - Google Reviews API returned 500 - likely unpaid service or upstream error. Skipping test.
2026-05-28 08:55:08 - GeoTravelGlobalLogger - INFO     - [logger.py:345] - ✅ Saved test-specific logs: reports/logs/src_tests_api_tests_test_misc_api.py_TestMiscAPIs_test_get_google_reviews_085508.log
2026-05-28 08:55:08 - GeoTravelGlobalLogger - INFO     - [logger.py:345] - Test result added: src/tests/api_tests/test_misc_api.py::TestMiscAPIs::test_get_google_reviews - SKIP (Duration: 0.28s)
2026-05-28 08:55:08 - GeoTravelGlobalLogger - INFO     - [logger.py:345] - Added test result to API SMOKE TEST: src/tests/api_tests/test_misc_api.py::TestMiscAPIs::test_get_google_reviews - SKIP
2026-05-28 08:55:08 - GeoTravelGlobalLogger - INFO     - [logger.py:345] - Retrieved credentials from environment for: geo.qa.bot@gmail.com
2026-05-28 08:55:08 - GeoTravelGlobalLogger - INFO     - [logger.py:345] - Attempting login with email: geo.qa.bot@gmail.com
2026-05-28 08:55:08 - GeoTravelGlobalLogger - INFO     - [logger.py:345] - 🔍 _request START - Current self.headers: {'Content-Type': 'application/json', 'Accept': 'application/json', 'X-Client-Type': 'retail'}
2026-05-28 08:55:08 - GeoTravelGlobalLogger - INFO     - [logger.py:345] - 🔍 _request - kwargs headers: {}
2026-05-28 08:55:08 - GeoTravelGlobalLogger - INFO     - [logger.py:345] - 🔍 _request FINAL headers being sent: {'Content-Type': 'application/json', 'Accept': 'application/json', 'X-Client-Type': 'retail'}
2026-05-28 08:55:08 - GeoTravelGlobalLogger - INFO     - [logger.py:345] - API Request: POST https://api.stg.gowithgeo.com/api/auth/login
2026-05-28 08:55:08 - GeoTravelGlobalLogger - INFO     - [logger.py:345] - API Response: 200
2026-05-28 08:55:08 - GeoTravelGlobalLogger - INFO     - [logger.py:345] - Token extracted via cookies (length: 167, valid)
2026-05-28 08:55:08 - GeoTravelGlobalLogger - INFO     - [logger.py:345] - ✅ Auth token set from cookies (Cookie header)
2026-05-28 08:55:08 - GeoTravelGlobalLogger - INFO     - [logger.py:345] - SUCCESS: ✅ Login successful - token set via cookies
2026-05-28 08:55:08 - GeoTravelGlobalLogger - INFO     - [logger.py:345] - SUCCESS: ✅ Authenticated successfully (token length: 167)
2026-05-28 08:55:08 - GeoTravelGlobalLogger - INFO     - [logger.py:345] - === Testing Get Commercial Deals ===
2026-05-28 08:55:08 - GeoTravelGlobalLogger - INFO     - [logger.py:345] - ✅ Auth token set from cookies (Cookie header)
2026-05-28 08:55:08 - GeoTravelGlobalLogger - INFO     - [logger.py:345] - 🔍 _request START - Current self.headers: {'Content-Type': 'application/json', 'Accept': 'application/json', 'X-Client-Type': 'retail', 'Cookie': 'retail_access_token=eyJhbGciOiJIUzI1NiIsInR5cCI6IkpXVCJ9.eyJpZCI6MTUxLCJ1c2VyVHlwZSI6IlJFVEFJTCIsImlhdCI6MTc3OTk1ODUwOCwiZXhwIjoxNzgwMDAxNzA4fQ.UJ6kInzU4WVECMoVNZSdRLtNtzDYiMY1aux-uG-94xY'}
2026-05-28 08:55:08 - GeoTravelGlobalLogger - INFO     - [logger.py:345] - 🔍 _request - kwargs headers: {}
2026-05-28 08:55:08 - GeoTravelGlobalLogger - INFO     - [logger.py:345] - 🔍 _request FINAL headers being sent: {'Content-Type': 'application/json', 'Accept': 'application/json', 'X-Client-Type': 'retail', 'Cookie': 'retail_access_token=eyJhbGciOiJIUzI1NiIsInR5cCI6IkpXVCJ9.eyJpZCI6MTUxLCJ1c2VyVHlwZSI6IlJFVEFJTCIsImlhdCI6MTc3OTk1ODUwOCwiZXhwIjoxNzgwMDAxNzA4fQ.UJ6kInzU4WVECMoVNZSdRLtNtzDYiMY1aux-uG-94xY'}
2026-05-28 08:55:08 - GeoTravelGlobalLogger - INFO     - [logger.py:345] - API Request: GET https://api.stg.gowithgeo.com/api/commercial/all
2026-05-28 08:55:08 - GeoTravelGlobalLogger - INFO     - [logger.py:345] - API Response: 200
2026-05-28 08:55:08 - GeoTravelGlobalLogger - INFO     - [logger.py:345] - Commercial Deals: 200
2026-05-28 08:55:08 - GeoTravelGlobalLogger - INFO     - [logger.py:345] - ✅ Saved test-specific logs: reports/logs/src_tests_api_tests_test_misc_api.py_TestMiscAPIs_test_get_commercial_deals_085508.log
2026-05-28 08:55:08 - GeoTravelGlobalLogger - INFO     - [logger.py:345] - Test result added: src/tests/api_tests/test_misc_api.py::TestMiscAPIs::test_get_commercial_deals - PASS (Duration: 0.24s)
2026-05-28 08:55:08 - GeoTravelGlobalLogger - INFO     - [logger.py:345] - Added test result to API SMOKE TEST: src/tests/api_tests/test_misc_api.py::TestMiscAPIs::test_get_commercial_deals - PASS
2026-05-28 08:55:08 - GeoTravelGlobalLogger - INFO     - [logger.py:345] - Retrieved credentials from environment for: geo.qa.bot@gmail.com
2026-05-28 08:55:08 - GeoTravelGlobalLogger - INFO     - [logger.py:345] - Attempting login with email: geo.qa.bot@gmail.com
2026-05-28 08:55:08 - GeoTravelGlobalLogger - INFO     - [logger.py:345] - 🔍 _request START - Current self.headers: {'Content-Type': 'application/json', 'Accept': 'application/json', 'X-Client-Type': 'retail'}
2026-05-28 08:55:08 - GeoTravelGlobalLogger - INFO     - [logger.py:345] - 🔍 _request - kwargs headers: {}
2026-05-28 08:55:08 - GeoTravelGlobalLogger - INFO     - [logger.py:345] - 🔍 _request FINAL headers being sent: {'Content-Type': 'application/json', 'Accept': 'application/json', 'X-Client-Type': 'retail'}
2026-05-28 08:55:08 - GeoTravelGlobalLogger - INFO     - [logger.py:345] - API Request: POST https://api.stg.gowithgeo.com/api/auth/login
2026-05-28 08:55:09 - GeoTravelGlobalLogger - INFO     - [logger.py:345] - API Response: 200
2026-05-28 08:55:09 - GeoTravelGlobalLogger - INFO     - [logger.py:345] - Token extracted via cookies (length: 167, valid)
2026-05-28 08:55:09 - GeoTravelGlobalLogger - INFO     - [logger.py:345] - ✅ Auth token set from cookies (Cookie header)
2026-05-28 08:55:09 - GeoTravelGlobalLogger - INFO     - [logger.py:345] - SUCCESS: ✅ Login successful - token set via cookies
2026-05-28 08:55:09 - GeoTravelGlobalLogger - INFO     - [logger.py:345] - SUCCESS: ✅ Authenticated successfully (token length: 167)
2026-05-28 08:55:09 - GeoTravelGlobalLogger - INFO     - [logger.py:345] - === Testing Get Single Commercial Deal ===
2026-05-28 08:55:09 - GeoTravelGlobalLogger - INFO     - [logger.py:345] - ✅ Auth token set from cookies (Cookie header)
2026-05-28 08:55:09 - GeoTravelGlobalLogger - INFO     - [logger.py:345] - 🔍 _request START - Current self.headers: {'Content-Type': 'application/json', 'Accept': 'application/json', 'X-Client-Type': 'retail', 'Cookie': 'retail_access_token=eyJhbGciOiJIUzI1NiIsInR5cCI6IkpXVCJ9.eyJpZCI6MTUxLCJ1c2VyVHlwZSI6IlJFVEFJTCIsImlhdCI6MTc3OTk1ODUwOSwiZXhwIjoxNzgwMDAxNzA5fQ.OswOh31EiH4uO87UjvnfIPp2m-ImiAObbXmaP7_-icY'}
2026-05-28 08:55:09 - GeoTravelGlobalLogger - INFO     - [logger.py:345] - 🔍 _request - kwargs headers: {}
2026-05-28 08:55:09 - GeoTravelGlobalLogger - INFO     - [logger.py:345] - 🔍 _request FINAL headers being sent: {'Content-Type': 'application/json', 'Accept': 'application/json', 'X-Client-Type': 'retail', 'Cookie': 'retail_access_token=eyJhbGciOiJIUzI1NiIsInR5cCI6IkpXVCJ9.eyJpZCI6MTUxLCJ1c2VyVHlwZSI6IlJFVEFJTCIsImlhdCI6MTc3OTk1ODUwOSwiZXhwIjoxNzgwMDAxNzA5fQ.OswOh31EiH4uO87UjvnfIPp2m-ImiAObbXmaP7_-icY'}
2026-05-28 08:55:09 - GeoTravelGlobalLogger - INFO     - [logger.py:345] - API Request: GET https://api.stg.gowithgeo.com/api/commercial/all
2026-05-28 08:55:09 - GeoTravelGlobalLogger - INFO     - [logger.py:345] - API Response: 200
2026-05-28 08:55:09 - GeoTravelGlobalLogger - INFO     - [logger.py:345] - 🔍 _request START - Current self.headers: {'Content-Type': 'application/json', 'Accept': 'application/json', 'X-Client-Type': 'retail', 'Cookie': 'retail_access_token=eyJhbGciOiJIUzI1NiIsInR5cCI6IkpXVCJ9.eyJpZCI6MTUxLCJ1c2VyVHlwZSI6IlJFVEFJTCIsImlhdCI6MTc3OTk1ODUwOSwiZXhwIjoxNzgwMDAxNzA5fQ.OswOh31EiH4uO87UjvnfIPp2m-ImiAObbXmaP7_-icY'}
2026-05-28 08:55:09 - GeoTravelGlobalLogger - INFO     - [logger.py:345] - 🔍 _request - kwargs headers: {}
2026-05-28 08:55:09 - GeoTravelGlobalLogger - INFO     - [logger.py:345] - 🔍 _request FINAL headers being sent: {'Content-Type': 'application/json', 'Accept': 'application/json', 'X-Client-Type': 'retail', 'Cookie': 'retail_access_token=eyJhbGciOiJIUzI1NiIsInR5cCI6IkpXVCJ9.eyJpZCI6MTUxLCJ1c2VyVHlwZSI6IlJFVEFJTCIsImlhdCI6MTc3OTk1ODUwOSwiZXhwIjoxNzgwMDAxNzA5fQ.OswOh31EiH4uO87UjvnfIPp2m-ImiAObbXmaP7_-icY'}
2026-05-28 08:55:09 - GeoTravelGlobalLogger - INFO     - [logger.py:345] - API Request: GET https://api.stg.gowithgeo.com/api/commercial/5
2026-05-28 08:55:09 - GeoTravelGlobalLogger - INFO     - [logger.py:345] - API Response: 200
2026-05-28 08:55:09 - GeoTravelGlobalLogger - INFO     - [logger.py:345] - Single Commercial Deal: 200
2026-05-28 08:55:09 - GeoTravelGlobalLogger - INFO     - [logger.py:345] - ✅ Saved test-specific logs: reports/logs/src_tests_api_tests_test_misc_api.py_TestMiscAPIs_test_get_single_commercial_deal_085509.log
2026-05-28 08:55:09 - GeoTravelGlobalLogger - INFO     - [logger.py:345] - Test result added: src/tests/api_tests/test_misc_api.py::TestMiscAPIs::test_get_single_commercial_deal - PASS (Duration: 0.34s)
2026-05-28 08:55:09 - GeoTravelGlobalLogger - INFO     - [logger.py:345] - Added test result to API SMOKE TEST: src/tests/api_tests/test_misc_api.py::TestMiscAPIs::test_get_single_commercial_deal - PASS
2026-05-28 08:55:09 - GeoTravelGlobalLogger - INFO     - [logger.py:345] - Retrieved credentials from environment for: geo.qa.bot@gmail.com
2026-05-28 08:55:09 - GeoTravelGlobalLogger - INFO     - [logger.py:345] - Attempting login with email: geo.qa.bot@gmail.com
2026-05-28 08:55:09 - GeoTravelGlobalLogger - INFO     - [logger.py:345] - 🔍 _request START - Current self.headers: {'Content-Type': 'application/json', 'Accept': 'application/json', 'X-Client-Type': 'retail'}
2026-05-28 08:55:09 - GeoTravelGlobalLogger - INFO     - [logger.py:345] - 🔍 _request - kwargs headers: {}
2026-05-28 08:55:09 - GeoTravelGlobalLogger - INFO     - [logger.py:345] - 🔍 _request FINAL headers being sent: {'Content-Type': 'application/json', 'Accept': 'application/json', 'X-Client-Type': 'retail'}
2026-05-28 08:55:09 - GeoTravelGlobalLogger - INFO     - [logger.py:345] - API Request: POST https://api.stg.gowithgeo.com/api/auth/login
2026-05-28 08:55:09 - GeoTravelGlobalLogger - INFO     - [logger.py:345] - API Response: 200
2026-05-28 08:55:09 - GeoTravelGlobalLogger - INFO     - [logger.py:345] - Token extracted via cookies (length: 167, valid)
2026-05-28 08:55:09 - GeoTravelGlobalLogger - INFO     - [logger.py:345] - ✅ Auth token set from cookies (Cookie header)
2026-05-28 08:55:09 - GeoTravelGlobalLogger - INFO     - [logger.py:345] - SUCCESS: ✅ Login successful - token set via cookies
2026-05-28 08:55:09 - GeoTravelGlobalLogger - INFO     - [logger.py:345] - SUCCESS: ✅ Authenticated successfully (token length: 167)
2026-05-28 08:55:09 - GeoTravelGlobalLogger - INFO     - [logger.py:345] - === Testing Get All Events ===
2026-05-28 08:55:09 - GeoTravelGlobalLogger - INFO     - [logger.py:345] - ✅ Auth token set from cookies (Cookie header)
2026-05-28 08:55:09 - GeoTravelGlobalLogger - INFO     - [logger.py:345] - 🔍 _request START - Current self.headers: {'Content-Type': 'application/json', 'Accept': 'application/json', 'X-Client-Type': 'retail', 'Cookie': 'retail_access_token=eyJhbGciOiJIUzI1NiIsInR5cCI6IkpXVCJ9.eyJpZCI6MTUxLCJ1c2VyVHlwZSI6IlJFVEFJTCIsImlhdCI6MTc3OTk1ODUwOSwiZXhwIjoxNzgwMDAxNzA5fQ.OswOh31EiH4uO87UjvnfIPp2m-ImiAObbXmaP7_-icY'}
2026-05-28 08:55:09 - GeoTravelGlobalLogger - INFO     - [logger.py:345] - 🔍 _request - kwargs headers: {}
2026-05-28 08:55:09 - GeoTravelGlobalLogger - INFO     - [logger.py:345] - 🔍 _request FINAL headers being sent: {'Content-Type': 'application/json', 'Accept': 'application/json', 'X-Client-Type': 'retail', 'Cookie': 'retail_access_token=eyJhbGciOiJIUzI1NiIsInR5cCI6IkpXVCJ9.eyJpZCI6MTUxLCJ1c2VyVHlwZSI6IlJFVEFJTCIsImlhdCI6MTc3OTk1ODUwOSwiZXhwIjoxNzgwMDAxNzA5fQ.OswOh31EiH4uO87UjvnfIPp2m-ImiAObbXmaP7_-icY'}
2026-05-28 08:55:09 - GeoTravelGlobalLogger - INFO     - [logger.py:345] - API Request: GET https://api.stg.gowithgeo.com/api/event/all
2026-05-28 08:55:10 - GeoTravelGlobalLogger - INFO     - [logger.py:345] - API Response: 200
2026-05-28 08:55:10 - GeoTravelGlobalLogger - INFO     - [logger.py:345] - All Events: 200
2026-05-28 08:55:10 - GeoTravelGlobalLogger - INFO     - [logger.py:345] - ✅ Saved test-specific logs: reports/logs/src_tests_api_tests_test_misc_api.py_TestMiscAPIs_test_get_all_events_085510.log
2026-05-28 08:55:10 - GeoTravelGlobalLogger - INFO     - [logger.py:345] - Test result added: src/tests/api_tests/test_misc_api.py::TestMiscAPIs::test_get_all_events - PASS (Duration: 0.24s)
2026-05-28 08:55:10 - GeoTravelGlobalLogger - INFO     - [logger.py:345] - Added test result to API SMOKE TEST: src/tests/api_tests/test_misc_api.py::TestMiscAPIs::test_get_all_events - PASS
2026-05-28 08:55:10 - GeoTravelGlobalLogger - INFO     - [logger.py:345] - Retrieved credentials from environment for: geo.qa.bot@gmail.com
2026-05-28 08:55:10 - GeoTravelGlobalLogger - INFO     - [logger.py:345] - Attempting login with email: geo.qa.bot@gmail.com
2026-05-28 08:55:10 - GeoTravelGlobalLogger - INFO     - [logger.py:345] - 🔍 _request START - Current self.headers: {'Content-Type': 'application/json', 'Accept': 'application/json', 'X-Client-Type': 'retail'}
2026-05-28 08:55:10 - GeoTravelGlobalLogger - INFO     - [logger.py:345] - 🔍 _request - kwargs headers: {}
2026-05-28 08:55:10 - GeoTravelGlobalLogger - INFO     - [logger.py:345] - 🔍 _request FINAL headers being sent: {'Content-Type': 'application/json', 'Accept': 'application/json', 'X-Client-Type': 'retail'}
2026-05-28 08:55:10 - GeoTravelGlobalLogger - INFO     - [logger.py:345] - API Request: POST https://api.stg.gowithgeo.com/api/auth/login
2026-05-28 08:55:10 - GeoTravelGlobalLogger - INFO     - [logger.py:345] - API Response: 200
2026-05-28 08:55:10 - GeoTravelGlobalLogger - INFO     - [logger.py:345] - Token extracted via cookies (length: 167, valid)
2026-05-28 08:55:10 - GeoTravelGlobalLogger - INFO     - [logger.py:345] - ✅ Auth token set from cookies (Cookie header)
2026-05-28 08:55:10 - GeoTravelGlobalLogger - INFO     - [logger.py:345] - SUCCESS: ✅ Login successful - token set via cookies
2026-05-28 08:55:10 - GeoTravelGlobalLogger - INFO     - [logger.py:345] - SUCCESS: ✅ Authenticated successfully (token length: 167)
2026-05-28 08:55:10 - GeoTravelGlobalLogger - INFO     - [logger.py:345] - === Testing Get Airports ===
2026-05-28 08:55:10 - GeoTravelGlobalLogger - INFO     - [logger.py:345] - ✅ Auth token set from cookies (Cookie header)
2026-05-28 08:55:10 - GeoTravelGlobalLogger - INFO     - [logger.py:345] - ✅ Saved test-specific logs: reports/logs/src_tests_api_tests_test_misc_api.py_TestMiscAPIs_test_get_airports_085510.log
2026-05-28 08:55:10 - GeoTravelGlobalLogger - INFO     - [logger.py:345] - Test result added: src/tests/api_tests/test_misc_api.py::TestMiscAPIs::test_get_airports - PASS (Duration: 0.00s)
2026-05-28 08:55:10 - GeoTravelGlobalLogger - INFO     - [logger.py:345] - Added test result to API SMOKE TEST: src/tests/api_tests/test_misc_api.py::TestMiscAPIs::test_get_airports - PASS
2026-05-28 08:55:10 - GeoTravelGlobalLogger - INFO     - [logger.py:345] - Retrieved credentials from environment for: geo.qa.bot@gmail.com
2026-05-28 08:55:10 - GeoTravelGlobalLogger - INFO     - [logger.py:345] - Attempting login with email: geo.qa.bot@gmail.com
2026-05-28 08:55:10 - GeoTravelGlobalLogger - INFO     - [logger.py:345] - 🔍 _request START - Current self.headers: {'Content-Type': 'application/json', 'Accept': 'application/json', 'X-Client-Type': 'retail'}
2026-05-28 08:55:10 - GeoTravelGlobalLogger - INFO     - [logger.py:345] - 🔍 _request - kwargs headers: {}
2026-05-28 08:55:10 - GeoTravelGlobalLogger - INFO     - [logger.py:345] - 🔍 _request FINAL headers being sent: {'Content-Type': 'application/json', 'Accept': 'application/json', 'X-Client-Type': 'retail'}
2026-05-28 08:55:10 - GeoTravelGlobalLogger - INFO     - [logger.py:345] - API Request: POST https://api.stg.gowithgeo.com/api/auth/login
2026-05-28 08:55:10 - GeoTravelGlobalLogger - INFO     - [logger.py:345] - API Response: 200
2026-05-28 08:55:10 - GeoTravelGlobalLogger - INFO     - [logger.py:345] - Token extracted via cookies (length: 167, valid)
2026-05-28 08:55:10 - GeoTravelGlobalLogger - INFO     - [logger.py:345] - ✅ Auth token set from cookies (Cookie header)
2026-05-28 08:55:10 - GeoTravelGlobalLogger - INFO     - [logger.py:345] - SUCCESS: ✅ Login successful - token set via cookies
2026-05-28 08:55:10 - GeoTravelGlobalLogger - INFO     - [logger.py:345] - SUCCESS: ✅ Authenticated successfully (token length: 167)
2026-05-28 08:55:10 - GeoTravelGlobalLogger - INFO     - [logger.py:345] - === Testing Get All Blogs ===
2026-05-28 08:55:10 - GeoTravelGlobalLogger - INFO     - [logger.py:345] - ✅ Auth token set from cookies (Cookie header)
2026-05-28 08:55:10 - GeoTravelGlobalLogger - INFO     - [logger.py:345] - 🔍 _request START - Current self.headers: {'Content-Type': 'application/json', 'Accept': 'application/json', 'X-Client-Type': 'retail', 'Cookie': 'retail_access_token=eyJhbGciOiJIUzI1NiIsInR5cCI6IkpXVCJ9.eyJpZCI6MTUxLCJ1c2VyVHlwZSI6IlJFVEFJTCIsImlhdCI6MTc3OTk1ODUxMCwiZXhwIjoxNzgwMDAxNzEwfQ.3x6fJ_Dr4dxqxF52o8fw3K3MhGRrduw_8bETZ78dQpY'}
2026-05-28 08:55:10 - GeoTravelGlobalLogger - INFO     - [logger.py:345] - 🔍 _request - kwargs headers: {}
2026-05-28 08:55:10 - GeoTravelGlobalLogger - INFO     - [logger.py:345] - 🔍 _request FINAL headers being sent: {'Content-Type': 'application/json', 'Accept': 'application/json', 'X-Client-Type': 'retail', 'Cookie': 'retail_access_token=eyJhbGciOiJIUzI1NiIsInR5cCI6IkpXVCJ9.eyJpZCI6MTUxLCJ1c2VyVHlwZSI6IlJFVEFJTCIsImlhdCI6MTc3OTk1ODUxMCwiZXhwIjoxNzgwMDAxNzEwfQ.3x6fJ_Dr4dxqxF52o8fw3K3MhGRrduw_8bETZ78dQpY'}
2026-05-28 08:55:10 - GeoTravelGlobalLogger - INFO     - [logger.py:345] - API Request: GET https://api.stg.gowithgeo.com/api/blog/all
2026-05-28 08:55:10 - GeoTravelGlobalLogger - INFO     - [logger.py:345] - API Response: 200
2026-05-28 08:55:10 - GeoTravelGlobalLogger - INFO     - [logger.py:345] - All Blogs: 200
2026-05-28 08:55:10 - GeoTravelGlobalLogger - INFO     - [logger.py:345] - ✅ Saved test-specific logs: reports/logs/src_tests_api_tests_test_misc_api.py_TestMiscAPIs_test_get_all_blogs_085510.log
2026-05-28 08:55:10 - GeoTravelGlobalLogger - INFO     - [logger.py:345] - Test result added: src/tests/api_tests/test_misc_api.py::TestMiscAPIs::test_get_all_blogs - PASS (Duration: 0.24s)
2026-05-28 08:55:10 - GeoTravelGlobalLogger - INFO     - [logger.py:345] - Added test result to API SMOKE TEST: src/tests/api_tests/test_misc_api.py::TestMiscAPIs::test_get_all_blogs - PASS
2026-05-28 08:55:10 - GeoTravelGlobalLogger - INFO     - [logger.py:345] - Retrieved credentials from environment for: geo.qa.bot@gmail.com
2026-05-28 08:55:10 - GeoTravelGlobalLogger - INFO     - [logger.py:345] - Attempting login with email: geo.qa.bot@gmail.com
2026-05-28 08:55:10 - GeoTravelGlobalLogger - INFO     - [logger.py:345] - 🔍 _request START - Current self.headers: {'Content-Type': 'application/json', 'Accept': 'application/json', 'X-Client-Type': 'retail'}
2026-05-28 08:55:10 - GeoTravelGlobalLogger - INFO     - [logger.py:345] - 🔍 _request - kwargs headers: {}
2026-05-28 08:55:10 - GeoTravelGlobalLogger - INFO     - [logger.py:345] - 🔍 _request FINAL headers being sent: {'Content-Type': 'application/json', 'Accept': 'application/json', 'X-Client-Type': 'retail'}
2026-05-28 08:55:10 - GeoTravelGlobalLogger - INFO     - [logger.py:345] - API Request: POST https://api.stg.gowithgeo.com/api/auth/login
2026-05-28 08:55:11 - GeoTravelGlobalLogger - INFO     - [logger.py:345] - API Response: 200
2026-05-28 08:55:11 - GeoTravelGlobalLogger - INFO     - [logger.py:345] - Token extracted via cookies (length: 167, valid)
2026-05-28 08:55:11 - GeoTravelGlobalLogger - INFO     - [logger.py:345] - ✅ Auth token set from cookies (Cookie header)
2026-05-28 08:55:11 - GeoTravelGlobalLogger - INFO     - [logger.py:345] - SUCCESS: ✅ Login successful - token set via cookies
2026-05-28 08:55:11 - GeoTravelGlobalLogger - INFO     - [logger.py:345] - SUCCESS: ✅ Authenticated successfully (token length: 167)
2026-05-28 08:55:11 - GeoTravelGlobalLogger - INFO     - [logger.py:345] - === Testing Get Single Blog ===
2026-05-28 08:55:11 - GeoTravelGlobalLogger - INFO     - [logger.py:345] - ✅ Auth token set from cookies (Cookie header)
2026-05-28 08:55:11 - GeoTravelGlobalLogger - INFO     - [logger.py:345] - 🔍 _request START - Current self.headers: {'Content-Type': 'application/json', 'Accept': 'application/json', 'X-Client-Type': 'retail', 'Cookie': 'retail_access_token=eyJhbGciOiJIUzI1NiIsInR5cCI6IkpXVCJ9.eyJpZCI6MTUxLCJ1c2VyVHlwZSI6IlJFVEFJTCIsImlhdCI6MTc3OTk1ODUxMSwiZXhwIjoxNzgwMDAxNzExfQ.av9bOTJ3ObHmAPNEZwRZ_RzJ3OUDS7r0UgPYdDLjDho'}
2026-05-28 08:55:11 - GeoTravelGlobalLogger - INFO     - [logger.py:345] - 🔍 _request - kwargs headers: {}
2026-05-28 08:55:11 - GeoTravelGlobalLogger - INFO     - [logger.py:345] - 🔍 _request FINAL headers being sent: {'Content-Type': 'application/json', 'Accept': 'application/json', 'X-Client-Type': 'retail', 'Cookie': 'retail_access_token=eyJhbGciOiJIUzI1NiIsInR5cCI6IkpXVCJ9.eyJpZCI6MTUxLCJ1c2VyVHlwZSI6IlJFVEFJTCIsImlhdCI6MTc3OTk1ODUxMSwiZXhwIjoxNzgwMDAxNzExfQ.av9bOTJ3ObHmAPNEZwRZ_RzJ3OUDS7r0UgPYdDLjDho'}
2026-05-28 08:55:11 - GeoTravelGlobalLogger - INFO     - [logger.py:345] - API Request: GET https://api.stg.gowithgeo.com/api/blog/all
2026-05-28 08:55:11 - GeoTravelGlobalLogger - INFO     - [logger.py:345] - API Response: 200
2026-05-28 08:55:11 - GeoTravelGlobalLogger - INFO     - [logger.py:345] - 🔍 _request START - Current self.headers: {'Content-Type': 'application/json', 'Accept': 'application/json', 'X-Client-Type': 'retail', 'Cookie': 'retail_access_token=eyJhbGciOiJIUzI1NiIsInR5cCI6IkpXVCJ9.eyJpZCI6MTUxLCJ1c2VyVHlwZSI6IlJFVEFJTCIsImlhdCI6MTc3OTk1ODUxMSwiZXhwIjoxNzgwMDAxNzExfQ.av9bOTJ3ObHmAPNEZwRZ_RzJ3OUDS7r0UgPYdDLjDho'}
2026-05-28 08:55:11 - GeoTravelGlobalLogger - INFO     - [logger.py:345] - 🔍 _request - kwargs headers: {}
2026-05-28 08:55:11 - GeoTravelGlobalLogger - INFO     - [logger.py:345] - 🔍 _request FINAL headers being sent: {'Content-Type': 'application/json', 'Accept': 'application/json', 'X-Client-Type': 'retail', 'Cookie': 'retail_access_token=eyJhbGciOiJIUzI1NiIsInR5cCI6IkpXVCJ9.eyJpZCI6MTUxLCJ1c2VyVHlwZSI6IlJFVEFJTCIsImlhdCI6MTc3OTk1ODUxMSwiZXhwIjoxNzgwMDAxNzExfQ.av9bOTJ3ObHmAPNEZwRZ_RzJ3OUDS7r0UgPYdDLjDho'}
2026-05-28 08:55:11 - GeoTravelGlobalLogger - INFO     - [logger.py:345] - API Request: GET https://api.stg.gowithgeo.com/api/blog/37
2026-05-28 08:55:11 - GeoTravelGlobalLogger - INFO     - [logger.py:345] - API Response: 200
2026-05-28 08:55:11 - GeoTravelGlobalLogger - INFO     - [logger.py:345] - Single Blog status: 200
2026-05-28 08:55:11 - GeoTravelGlobalLogger - INFO     - [logger.py:345] - ✅ Saved test-specific logs: reports/logs/src_tests_api_tests_test_misc_api.py_TestMiscAPIs_test_get_single_blog_085511.log
2026-05-28 08:55:11 - GeoTravelGlobalLogger - INFO     - [logger.py:345] - Test result added: src/tests/api_tests/test_misc_api.py::TestMiscAPIs::test_get_single_blog - PASS (Duration: 0.51s)
2026-05-28 08:55:11 - GeoTravelGlobalLogger - INFO     - [logger.py:345] - Added test result to API SMOKE TEST: src/tests/api_tests/test_misc_api.py::TestMiscAPIs::test_get_single_blog - PASS
2026-05-28 08:55:11 - GeoTravelGlobalLogger - INFO     - [logger.py:345] - Retrieved credentials from environment for: geo.qa.bot@gmail.com
2026-05-28 08:55:11 - GeoTravelGlobalLogger - INFO     - [logger.py:345] - Attempting login with email: geo.qa.bot@gmail.com
2026-05-28 08:55:11 - GeoTravelGlobalLogger - INFO     - [logger.py:345] - 🔍 _request START - Current self.headers: {'Content-Type': 'application/json', 'Accept': 'application/json', 'X-Client-Type': 'retail'}
2026-05-28 08:55:11 - GeoTravelGlobalLogger - INFO     - [logger.py:345] - 🔍 _request - kwargs headers: {}
2026-05-28 08:55:11 - GeoTravelGlobalLogger - INFO     - [logger.py:345] - 🔍 _request FINAL headers being sent: {'Content-Type': 'application/json', 'Accept': 'application/json', 'X-Client-Type': 'retail'}
2026-05-28 08:55:11 - GeoTravelGlobalLogger - INFO     - [logger.py:345] - API Request: POST https://api.stg.gowithgeo.com/api/auth/login
2026-05-28 08:55:11 - GeoTravelGlobalLogger - INFO     - [logger.py:345] - API Response: 200
2026-05-28 08:55:11 - GeoTravelGlobalLogger - INFO     - [logger.py:345] - Token extracted via cookies (length: 167, valid)
2026-05-28 08:55:11 - GeoTravelGlobalLogger - INFO     - [logger.py:345] - ✅ Auth token set from cookies (Cookie header)
2026-05-28 08:55:11 - GeoTravelGlobalLogger - INFO     - [logger.py:345] - SUCCESS: ✅ Login successful - token set via cookies
2026-05-28 08:55:11 - GeoTravelGlobalLogger - INFO     - [logger.py:345] - SUCCESS: ✅ Authenticated successfully (token length: 167)
2026-05-28 08:55:11 - GeoTravelGlobalLogger - INFO     - [logger.py:345] - === Testing Get Blog Comments ===
2026-05-28 08:55:11 - GeoTravelGlobalLogger - INFO     - [logger.py:345] - ✅ Auth token set from cookies (Cookie header)
2026-05-28 08:55:11 - GeoTravelGlobalLogger - INFO     - [logger.py:345] - 🔍 _request START - Current self.headers: {'Content-Type': 'application/json', 'Accept': 'application/json', 'X-Client-Type': 'retail', 'Cookie': 'retail_access_token=eyJhbGciOiJIUzI1NiIsInR5cCI6IkpXVCJ9.eyJpZCI6MTUxLCJ1c2VyVHlwZSI6IlJFVEFJTCIsImlhdCI6MTc3OTk1ODUxMSwiZXhwIjoxNzgwMDAxNzExfQ.av9bOTJ3ObHmAPNEZwRZ_RzJ3OUDS7r0UgPYdDLjDho'}
2026-05-28 08:55:11 - GeoTravelGlobalLogger - INFO     - [logger.py:345] - 🔍 _request - kwargs headers: {}
2026-05-28 08:55:11 - GeoTravelGlobalLogger - INFO     - [logger.py:345] - 🔍 _request FINAL headers being sent: {'Content-Type': 'application/json', 'Accept': 'application/json', 'X-Client-Type': 'retail', 'Cookie': 'retail_access_token=eyJhbGciOiJIUzI1NiIsInR5cCI6IkpXVCJ9.eyJpZCI6MTUxLCJ1c2VyVHlwZSI6IlJFVEFJTCIsImlhdCI6MTc3OTk1ODUxMSwiZXhwIjoxNzgwMDAxNzExfQ.av9bOTJ3ObHmAPNEZwRZ_RzJ3OUDS7r0UgPYdDLjDho'}
2026-05-28 08:55:11 - GeoTravelGlobalLogger - INFO     - [logger.py:345] - API Request: GET https://api.stg.gowithgeo.com/api/blog/all
2026-05-28 08:55:12 - GeoTravelGlobalLogger - INFO     - [logger.py:345] - API Response: 200
2026-05-28 08:55:12 - GeoTravelGlobalLogger - INFO     - [logger.py:345] - 🔍 _request START - Current self.headers: {'Content-Type': 'application/json', 'Accept': 'application/json', 'X-Client-Type': 'retail', 'Cookie': 'retail_access_token=eyJhbGciOiJIUzI1NiIsInR5cCI6IkpXVCJ9.eyJpZCI6MTUxLCJ1c2VyVHlwZSI6IlJFVEFJTCIsImlhdCI6MTc3OTk1ODUxMSwiZXhwIjoxNzgwMDAxNzExfQ.av9bOTJ3ObHmAPNEZwRZ_RzJ3OUDS7r0UgPYdDLjDho'}
2026-05-28 08:55:12 - GeoTravelGlobalLogger - INFO     - [logger.py:345] - 🔍 _request - kwargs headers: {}
2026-05-28 08:55:12 - GeoTravelGlobalLogger - INFO     - [logger.py:345] - 🔍 _request FINAL headers being sent: {'Content-Type': 'application/json', 'Accept': 'application/json', 'X-Client-Type': 'retail', 'Cookie': 'retail_access_token=eyJhbGciOiJIUzI1NiIsInR5cCI6IkpXVCJ9.eyJpZCI6MTUxLCJ1c2VyVHlwZSI6IlJFVEFJTCIsImlhdCI6MTc3OTk1ODUxMSwiZXhwIjoxNzgwMDAxNzExfQ.av9bOTJ3ObHmAPNEZwRZ_RzJ3OUDS7r0UgPYdDLjDho'}
2026-05-28 08:55:12 - GeoTravelGlobalLogger - INFO     - [logger.py:345] - API Request: GET https://api.stg.gowithgeo.com/api/blog/comment/blog/37
2026-05-28 08:55:12 - GeoTravelGlobalLogger - INFO     - [logger.py:345] - API Response: 200
2026-05-28 08:55:12 - GeoTravelGlobalLogger - INFO     - [logger.py:345] - Blog Comments status: 200
2026-05-28 08:55:12 - GeoTravelGlobalLogger - INFO     - [logger.py:345] - ✅ Saved test-specific logs: reports/logs/src_tests_api_tests_test_misc_api.py_TestMiscAPIs_test_get_blog_comments_085512.log
2026-05-28 08:55:12 - GeoTravelGlobalLogger - INFO     - [logger.py:345] - Test result added: src/tests/api_tests/test_misc_api.py::TestMiscAPIs::test_get_blog_comments - PASS (Duration: 0.43s)
2026-05-28 08:55:12 - GeoTravelGlobalLogger - INFO     - [logger.py:345] - Added test result to API SMOKE TEST: src/tests/api_tests/test_misc_api.py::TestMiscAPIs::test_get_blog_comments - PASS
2026-05-28 08:55:12 - GeoTravelGlobalLogger - INFO     - [logger.py:345] - Retrieved credentials from environment for: geo.qa.bot@gmail.com
2026-05-28 08:55:12 - GeoTravelGlobalLogger - INFO     - [logger.py:345] - Attempting login with email: geo.qa.bot@gmail.com
2026-05-28 08:55:12 - GeoTravelGlobalLogger - INFO     - [logger.py:345] - 🔍 _request START - Current self.headers: {'Content-Type': 'application/json', 'Accept': 'application/json', 'X-Client-Type': 'retail'}
2026-05-28 08:55:12 - GeoTravelGlobalLogger - INFO     - [logger.py:345] - 🔍 _request - kwargs headers: {}
2026-05-28 08:55:12 - GeoTravelGlobalLogger - INFO     - [logger.py:345] - 🔍 _request FINAL headers being sent: {'Content-Type': 'application/json', 'Accept': 'application/json', 'X-Client-Type': 'retail'}
2026-05-28 08:55:12 - GeoTravelGlobalLogger - INFO     - [logger.py:345] - API Request: POST https://api.stg.gowithgeo.com/api/auth/login
2026-05-28 08:55:12 - GeoTravelGlobalLogger - INFO     - [logger.py:345] - API Response: 200
2026-05-28 08:55:12 - GeoTravelGlobalLogger - INFO     - [logger.py:345] - Token extracted via cookies (length: 167, valid)
2026-05-28 08:55:12 - GeoTravelGlobalLogger - INFO     - [logger.py:345] - ✅ Auth token set from cookies (Cookie header)
2026-05-28 08:55:12 - GeoTravelGlobalLogger - INFO     - [logger.py:345] - SUCCESS: ✅ Login successful - token set via cookies
2026-05-28 08:55:12 - GeoTravelGlobalLogger - INFO     - [logger.py:345] - SUCCESS: ✅ Authenticated successfully (token length: 167)
2026-05-28 08:55:12 - GeoTravelGlobalLogger - INFO     - [logger.py:345] - === Testing Refresh Token ===
2026-05-28 08:55:12 - GeoTravelGlobalLogger - INFO     - [logger.py:345] - ✅ Auth token set from cookies (Cookie header)
2026-05-28 08:55:12 - GeoTravelGlobalLogger - INFO     - [logger.py:345] - 🔍 _request START - Current self.headers: {'Content-Type': 'application/json', 'Accept': 'application/json', 'X-Client-Type': 'retail', 'Cookie': 'retail_access_token=eyJhbGciOiJIUzI1NiIsInR5cCI6IkpXVCJ9.eyJpZCI6MTUxLCJ1c2VyVHlwZSI6IlJFVEFJTCIsImlhdCI6MTc3OTk1ODUxMiwiZXhwIjoxNzgwMDAxNzEyfQ.Vi7dIbbWny59eIkdvYP-cGUILCzWcoKMTeQX1PIsl2M'}
2026-05-28 08:55:12 - GeoTravelGlobalLogger - INFO     - [logger.py:345] - 🔍 _request - kwargs headers: {}
2026-05-28 08:55:12 - GeoTravelGlobalLogger - INFO     - [logger.py:345] - 🔍 _request FINAL headers being sent: {'Content-Type': 'application/json', 'Accept': 'application/json', 'X-Client-Type': 'retail', 'Cookie': 'retail_access_token=eyJhbGciOiJIUzI1NiIsInR5cCI6IkpXVCJ9.eyJpZCI6MTUxLCJ1c2VyVHlwZSI6IlJFVEFJTCIsImlhdCI6MTc3OTk1ODUxMiwiZXhwIjoxNzgwMDAxNzEyfQ.Vi7dIbbWny59eIkdvYP-cGUILCzWcoKMTeQX1PIsl2M'}
2026-05-28 08:55:12 - GeoTravelGlobalLogger - INFO     - [logger.py:345] - API Request: POST https://api.stg.gowithgeo.com/api/auth/refresh
2026-05-28 08:55:12 - GeoTravelGlobalLogger - INFO     - [logger.py:345] - API Response: 400
2026-05-28 08:55:12 - GeoTravelGlobalLogger - INFO     - [logger.py:345] - Refresh Token: 400
2026-05-28 08:55:12 - GeoTravelGlobalLogger - INFO     - [logger.py:345] - ✅ Saved test-specific logs: reports/logs/src_tests_api_tests_test_misc_api.py_TestMiscAPIs_test_refresh_token_085512.log
2026-05-28 08:55:12 - GeoTravelGlobalLogger - INFO     - [logger.py:345] - Test result added: src/tests/api_tests/test_misc_api.py::TestMiscAPIs::test_refresh_token - PASS (Duration: 0.06s)
2026-05-28 08:55:12 - GeoTravelGlobalLogger - INFO     - [logger.py:345] - Added test result to API SMOKE TEST: src/tests/api_tests/test_misc_api.py::TestMiscAPIs::test_refresh_token - PASS
2026-05-28 08:55:12 - GeoTravelGlobalLogger - INFO     - [logger.py:345] - Retrieved credentials from environment for: geo.qa.bot@gmail.com
2026-05-28 08:55:12 - GeoTravelGlobalLogger - INFO     - [logger.py:345] - Attempting login with email: geo.qa.bot@gmail.com
2026-05-28 08:55:12 - GeoTravelGlobalLogger - INFO     - [logger.py:345] - 🔍 _request START - Current self.headers: {'Content-Type': 'application/json', 'Accept': 'application/json', 'X-Client-Type': 'retail'}
2026-05-28 08:55:12 - GeoTravelGlobalLogger - INFO     - [logger.py:345] - 🔍 _request - kwargs headers: {}
2026-05-28 08:55:12 - GeoTravelGlobalLogger - INFO     - [logger.py:345] - 🔍 _request FINAL headers being sent: {'Content-Type': 'application/json', 'Accept': 'application/json', 'X-Client-Type': 'retail'}
2026-05-28 08:55:12 - GeoTravelGlobalLogger - INFO     - [logger.py:345] - API Request: POST https://api.stg.gowithgeo.com/api/auth/login
2026-05-28 08:55:13 - GeoTravelGlobalLogger - INFO     - [logger.py:345] - API Response: 200
2026-05-28 08:55:13 - GeoTravelGlobalLogger - INFO     - [logger.py:345] - Token extracted via cookies (length: 167, valid)
2026-05-28 08:55:13 - GeoTravelGlobalLogger - INFO     - [logger.py:345] - ✅ Auth token set from cookies (Cookie header)
2026-05-28 08:55:13 - GeoTravelGlobalLogger - INFO     - [logger.py:345] - SUCCESS: ✅ Login successful - token set via cookies
2026-05-28 08:55:13 - GeoTravelGlobalLogger - INFO     - [logger.py:345] - SUCCESS: ✅ Authenticated successfully (token length: 167)
2026-05-28 08:55:13 - GeoTravelGlobalLogger - INFO     - [logger.py:345] - === Testing Get User Profile ===
2026-05-28 08:55:13 - GeoTravelGlobalLogger - INFO     - [logger.py:345] - ✅ Auth token set from cookies (Cookie header)
2026-05-28 08:55:13 - GeoTravelGlobalLogger - INFO     - [logger.py:345] - 🔍 _request START - Current self.headers: {'Content-Type': 'application/json', 'Accept': 'application/json', 'X-Client-Type': 'retail', 'Cookie': 'retail_access_token=eyJhbGciOiJIUzI1NiIsInR5cCI6IkpXVCJ9.eyJpZCI6MTUxLCJ1c2VyVHlwZSI6IlJFVEFJTCIsImlhdCI6MTc3OTk1ODUxMiwiZXhwIjoxNzgwMDAxNzEyfQ.Vi7dIbbWny59eIkdvYP-cGUILCzWcoKMTeQX1PIsl2M'}
2026-05-28 08:55:13 - GeoTravelGlobalLogger - INFO     - [logger.py:345] - 🔍 _request - kwargs headers: {}
2026-05-28 08:55:13 - GeoTravelGlobalLogger - INFO     - [logger.py:345] - 🔍 _request FINAL headers being sent: {'Content-Type': 'application/json', 'Accept': 'application/json', 'X-Client-Type': 'retail', 'Cookie': 'retail_access_token=eyJhbGciOiJIUzI1NiIsInR5cCI6IkpXVCJ9.eyJpZCI6MTUxLCJ1c2VyVHlwZSI6IlJFVEFJTCIsImlhdCI6MTc3OTk1ODUxMiwiZXhwIjoxNzgwMDAxNzEyfQ.Vi7dIbbWny59eIkdvYP-cGUILCzWcoKMTeQX1PIsl2M'}
2026-05-28 08:55:13 - GeoTravelGlobalLogger - INFO     - [logger.py:345] - API Request: GET https://api.stg.gowithgeo.com/api/users/me
2026-05-28 08:55:13 - GeoTravelGlobalLogger - INFO     - [logger.py:345] - API Response: 200
2026-05-28 08:55:13 - GeoTravelGlobalLogger - INFO     - [logger.py:345] - User Profile: 200
2026-05-28 08:55:13 - GeoTravelGlobalLogger - INFO     - [logger.py:345] - ✅ Saved test-specific logs: reports/logs/src_tests_api_tests_test_misc_api.py_TestMiscAPIs_test_get_user_profile_085513.log
2026-05-28 08:55:13 - GeoTravelGlobalLogger - INFO     - [logger.py:345] - Test result added: src/tests/api_tests/test_misc_api.py::TestMiscAPIs::test_get_user_profile - PASS (Duration: 0.24s)
2026-05-28 08:55:13 - GeoTravelGlobalLogger - INFO     - [logger.py:345] - Added test result to API SMOKE TEST: src/tests/api_tests/test_misc_api.py::TestMiscAPIs::test_get_user_profile - PASS
2026-05-28 08:55:13 - GeoTravelGlobalLogger - INFO     - [logger.py:345] - Retrieved credentials from environment for: geo.qa.bot@gmail.com
2026-05-28 08:55:13 - GeoTravelGlobalLogger - INFO     - [logger.py:345] - Attempting login with email: geo.qa.bot@gmail.com
2026-05-28 08:55:13 - GeoTravelGlobalLogger - INFO     - [logger.py:345] - 🔍 _request START - Current self.headers: {'Content-Type': 'application/json', 'Accept': 'application/json', 'X-Client-Type': 'retail'}
2026-05-28 08:55:13 - GeoTravelGlobalLogger - INFO     - [logger.py:345] - 🔍 _request - kwargs headers: {}
2026-05-28 08:55:13 - GeoTravelGlobalLogger - INFO     - [logger.py:345] - 🔍 _request FINAL headers being sent: {'Content-Type': 'application/json', 'Accept': 'application/json', 'X-Client-Type': 'retail'}
2026-05-28 08:55:13 - GeoTravelGlobalLogger - INFO     - [logger.py:345] - API Request: POST https://api.stg.gowithgeo.com/api/auth/login
2026-05-28 08:55:13 - GeoTravelGlobalLogger - INFO     - [logger.py:345] - API Response: 200
2026-05-28 08:55:13 - GeoTravelGlobalLogger - INFO     - [logger.py:345] - Token extracted via cookies (length: 167, valid)
2026-05-28 08:55:13 - GeoTravelGlobalLogger - INFO     - [logger.py:345] - ✅ Auth token set from cookies (Cookie header)
2026-05-28 08:55:13 - GeoTravelGlobalLogger - INFO     - [logger.py:345] - SUCCESS: ✅ Login successful - token set via cookies
2026-05-28 08:55:13 - GeoTravelGlobalLogger - INFO     - [logger.py:345] - SUCCESS: ✅ Authenticated successfully (token length: 167)
2026-05-28 08:55:13 - GeoTravelGlobalLogger - INFO     - [logger.py:345] - === Testing Get User Transactions ===
2026-05-28 08:55:13 - GeoTravelGlobalLogger - INFO     - [logger.py:345] - ✅ Auth token set from cookies (Cookie header)
2026-05-28 08:55:13 - GeoTravelGlobalLogger - INFO     - [logger.py:345] - 🔍 _request START - Current self.headers: {'Content-Type': 'application/json', 'Accept': 'application/json', 'X-Client-Type': 'retail', 'Cookie': 'retail_access_token=eyJhbGciOiJIUzI1NiIsInR5cCI6IkpXVCJ9.eyJpZCI6MTUxLCJ1c2VyVHlwZSI6IlJFVEFJTCIsImlhdCI6MTc3OTk1ODUxMywiZXhwIjoxNzgwMDAxNzEzfQ.n46HPqQoVfvCnhK1bVXNs4_uroX2pIsvhJo1Fku9vUg'}
2026-05-28 08:55:13 - GeoTravelGlobalLogger - INFO     - [logger.py:345] - 🔍 _request - kwargs headers: {}
2026-05-28 08:55:13 - GeoTravelGlobalLogger - INFO     - [logger.py:345] - 🔍 _request FINAL headers being sent: {'Content-Type': 'application/json', 'Accept': 'application/json', 'X-Client-Type': 'retail', 'Cookie': 'retail_access_token=eyJhbGciOiJIUzI1NiIsInR5cCI6IkpXVCJ9.eyJpZCI6MTUxLCJ1c2VyVHlwZSI6IlJFVEFJTCIsImlhdCI6MTc3OTk1ODUxMywiZXhwIjoxNzgwMDAxNzEzfQ.n46HPqQoVfvCnhK1bVXNs4_uroX2pIsvhJo1Fku9vUg'}
2026-05-28 08:55:13 - GeoTravelGlobalLogger - INFO     - [logger.py:345] - API Request: GET https://api.stg.gowithgeo.com/api/transactions/user
2026-05-28 08:55:13 - GeoTravelGlobalLogger - INFO     - [logger.py:345] - API Response: 200
2026-05-28 08:55:13 - GeoTravelGlobalLogger - INFO     - [logger.py:345] - User Transactions: 200
2026-05-28 08:55:13 - GeoTravelGlobalLogger - INFO     - [logger.py:345] - ✅ Saved test-specific logs: reports/logs/src_tests_api_tests_test_misc_api.py_TestMiscAPIs_test_get_user_transactions_085513.log
2026-05-28 08:55:13 - GeoTravelGlobalLogger - INFO     - [logger.py:345] - Test result added: src/tests/api_tests/test_misc_api.py::TestMiscAPIs::test_get_user_transactions - PASS (Duration: 0.36s)
2026-05-28 08:55:13 - GeoTravelGlobalLogger - INFO     - [logger.py:345] - Added test result to API SMOKE TEST: src/tests/api_tests/test_misc_api.py::TestMiscAPIs::test_get_user_transactions - PASS
2026-05-28 08:55:13 - GeoTravelGlobalLogger - INFO     - [logger.py:345] - Retrieved credentials from environment for: geo.qa.bot@gmail.com
2026-05-28 08:55:13 - GeoTravelGlobalLogger - INFO     - [logger.py:345] - Attempting login with email: geo.qa.bot@gmail.com
2026-05-28 08:55:13 - GeoTravelGlobalLogger - INFO     - [logger.py:345] - 🔍 _request START - Current self.headers: {'Content-Type': 'application/json', 'Accept': 'application/json', 'X-Client-Type': 'retail'}
2026-05-28 08:55:13 - GeoTravelGlobalLogger - INFO     - [logger.py:345] - 🔍 _request - kwargs headers: {}
2026-05-28 08:55:13 - GeoTravelGlobalLogger - INFO     - [logger.py:345] - 🔍 _request FINAL headers being sent: {'Content-Type': 'application/json', 'Accept': 'application/json', 'X-Client-Type': 'retail'}
2026-05-28 08:55:13 - GeoTravelGlobalLogger - INFO     - [logger.py:345] - API Request: POST https://api.stg.gowithgeo.com/api/auth/login
2026-05-28 08:55:14 - GeoTravelGlobalLogger - INFO     - [logger.py:345] - API Response: 200
2026-05-28 08:55:14 - GeoTravelGlobalLogger - INFO     - [logger.py:345] - Token extracted via cookies (length: 167, valid)
2026-05-28 08:55:14 - GeoTravelGlobalLogger - INFO     - [logger.py:345] - ✅ Auth token set from cookies (Cookie header)
2026-05-28 08:55:14 - GeoTravelGlobalLogger - INFO     - [logger.py:345] - SUCCESS: ✅ Login successful - token set via cookies
2026-05-28 08:55:14 - GeoTravelGlobalLogger - INFO     - [logger.py:345] - SUCCESS: ✅ Authenticated successfully (token length: 167)
2026-05-28 08:55:14 - GeoTravelGlobalLogger - INFO     - [logger.py:345] - === Testing Get Notifications ===
2026-05-28 08:55:14 - GeoTravelGlobalLogger - INFO     - [logger.py:345] - ✅ Auth token set from cookies (Cookie header)
2026-05-28 08:55:14 - GeoTravelGlobalLogger - INFO     - [logger.py:345] - 🔍 _request START - Current self.headers: {'Content-Type': 'application/json', 'Accept': 'application/json', 'X-Client-Type': 'retail', 'Cookie': 'retail_access_token=eyJhbGciOiJIUzI1NiIsInR5cCI6IkpXVCJ9.eyJpZCI6MTUxLCJ1c2VyVHlwZSI6IlJFVEFJTCIsImlhdCI6MTc3OTk1ODUxNCwiZXhwIjoxNzgwMDAxNzE0fQ.kMQ1w5Fgwqp6qnXrudZbBScA-5n8YIf8TvoDRSjLUWA'}
2026-05-28 08:55:14 - GeoTravelGlobalLogger - INFO     - [logger.py:345] - 🔍 _request - kwargs headers: {}
2026-05-28 08:55:14 - GeoTravelGlobalLogger - INFO     - [logger.py:345] - 🔍 _request FINAL headers being sent: {'Content-Type': 'application/json', 'Accept': 'application/json', 'X-Client-Type': 'retail', 'Cookie': 'retail_access_token=eyJhbGciOiJIUzI1NiIsInR5cCI6IkpXVCJ9.eyJpZCI6MTUxLCJ1c2VyVHlwZSI6IlJFVEFJTCIsImlhdCI6MTc3OTk1ODUxNCwiZXhwIjoxNzgwMDAxNzE0fQ.kMQ1w5Fgwqp6qnXrudZbBScA-5n8YIf8TvoDRSjLUWA'}
2026-05-28 08:55:14 - GeoTravelGlobalLogger - INFO     - [logger.py:345] - API Request: GET https://api.stg.gowithgeo.com/api/notifications
2026-05-28 08:55:14 - GeoTravelGlobalLogger - INFO     - [logger.py:345] - API Response: 200
2026-05-28 08:55:14 - GeoTravelGlobalLogger - INFO     - [logger.py:345] - Notifications: 200
2026-05-28 08:55:14 - GeoTravelGlobalLogger - INFO     - [logger.py:345] - ✅ Saved test-specific logs: reports/logs/src_tests_api_tests_test_misc_api.py_TestMiscAPIs_test_get_notifications_085514.log
2026-05-28 08:55:14 - GeoTravelGlobalLogger - INFO     - [logger.py:345] - Test result added: src/tests/api_tests/test_misc_api.py::TestMiscAPIs::test_get_notifications - PASS (Duration: 0.23s)
2026-05-28 08:55:14 - GeoTravelGlobalLogger - INFO     - [logger.py:345] - Added test result to API SMOKE TEST: src/tests/api_tests/test_misc_api.py::TestMiscAPIs::test_get_notifications - PASS
2026-05-28 08:55:14 - GeoTravelGlobalLogger - INFO     - [logger.py:345] - Retrieved credentials from environment for: geo.qa.bot@gmail.com
2026-05-28 08:55:14 - GeoTravelGlobalLogger - INFO     - [logger.py:345] - Attempting login with email: geo.qa.bot@gmail.com
2026-05-28 08:55:14 - GeoTravelGlobalLogger - INFO     - [logger.py:345] - 🔍 _request START - Current self.headers: {'Content-Type': 'application/json', 'Accept': 'application/json', 'X-Client-Type': 'retail'}
2026-05-28 08:55:14 - GeoTravelGlobalLogger - INFO     - [logger.py:345] - 🔍 _request - kwargs headers: {}
2026-05-28 08:55:14 - GeoTravelGlobalLogger - INFO     - [logger.py:345] - 🔍 _request FINAL headers being sent: {'Content-Type': 'application/json', 'Accept': 'application/json', 'X-Client-Type': 'retail'}
2026-05-28 08:55:14 - GeoTravelGlobalLogger - INFO     - [logger.py:345] - API Request: POST https://api.stg.gowithgeo.com/api/auth/login
2026-05-28 08:55:14 - GeoTravelGlobalLogger - INFO     - [logger.py:345] - API Response: 200
2026-05-28 08:55:14 - GeoTravelGlobalLogger - INFO     - [logger.py:345] - Token extracted via cookies (length: 167, valid)
2026-05-28 08:55:14 - GeoTravelGlobalLogger - INFO     - [logger.py:345] - ✅ Auth token set from cookies (Cookie header)
2026-05-28 08:55:14 - GeoTravelGlobalLogger - INFO     - [logger.py:345] - SUCCESS: ✅ Login successful - token set via cookies
2026-05-28 08:55:14 - GeoTravelGlobalLogger - INFO     - [logger.py:345] - SUCCESS: ✅ Authenticated successfully (token length: 167)
2026-05-28 08:55:14 - GeoTravelGlobalLogger - INFO     - [logger.py:345] - === Testing Subscribe Newsletter ===
2026-05-28 08:55:14 - GeoTravelGlobalLogger - INFO     - [logger.py:345] - ✅ Auth token set from cookies (Cookie header)
2026-05-28 08:55:14 - GeoTravelGlobalLogger - INFO     - [logger.py:345] - 🔍 _request START - Current self.headers: {'Content-Type': 'application/json', 'Accept': 'application/json', 'X-Client-Type': 'retail', 'Cookie': 'retail_access_token=eyJhbGciOiJIUzI1NiIsInR5cCI6IkpXVCJ9.eyJpZCI6MTUxLCJ1c2VyVHlwZSI6IlJFVEFJTCIsImlhdCI6MTc3OTk1ODUxNCwiZXhwIjoxNzgwMDAxNzE0fQ.kMQ1w5Fgwqp6qnXrudZbBScA-5n8YIf8TvoDRSjLUWA'}
2026-05-28 08:55:14 - GeoTravelGlobalLogger - INFO     - [logger.py:345] - 🔍 _request - kwargs headers: {}
2026-05-28 08:55:14 - GeoTravelGlobalLogger - INFO     - [logger.py:345] - 🔍 _request FINAL headers being sent: {'Content-Type': 'application/json', 'Accept': 'application/json', 'X-Client-Type': 'retail', 'Cookie': 'retail_access_token=eyJhbGciOiJIUzI1NiIsInR5cCI6IkpXVCJ9.eyJpZCI6MTUxLCJ1c2VyVHlwZSI6IlJFVEFJTCIsImlhdCI6MTc3OTk1ODUxNCwiZXhwIjoxNzgwMDAxNzE0fQ.kMQ1w5Fgwqp6qnXrudZbBScA-5n8YIf8TvoDRSjLUWA'}
2026-05-28 08:55:14 - GeoTravelGlobalLogger - INFO     - [logger.py:345] - API Request: POST https://api.stg.gowithgeo.com/api/newsletter/create
2026-05-28 08:55:14 - GeoTravelGlobalLogger - INFO     - [logger.py:345] - API Response: 400
2026-05-28 08:55:14 - GeoTravelGlobalLogger - INFO     - [logger.py:345] - Newsletter Subscribe: 400
2026-05-28 08:55:14 - GeoTravelGlobalLogger - INFO     - [logger.py:345] - ✅ Saved test-specific logs: reports/logs/src_tests_api_tests_test_misc_api.py_TestMiscAPIs_test_subscribe_newsletter_085514.log
2026-05-28 08:55:14 - GeoTravelGlobalLogger - INFO     - [logger.py:345] - Test result added: src/tests/api_tests/test_misc_api.py::TestMiscAPIs::test_subscribe_newsletter - PASS (Duration: 0.16s)
2026-05-28 08:55:14 - GeoTravelGlobalLogger - INFO     - [logger.py:345] - Added test result to API SMOKE TEST: src/tests/api_tests/test_misc_api.py::TestMiscAPIs::test_subscribe_newsletter - PASS
2026-05-28 08:55:14 - GeoTravelGlobalLogger - INFO     - [logger.py:345] - Retrieved credentials from environment for: geo.qa.bot@gmail.com
2026-05-28 08:55:14 - GeoTravelGlobalLogger - INFO     - [logger.py:345] - Attempting login with email: geo.qa.bot@gmail.com
2026-05-28 08:55:14 - GeoTravelGlobalLogger - INFO     - [logger.py:345] - 🔍 _request START - Current self.headers: {'Content-Type': 'application/json', 'Accept': 'application/json', 'X-Client-Type': 'retail'}
2026-05-28 08:55:14 - GeoTravelGlobalLogger - INFO     - [logger.py:345] - 🔍 _request - kwargs headers: {}
2026-05-28 08:55:14 - GeoTravelGlobalLogger - INFO     - [logger.py:345] - 🔍 _request FINAL headers being sent: {'Content-Type': 'application/json', 'Accept': 'application/json', 'X-Client-Type': 'retail'}
2026-05-28 08:55:14 - GeoTravelGlobalLogger - INFO     - [logger.py:345] - API Request: POST https://api.stg.gowithgeo.com/api/auth/login
2026-05-28 08:55:15 - GeoTravelGlobalLogger - INFO     - [logger.py:345] - API Response: 200
2026-05-28 08:55:15 - GeoTravelGlobalLogger - INFO     - [logger.py:345] - Token extracted via cookies (length: 167, valid)
2026-05-28 08:55:15 - GeoTravelGlobalLogger - INFO     - [logger.py:345] - ✅ Auth token set from cookies (Cookie header)
2026-05-28 08:55:15 - GeoTravelGlobalLogger - INFO     - [logger.py:345] - SUCCESS: ✅ Login successful - token set via cookies
2026-05-28 08:55:15 - GeoTravelGlobalLogger - INFO     - [logger.py:345] - SUCCESS: ✅ Authenticated successfully (token length: 167)
2026-05-28 08:55:15 - GeoTravelGlobalLogger - INFO     - [logger.py:345] - === Testing Apply Voucher ===
2026-05-28 08:55:15 - GeoTravelGlobalLogger - INFO     - [logger.py:345] - ✅ Auth token set from cookies (Cookie header)
2026-05-28 08:55:15 - GeoTravelGlobalLogger - INFO     - [logger.py:345] - 🔍 _request START - Current self.headers: {'Content-Type': 'application/json', 'Accept': 'application/json', 'X-Client-Type': 'retail', 'Cookie': 'retail_access_token=eyJhbGciOiJIUzI1NiIsInR5cCI6IkpXVCJ9.eyJpZCI6MTUxLCJ1c2VyVHlwZSI6IlJFVEFJTCIsImlhdCI6MTc3OTk1ODUxNSwiZXhwIjoxNzgwMDAxNzE1fQ.JBhI7h7l1pttyKilcwsl2u9PLPveGcxE5-P8X89kuFw'}
2026-05-28 08:55:15 - GeoTravelGlobalLogger - INFO     - [logger.py:345] - 🔍 _request - kwargs headers: {}
2026-05-28 08:55:15 - GeoTravelGlobalLogger - INFO     - [logger.py:345] - 🔍 _request FINAL headers being sent: {'Content-Type': 'application/json', 'Accept': 'application/json', 'X-Client-Type': 'retail', 'Cookie': 'retail_access_token=eyJhbGciOiJIUzI1NiIsInR5cCI6IkpXVCJ9.eyJpZCI6MTUxLCJ1c2VyVHlwZSI6IlJFVEFJTCIsImlhdCI6MTc3OTk1ODUxNSwiZXhwIjoxNzgwMDAxNzE1fQ.JBhI7h7l1pttyKilcwsl2u9PLPveGcxE5-P8X89kuFw'}
2026-05-28 08:55:15 - GeoTravelGlobalLogger - INFO     - [logger.py:345] - API Request: POST https://api.stg.gowithgeo.com/api/price/voucher/apply
2026-05-28 08:55:15 - GeoTravelGlobalLogger - INFO     - [logger.py:345] - API Response: 404
2026-05-28 08:55:15 - GeoTravelGlobalLogger - INFO     - [logger.py:345] - Apply Voucher: 404
2026-05-28 08:55:15 - GeoTravelGlobalLogger - INFO     - [logger.py:345] - ✅ Saved test-specific logs: reports/logs/src_tests_api_tests_test_misc_api.py_TestMiscAPIs_test_apply_voucher_085515.log
2026-05-28 08:55:15 - GeoTravelGlobalLogger - INFO     - [logger.py:345] - Test result added: src/tests/api_tests/test_misc_api.py::TestMiscAPIs::test_apply_voucher - PASS (Duration: 0.06s)
2026-05-28 08:55:15 - GeoTravelGlobalLogger - INFO     - [logger.py:345] - Added test result to API SMOKE TEST: src/tests/api_tests/test_misc_api.py::TestMiscAPIs::test_apply_voucher - PASS
2026-05-28 08:55:15 - GeoTravelGlobalLogger - INFO     - [logger.py:345] - Retrieved credentials from environment for: geo.qa.bot@gmail.com
2026-05-28 08:55:15 - GeoTravelGlobalLogger - INFO     - [logger.py:345] - Attempting login with email: geo.qa.bot@gmail.com
2026-05-28 08:55:15 - GeoTravelGlobalLogger - INFO     - [logger.py:345] - 🔍 _request START - Current self.headers: {'Content-Type': 'application/json', 'Accept': 'application/json', 'X-Client-Type': 'retail'}
2026-05-28 08:55:15 - GeoTravelGlobalLogger - INFO     - [logger.py:345] - 🔍 _request - kwargs headers: {}
2026-05-28 08:55:15 - GeoTravelGlobalLogger - INFO     - [logger.py:345] - 🔍 _request FINAL headers being sent: {'Content-Type': 'application/json', 'Accept': 'application/json', 'X-Client-Type': 'retail'}
2026-05-28 08:55:15 - GeoTravelGlobalLogger - INFO     - [logger.py:345] - API Request: POST https://api.stg.gowithgeo.com/api/auth/login
2026-05-28 08:55:15 - GeoTravelGlobalLogger - INFO     - [logger.py:345] - API Response: 200
2026-05-28 08:55:15 - GeoTravelGlobalLogger - INFO     - [logger.py:345] - Token extracted via cookies (length: 167, valid)
2026-05-28 08:55:15 - GeoTravelGlobalLogger - INFO     - [logger.py:345] - ✅ Auth token set from cookies (Cookie header)
2026-05-28 08:55:15 - GeoTravelGlobalLogger - INFO     - [logger.py:345] - SUCCESS: ✅ Login successful - token set via cookies
2026-05-28 08:55:15 - GeoTravelGlobalLogger - INFO     - [logger.py:345] - SUCCESS: ✅ Authenticated successfully (token length: 167)
2026-05-28 08:55:15 - GeoTravelGlobalLogger - INFO     - [logger.py:345] - ✅ Auth token set from cookies (Cookie header)
2026-05-28 08:55:15 - GeoTravelGlobalLogger - INFO     - [logger.py:345] - ✅ Auth token set from cookies (Cookie header)
2026-05-28 08:55:15 - GeoTravelGlobalLogger - INFO     - [logger.py:345] - === Testing Get All Packages ===
2026-05-28 08:55:15 - GeoTravelGlobalLogger - INFO     - [logger.py:345] - 🔍 _request START - Current self.headers: {'Content-Type': 'application/json', 'Accept': 'application/json', 'X-Client-Type': 'retail', 'Cookie': 'retail_access_token=eyJhbGciOiJIUzI1NiIsInR5cCI6IkpXVCJ9.eyJpZCI6MTUxLCJ1c2VyVHlwZSI6IlJFVEFJTCIsImlhdCI6MTc3OTk1ODUxNSwiZXhwIjoxNzgwMDAxNzE1fQ.JBhI7h7l1pttyKilcwsl2u9PLPveGcxE5-P8X89kuFw'}
2026-05-28 08:55:15 - GeoTravelGlobalLogger - INFO     - [logger.py:345] - 🔍 _request - kwargs headers: {}
2026-05-28 08:55:15 - GeoTravelGlobalLogger - INFO     - [logger.py:345] - 🔍 _request FINAL headers being sent: {'Content-Type': 'application/json', 'Accept': 'application/json', 'X-Client-Type': 'retail', 'Cookie': 'retail_access_token=eyJhbGciOiJIUzI1NiIsInR5cCI6IkpXVCJ9.eyJpZCI6MTUxLCJ1c2VyVHlwZSI6IlJFVEFJTCIsImlhdCI6MTc3OTk1ODUxNSwiZXhwIjoxNzgwMDAxNzE1fQ.JBhI7h7l1pttyKilcwsl2u9PLPveGcxE5-P8X89kuFw'}
2026-05-28 08:55:15 - GeoTravelGlobalLogger - INFO     - [logger.py:345] - API Request: GET https://api.stg.gowithgeo.com/api/package/all
2026-05-28 08:55:15 - GeoTravelGlobalLogger - INFO     - [logger.py:345] - API Response: 200
2026-05-28 08:55:15 - GeoTravelGlobalLogger - INFO     - [logger.py:345] - SUCCESS: ✅ Get all packages successful
2026-05-28 08:55:15 - GeoTravelGlobalLogger - INFO     - [logger.py:345] - ✅ Saved test-specific logs: reports/logs/src_tests_api_tests_test_package_api.py_TestPackageAPI_test_get_all_packages_085515.log
2026-05-28 08:55:15 - GeoTravelGlobalLogger - INFO     - [logger.py:345] - Test result added: src/tests/api_tests/test_package_api.py::TestPackageAPI::test_get_all_packages - PASS (Duration: 0.23s)
2026-05-28 08:55:15 - GeoTravelGlobalLogger - INFO     - [logger.py:345] - Added test result to API SMOKE TEST: src/tests/api_tests/test_package_api.py::TestPackageAPI::test_get_all_packages - PASS
2026-05-28 08:55:15 - GeoTravelGlobalLogger - INFO     - [logger.py:345] - Retrieved credentials from environment for: geo.qa.bot@gmail.com
2026-05-28 08:55:15 - GeoTravelGlobalLogger - INFO     - [logger.py:345] - Attempting login with email: geo.qa.bot@gmail.com
2026-05-28 08:55:15 - GeoTravelGlobalLogger - INFO     - [logger.py:345] - 🔍 _request START - Current self.headers: {'Content-Type': 'application/json', 'Accept': 'application/json', 'X-Client-Type': 'retail'}
2026-05-28 08:55:15 - GeoTravelGlobalLogger - INFO     - [logger.py:345] - 🔍 _request - kwargs headers: {}
2026-05-28 08:55:15 - GeoTravelGlobalLogger - INFO     - [logger.py:345] - 🔍 _request FINAL headers being sent: {'Content-Type': 'application/json', 'Accept': 'application/json', 'X-Client-Type': 'retail'}
2026-05-28 08:55:15 - GeoTravelGlobalLogger - INFO     - [logger.py:345] - API Request: POST https://api.stg.gowithgeo.com/api/auth/login
2026-05-28 08:55:16 - GeoTravelGlobalLogger - INFO     - [logger.py:345] - API Response: 200
2026-05-28 08:55:16 - GeoTravelGlobalLogger - INFO     - [logger.py:345] - Token extracted via cookies (length: 167, valid)
2026-05-28 08:55:16 - GeoTravelGlobalLogger - INFO     - [logger.py:345] - ✅ Auth token set from cookies (Cookie header)
2026-05-28 08:55:16 - GeoTravelGlobalLogger - INFO     - [logger.py:345] - SUCCESS: ✅ Login successful - token set via cookies
2026-05-28 08:55:16 - GeoTravelGlobalLogger - INFO     - [logger.py:345] - SUCCESS: ✅ Authenticated successfully (token length: 167)
2026-05-28 08:55:16 - GeoTravelGlobalLogger - INFO     - [logger.py:345] - ✅ Auth token set from cookies (Cookie header)
2026-05-28 08:55:16 - GeoTravelGlobalLogger - INFO     - [logger.py:345] - ✅ Auth token set from cookies (Cookie header)
2026-05-28 08:55:16 - GeoTravelGlobalLogger - INFO     - [logger.py:345] - === Testing Get Package Countries ===
2026-05-28 08:55:16 - GeoTravelGlobalLogger - INFO     - [logger.py:345] - 🔍 _request START - Current self.headers: {'Content-Type': 'application/json', 'Accept': 'application/json', 'X-Client-Type': 'retail', 'Cookie': 'retail_access_token=eyJhbGciOiJIUzI1NiIsInR5cCI6IkpXVCJ9.eyJpZCI6MTUxLCJ1c2VyVHlwZSI6IlJFVEFJTCIsImlhdCI6MTc3OTk1ODUxNiwiZXhwIjoxNzgwMDAxNzE2fQ.d0FDVNR839FEOXIVoJUTAcDBMuXe6Ger6Aia0SMFGbQ'}
2026-05-28 08:55:16 - GeoTravelGlobalLogger - INFO     - [logger.py:345] - 🔍 _request - kwargs headers: {}
2026-05-28 08:55:16 - GeoTravelGlobalLogger - INFO     - [logger.py:345] - 🔍 _request FINAL headers being sent: {'Content-Type': 'application/json', 'Accept': 'application/json', 'X-Client-Type': 'retail', 'Cookie': 'retail_access_token=eyJhbGciOiJIUzI1NiIsInR5cCI6IkpXVCJ9.eyJpZCI6MTUxLCJ1c2VyVHlwZSI6IlJFVEFJTCIsImlhdCI6MTc3OTk1ODUxNiwiZXhwIjoxNzgwMDAxNzE2fQ.d0FDVNR839FEOXIVoJUTAcDBMuXe6Ger6Aia0SMFGbQ'}
2026-05-28 08:55:16 - GeoTravelGlobalLogger - INFO     - [logger.py:345] - API Request: GET https://api.stg.gowithgeo.com/api/package/countries
2026-05-28 08:55:16 - GeoTravelGlobalLogger - INFO     - [logger.py:345] - API Response: 200
2026-05-28 08:55:16 - GeoTravelGlobalLogger - INFO     - [logger.py:345] - SUCCESS: ✅ Get package countries successful
2026-05-28 08:55:16 - GeoTravelGlobalLogger - INFO     - [logger.py:345] - ✅ Saved test-specific logs: reports/logs/src_tests_api_tests_test_package_api.py_TestPackageAPI_test_get_package_countries_085516.log
2026-05-28 08:55:16 - GeoTravelGlobalLogger - INFO     - [logger.py:345] - Test result added: src/tests/api_tests/test_package_api.py::TestPackageAPI::test_get_package_countries - PASS (Duration: 0.15s)
2026-05-28 08:55:16 - GeoTravelGlobalLogger - INFO     - [logger.py:345] - Added test result to API SMOKE TEST: src/tests/api_tests/test_package_api.py::TestPackageAPI::test_get_package_countries - PASS
2026-05-28 08:55:16 - GeoTravelGlobalLogger - INFO     - [logger.py:345] - Retrieved credentials from environment for: geo.qa.bot@gmail.com
2026-05-28 08:55:16 - GeoTravelGlobalLogger - INFO     - [logger.py:345] - Attempting login with email: geo.qa.bot@gmail.com
2026-05-28 08:55:16 - GeoTravelGlobalLogger - INFO     - [logger.py:345] - 🔍 _request START - Current self.headers: {'Content-Type': 'application/json', 'Accept': 'application/json', 'X-Client-Type': 'retail'}
2026-05-28 08:55:16 - GeoTravelGlobalLogger - INFO     - [logger.py:345] - 🔍 _request - kwargs headers: {}
2026-05-28 08:55:16 - GeoTravelGlobalLogger - INFO     - [logger.py:345] - 🔍 _request FINAL headers being sent: {'Content-Type': 'application/json', 'Accept': 'application/json', 'X-Client-Type': 'retail'}
2026-05-28 08:55:16 - GeoTravelGlobalLogger - INFO     - [logger.py:345] - API Request: POST https://api.stg.gowithgeo.com/api/auth/login
2026-05-28 08:55:16 - GeoTravelGlobalLogger - INFO     - [logger.py:345] - API Response: 200
2026-05-28 08:55:16 - GeoTravelGlobalLogger - INFO     - [logger.py:345] - Token extracted via cookies (length: 167, valid)
2026-05-28 08:55:16 - GeoTravelGlobalLogger - INFO     - [logger.py:345] - ✅ Auth token set from cookies (Cookie header)
2026-05-28 08:55:16 - GeoTravelGlobalLogger - INFO     - [logger.py:345] - SUCCESS: ✅ Login successful - token set via cookies
2026-05-28 08:55:16 - GeoTravelGlobalLogger - INFO     - [logger.py:345] - SUCCESS: ✅ Authenticated successfully (token length: 167)
2026-05-28 08:55:16 - GeoTravelGlobalLogger - INFO     - [logger.py:345] - ✅ Auth token set from cookies (Cookie header)
2026-05-28 08:55:16 - GeoTravelGlobalLogger - INFO     - [logger.py:345] - ✅ Auth token set from cookies (Cookie header)
2026-05-28 08:55:16 - GeoTravelGlobalLogger - INFO     - [logger.py:345] - === Testing Get Single Package ===
2026-05-28 08:55:16 - GeoTravelGlobalLogger - INFO     - [logger.py:345] - 🔍 _request START - Current self.headers: {'Content-Type': 'application/json', 'Accept': 'application/json', 'X-Client-Type': 'retail', 'Cookie': 'retail_access_token=eyJhbGciOiJIUzI1NiIsInR5cCI6IkpXVCJ9.eyJpZCI6MTUxLCJ1c2VyVHlwZSI6IlJFVEFJTCIsImlhdCI6MTc3OTk1ODUxNiwiZXhwIjoxNzgwMDAxNzE2fQ.d0FDVNR839FEOXIVoJUTAcDBMuXe6Ger6Aia0SMFGbQ'}
2026-05-28 08:55:16 - GeoTravelGlobalLogger - INFO     - [logger.py:345] - 🔍 _request - kwargs headers: {}
2026-05-28 08:55:16 - GeoTravelGlobalLogger - INFO     - [logger.py:345] - 🔍 _request FINAL headers being sent: {'Content-Type': 'application/json', 'Accept': 'application/json', 'X-Client-Type': 'retail', 'Cookie': 'retail_access_token=eyJhbGciOiJIUzI1NiIsInR5cCI6IkpXVCJ9.eyJpZCI6MTUxLCJ1c2VyVHlwZSI6IlJFVEFJTCIsImlhdCI6MTc3OTk1ODUxNiwiZXhwIjoxNzgwMDAxNzE2fQ.d0FDVNR839FEOXIVoJUTAcDBMuXe6Ger6Aia0SMFGbQ'}
2026-05-28 08:55:16 - GeoTravelGlobalLogger - INFO     - [logger.py:345] - API Request: GET https://api.stg.gowithgeo.com/api/package/all
2026-05-28 08:55:16 - GeoTravelGlobalLogger - INFO     - [logger.py:345] - API Response: 200
2026-05-28 08:55:16 - GeoTravelGlobalLogger - INFO     - [logger.py:345] - 📦 Testing with package ID: 16
2026-05-28 08:55:16 - GeoTravelGlobalLogger - INFO     - [logger.py:345] - 🔍 _request START - Current self.headers: {'Content-Type': 'application/json', 'Accept': 'application/json', 'X-Client-Type': 'retail', 'Cookie': 'retail_access_token=eyJhbGciOiJIUzI1NiIsInR5cCI6IkpXVCJ9.eyJpZCI6MTUxLCJ1c2VyVHlwZSI6IlJFVEFJTCIsImlhdCI6MTc3OTk1ODUxNiwiZXhwIjoxNzgwMDAxNzE2fQ.d0FDVNR839FEOXIVoJUTAcDBMuXe6Ger6Aia0SMFGbQ'}
2026-05-28 08:55:16 - GeoTravelGlobalLogger - INFO     - [logger.py:345] - 🔍 _request - kwargs headers: {}
2026-05-28 08:55:16 - GeoTravelGlobalLogger - INFO     - [logger.py:345] - 🔍 _request FINAL headers being sent: {'Content-Type': 'application/json', 'Accept': 'application/json', 'X-Client-Type': 'retail', 'Cookie': 'retail_access_token=eyJhbGciOiJIUzI1NiIsInR5cCI6IkpXVCJ9.eyJpZCI6MTUxLCJ1c2VyVHlwZSI6IlJFVEFJTCIsImlhdCI6MTc3OTk1ODUxNiwiZXhwIjoxNzgwMDAxNzE2fQ.d0FDVNR839FEOXIVoJUTAcDBMuXe6Ger6Aia0SMFGbQ'}
2026-05-28 08:55:16 - GeoTravelGlobalLogger - INFO     - [logger.py:345] - API Request: GET https://api.stg.gowithgeo.com/api/package/16
2026-05-28 08:55:16 - GeoTravelGlobalLogger - INFO     - [logger.py:345] - API Response: 200
2026-05-28 08:55:16 - GeoTravelGlobalLogger - INFO     - [logger.py:345] - SUCCESS: ✅ Get single package 16 successful
2026-05-28 08:55:16 - GeoTravelGlobalLogger - INFO     - [logger.py:345] - ✅ Saved test-specific logs: reports/logs/src_tests_api_tests_test_package_api.py_TestPackageAPI_test_get_single_package_085516.log
2026-05-28 08:55:16 - GeoTravelGlobalLogger - INFO     - [logger.py:345] - Test result added: src/tests/api_tests/test_package_api.py::TestPackageAPI::test_get_single_package - PASS (Duration: 0.25s)
2026-05-28 08:55:16 - GeoTravelGlobalLogger - INFO     - [logger.py:345] - Added test result to API SMOKE TEST: src/tests/api_tests/test_package_api.py::TestPackageAPI::test_get_single_package - PASS
2026-05-28 08:55:16 - GeoTravelGlobalLogger - INFO     - [logger.py:345] - Retrieved credentials from environment for: geo.qa.bot@gmail.com
2026-05-28 08:55:16 - GeoTravelGlobalLogger - INFO     - [logger.py:345] - Attempting login with email: geo.qa.bot@gmail.com
2026-05-28 08:55:16 - GeoTravelGlobalLogger - INFO     - [logger.py:345] - 🔍 _request START - Current self.headers: {'Content-Type': 'application/json', 'Accept': 'application/json', 'X-Client-Type': 'retail'}
2026-05-28 08:55:16 - GeoTravelGlobalLogger - INFO     - [logger.py:345] - 🔍 _request - kwargs headers: {}
2026-05-28 08:55:16 - GeoTravelGlobalLogger - INFO     - [logger.py:345] - 🔍 _request FINAL headers being sent: {'Content-Type': 'application/json', 'Accept': 'application/json', 'X-Client-Type': 'retail'}
2026-05-28 08:55:16 - GeoTravelGlobalLogger - INFO     - [logger.py:345] - API Request: POST https://api.stg.gowithgeo.com/api/auth/login
2026-05-28 08:55:17 - GeoTravelGlobalLogger - INFO     - [logger.py:345] - API Response: 200
2026-05-28 08:55:17 - GeoTravelGlobalLogger - INFO     - [logger.py:345] - Token extracted via cookies (length: 167, valid)
2026-05-28 08:55:17 - GeoTravelGlobalLogger - INFO     - [logger.py:345] - ✅ Auth token set from cookies (Cookie header)
2026-05-28 08:55:17 - GeoTravelGlobalLogger - INFO     - [logger.py:345] - SUCCESS: ✅ Login successful - token set via cookies
2026-05-28 08:55:17 - GeoTravelGlobalLogger - INFO     - [logger.py:345] - SUCCESS: ✅ Authenticated successfully (token length: 167)
2026-05-28 08:55:17 - GeoTravelGlobalLogger - INFO     - [logger.py:345] - ✅ Auth token set from cookies (Cookie header)
2026-05-28 08:55:17 - GeoTravelGlobalLogger - INFO     - [logger.py:345] - ✅ Auth token set from cookies (Cookie header)
2026-05-28 08:55:17 - GeoTravelGlobalLogger - INFO     - [logger.py:345] - === Testing Search Packages ===
2026-05-28 08:55:17 - GeoTravelGlobalLogger - INFO     - [logger.py:345] - 🔍 _request START - Current self.headers: {'Content-Type': 'application/json', 'Accept': 'application/json', 'X-Client-Type': 'retail', 'Cookie': 'retail_access_token=eyJhbGciOiJIUzI1NiIsInR5cCI6IkpXVCJ9.eyJpZCI6MTUxLCJ1c2VyVHlwZSI6IlJFVEFJTCIsImlhdCI6MTc3OTk1ODUxNywiZXhwIjoxNzgwMDAxNzE3fQ.BMUjSnb5zYL4Qhrg5QS1LoY3DF0cmWhk-RuvbnUqOfQ'}
2026-05-28 08:55:17 - GeoTravelGlobalLogger - INFO     - [logger.py:345] - 🔍 _request - kwargs headers: {}
2026-05-28 08:55:17 - GeoTravelGlobalLogger - INFO     - [logger.py:345] - 🔍 _request FINAL headers being sent: {'Content-Type': 'application/json', 'Accept': 'application/json', 'X-Client-Type': 'retail', 'Cookie': 'retail_access_token=eyJhbGciOiJIUzI1NiIsInR5cCI6IkpXVCJ9.eyJpZCI6MTUxLCJ1c2VyVHlwZSI6IlJFVEFJTCIsImlhdCI6MTc3OTk1ODUxNywiZXhwIjoxNzgwMDAxNzE3fQ.BMUjSnb5zYL4Qhrg5QS1LoY3DF0cmWhk-RuvbnUqOfQ'}
2026-05-28 08:55:17 - GeoTravelGlobalLogger - INFO     - [logger.py:345] - API Request: GET https://api.stg.gowithgeo.com/api/package/all
2026-05-28 08:55:17 - GeoTravelGlobalLogger - INFO     - [logger.py:345] - API Response: 200
2026-05-28 08:55:17 - GeoTravelGlobalLogger - INFO     - [logger.py:345] - SUCCESS: ✅ Search packages successful
2026-05-28 08:55:17 - GeoTravelGlobalLogger - INFO     - [logger.py:345] - ✅ Saved test-specific logs: reports/logs/src_tests_api_tests_test_package_api.py_TestPackageAPI_test_search_packages_085517.log
2026-05-28 08:55:17 - GeoTravelGlobalLogger - INFO     - [logger.py:345] - Test result added: src/tests/api_tests/test_package_api.py::TestPackageAPI::test_search_packages - PASS (Duration: 0.15s)
2026-05-28 08:55:17 - GeoTravelGlobalLogger - INFO     - [logger.py:345] - Added test result to API SMOKE TEST: src/tests/api_tests/test_package_api.py::TestPackageAPI::test_search_packages - PASS
2026-05-28 08:55:17 - GeoTravelGlobalLogger - INFO     - [logger.py:345] - Retrieved credentials from environment for: geo.qa.bot@gmail.com
2026-05-28 08:55:17 - GeoTravelGlobalLogger - INFO     - [logger.py:345] - Attempting login with email: geo.qa.bot@gmail.com
2026-05-28 08:55:17 - GeoTravelGlobalLogger - INFO     - [logger.py:345] - 🔍 _request START - Current self.headers: {'Content-Type': 'application/json', 'Accept': 'application/json', 'X-Client-Type': 'retail'}
2026-05-28 08:55:17 - GeoTravelGlobalLogger - INFO     - [logger.py:345] - 🔍 _request - kwargs headers: {}
2026-05-28 08:55:17 - GeoTravelGlobalLogger - INFO     - [logger.py:345] - 🔍 _request FINAL headers being sent: {'Content-Type': 'application/json', 'Accept': 'application/json', 'X-Client-Type': 'retail'}
2026-05-28 08:55:17 - GeoTravelGlobalLogger - INFO     - [logger.py:345] - API Request: POST https://api.stg.gowithgeo.com/api/auth/login
2026-05-28 08:55:17 - GeoTravelGlobalLogger - INFO     - [logger.py:345] - API Response: 200
2026-05-28 08:55:17 - GeoTravelGlobalLogger - INFO     - [logger.py:345] - Token extracted via cookies (length: 167, valid)
2026-05-28 08:55:17 - GeoTravelGlobalLogger - INFO     - [logger.py:345] - ✅ Auth token set from cookies (Cookie header)
2026-05-28 08:55:17 - GeoTravelGlobalLogger - INFO     - [logger.py:345] - SUCCESS: ✅ Login successful - token set via cookies
2026-05-28 08:55:17 - GeoTravelGlobalLogger - INFO     - [logger.py:345] - SUCCESS: ✅ Authenticated successfully (token length: 167)
2026-05-28 08:55:17 - GeoTravelGlobalLogger - INFO     - [logger.py:345] - ✅ Auth token set from cookies (Cookie header)
2026-05-28 08:55:17 - GeoTravelGlobalLogger - INFO     - [logger.py:345] - ✅ Auth token set from cookies (Cookie header)
2026-05-28 08:55:17 - GeoTravelGlobalLogger - INFO     - [logger.py:345] - === Testing Get All Deals ===
2026-05-28 08:55:17 - GeoTravelGlobalLogger - INFO     - [logger.py:345] - 🔍 _request START - Current self.headers: {'Content-Type': 'application/json', 'Accept': 'application/json', 'X-Client-Type': 'retail', 'Cookie': 'retail_access_token=eyJhbGciOiJIUzI1NiIsInR5cCI6IkpXVCJ9.eyJpZCI6MTUxLCJ1c2VyVHlwZSI6IlJFVEFJTCIsImlhdCI6MTc3OTk1ODUxNywiZXhwIjoxNzgwMDAxNzE3fQ.BMUjSnb5zYL4Qhrg5QS1LoY3DF0cmWhk-RuvbnUqOfQ'}
2026-05-28 08:55:17 - GeoTravelGlobalLogger - INFO     - [logger.py:345] - 🔍 _request - kwargs headers: {}
2026-05-28 08:55:17 - GeoTravelGlobalLogger - INFO     - [logger.py:345] - 🔍 _request FINAL headers being sent: {'Content-Type': 'application/json', 'Accept': 'application/json', 'X-Client-Type': 'retail', 'Cookie': 'retail_access_token=eyJhbGciOiJIUzI1NiIsInR5cCI6IkpXVCJ9.eyJpZCI6MTUxLCJ1c2VyVHlwZSI6IlJFVEFJTCIsImlhdCI6MTc3OTk1ODUxNywiZXhwIjoxNzgwMDAxNzE3fQ.BMUjSnb5zYL4Qhrg5QS1LoY3DF0cmWhk-RuvbnUqOfQ'}
2026-05-28 08:55:17 - GeoTravelGlobalLogger - INFO     - [logger.py:345] - API Request: GET https://api.stg.gowithgeo.com/api/package/deal/all
2026-05-28 08:55:17 - GeoTravelGlobalLogger - INFO     - [logger.py:345] - API Response: 200
2026-05-28 08:55:17 - GeoTravelGlobalLogger - INFO     - [logger.py:345] - SUCCESS: ✅ Get all deals successful
2026-05-28 08:55:17 - GeoTravelGlobalLogger - INFO     - [logger.py:345] - ✅ Saved test-specific logs: reports/logs/src_tests_api_tests_test_package_api.py_TestPackageAPI_test_get_all_deals_085517.log
2026-05-28 08:55:17 - GeoTravelGlobalLogger - INFO     - [logger.py:345] - Test result added: src/tests/api_tests/test_package_api.py::TestPackageAPI::test_get_all_deals - PASS (Duration: 0.15s)
2026-05-28 08:55:17 - GeoTravelGlobalLogger - INFO     - [logger.py:345] - Added test result to API SMOKE TEST: src/tests/api_tests/test_package_api.py::TestPackageAPI::test_get_all_deals - PASS
2026-05-28 08:55:17 - GeoTravelGlobalLogger - INFO     - [logger.py:345] - Retrieved credentials from environment for: geo.qa.bot@gmail.com
2026-05-28 08:55:17 - GeoTravelGlobalLogger - INFO     - [logger.py:345] - Attempting login with email: geo.qa.bot@gmail.com
2026-05-28 08:55:17 - GeoTravelGlobalLogger - INFO     - [logger.py:345] - 🔍 _request START - Current self.headers: {'Content-Type': 'application/json', 'Accept': 'application/json', 'X-Client-Type': 'retail'}
2026-05-28 08:55:17 - GeoTravelGlobalLogger - INFO     - [logger.py:345] - 🔍 _request - kwargs headers: {}
2026-05-28 08:55:17 - GeoTravelGlobalLogger - INFO     - [logger.py:345] - 🔍 _request FINAL headers being sent: {'Content-Type': 'application/json', 'Accept': 'application/json', 'X-Client-Type': 'retail'}
2026-05-28 08:55:17 - GeoTravelGlobalLogger - INFO     - [logger.py:345] - API Request: POST https://api.stg.gowithgeo.com/api/auth/login
2026-05-28 08:55:18 - GeoTravelGlobalLogger - INFO     - [logger.py:345] - API Response: 200
2026-05-28 08:55:18 - GeoTravelGlobalLogger - INFO     - [logger.py:345] - Token extracted via cookies (length: 167, valid)
2026-05-28 08:55:18 - GeoTravelGlobalLogger - INFO     - [logger.py:345] - ✅ Auth token set from cookies (Cookie header)
2026-05-28 08:55:18 - GeoTravelGlobalLogger - INFO     - [logger.py:345] - SUCCESS: ✅ Login successful - token set via cookies
2026-05-28 08:55:18 - GeoTravelGlobalLogger - INFO     - [logger.py:345] - SUCCESS: ✅ Authenticated successfully (token length: 167)
2026-05-28 08:55:18 - GeoTravelGlobalLogger - INFO     - [logger.py:345] - ✅ Auth token set from cookies (Cookie header)
2026-05-28 08:55:18 - GeoTravelGlobalLogger - INFO     - [logger.py:345] - ✅ Auth token set from cookies (Cookie header)
2026-05-28 08:55:18 - GeoTravelGlobalLogger - INFO     - [logger.py:345] - === Testing Get Single Deal ===
2026-05-28 08:55:18 - GeoTravelGlobalLogger - INFO     - [logger.py:345] - 🔍 _request START - Current self.headers: {'Content-Type': 'application/json', 'Accept': 'application/json', 'X-Client-Type': 'retail', 'Cookie': 'retail_access_token=eyJhbGciOiJIUzI1NiIsInR5cCI6IkpXVCJ9.eyJpZCI6MTUxLCJ1c2VyVHlwZSI6IlJFVEFJTCIsImlhdCI6MTc3OTk1ODUxNywiZXhwIjoxNzgwMDAxNzE3fQ.BMUjSnb5zYL4Qhrg5QS1LoY3DF0cmWhk-RuvbnUqOfQ'}
2026-05-28 08:55:18 - GeoTravelGlobalLogger - INFO     - [logger.py:345] - 🔍 _request - kwargs headers: {}
2026-05-28 08:55:18 - GeoTravelGlobalLogger - INFO     - [logger.py:345] - 🔍 _request FINAL headers being sent: {'Content-Type': 'application/json', 'Accept': 'application/json', 'X-Client-Type': 'retail', 'Cookie': 'retail_access_token=eyJhbGciOiJIUzI1NiIsInR5cCI6IkpXVCJ9.eyJpZCI6MTUxLCJ1c2VyVHlwZSI6IlJFVEFJTCIsImlhdCI6MTc3OTk1ODUxNywiZXhwIjoxNzgwMDAxNzE3fQ.BMUjSnb5zYL4Qhrg5QS1LoY3DF0cmWhk-RuvbnUqOfQ'}
2026-05-28 08:55:18 - GeoTravelGlobalLogger - INFO     - [logger.py:345] - API Request: GET https://api.stg.gowithgeo.com/api/package/deal/all
2026-05-28 08:55:18 - GeoTravelGlobalLogger - INFO     - [logger.py:345] - API Response: 200
2026-05-28 08:55:18 - GeoTravelGlobalLogger - INFO     - [logger.py:345] - 🔍 _request START - Current self.headers: {'Content-Type': 'application/json', 'Accept': 'application/json', 'X-Client-Type': 'retail', 'Cookie': 'retail_access_token=eyJhbGciOiJIUzI1NiIsInR5cCI6IkpXVCJ9.eyJpZCI6MTUxLCJ1c2VyVHlwZSI6IlJFVEFJTCIsImlhdCI6MTc3OTk1ODUxNywiZXhwIjoxNzgwMDAxNzE3fQ.BMUjSnb5zYL4Qhrg5QS1LoY3DF0cmWhk-RuvbnUqOfQ'}
2026-05-28 08:55:18 - GeoTravelGlobalLogger - INFO     - [logger.py:345] - 🔍 _request - kwargs headers: {}
2026-05-28 08:55:18 - GeoTravelGlobalLogger - INFO     - [logger.py:345] - 🔍 _request FINAL headers being sent: {'Content-Type': 'application/json', 'Accept': 'application/json', 'X-Client-Type': 'retail', 'Cookie': 'retail_access_token=eyJhbGciOiJIUzI1NiIsInR5cCI6IkpXVCJ9.eyJpZCI6MTUxLCJ1c2VyVHlwZSI6IlJFVEFJTCIsImlhdCI6MTc3OTk1ODUxNywiZXhwIjoxNzgwMDAxNzE3fQ.BMUjSnb5zYL4Qhrg5QS1LoY3DF0cmWhk-RuvbnUqOfQ'}
2026-05-28 08:55:18 - GeoTravelGlobalLogger - INFO     - [logger.py:345] - API Request: GET https://api.stg.gowithgeo.com/api/package/deal/11
2026-05-28 08:55:18 - GeoTravelGlobalLogger - INFO     - [logger.py:345] - API Response: 200
2026-05-28 08:55:18 - GeoTravelGlobalLogger - INFO     - [logger.py:345] - SUCCESS: ✅ Get single deal 11 successful
2026-05-28 08:55:18 - GeoTravelGlobalLogger - INFO     - [logger.py:345] - ✅ Saved test-specific logs: reports/logs/src_tests_api_tests_test_package_api.py_TestPackageAPI_test_get_single_deal_085518.log
2026-05-28 08:55:18 - GeoTravelGlobalLogger - INFO     - [logger.py:345] - Test result added: src/tests/api_tests/test_package_api.py::TestPackageAPI::test_get_single_deal - PASS (Duration: 0.26s)
2026-05-28 08:55:18 - GeoTravelGlobalLogger - INFO     - [logger.py:345] - Added test result to API SMOKE TEST: src/tests/api_tests/test_package_api.py::TestPackageAPI::test_get_single_deal - PASS
2026-05-28 08:55:18 - GeoTravelGlobalLogger - INFO     - [logger.py:345] - Retrieved credentials from environment for: geo.qa.bot@gmail.com
2026-05-28 08:55:18 - GeoTravelGlobalLogger - INFO     - [logger.py:345] - Attempting login with email: geo.qa.bot@gmail.com
2026-05-28 08:55:18 - GeoTravelGlobalLogger - INFO     - [logger.py:345] - 🔍 _request START - Current self.headers: {'Content-Type': 'application/json', 'Accept': 'application/json', 'X-Client-Type': 'retail'}
2026-05-28 08:55:18 - GeoTravelGlobalLogger - INFO     - [logger.py:345] - 🔍 _request - kwargs headers: {}
2026-05-28 08:55:18 - GeoTravelGlobalLogger - INFO     - [logger.py:345] - 🔍 _request FINAL headers being sent: {'Content-Type': 'application/json', 'Accept': 'application/json', 'X-Client-Type': 'retail'}
2026-05-28 08:55:18 - GeoTravelGlobalLogger - INFO     - [logger.py:345] - API Request: POST https://api.stg.gowithgeo.com/api/auth/login
2026-05-28 08:55:18 - GeoTravelGlobalLogger - INFO     - [logger.py:345] - API Response: 200
2026-05-28 08:55:18 - GeoTravelGlobalLogger - INFO     - [logger.py:345] - Token extracted via cookies (length: 167, valid)
2026-05-28 08:55:18 - GeoTravelGlobalLogger - INFO     - [logger.py:345] - ✅ Auth token set from cookies (Cookie header)
2026-05-28 08:55:18 - GeoTravelGlobalLogger - INFO     - [logger.py:345] - SUCCESS: ✅ Login successful - token set via cookies
2026-05-28 08:55:18 - GeoTravelGlobalLogger - INFO     - [logger.py:345] - SUCCESS: ✅ Authenticated successfully (token length: 167)
2026-05-28 08:55:18 - GeoTravelGlobalLogger - INFO     - [logger.py:345] - ✅ Auth token set from cookies (Cookie header)
2026-05-28 08:55:18 - GeoTravelGlobalLogger - INFO     - [logger.py:345] - ✅ Auth token set from cookies (Cookie header)
2026-05-28 08:55:18 - GeoTravelGlobalLogger - INFO     - [logger.py:345] - === Testing AUTHENTICATED GROUP - Full Payment ===
2026-05-28 08:55:18 - GeoTravelGlobalLogger - INFO     - [logger.py:345] - 🔍 _request START - Current self.headers: {'Content-Type': 'application/json', 'Accept': 'application/json', 'X-Client-Type': 'retail', 'Cookie': 'retail_access_token=eyJhbGciOiJIUzI1NiIsInR5cCI6IkpXVCJ9.eyJpZCI6MTUxLCJ1c2VyVHlwZSI6IlJFVEFJTCIsImlhdCI6MTc3OTk1ODUxOCwiZXhwIjoxNzgwMDAxNzE4fQ.dV3BF2C67r1y-5vGSge7OTwww8uetRfD7sd0xez1YCE'}
2026-05-28 08:55:18 - GeoTravelGlobalLogger - INFO     - [logger.py:345] - 🔍 _request - kwargs headers: {}
2026-05-28 08:55:18 - GeoTravelGlobalLogger - INFO     - [logger.py:345] - 🔍 _request FINAL headers being sent: {'Content-Type': 'application/json', 'Accept': 'application/json', 'X-Client-Type': 'retail', 'Cookie': 'retail_access_token=eyJhbGciOiJIUzI1NiIsInR5cCI6IkpXVCJ9.eyJpZCI6MTUxLCJ1c2VyVHlwZSI6IlJFVEFJTCIsImlhdCI6MTc3OTk1ODUxOCwiZXhwIjoxNzgwMDAxNzE4fQ.dV3BF2C67r1y-5vGSge7OTwww8uetRfD7sd0xez1YCE'}
2026-05-28 08:55:18 - GeoTravelGlobalLogger - INFO     - [logger.py:345] - API Request: GET https://api.stg.gowithgeo.com/api/package/all
2026-05-28 08:55:18 - GeoTravelGlobalLogger - INFO     - [logger.py:345] - API Response: 200
2026-05-28 08:55:18 - GeoTravelGlobalLogger - INFO     - [logger.py:345] - 📦 Selected package: Lagos Group Adventure – Discover Kenya's Heart in 5 Days (ID: 13)
2026-05-28 08:55:18 - GeoTravelGlobalLogger - INFO     - [logger.py:345] - 💰 Selected pricing: Two Adults One Child - ₦250000
2026-05-28 08:55:18 - GeoTravelGlobalLogger - INFO     - [logger.py:345] - 🔍 _request START - Current self.headers: {'Content-Type': 'application/json', 'Accept': 'application/json', 'X-Client-Type': 'retail', 'Cookie': 'retail_access_token=eyJhbGciOiJIUzI1NiIsInR5cCI6IkpXVCJ9.eyJpZCI6MTUxLCJ1c2VyVHlwZSI6IlJFVEFJTCIsImlhdCI6MTc3OTk1ODUxOCwiZXhwIjoxNzgwMDAxNzE4fQ.dV3BF2C67r1y-5vGSge7OTwww8uetRfD7sd0xez1YCE'}
2026-05-28 08:55:18 - GeoTravelGlobalLogger - INFO     - [logger.py:345] - 🔍 _request - kwargs headers: {}
2026-05-28 08:55:18 - GeoTravelGlobalLogger - INFO     - [logger.py:345] - 🔍 _request FINAL headers being sent: {'Content-Type': 'application/json', 'Accept': 'application/json', 'X-Client-Type': 'retail', 'Cookie': 'retail_access_token=eyJhbGciOiJIUzI1NiIsInR5cCI6IkpXVCJ9.eyJpZCI6MTUxLCJ1c2VyVHlwZSI6IlJFVEFJTCIsImlhdCI6MTc3OTk1ODUxOCwiZXhwIjoxNzgwMDAxNzE4fQ.dV3BF2C67r1y-5vGSge7OTwww8uetRfD7sd0xez1YCE'}
2026-05-28 08:55:18 - GeoTravelGlobalLogger - INFO     - [logger.py:345] - API Request: GET https://api.stg.gowithgeo.com/api/package/user/booked-packages
2026-05-28 08:55:19 - GeoTravelGlobalLogger - INFO     - [logger.py:345] - API Response: 200
2026-05-28 08:55:19 - GeoTravelGlobalLogger - INFO     - [logger.py:345] - 📊 Initial total bookings: 293
2026-05-28 08:55:19 - GeoTravelGlobalLogger - INFO     - [logger.py:345] - 📦 Payload: {'package': 13, 'full_name': 'GEO Bot', 'email': 'geo.qa.bot@gmail.com', 'phone': '1234567890', 'pricing_text': 'Two Adults One Child', 'payment_mode': 'FULL_PRICE', 'adults': 2, 'children': 1, 'infants': 0, 'paymentMethod': 'paystack'}
2026-05-28 08:55:19 - GeoTravelGlobalLogger - INFO     - [logger.py:345] - 🔍 _request START - Current self.headers: {'Content-Type': 'application/json', 'Accept': 'application/json', 'X-Client-Type': 'retail', 'Cookie': 'retail_access_token=eyJhbGciOiJIUzI1NiIsInR5cCI6IkpXVCJ9.eyJpZCI6MTUxLCJ1c2VyVHlwZSI6IlJFVEFJTCIsImlhdCI6MTc3OTk1ODUxOCwiZXhwIjoxNzgwMDAxNzE4fQ.dV3BF2C67r1y-5vGSge7OTwww8uetRfD7sd0xez1YCE'}
2026-05-28 08:55:19 - GeoTravelGlobalLogger - INFO     - [logger.py:345] - 🔍 _request - kwargs headers: {}
2026-05-28 08:55:19 - GeoTravelGlobalLogger - INFO     - [logger.py:345] - 🔍 _request FINAL headers being sent: {'Content-Type': 'application/json', 'Accept': 'application/json', 'X-Client-Type': 'retail', 'Cookie': 'retail_access_token=eyJhbGciOiJIUzI1NiIsInR5cCI6IkpXVCJ9.eyJpZCI6MTUxLCJ1c2VyVHlwZSI6IlJFVEFJTCIsImlhdCI6MTc3OTk1ODUxOCwiZXhwIjoxNzgwMDAxNzE4fQ.dV3BF2C67r1y-5vGSge7OTwww8uetRfD7sd0xez1YCE'}
2026-05-28 08:55:19 - GeoTravelGlobalLogger - INFO     - [logger.py:345] - API Request: POST https://api.stg.gowithgeo.com/api/package/book
2026-05-28 08:55:20 - GeoTravelGlobalLogger - INFO     - [logger.py:345] - API Response: 200
2026-05-28 08:55:20 - GeoTravelGlobalLogger - INFO     - [logger.py:345] - SUCCESS: ✅ Verified user_id = 151 is present
2026-05-28 08:55:20 - GeoTravelGlobalLogger - INFO     - [logger.py:345] - ✅ paystack - paymentLink present
2026-05-28 08:55:22 - GeoTravelGlobalLogger - INFO     - [logger.py:345] - 🔍 _request START - Current self.headers: {'Content-Type': 'application/json', 'Accept': 'application/json', 'X-Client-Type': 'retail', 'Cookie': 'retail_access_token=eyJhbGciOiJIUzI1NiIsInR5cCI6IkpXVCJ9.eyJpZCI6MTUxLCJ1c2VyVHlwZSI6IlJFVEFJTCIsImlhdCI6MTc3OTk1ODUxOCwiZXhwIjoxNzgwMDAxNzE4fQ.dV3BF2C67r1y-5vGSge7OTwww8uetRfD7sd0xez1YCE'}
2026-05-28 08:55:22 - GeoTravelGlobalLogger - INFO     - [logger.py:345] - 🔍 _request - kwargs headers: {}
2026-05-28 08:55:22 - GeoTravelGlobalLogger - INFO     - [logger.py:345] - 🔍 _request FINAL headers being sent: {'Content-Type': 'application/json', 'Accept': 'application/json', 'X-Client-Type': 'retail', 'Cookie': 'retail_access_token=eyJhbGciOiJIUzI1NiIsInR5cCI6IkpXVCJ9.eyJpZCI6MTUxLCJ1c2VyVHlwZSI6IlJFVEFJTCIsImlhdCI6MTc3OTk1ODUxOCwiZXhwIjoxNzgwMDAxNzE4fQ.dV3BF2C67r1y-5vGSge7OTwww8uetRfD7sd0xez1YCE'}
2026-05-28 08:55:22 - GeoTravelGlobalLogger - INFO     - [logger.py:345] - API Request: GET https://api.stg.gowithgeo.com/api/package/user/booked-packages
2026-05-28 08:55:23 - GeoTravelGlobalLogger - INFO     - [logger.py:345] - API Response: 200
2026-05-28 08:55:23 - GeoTravelGlobalLogger - INFO     - [logger.py:345] - SUCCESS: ✅ Total bookings increased from 293 to 294
2026-05-28 08:55:23 - GeoTravelGlobalLogger - INFO     - [logger.py:345] - ✅ New booking ID 1243 confirmed via total items increase
2026-05-28 08:55:23 - GeoTravelGlobalLogger - INFO     - [logger.py:345] - SUCCESS: ✅ Authenticated GROUP full payment test passed
2026-05-28 08:55:23 - GeoTravelGlobalLogger - INFO     - [logger.py:345] - ✅ Saved test-specific logs: reports/logs/src_tests_api_tests_test_package_api.py_TestPackageAPI_test_authenticated_booking_group_full_payment_085523.log
2026-05-28 08:55:23 - GeoTravelGlobalLogger - INFO     - [logger.py:345] - Test result added: src/tests/api_tests/test_package_api.py::TestPackageAPI::test_authenticated_booking_group_full_payment - PASS (Duration: 4.97s)
2026-05-28 08:55:23 - GeoTravelGlobalLogger - INFO     - [logger.py:345] - Added test result to API SMOKE TEST: src/tests/api_tests/test_package_api.py::TestPackageAPI::test_authenticated_booking_group_full_payment - PASS
2026-05-28 08:55:23 - GeoTravelGlobalLogger - INFO     - [logger.py:345] - Retrieved credentials from environment for: geo.qa.bot@gmail.com
2026-05-28 08:55:23 - GeoTravelGlobalLogger - INFO     - [logger.py:345] - Attempting login with email: geo.qa.bot@gmail.com
2026-05-28 08:55:23 - GeoTravelGlobalLogger - INFO     - [logger.py:345] - 🔍 _request START - Current self.headers: {'Content-Type': 'application/json', 'Accept': 'application/json', 'X-Client-Type': 'retail'}
2026-05-28 08:55:23 - GeoTravelGlobalLogger - INFO     - [logger.py:345] - 🔍 _request - kwargs headers: {}
2026-05-28 08:55:23 - GeoTravelGlobalLogger - INFO     - [logger.py:345] - 🔍 _request FINAL headers being sent: {'Content-Type': 'application/json', 'Accept': 'application/json', 'X-Client-Type': 'retail'}
2026-05-28 08:55:23 - GeoTravelGlobalLogger - INFO     - [logger.py:345] - API Request: POST https://api.stg.gowithgeo.com/api/auth/login
2026-05-28 08:55:23 - GeoTravelGlobalLogger - INFO     - [logger.py:345] - API Response: 200
2026-05-28 08:55:23 - GeoTravelGlobalLogger - INFO     - [logger.py:345] - Token extracted via cookies (length: 167, valid)
2026-05-28 08:55:23 - GeoTravelGlobalLogger - INFO     - [logger.py:345] - ✅ Auth token set from cookies (Cookie header)
2026-05-28 08:55:23 - GeoTravelGlobalLogger - INFO     - [logger.py:345] - SUCCESS: ✅ Login successful - token set via cookies
2026-05-28 08:55:23 - GeoTravelGlobalLogger - INFO     - [logger.py:345] - SUCCESS: ✅ Authenticated successfully (token length: 167)
2026-05-28 08:55:23 - GeoTravelGlobalLogger - INFO     - [logger.py:345] - ✅ Auth token set from cookies (Cookie header)
2026-05-28 08:55:23 - GeoTravelGlobalLogger - INFO     - [logger.py:345] - ✅ Auth token set from cookies (Cookie header)
2026-05-28 08:55:23 - GeoTravelGlobalLogger - INFO     - [logger.py:345] - === Testing AUTHENTICATED GROUP - Lockdown Payment ===
2026-05-28 08:55:23 - GeoTravelGlobalLogger - INFO     - [logger.py:345] - 🔍 _request START - Current self.headers: {'Content-Type': 'application/json', 'Accept': 'application/json', 'X-Client-Type': 'retail', 'Cookie': 'retail_access_token=eyJhbGciOiJIUzI1NiIsInR5cCI6IkpXVCJ9.eyJpZCI6MTUxLCJ1c2VyVHlwZSI6IlJFVEFJTCIsImlhdCI6MTc3OTk1ODUyMywiZXhwIjoxNzgwMDAxNzIzfQ.hUXN6EF_Mg--AzDIRE7U3GP9_LslIvrpPQoofgF_iBM'}
2026-05-28 08:55:23 - GeoTravelGlobalLogger - INFO     - [logger.py:345] - 🔍 _request - kwargs headers: {}
2026-05-28 08:55:23 - GeoTravelGlobalLogger - INFO     - [logger.py:345] - 🔍 _request FINAL headers being sent: {'Content-Type': 'application/json', 'Accept': 'application/json', 'X-Client-Type': 'retail', 'Cookie': 'retail_access_token=eyJhbGciOiJIUzI1NiIsInR5cCI6IkpXVCJ9.eyJpZCI6MTUxLCJ1c2VyVHlwZSI6IlJFVEFJTCIsImlhdCI6MTc3OTk1ODUyMywiZXhwIjoxNzgwMDAxNzIzfQ.hUXN6EF_Mg--AzDIRE7U3GP9_LslIvrpPQoofgF_iBM'}
2026-05-28 08:55:23 - GeoTravelGlobalLogger - INFO     - [logger.py:345] - API Request: GET https://api.stg.gowithgeo.com/api/package/all
2026-05-28 08:55:24 - GeoTravelGlobalLogger - INFO     - [logger.py:345] - API Response: 200
2026-05-28 08:55:24 - GeoTravelGlobalLogger - INFO     - [logger.py:345] - 📦 Selected package: Qatar Christmas Package (ID: 16)
2026-05-28 08:55:24 - GeoTravelGlobalLogger - INFO     - [logger.py:345] - 💰 Selected pricing: Early bird - ₦1000
2026-05-28 08:55:24 - GeoTravelGlobalLogger - INFO     - [logger.py:345] - 🔍 _request START - Current self.headers: {'Content-Type': 'application/json', 'Accept': 'application/json', 'X-Client-Type': 'retail', 'Cookie': 'retail_access_token=eyJhbGciOiJIUzI1NiIsInR5cCI6IkpXVCJ9.eyJpZCI6MTUxLCJ1c2VyVHlwZSI6IlJFVEFJTCIsImlhdCI6MTc3OTk1ODUyMywiZXhwIjoxNzgwMDAxNzIzfQ.hUXN6EF_Mg--AzDIRE7U3GP9_LslIvrpPQoofgF_iBM'}
2026-05-28 08:55:24 - GeoTravelGlobalLogger - INFO     - [logger.py:345] - 🔍 _request - kwargs headers: {}
2026-05-28 08:55:24 - GeoTravelGlobalLogger - INFO     - [logger.py:345] - 🔍 _request FINAL headers being sent: {'Content-Type': 'application/json', 'Accept': 'application/json', 'X-Client-Type': 'retail', 'Cookie': 'retail_access_token=eyJhbGciOiJIUzI1NiIsInR5cCI6IkpXVCJ9.eyJpZCI6MTUxLCJ1c2VyVHlwZSI6IlJFVEFJTCIsImlhdCI6MTc3OTk1ODUyMywiZXhwIjoxNzgwMDAxNzIzfQ.hUXN6EF_Mg--AzDIRE7U3GP9_LslIvrpPQoofgF_iBM'}
2026-05-28 08:55:24 - GeoTravelGlobalLogger - INFO     - [logger.py:345] - API Request: GET https://api.stg.gowithgeo.com/api/package/user/booked-packages
2026-05-28 08:55:24 - GeoTravelGlobalLogger - INFO     - [logger.py:345] - API Response: 200
2026-05-28 08:55:24 - GeoTravelGlobalLogger - INFO     - [logger.py:345] - 📊 Initial total bookings: 294
2026-05-28 08:55:24 - GeoTravelGlobalLogger - INFO     - [logger.py:345] - 📦 Payload: {'package': 16, 'full_name': 'GEO Bot', 'email': 'geo.qa.bot@gmail.com', 'phone': '1234567890', 'pricing_text': 'Early bird', 'payment_mode': 'LOCKDOWN', 'adults': 2, 'children': 0, 'infants': 0, 'paymentMethod': 'manual payment'}
2026-05-28 08:55:24 - GeoTravelGlobalLogger - INFO     - [logger.py:345] - 🔍 _request START - Current self.headers: {'Content-Type': 'application/json', 'Accept': 'application/json', 'X-Client-Type': 'retail', 'Cookie': 'retail_access_token=eyJhbGciOiJIUzI1NiIsInR5cCI6IkpXVCJ9.eyJpZCI6MTUxLCJ1c2VyVHlwZSI6IlJFVEFJTCIsImlhdCI6MTc3OTk1ODUyMywiZXhwIjoxNzgwMDAxNzIzfQ.hUXN6EF_Mg--AzDIRE7U3GP9_LslIvrpPQoofgF_iBM'}
2026-05-28 08:55:24 - GeoTravelGlobalLogger - INFO     - [logger.py:345] - 🔍 _request - kwargs headers: {}
2026-05-28 08:55:24 - GeoTravelGlobalLogger - INFO     - [logger.py:345] - 🔍 _request FINAL headers being sent: {'Content-Type': 'application/json', 'Accept': 'application/json', 'X-Client-Type': 'retail', 'Cookie': 'retail_access_token=eyJhbGciOiJIUzI1NiIsInR5cCI6IkpXVCJ9.eyJpZCI6MTUxLCJ1c2VyVHlwZSI6IlJFVEFJTCIsImlhdCI6MTc3OTk1ODUyMywiZXhwIjoxNzgwMDAxNzIzfQ.hUXN6EF_Mg--AzDIRE7U3GP9_LslIvrpPQoofgF_iBM'}
2026-05-28 08:55:24 - GeoTravelGlobalLogger - INFO     - [logger.py:345] - API Request: POST https://api.stg.gowithgeo.com/api/package/book
2026-05-28 08:55:25 - GeoTravelGlobalLogger - INFO     - [logger.py:345] - API Response: 200
2026-05-28 08:55:25 - GeoTravelGlobalLogger - INFO     - [logger.py:345] - SUCCESS: ✅ Verified user_id = 151 is present
2026-05-28 08:55:25 - GeoTravelGlobalLogger - INFO     - [logger.py:345] - ✅ Bank Transfer - correct response structure
2026-05-28 08:55:27 - GeoTravelGlobalLogger - INFO     - [logger.py:345] - 🔍 _request START - Current self.headers: {'Content-Type': 'application/json', 'Accept': 'application/json', 'X-Client-Type': 'retail', 'Cookie': 'retail_access_token=eyJhbGciOiJIUzI1NiIsInR5cCI6IkpXVCJ9.eyJpZCI6MTUxLCJ1c2VyVHlwZSI6IlJFVEFJTCIsImlhdCI6MTc3OTk1ODUyMywiZXhwIjoxNzgwMDAxNzIzfQ.hUXN6EF_Mg--AzDIRE7U3GP9_LslIvrpPQoofgF_iBM'}
2026-05-28 08:55:27 - GeoTravelGlobalLogger - INFO     - [logger.py:345] - 🔍 _request - kwargs headers: {}
2026-05-28 08:55:27 - GeoTravelGlobalLogger - INFO     - [logger.py:345] - 🔍 _request FINAL headers being sent: {'Content-Type': 'application/json', 'Accept': 'application/json', 'X-Client-Type': 'retail', 'Cookie': 'retail_access_token=eyJhbGciOiJIUzI1NiIsInR5cCI6IkpXVCJ9.eyJpZCI6MTUxLCJ1c2VyVHlwZSI6IlJFVEFJTCIsImlhdCI6MTc3OTk1ODUyMywiZXhwIjoxNzgwMDAxNzIzfQ.hUXN6EF_Mg--AzDIRE7U3GP9_LslIvrpPQoofgF_iBM'}
2026-05-28 08:55:27 - GeoTravelGlobalLogger - INFO     - [logger.py:345] - API Request: GET https://api.stg.gowithgeo.com/api/package/user/booked-packages
2026-05-28 08:55:27 - GeoTravelGlobalLogger - INFO     - [logger.py:345] - API Response: 200
2026-05-28 08:55:27 - GeoTravelGlobalLogger - INFO     - [logger.py:345] - SUCCESS: ✅ Total bookings increased from 294 to 295
2026-05-28 08:55:27 - GeoTravelGlobalLogger - INFO     - [logger.py:345] - ✅ New booking ID 1244 confirmed via total items increase
2026-05-28 08:55:27 - GeoTravelGlobalLogger - INFO     - [logger.py:345] - SUCCESS: ✅ Authenticated GROUP lockdown payment test passed
2026-05-28 08:55:27 - GeoTravelGlobalLogger - INFO     - [logger.py:345] - ✅ Saved test-specific logs: reports/logs/src_tests_api_tests_test_package_api.py_TestPackageAPI_test_authenticated_booking_group_lockdown_payment_085527.log
2026-05-28 08:55:27 - GeoTravelGlobalLogger - INFO     - [logger.py:345] - Test result added: src/tests/api_tests/test_package_api.py::TestPackageAPI::test_authenticated_booking_group_lockdown_payment - PASS (Duration: 4.03s)
2026-05-28 08:55:27 - GeoTravelGlobalLogger - INFO     - [logger.py:345] - Added test result to API SMOKE TEST: src/tests/api_tests/test_package_api.py::TestPackageAPI::test_authenticated_booking_group_lockdown_payment - PASS
2026-05-28 08:55:27 - GeoTravelGlobalLogger - INFO     - [logger.py:345] - Retrieved credentials from environment for: geo.qa.bot@gmail.com
2026-05-28 08:55:27 - GeoTravelGlobalLogger - INFO     - [logger.py:345] - Attempting login with email: geo.qa.bot@gmail.com
2026-05-28 08:55:27 - GeoTravelGlobalLogger - INFO     - [logger.py:345] - 🔍 _request START - Current self.headers: {'Content-Type': 'application/json', 'Accept': 'application/json', 'X-Client-Type': 'retail'}
2026-05-28 08:55:27 - GeoTravelGlobalLogger - INFO     - [logger.py:345] - 🔍 _request - kwargs headers: {}
2026-05-28 08:55:27 - GeoTravelGlobalLogger - INFO     - [logger.py:345] - 🔍 _request FINAL headers being sent: {'Content-Type': 'application/json', 'Accept': 'application/json', 'X-Client-Type': 'retail'}
2026-05-28 08:55:27 - GeoTravelGlobalLogger - INFO     - [logger.py:345] - API Request: POST https://api.stg.gowithgeo.com/api/auth/login
2026-05-28 08:55:28 - GeoTravelGlobalLogger - INFO     - [logger.py:345] - API Response: 200
2026-05-28 08:55:28 - GeoTravelGlobalLogger - INFO     - [logger.py:345] - Token extracted via cookies (length: 167, valid)
2026-05-28 08:55:28 - GeoTravelGlobalLogger - INFO     - [logger.py:345] - ✅ Auth token set from cookies (Cookie header)
2026-05-28 08:55:28 - GeoTravelGlobalLogger - INFO     - [logger.py:345] - SUCCESS: ✅ Login successful - token set via cookies
2026-05-28 08:55:28 - GeoTravelGlobalLogger - INFO     - [logger.py:345] - SUCCESS: ✅ Authenticated successfully (token length: 167)
2026-05-28 08:55:28 - GeoTravelGlobalLogger - INFO     - [logger.py:345] - ✅ Auth token set from cookies (Cookie header)
2026-05-28 08:55:28 - GeoTravelGlobalLogger - INFO     - [logger.py:345] - ✅ Auth token set from cookies (Cookie header)
2026-05-28 08:55:28 - GeoTravelGlobalLogger - INFO     - [logger.py:345] - === Testing AUTHENTICATED GROUP - Deal Price ===
2026-05-28 08:55:28 - GeoTravelGlobalLogger - INFO     - [logger.py:345] - 🔍 _request START - Current self.headers: {'Content-Type': 'application/json', 'Accept': 'application/json', 'X-Client-Type': 'retail', 'Cookie': 'retail_access_token=eyJhbGciOiJIUzI1NiIsInR5cCI6IkpXVCJ9.eyJpZCI6MTUxLCJ1c2VyVHlwZSI6IlJFVEFJTCIsImlhdCI6MTc3OTk1ODUyOCwiZXhwIjoxNzgwMDAxNzI4fQ.6BSjQNFfR3nZboWYJcx2nh-KUQqjgKgq5a5dXARlcM4'}
2026-05-28 08:55:28 - GeoTravelGlobalLogger - INFO     - [logger.py:345] - 🔍 _request - kwargs headers: {}
2026-05-28 08:55:28 - GeoTravelGlobalLogger - INFO     - [logger.py:345] - 🔍 _request FINAL headers being sent: {'Content-Type': 'application/json', 'Accept': 'application/json', 'X-Client-Type': 'retail', 'Cookie': 'retail_access_token=eyJhbGciOiJIUzI1NiIsInR5cCI6IkpXVCJ9.eyJpZCI6MTUxLCJ1c2VyVHlwZSI6IlJFVEFJTCIsImlhdCI6MTc3OTk1ODUyOCwiZXhwIjoxNzgwMDAxNzI4fQ.6BSjQNFfR3nZboWYJcx2nh-KUQqjgKgq5a5dXARlcM4'}
2026-05-28 08:55:28 - GeoTravelGlobalLogger - INFO     - [logger.py:345] - API Request: GET https://api.stg.gowithgeo.com/api/package/all
2026-05-28 08:55:28 - GeoTravelGlobalLogger - INFO     - [logger.py:345] - API Response: 200
2026-05-28 08:55:28 - GeoTravelGlobalLogger - INFO     - [logger.py:345] - 📦 Selected package with deal: Nairobi in Kigali  Group Adventure – Discover Kenya's Heart in 5 Days (ID: 10)
2026-05-28 08:55:28 - GeoTravelGlobalLogger - INFO     - [logger.py:345] - 💰 Selected pricing: Two Adults One Child - ₦450000
2026-05-28 08:55:28 - GeoTravelGlobalLogger - INFO     - [logger.py:345] - 🔍 _request START - Current self.headers: {'Content-Type': 'application/json', 'Accept': 'application/json', 'X-Client-Type': 'retail', 'Cookie': 'retail_access_token=eyJhbGciOiJIUzI1NiIsInR5cCI6IkpXVCJ9.eyJpZCI6MTUxLCJ1c2VyVHlwZSI6IlJFVEFJTCIsImlhdCI6MTc3OTk1ODUyOCwiZXhwIjoxNzgwMDAxNzI4fQ.6BSjQNFfR3nZboWYJcx2nh-KUQqjgKgq5a5dXARlcM4'}
2026-05-28 08:55:28 - GeoTravelGlobalLogger - INFO     - [logger.py:345] - 🔍 _request - kwargs headers: {}
2026-05-28 08:55:28 - GeoTravelGlobalLogger - INFO     - [logger.py:345] - 🔍 _request FINAL headers being sent: {'Content-Type': 'application/json', 'Accept': 'application/json', 'X-Client-Type': 'retail', 'Cookie': 'retail_access_token=eyJhbGciOiJIUzI1NiIsInR5cCI6IkpXVCJ9.eyJpZCI6MTUxLCJ1c2VyVHlwZSI6IlJFVEFJTCIsImlhdCI6MTc3OTk1ODUyOCwiZXhwIjoxNzgwMDAxNzI4fQ.6BSjQNFfR3nZboWYJcx2nh-KUQqjgKgq5a5dXARlcM4'}
2026-05-28 08:55:28 - GeoTravelGlobalLogger - INFO     - [logger.py:345] - API Request: GET https://api.stg.gowithgeo.com/api/package/user/booked-packages
2026-05-28 08:55:28 - GeoTravelGlobalLogger - INFO     - [logger.py:345] - API Response: 200
2026-05-28 08:55:28 - GeoTravelGlobalLogger - INFO     - [logger.py:345] - 📊 Initial total bookings: 295
2026-05-28 08:55:28 - GeoTravelGlobalLogger - INFO     - [logger.py:345] - 📦 Payload: {'package': 10, 'full_name': 'GEO Bot', 'email': 'geo.qa.bot@gmail.com', 'phone': '1234567890', 'pricing_text': 'Two Adults One Child', 'payment_mode': 'DEAL_PRICE', 'adults': 1, 'children': 0, 'infants': 0, 'paymentMethod': 'flutterwave'}
2026-05-28 08:55:28 - GeoTravelGlobalLogger - INFO     - [logger.py:345] - 🔍 _request START - Current self.headers: {'Content-Type': 'application/json', 'Accept': 'application/json', 'X-Client-Type': 'retail', 'Cookie': 'retail_access_token=eyJhbGciOiJIUzI1NiIsInR5cCI6IkpXVCJ9.eyJpZCI6MTUxLCJ1c2VyVHlwZSI6IlJFVEFJTCIsImlhdCI6MTc3OTk1ODUyOCwiZXhwIjoxNzgwMDAxNzI4fQ.6BSjQNFfR3nZboWYJcx2nh-KUQqjgKgq5a5dXARlcM4'}
2026-05-28 08:55:28 - GeoTravelGlobalLogger - INFO     - [logger.py:345] - 🔍 _request - kwargs headers: {}
2026-05-28 08:55:28 - GeoTravelGlobalLogger - INFO     - [logger.py:345] - 🔍 _request FINAL headers being sent: {'Content-Type': 'application/json', 'Accept': 'application/json', 'X-Client-Type': 'retail', 'Cookie': 'retail_access_token=eyJhbGciOiJIUzI1NiIsInR5cCI6IkpXVCJ9.eyJpZCI6MTUxLCJ1c2VyVHlwZSI6IlJFVEFJTCIsImlhdCI6MTc3OTk1ODUyOCwiZXhwIjoxNzgwMDAxNzI4fQ.6BSjQNFfR3nZboWYJcx2nh-KUQqjgKgq5a5dXARlcM4'}
2026-05-28 08:55:28 - GeoTravelGlobalLogger - INFO     - [logger.py:345] - API Request: POST https://api.stg.gowithgeo.com/api/package/book
2026-05-28 08:55:29 - GeoTravelGlobalLogger - INFO     - [logger.py:345] - API Response: 200
2026-05-28 08:55:29 - GeoTravelGlobalLogger - INFO     - [logger.py:345] - SUCCESS: ✅ Verified user_id = 151 is present
2026-05-28 08:55:29 - GeoTravelGlobalLogger - INFO     - [logger.py:345] - ✅ flutterwave - paymentLink present
2026-05-28 08:55:31 - GeoTravelGlobalLogger - INFO     - [logger.py:345] - 🔍 _request START - Current self.headers: {'Content-Type': 'application/json', 'Accept': 'application/json', 'X-Client-Type': 'retail', 'Cookie': 'retail_access_token=eyJhbGciOiJIUzI1NiIsInR5cCI6IkpXVCJ9.eyJpZCI6MTUxLCJ1c2VyVHlwZSI6IlJFVEFJTCIsImlhdCI6MTc3OTk1ODUyOCwiZXhwIjoxNzgwMDAxNzI4fQ.6BSjQNFfR3nZboWYJcx2nh-KUQqjgKgq5a5dXARlcM4'}
2026-05-28 08:55:31 - GeoTravelGlobalLogger - INFO     - [logger.py:345] - 🔍 _request - kwargs headers: {}
2026-05-28 08:55:31 - GeoTravelGlobalLogger - INFO     - [logger.py:345] - 🔍 _request FINAL headers being sent: {'Content-Type': 'application/json', 'Accept': 'application/json', 'X-Client-Type': 'retail', 'Cookie': 'retail_access_token=eyJhbGciOiJIUzI1NiIsInR5cCI6IkpXVCJ9.eyJpZCI6MTUxLCJ1c2VyVHlwZSI6IlJFVEFJTCIsImlhdCI6MTc3OTk1ODUyOCwiZXhwIjoxNzgwMDAxNzI4fQ.6BSjQNFfR3nZboWYJcx2nh-KUQqjgKgq5a5dXARlcM4'}
2026-05-28 08:55:31 - GeoTravelGlobalLogger - INFO     - [logger.py:345] - API Request: GET https://api.stg.gowithgeo.com/api/package/user/booked-packages
2026-05-28 08:55:32 - GeoTravelGlobalLogger - INFO     - [logger.py:345] - API Response: 200
2026-05-28 08:55:32 - GeoTravelGlobalLogger - INFO     - [logger.py:345] - SUCCESS: ✅ Total bookings increased from 295 to 296
2026-05-28 08:55:32 - GeoTravelGlobalLogger - INFO     - [logger.py:345] - ✅ New booking ID 1245 confirmed via total items increase
2026-05-28 08:55:32 - GeoTravelGlobalLogger - INFO     - [logger.py:345] - SUCCESS: ✅ Authenticated GROUP deal price test passed
2026-05-28 08:55:32 - GeoTravelGlobalLogger - INFO     - [logger.py:345] - ✅ Saved test-specific logs: reports/logs/src_tests_api_tests_test_package_api.py_TestPackageAPI_test_authenticated_booking_group_deal_price_085532.log
2026-05-28 08:55:32 - GeoTravelGlobalLogger - INFO     - [logger.py:345] - Test result added: src/tests/api_tests/test_package_api.py::TestPackageAPI::test_authenticated_booking_group_deal_price - PASS (Duration: 4.34s)
2026-05-28 08:55:32 - GeoTravelGlobalLogger - INFO     - [logger.py:345] - Added test result to API SMOKE TEST: src/tests/api_tests/test_package_api.py::TestPackageAPI::test_authenticated_booking_group_deal_price - PASS
2026-05-28 08:55:32 - GeoTravelGlobalLogger - INFO     - [logger.py:345] - Retrieved credentials from environment for: geo.qa.bot@gmail.com
2026-05-28 08:55:32 - GeoTravelGlobalLogger - INFO     - [logger.py:345] - Attempting login with email: geo.qa.bot@gmail.com
2026-05-28 08:55:32 - GeoTravelGlobalLogger - INFO     - [logger.py:345] - 🔍 _request START - Current self.headers: {'Content-Type': 'application/json', 'Accept': 'application/json', 'X-Client-Type': 'retail'}
2026-05-28 08:55:32 - GeoTravelGlobalLogger - INFO     - [logger.py:345] - 🔍 _request - kwargs headers: {}
2026-05-28 08:55:32 - GeoTravelGlobalLogger - INFO     - [logger.py:345] - 🔍 _request FINAL headers being sent: {'Content-Type': 'application/json', 'Accept': 'application/json', 'X-Client-Type': 'retail'}
2026-05-28 08:55:32 - GeoTravelGlobalLogger - INFO     - [logger.py:345] - API Request: POST https://api.stg.gowithgeo.com/api/auth/login
2026-05-28 08:55:32 - GeoTravelGlobalLogger - INFO     - [logger.py:345] - API Response: 200
2026-05-28 08:55:32 - GeoTravelGlobalLogger - INFO     - [logger.py:345] - Token extracted via cookies (length: 167, valid)
2026-05-28 08:55:32 - GeoTravelGlobalLogger - INFO     - [logger.py:345] - ✅ Auth token set from cookies (Cookie header)
2026-05-28 08:55:32 - GeoTravelGlobalLogger - INFO     - [logger.py:345] - SUCCESS: ✅ Login successful - token set via cookies
2026-05-28 08:55:32 - GeoTravelGlobalLogger - INFO     - [logger.py:345] - SUCCESS: ✅ Authenticated successfully (token length: 167)
2026-05-28 08:55:32 - GeoTravelGlobalLogger - INFO     - [logger.py:345] - ✅ Auth token set from cookies (Cookie header)
2026-05-28 08:55:32 - GeoTravelGlobalLogger - INFO     - [logger.py:345] - ✅ Auth token set from cookies (Cookie header)
2026-05-28 08:55:32 - GeoTravelGlobalLogger - INFO     - [logger.py:345] - === Testing AUTHENTICATED PRIVATE - Future Departure (>30 days) ===
2026-05-28 08:55:32 - GeoTravelGlobalLogger - INFO     - [logger.py:345] - 🔍 _request START - Current self.headers: {'Content-Type': 'application/json', 'Accept': 'application/json', 'X-Client-Type': 'retail', 'Cookie': 'retail_access_token=eyJhbGciOiJIUzI1NiIsInR5cCI6IkpXVCJ9.eyJpZCI6MTUxLCJ1c2VyVHlwZSI6IlJFVEFJTCIsImlhdCI6MTc3OTk1ODUzMiwiZXhwIjoxNzgwMDAxNzMyfQ.wC8gqiEYSp_2SvPCKURRG3vi_EJrE1TQevu7hw8yw_g'}
2026-05-28 08:55:32 - GeoTravelGlobalLogger - INFO     - [logger.py:345] - 🔍 _request - kwargs headers: {}
2026-05-28 08:55:32 - GeoTravelGlobalLogger - INFO     - [logger.py:345] - 🔍 _request FINAL headers being sent: {'Content-Type': 'application/json', 'Accept': 'application/json', 'X-Client-Type': 'retail', 'Cookie': 'retail_access_token=eyJhbGciOiJIUzI1NiIsInR5cCI6IkpXVCJ9.eyJpZCI6MTUxLCJ1c2VyVHlwZSI6IlJFVEFJTCIsImlhdCI6MTc3OTk1ODUzMiwiZXhwIjoxNzgwMDAxNzMyfQ.wC8gqiEYSp_2SvPCKURRG3vi_EJrE1TQevu7hw8yw_g'}
2026-05-28 08:55:32 - GeoTravelGlobalLogger - INFO     - [logger.py:345] - API Request: GET https://api.stg.gowithgeo.com/api/package/all
2026-05-28 08:55:33 - GeoTravelGlobalLogger - INFO     - [logger.py:345] - API Response: 200
2026-05-28 08:55:33 - GeoTravelGlobalLogger - INFO     - [logger.py:345] - 📦 Selected package: Christmas Eve (ID: 15)
2026-05-28 08:55:33 - GeoTravelGlobalLogger - INFO     - [logger.py:345] - 📅 Selected departure: 2026-07-31 (>30 days away)
2026-05-28 08:55:33 - GeoTravelGlobalLogger - INFO     - [logger.py:345] - 🔍 _request START - Current self.headers: {'Content-Type': 'application/json', 'Accept': 'application/json', 'X-Client-Type': 'retail', 'Cookie': 'retail_access_token=eyJhbGciOiJIUzI1NiIsInR5cCI6IkpXVCJ9.eyJpZCI6MTUxLCJ1c2VyVHlwZSI6IlJFVEFJTCIsImlhdCI6MTc3OTk1ODUzMiwiZXhwIjoxNzgwMDAxNzMyfQ.wC8gqiEYSp_2SvPCKURRG3vi_EJrE1TQevu7hw8yw_g'}
2026-05-28 08:55:33 - GeoTravelGlobalLogger - INFO     - [logger.py:345] - 🔍 _request - kwargs headers: {}
2026-05-28 08:55:33 - GeoTravelGlobalLogger - INFO     - [logger.py:345] - 🔍 _request FINAL headers being sent: {'Content-Type': 'application/json', 'Accept': 'application/json', 'X-Client-Type': 'retail', 'Cookie': 'retail_access_token=eyJhbGciOiJIUzI1NiIsInR5cCI6IkpXVCJ9.eyJpZCI6MTUxLCJ1c2VyVHlwZSI6IlJFVEFJTCIsImlhdCI6MTc3OTk1ODUzMiwiZXhwIjoxNzgwMDAxNzMyfQ.wC8gqiEYSp_2SvPCKURRG3vi_EJrE1TQevu7hw8yw_g'}
2026-05-28 08:55:33 - GeoTravelGlobalLogger - INFO     - [logger.py:345] - API Request: GET https://api.stg.gowithgeo.com/api/package/user/booked-packages
2026-05-28 08:55:33 - GeoTravelGlobalLogger - INFO     - [logger.py:345] - API Response: 200
2026-05-28 08:55:33 - GeoTravelGlobalLogger - INFO     - [logger.py:345] - 📊 Initial total bookings: 296
2026-05-28 08:55:33 - GeoTravelGlobalLogger - INFO     - [logger.py:345] - 📦 Payload: {'package': 15, 'full_name': 'GEO Bot', 'email': 'geo.qa.bot@gmail.com', 'phone': '1234567890', 'pricing_text': 'Personalized', 'payment_mode': 'LOCKDOWN', 'adults': 2, 'children': 0, 'infants': 0, 'paymentMethod': 'paystack', 'departure_date': '2026-07-31', 'return_date': '2026-08-07'}
2026-05-28 08:55:33 - GeoTravelGlobalLogger - INFO     - [logger.py:345] - 🔍 _request START - Current self.headers: {'Content-Type': 'application/json', 'Accept': 'application/json', 'X-Client-Type': 'retail', 'Cookie': 'retail_access_token=eyJhbGciOiJIUzI1NiIsInR5cCI6IkpXVCJ9.eyJpZCI6MTUxLCJ1c2VyVHlwZSI6IlJFVEFJTCIsImlhdCI6MTc3OTk1ODUzMiwiZXhwIjoxNzgwMDAxNzMyfQ.wC8gqiEYSp_2SvPCKURRG3vi_EJrE1TQevu7hw8yw_g'}
2026-05-28 08:55:33 - GeoTravelGlobalLogger - INFO     - [logger.py:345] - 🔍 _request - kwargs headers: {}
2026-05-28 08:55:33 - GeoTravelGlobalLogger - INFO     - [logger.py:345] - 🔍 _request FINAL headers being sent: {'Content-Type': 'application/json', 'Accept': 'application/json', 'X-Client-Type': 'retail', 'Cookie': 'retail_access_token=eyJhbGciOiJIUzI1NiIsInR5cCI6IkpXVCJ9.eyJpZCI6MTUxLCJ1c2VyVHlwZSI6IlJFVEFJTCIsImlhdCI6MTc3OTk1ODUzMiwiZXhwIjoxNzgwMDAxNzMyfQ.wC8gqiEYSp_2SvPCKURRG3vi_EJrE1TQevu7hw8yw_g'}
2026-05-28 08:55:33 - GeoTravelGlobalLogger - INFO     - [logger.py:345] - API Request: POST https://api.stg.gowithgeo.com/api/package/book
2026-05-28 08:55:34 - GeoTravelGlobalLogger - INFO     - [logger.py:345] - API Response: 200
2026-05-28 08:55:34 - GeoTravelGlobalLogger - INFO     - [logger.py:345] - SUCCESS: ✅ Verified user_id = 151 is present
2026-05-28 08:55:34 - GeoTravelGlobalLogger - INFO     - [logger.py:345] - ✅ paystack - paymentLink present
2026-05-28 08:55:36 - GeoTravelGlobalLogger - INFO     - [logger.py:345] - 🔍 _request START - Current self.headers: {'Content-Type': 'application/json', 'Accept': 'application/json', 'X-Client-Type': 'retail', 'Cookie': 'retail_access_token=eyJhbGciOiJIUzI1NiIsInR5cCI6IkpXVCJ9.eyJpZCI6MTUxLCJ1c2VyVHlwZSI6IlJFVEFJTCIsImlhdCI6MTc3OTk1ODUzMiwiZXhwIjoxNzgwMDAxNzMyfQ.wC8gqiEYSp_2SvPCKURRG3vi_EJrE1TQevu7hw8yw_g'}
2026-05-28 08:55:36 - GeoTravelGlobalLogger - INFO     - [logger.py:345] - 🔍 _request - kwargs headers: {}
2026-05-28 08:55:36 - GeoTravelGlobalLogger - INFO     - [logger.py:345] - 🔍 _request FINAL headers being sent: {'Content-Type': 'application/json', 'Accept': 'application/json', 'X-Client-Type': 'retail', 'Cookie': 'retail_access_token=eyJhbGciOiJIUzI1NiIsInR5cCI6IkpXVCJ9.eyJpZCI6MTUxLCJ1c2VyVHlwZSI6IlJFVEFJTCIsImlhdCI6MTc3OTk1ODUzMiwiZXhwIjoxNzgwMDAxNzMyfQ.wC8gqiEYSp_2SvPCKURRG3vi_EJrE1TQevu7hw8yw_g'}
2026-05-28 08:55:36 - GeoTravelGlobalLogger - INFO     - [logger.py:345] - API Request: GET https://api.stg.gowithgeo.com/api/package/user/booked-packages
2026-05-28 08:55:37 - GeoTravelGlobalLogger - INFO     - [logger.py:345] - API Response: 200
2026-05-28 08:55:37 - GeoTravelGlobalLogger - INFO     - [logger.py:345] - SUCCESS: ✅ Total bookings increased from 296 to 297
2026-05-28 08:55:37 - GeoTravelGlobalLogger - INFO     - [logger.py:345] - ✅ New booking ID 1246 confirmed via total items increase
2026-05-28 08:55:37 - GeoTravelGlobalLogger - INFO     - [logger.py:345] - SUCCESS: ✅ Authenticated PRIVATE future departure test passed
2026-05-28 08:55:37 - GeoTravelGlobalLogger - INFO     - [logger.py:345] - ✅ Saved test-specific logs: reports/logs/src_tests_api_tests_test_package_api.py_TestPackageAPI_test_authenticated_booking_private_future_departure_085537.log
2026-05-28 08:55:37 - GeoTravelGlobalLogger - INFO     - [logger.py:345] - Test result added: src/tests/api_tests/test_package_api.py::TestPackageAPI::test_authenticated_booking_private_future_departure - PASS (Duration: 4.42s)
2026-05-28 08:55:37 - GeoTravelGlobalLogger - INFO     - [logger.py:345] - Added test result to API SMOKE TEST: src/tests/api_tests/test_package_api.py::TestPackageAPI::test_authenticated_booking_private_future_departure - PASS
2026-05-28 08:55:37 - GeoTravelGlobalLogger - INFO     - [logger.py:345] - Retrieved credentials from environment for: geo.qa.bot@gmail.com
2026-05-28 08:55:37 - GeoTravelGlobalLogger - INFO     - [logger.py:345] - Attempting login with email: geo.qa.bot@gmail.com
2026-05-28 08:55:37 - GeoTravelGlobalLogger - INFO     - [logger.py:345] - 🔍 _request START - Current self.headers: {'Content-Type': 'application/json', 'Accept': 'application/json', 'X-Client-Type': 'retail'}
2026-05-28 08:55:37 - GeoTravelGlobalLogger - INFO     - [logger.py:345] - 🔍 _request - kwargs headers: {}
2026-05-28 08:55:37 - GeoTravelGlobalLogger - INFO     - [logger.py:345] - 🔍 _request FINAL headers being sent: {'Content-Type': 'application/json', 'Accept': 'application/json', 'X-Client-Type': 'retail'}
2026-05-28 08:55:37 - GeoTravelGlobalLogger - INFO     - [logger.py:345] - API Request: POST https://api.stg.gowithgeo.com/api/auth/login
2026-05-28 08:55:37 - GeoTravelGlobalLogger - INFO     - [logger.py:345] - API Response: 200
2026-05-28 08:55:37 - GeoTravelGlobalLogger - INFO     - [logger.py:345] - Token extracted via cookies (length: 167, valid)
2026-05-28 08:55:37 - GeoTravelGlobalLogger - INFO     - [logger.py:345] - ✅ Auth token set from cookies (Cookie header)
2026-05-28 08:55:37 - GeoTravelGlobalLogger - INFO     - [logger.py:345] - SUCCESS: ✅ Login successful - token set via cookies
2026-05-28 08:55:37 - GeoTravelGlobalLogger - INFO     - [logger.py:345] - SUCCESS: ✅ Authenticated successfully (token length: 167)
2026-05-28 08:55:37 - GeoTravelGlobalLogger - INFO     - [logger.py:345] - ✅ Auth token set from cookies (Cookie header)
2026-05-28 08:55:37 - GeoTravelGlobalLogger - INFO     - [logger.py:345] - ✅ Auth token set from cookies (Cookie header)
2026-05-28 08:55:37 - GeoTravelGlobalLogger - INFO     - [logger.py:345] - === Testing AUTHENTICATED PRIVATE - Within 30 Days (Full Payment Required) ===
2026-05-28 08:55:37 - GeoTravelGlobalLogger - INFO     - [logger.py:345] - 🔍 _request START - Current self.headers: {'Content-Type': 'application/json', 'Accept': 'application/json', 'X-Client-Type': 'retail', 'Cookie': 'retail_access_token=eyJhbGciOiJIUzI1NiIsInR5cCI6IkpXVCJ9.eyJpZCI6MTUxLCJ1c2VyVHlwZSI6IlJFVEFJTCIsImlhdCI6MTc3OTk1ODUzNywiZXhwIjoxNzgwMDAxNzM3fQ.kWIU4qJ8j1Sa2FWKi9Yo_5rkhlAy1OHhEtB-vZE26kA'}
2026-05-28 08:55:37 - GeoTravelGlobalLogger - INFO     - [logger.py:345] - 🔍 _request - kwargs headers: {}
2026-05-28 08:55:37 - GeoTravelGlobalLogger - INFO     - [logger.py:345] - 🔍 _request FINAL headers being sent: {'Content-Type': 'application/json', 'Accept': 'application/json', 'X-Client-Type': 'retail', 'Cookie': 'retail_access_token=eyJhbGciOiJIUzI1NiIsInR5cCI6IkpXVCJ9.eyJpZCI6MTUxLCJ1c2VyVHlwZSI6IlJFVEFJTCIsImlhdCI6MTc3OTk1ODUzNywiZXhwIjoxNzgwMDAxNzM3fQ.kWIU4qJ8j1Sa2FWKi9Yo_5rkhlAy1OHhEtB-vZE26kA'}
2026-05-28 08:55:37 - GeoTravelGlobalLogger - INFO     - [logger.py:345] - API Request: GET https://api.stg.gowithgeo.com/api/package/all
2026-05-28 08:55:37 - GeoTravelGlobalLogger - INFO     - [logger.py:345] - API Response: 200
2026-05-28 08:55:37 - GeoTravelGlobalLogger - INFO     - [logger.py:345] - 📦 Selected package: Christmas Eve (ID: 15)
2026-05-28 08:55:37 - GeoTravelGlobalLogger - INFO     - [logger.py:345] - 📅 Departure in 20 days
2026-05-28 08:55:37 - GeoTravelGlobalLogger - INFO     - [logger.py:345] - 🔍 _request START - Current self.headers: {'Content-Type': 'application/json', 'Accept': 'application/json', 'X-Client-Type': 'retail', 'Cookie': 'retail_access_token=eyJhbGciOiJIUzI1NiIsInR5cCI6IkpXVCJ9.eyJpZCI6MTUxLCJ1c2VyVHlwZSI6IlJFVEFJTCIsImlhdCI6MTc3OTk1ODUzNywiZXhwIjoxNzgwMDAxNzM3fQ.kWIU4qJ8j1Sa2FWKi9Yo_5rkhlAy1OHhEtB-vZE26kA'}
2026-05-28 08:55:37 - GeoTravelGlobalLogger - INFO     - [logger.py:345] - 🔍 _request - kwargs headers: {}
2026-05-28 08:55:37 - GeoTravelGlobalLogger - INFO     - [logger.py:345] - 🔍 _request FINAL headers being sent: {'Content-Type': 'application/json', 'Accept': 'application/json', 'X-Client-Type': 'retail', 'Cookie': 'retail_access_token=eyJhbGciOiJIUzI1NiIsInR5cCI6IkpXVCJ9.eyJpZCI6MTUxLCJ1c2VyVHlwZSI6IlJFVEFJTCIsImlhdCI6MTc3OTk1ODUzNywiZXhwIjoxNzgwMDAxNzM3fQ.kWIU4qJ8j1Sa2FWKi9Yo_5rkhlAy1OHhEtB-vZE26kA'}
2026-05-28 08:55:37 - GeoTravelGlobalLogger - INFO     - [logger.py:345] - API Request: GET https://api.stg.gowithgeo.com/api/package/user/booked-packages
2026-05-28 08:55:38 - GeoTravelGlobalLogger - INFO     - [logger.py:345] - API Response: 200
2026-05-28 08:55:38 - GeoTravelGlobalLogger - INFO     - [logger.py:345] - 📊 Initial total bookings: 297
2026-05-28 08:55:38 - GeoTravelGlobalLogger - INFO     - [logger.py:345] - 📦 Payload: {'package': 15, 'full_name': 'GEO Bot', 'email': 'geo.qa.bot@gmail.com', 'phone': '1234567890', 'pricing_text': 'Personalized', 'payment_mode': 'FULL_PRICE', 'adults': 3, 'children': 1, 'infants': 0, 'paymentMethod': 'manual payment', 'departure_date': '2026-06-17', 'return_date': '2026-06-24'}
2026-05-28 08:55:38 - GeoTravelGlobalLogger - INFO     - [logger.py:345] - 🔍 _request START - Current self.headers: {'Content-Type': 'application/json', 'Accept': 'application/json', 'X-Client-Type': 'retail', 'Cookie': 'retail_access_token=eyJhbGciOiJIUzI1NiIsInR5cCI6IkpXVCJ9.eyJpZCI6MTUxLCJ1c2VyVHlwZSI6IlJFVEFJTCIsImlhdCI6MTc3OTk1ODUzNywiZXhwIjoxNzgwMDAxNzM3fQ.kWIU4qJ8j1Sa2FWKi9Yo_5rkhlAy1OHhEtB-vZE26kA'}
2026-05-28 08:55:38 - GeoTravelGlobalLogger - INFO     - [logger.py:345] - 🔍 _request - kwargs headers: {}
2026-05-28 08:55:38 - GeoTravelGlobalLogger - INFO     - [logger.py:345] - 🔍 _request FINAL headers being sent: {'Content-Type': 'application/json', 'Accept': 'application/json', 'X-Client-Type': 'retail', 'Cookie': 'retail_access_token=eyJhbGciOiJIUzI1NiIsInR5cCI6IkpXVCJ9.eyJpZCI6MTUxLCJ1c2VyVHlwZSI6IlJFVEFJTCIsImlhdCI6MTc3OTk1ODUzNywiZXhwIjoxNzgwMDAxNzM3fQ.kWIU4qJ8j1Sa2FWKi9Yo_5rkhlAy1OHhEtB-vZE26kA'}
2026-05-28 08:55:38 - GeoTravelGlobalLogger - INFO     - [logger.py:345] - API Request: POST https://api.stg.gowithgeo.com/api/package/book
2026-05-28 08:55:38 - GeoTravelGlobalLogger - INFO     - [logger.py:345] - API Response: 200
2026-05-28 08:55:38 - GeoTravelGlobalLogger - INFO     - [logger.py:345] - SUCCESS: ✅ Verified user_id = 151 is present
2026-05-28 08:55:38 - GeoTravelGlobalLogger - INFO     - [logger.py:345] - ✅ Bank Transfer - correct response structure
2026-05-28 08:55:40 - GeoTravelGlobalLogger - INFO     - [logger.py:345] - 🔍 _request START - Current self.headers: {'Content-Type': 'application/json', 'Accept': 'application/json', 'X-Client-Type': 'retail', 'Cookie': 'retail_access_token=eyJhbGciOiJIUzI1NiIsInR5cCI6IkpXVCJ9.eyJpZCI6MTUxLCJ1c2VyVHlwZSI6IlJFVEFJTCIsImlhdCI6MTc3OTk1ODUzNywiZXhwIjoxNzgwMDAxNzM3fQ.kWIU4qJ8j1Sa2FWKi9Yo_5rkhlAy1OHhEtB-vZE26kA'}
2026-05-28 08:55:40 - GeoTravelGlobalLogger - INFO     - [logger.py:345] - 🔍 _request - kwargs headers: {}
2026-05-28 08:55:40 - GeoTravelGlobalLogger - INFO     - [logger.py:345] - 🔍 _request FINAL headers being sent: {'Content-Type': 'application/json', 'Accept': 'application/json', 'X-Client-Type': 'retail', 'Cookie': 'retail_access_token=eyJhbGciOiJIUzI1NiIsInR5cCI6IkpXVCJ9.eyJpZCI6MTUxLCJ1c2VyVHlwZSI6IlJFVEFJTCIsImlhdCI6MTc3OTk1ODUzNywiZXhwIjoxNzgwMDAxNzM3fQ.kWIU4qJ8j1Sa2FWKi9Yo_5rkhlAy1OHhEtB-vZE26kA'}
2026-05-28 08:55:40 - GeoTravelGlobalLogger - INFO     - [logger.py:345] - API Request: GET https://api.stg.gowithgeo.com/api/package/user/booked-packages
2026-05-28 08:55:41 - GeoTravelGlobalLogger - INFO     - [logger.py:345] - API Response: 200
2026-05-28 08:55:41 - GeoTravelGlobalLogger - INFO     - [logger.py:345] - SUCCESS: ✅ Total bookings increased from 297 to 298
2026-05-28 08:55:41 - GeoTravelGlobalLogger - INFO     - [logger.py:345] - ✅ New booking ID 1247 confirmed via total items increase
2026-05-28 08:55:41 - GeoTravelGlobalLogger - INFO     - [logger.py:345] - SUCCESS: ✅ Authenticated PRIVATE within 30 days (full payment) test passed
2026-05-28 08:55:41 - GeoTravelGlobalLogger - INFO     - [logger.py:345] - ✅ Saved test-specific logs: reports/logs/src_tests_api_tests_test_package_api.py_TestPackageAPI_test_authenticated_booking_private_within_30_days_full_payment_085541.log
2026-05-28 08:55:41 - GeoTravelGlobalLogger - INFO     - [logger.py:345] - Test result added: src/tests/api_tests/test_package_api.py::TestPackageAPI::test_authenticated_booking_private_within_30_days_full_payment - PASS (Duration: 4.02s)
2026-05-28 08:55:41 - GeoTravelGlobalLogger - INFO     - [logger.py:345] - Added test result to API SMOKE TEST: src/tests/api_tests/test_package_api.py::TestPackageAPI::test_authenticated_booking_private_within_30_days_full_payment - PASS
2026-05-28 08:55:41 - GeoTravelGlobalLogger - INFO     - [logger.py:345] - Retrieved credentials from environment for: geo.qa.bot@gmail.com
2026-05-28 08:55:41 - GeoTravelGlobalLogger - INFO     - [logger.py:345] - Attempting login with email: geo.qa.bot@gmail.com
2026-05-28 08:55:41 - GeoTravelGlobalLogger - INFO     - [logger.py:345] - 🔍 _request START - Current self.headers: {'Content-Type': 'application/json', 'Accept': 'application/json', 'X-Client-Type': 'retail'}
2026-05-28 08:55:41 - GeoTravelGlobalLogger - INFO     - [logger.py:345] - 🔍 _request - kwargs headers: {}
2026-05-28 08:55:41 - GeoTravelGlobalLogger - INFO     - [logger.py:345] - 🔍 _request FINAL headers being sent: {'Content-Type': 'application/json', 'Accept': 'application/json', 'X-Client-Type': 'retail'}
2026-05-28 08:55:41 - GeoTravelGlobalLogger - INFO     - [logger.py:345] - API Request: POST https://api.stg.gowithgeo.com/api/auth/login
2026-05-28 08:55:41 - GeoTravelGlobalLogger - INFO     - [logger.py:345] - API Response: 200
2026-05-28 08:55:41 - GeoTravelGlobalLogger - INFO     - [logger.py:345] - Token extracted via cookies (length: 167, valid)
2026-05-28 08:55:41 - GeoTravelGlobalLogger - INFO     - [logger.py:345] - ✅ Auth token set from cookies (Cookie header)
2026-05-28 08:55:41 - GeoTravelGlobalLogger - INFO     - [logger.py:345] - SUCCESS: ✅ Login successful - token set via cookies
2026-05-28 08:55:41 - GeoTravelGlobalLogger - INFO     - [logger.py:345] - SUCCESS: ✅ Authenticated successfully (token length: 167)
2026-05-28 08:55:41 - GeoTravelGlobalLogger - INFO     - [logger.py:345] - ✅ Auth token set from cookies (Cookie header)
2026-05-28 08:55:41 - GeoTravelGlobalLogger - INFO     - [logger.py:345] - ✅ Auth token set from cookies (Cookie header)
2026-05-28 08:55:41 - GeoTravelGlobalLogger - INFO     - [logger.py:345] - === Testing PRIVATE within 30 days - Lockdown Payment Should FAIL ===
2026-05-28 08:55:41 - GeoTravelGlobalLogger - INFO     - [logger.py:345] - 🔍 _request START - Current self.headers: {'Content-Type': 'application/json', 'Accept': 'application/json', 'X-Client-Type': 'retail', 'Cookie': 'retail_access_token=eyJhbGciOiJIUzI1NiIsInR5cCI6IkpXVCJ9.eyJpZCI6MTUxLCJ1c2VyVHlwZSI6IlJFVEFJTCIsImlhdCI6MTc3OTk1ODU0MSwiZXhwIjoxNzgwMDAxNzQxfQ.eeZ8mPZd1HwMJpkYkJWWMJ271URjSatgdqWUDIWys8k'}
2026-05-28 08:55:41 - GeoTravelGlobalLogger - INFO     - [logger.py:345] - 🔍 _request - kwargs headers: {}
2026-05-28 08:55:41 - GeoTravelGlobalLogger - INFO     - [logger.py:345] - 🔍 _request FINAL headers being sent: {'Content-Type': 'application/json', 'Accept': 'application/json', 'X-Client-Type': 'retail', 'Cookie': 'retail_access_token=eyJhbGciOiJIUzI1NiIsInR5cCI6IkpXVCJ9.eyJpZCI6MTUxLCJ1c2VyVHlwZSI6IlJFVEFJTCIsImlhdCI6MTc3OTk1ODU0MSwiZXhwIjoxNzgwMDAxNzQxfQ.eeZ8mPZd1HwMJpkYkJWWMJ271URjSatgdqWUDIWys8k'}
2026-05-28 08:55:41 - GeoTravelGlobalLogger - INFO     - [logger.py:345] - API Request: GET https://api.stg.gowithgeo.com/api/package/all
2026-05-28 08:55:42 - GeoTravelGlobalLogger - INFO     - [logger.py:345] - API Response: 200
2026-05-28 08:55:42 - GeoTravelGlobalLogger - INFO     - [logger.py:345] - 📦 Selected package: Christmas Eve (ID: 15)
2026-05-28 08:55:42 - GeoTravelGlobalLogger - INFO     - [logger.py:345] - 📅 Departure in 13 days
2026-05-28 08:55:42 - GeoTravelGlobalLogger - INFO     - [logger.py:345] - 📦 Attempting LOCKDOWN payment within 30 days (should fail): {'package': 15, 'full_name': 'GEO Bot', 'email': 'geo.qa.bot@gmail.com', 'phone': '1234567890', 'pricing_text': 'Personalized', 'payment_mode': 'LOCKDOWN', 'adults': 2, 'children': 1, 'infants': 0, 'paymentMethod': 'paystack', 'departure_date': '2026-06-10', 'return_date': '2026-06-17'}
2026-05-28 08:55:42 - GeoTravelGlobalLogger - INFO     - [logger.py:345] - 🔍 _request START - Current self.headers: {'Content-Type': 'application/json', 'Accept': 'application/json', 'X-Client-Type': 'retail', 'Cookie': 'retail_access_token=eyJhbGciOiJIUzI1NiIsInR5cCI6IkpXVCJ9.eyJpZCI6MTUxLCJ1c2VyVHlwZSI6IlJFVEFJTCIsImlhdCI6MTc3OTk1ODU0MSwiZXhwIjoxNzgwMDAxNzQxfQ.eeZ8mPZd1HwMJpkYkJWWMJ271URjSatgdqWUDIWys8k'}
2026-05-28 08:55:42 - GeoTravelGlobalLogger - INFO     - [logger.py:345] - 🔍 _request - kwargs headers: {}
2026-05-28 08:55:42 - GeoTravelGlobalLogger - INFO     - [logger.py:345] - 🔍 _request FINAL headers being sent: {'Content-Type': 'application/json', 'Accept': 'application/json', 'X-Client-Type': 'retail', 'Cookie': 'retail_access_token=eyJhbGciOiJIUzI1NiIsInR5cCI6IkpXVCJ9.eyJpZCI6MTUxLCJ1c2VyVHlwZSI6IlJFVEFJTCIsImlhdCI6MTc3OTk1ODU0MSwiZXhwIjoxNzgwMDAxNzQxfQ.eeZ8mPZd1HwMJpkYkJWWMJ271URjSatgdqWUDIWys8k'}
2026-05-28 08:55:42 - GeoTravelGlobalLogger - INFO     - [logger.py:345] - API Request: POST https://api.stg.gowithgeo.com/api/package/book
2026-05-28 08:55:42 - GeoTravelGlobalLogger - INFO     - [logger.py:345] - API Response: 400
2026-05-28 08:55:42 - GeoTravelGlobalLogger - INFO     - [logger.py:345] - SUCCESS: ✅ Correctly got 400: 'Full payment is required for departure dates within 30 days.'
2026-05-28 08:55:42 - GeoTravelGlobalLogger - INFO     - [logger.py:345] - ✅ Saved test-specific logs: reports/logs/src_tests_api_tests_test_package_api.py_TestPackageAPI_test_authenticated_booking_private_within_30_days_lockdown_fails_085542.log
2026-05-28 08:55:42 - GeoTravelGlobalLogger - INFO     - [logger.py:345] - Test result added: src/tests/api_tests/test_package_api.py::TestPackageAPI::test_authenticated_booking_private_within_30_days_lockdown_fails - PASS (Duration: 0.43s)
2026-05-28 08:55:42 - GeoTravelGlobalLogger - INFO     - [logger.py:345] - Added test result to API SMOKE TEST: src/tests/api_tests/test_package_api.py::TestPackageAPI::test_authenticated_booking_private_within_30_days_lockdown_fails - PASS
2026-05-28 08:55:42 - GeoTravelGlobalLogger - WARNING  - [logger.py:360] - ⚠️ Invalid token provided to set_auth_token()
2026-05-28 08:55:42 - GeoTravelGlobalLogger - INFO     - [logger.py:345] - Retrieved credentials from environment for: geo.qa.bot@gmail.com
2026-05-28 08:55:42 - GeoTravelGlobalLogger - INFO     - [logger.py:345] - Attempting login with email: geo.qa.bot@gmail.com
2026-05-28 08:55:42 - GeoTravelGlobalLogger - INFO     - [logger.py:345] - 🔍 _request START - Current self.headers: {'Content-Type': 'application/json', 'Accept': 'application/json', 'X-Client-Type': 'retail'}
2026-05-28 08:55:42 - GeoTravelGlobalLogger - INFO     - [logger.py:345] - 🔍 _request - kwargs headers: {}
2026-05-28 08:55:42 - GeoTravelGlobalLogger - INFO     - [logger.py:345] - 🔍 _request FINAL headers being sent: {'Content-Type': 'application/json', 'Accept': 'application/json', 'X-Client-Type': 'retail'}
2026-05-28 08:55:42 - GeoTravelGlobalLogger - INFO     - [logger.py:345] - API Request: POST https://api.stg.gowithgeo.com/api/auth/login
2026-05-28 08:55:42 - GeoTravelGlobalLogger - INFO     - [logger.py:345] - API Response: 200
2026-05-28 08:55:42 - GeoTravelGlobalLogger - INFO     - [logger.py:345] - Token extracted via cookies (length: 167, valid)
2026-05-28 08:55:42 - GeoTravelGlobalLogger - INFO     - [logger.py:345] - ✅ Auth token set from cookies (Cookie header)
2026-05-28 08:55:42 - GeoTravelGlobalLogger - INFO     - [logger.py:345] - SUCCESS: ✅ Login successful - token set via cookies
2026-05-28 08:55:42 - GeoTravelGlobalLogger - INFO     - [logger.py:345] - SUCCESS: ✅ Authenticated successfully (token length: 167)
2026-05-28 08:55:42 - GeoTravelGlobalLogger - INFO     - [logger.py:345] - ✅ Auth token set from cookies (Cookie header)
2026-05-28 08:55:42 - GeoTravelGlobalLogger - INFO     - [logger.py:345] - ✅ Auth token set from cookies (Cookie header)
2026-05-28 08:55:42 - GeoTravelGlobalLogger - INFO     - [logger.py:345] - === Testing UNAUTHENTICATED GROUP - Full Payment ===
2026-05-28 08:55:42 - GeoTravelGlobalLogger - INFO     - [logger.py:345] - 🔍 _request START - Current self.headers: {'Content-Type': 'application/json', 'Accept': 'application/json', 'X-Client-Type': 'retail'}
2026-05-28 08:55:42 - GeoTravelGlobalLogger - INFO     - [logger.py:345] - 🔍 _request - kwargs headers: {}
2026-05-28 08:55:42 - GeoTravelGlobalLogger - INFO     - [logger.py:345] - 🔍 _request FINAL headers being sent: {'Content-Type': 'application/json', 'Accept': 'application/json', 'X-Client-Type': 'retail'}
2026-05-28 08:55:42 - GeoTravelGlobalLogger - INFO     - [logger.py:345] - API Request: GET https://api.stg.gowithgeo.com/api/package/all
2026-05-28 08:55:42 - GeoTravelGlobalLogger - INFO     - [logger.py:345] - API Response: 200
2026-05-28 08:55:42 - GeoTravelGlobalLogger - INFO     - [logger.py:345] - 📦 Selected package: Nairobi in Kigali  Group Adventure – Discover Kenya's Heart in 5 Days (ID: 10)
2026-05-28 08:55:42 - GeoTravelGlobalLogger - INFO     - [logger.py:345] - 🔍 _request START - Current self.headers: {'Content-Type': 'application/json', 'Accept': 'application/json', 'X-Client-Type': 'retail', 'Cookie': 'retail_access_token=eyJhbGciOiJIUzI1NiIsInR5cCI6IkpXVCJ9.eyJpZCI6MTUxLCJ1c2VyVHlwZSI6IlJFVEFJTCIsImlhdCI6MTc3OTk1ODU0MiwiZXhwIjoxNzgwMDAxNzQyfQ.Z50YjxJ7eLXMpphQn-i3TA-2dY77jpjJWTg_95vq88o'}
2026-05-28 08:55:42 - GeoTravelGlobalLogger - INFO     - [logger.py:345] - 🔍 _request - kwargs headers: {}
2026-05-28 08:55:42 - GeoTravelGlobalLogger - INFO     - [logger.py:345] - 🔍 _request FINAL headers being sent: {'Content-Type': 'application/json', 'Accept': 'application/json', 'X-Client-Type': 'retail', 'Cookie': 'retail_access_token=eyJhbGciOiJIUzI1NiIsInR5cCI6IkpXVCJ9.eyJpZCI6MTUxLCJ1c2VyVHlwZSI6IlJFVEFJTCIsImlhdCI6MTc3OTk1ODU0MiwiZXhwIjoxNzgwMDAxNzQyfQ.Z50YjxJ7eLXMpphQn-i3TA-2dY77jpjJWTg_95vq88o'}
2026-05-28 08:55:42 - GeoTravelGlobalLogger - INFO     - [logger.py:345] - API Request: GET https://api.stg.gowithgeo.com/api/package/user/booked-packages
2026-05-28 08:55:43 - GeoTravelGlobalLogger - INFO     - [logger.py:345] - API Response: 200
2026-05-28 08:55:43 - GeoTravelGlobalLogger - INFO     - [logger.py:345] - 📦 Payload: {'package': 10, 'full_name': 'Unauth Test User 2502', 'email': 'unauth1088@test.com', 'phone': '+234808409065', 'pricing_text': 'Group of Four', 'payment_mode': 'FULL_PRICE', 'adults': 2, 'children': 1, 'infants': 0, 'paymentMethod': 'paystack'}
2026-05-28 08:55:43 - GeoTravelGlobalLogger - INFO     - [logger.py:345] - 🔍 _request START - Current self.headers: {'Content-Type': 'application/json', 'Accept': 'application/json', 'X-Client-Type': 'retail'}
2026-05-28 08:55:43 - GeoTravelGlobalLogger - INFO     - [logger.py:345] - 🔍 _request - kwargs headers: {}
2026-05-28 08:55:43 - GeoTravelGlobalLogger - INFO     - [logger.py:345] - 🔍 _request FINAL headers being sent: {'Content-Type': 'application/json', 'Accept': 'application/json', 'X-Client-Type': 'retail'}
2026-05-28 08:55:43 - GeoTravelGlobalLogger - INFO     - [logger.py:345] - API Request: POST https://api.stg.gowithgeo.com/api/package/book
2026-05-28 08:55:44 - GeoTravelGlobalLogger - INFO     - [logger.py:345] - API Response: 200
2026-05-28 08:55:44 - GeoTravelGlobalLogger - INFO     - [logger.py:345] - SUCCESS: ✅ Verified user_id = null for unauthenticated booking
2026-05-28 08:55:44 - GeoTravelGlobalLogger - INFO     - [logger.py:345] - ✅ paystack - paymentLink present
2026-05-28 08:55:46 - GeoTravelGlobalLogger - INFO     - [logger.py:345] - 🔍 _request START - Current self.headers: {'Content-Type': 'application/json', 'Accept': 'application/json', 'X-Client-Type': 'retail', 'Cookie': 'retail_access_token=eyJhbGciOiJIUzI1NiIsInR5cCI6IkpXVCJ9.eyJpZCI6MTUxLCJ1c2VyVHlwZSI6IlJFVEFJTCIsImlhdCI6MTc3OTk1ODU0MiwiZXhwIjoxNzgwMDAxNzQyfQ.Z50YjxJ7eLXMpphQn-i3TA-2dY77jpjJWTg_95vq88o'}
2026-05-28 08:55:46 - GeoTravelGlobalLogger - INFO     - [logger.py:345] - 🔍 _request - kwargs headers: {}
2026-05-28 08:55:46 - GeoTravelGlobalLogger - INFO     - [logger.py:345] - 🔍 _request FINAL headers being sent: {'Content-Type': 'application/json', 'Accept': 'application/json', 'X-Client-Type': 'retail', 'Cookie': 'retail_access_token=eyJhbGciOiJIUzI1NiIsInR5cCI6IkpXVCJ9.eyJpZCI6MTUxLCJ1c2VyVHlwZSI6IlJFVEFJTCIsImlhdCI6MTc3OTk1ODU0MiwiZXhwIjoxNzgwMDAxNzQyfQ.Z50YjxJ7eLXMpphQn-i3TA-2dY77jpjJWTg_95vq88o'}
2026-05-28 08:55:46 - GeoTravelGlobalLogger - INFO     - [logger.py:345] - API Request: GET https://api.stg.gowithgeo.com/api/package/user/booked-packages
2026-05-28 08:55:46 - GeoTravelGlobalLogger - INFO     - [logger.py:345] - API Response: 200
2026-05-28 08:55:46 - GeoTravelGlobalLogger - INFO     - [logger.py:345] - SUCCESS: ✅ Authenticated user's bookings unchanged (50)
2026-05-28 08:55:46 - GeoTravelGlobalLogger - INFO     - [logger.py:345] - SUCCESS: ✅ Unauthenticated booking ID 1248 not found in user bookings
2026-05-28 08:55:46 - GeoTravelGlobalLogger - INFO     - [logger.py:345] - SUCCESS: ✅ Unauthenticated GROUP full payment test passed
2026-05-28 08:55:46 - GeoTravelGlobalLogger - INFO     - [logger.py:345] - ✅ Saved test-specific logs: reports/logs/src_tests_api_tests_test_package_api.py_TestPackageAPI_test_unauthenticated_booking_group_full_payment_085546.log
2026-05-28 08:55:46 - GeoTravelGlobalLogger - INFO     - [logger.py:345] - Test result added: src/tests/api_tests/test_package_api.py::TestPackageAPI::test_unauthenticated_booking_group_full_payment - PASS (Duration: 4.30s)
2026-05-28 08:55:46 - GeoTravelGlobalLogger - INFO     - [logger.py:345] - Added test result to API SMOKE TEST: src/tests/api_tests/test_package_api.py::TestPackageAPI::test_unauthenticated_booking_group_full_payment - PASS
2026-05-28 08:55:46 - GeoTravelGlobalLogger - WARNING  - [logger.py:360] - ⚠️ Invalid token provided to set_auth_token()
2026-05-28 08:55:46 - GeoTravelGlobalLogger - INFO     - [logger.py:345] - Retrieved credentials from environment for: geo.qa.bot@gmail.com
2026-05-28 08:55:46 - GeoTravelGlobalLogger - INFO     - [logger.py:345] - Attempting login with email: geo.qa.bot@gmail.com
2026-05-28 08:55:46 - GeoTravelGlobalLogger - INFO     - [logger.py:345] - 🔍 _request START - Current self.headers: {'Content-Type': 'application/json', 'Accept': 'application/json', 'X-Client-Type': 'retail'}
2026-05-28 08:55:46 - GeoTravelGlobalLogger - INFO     - [logger.py:345] - 🔍 _request - kwargs headers: {}
2026-05-28 08:55:46 - GeoTravelGlobalLogger - INFO     - [logger.py:345] - 🔍 _request FINAL headers being sent: {'Content-Type': 'application/json', 'Accept': 'application/json', 'X-Client-Type': 'retail'}
2026-05-28 08:55:46 - GeoTravelGlobalLogger - INFO     - [logger.py:345] - API Request: POST https://api.stg.gowithgeo.com/api/auth/login
2026-05-28 08:55:47 - GeoTravelGlobalLogger - INFO     - [logger.py:345] - API Response: 200
2026-05-28 08:55:47 - GeoTravelGlobalLogger - INFO     - [logger.py:345] - Token extracted via cookies (length: 167, valid)
2026-05-28 08:55:47 - GeoTravelGlobalLogger - INFO     - [logger.py:345] - ✅ Auth token set from cookies (Cookie header)
2026-05-28 08:55:47 - GeoTravelGlobalLogger - INFO     - [logger.py:345] - SUCCESS: ✅ Login successful - token set via cookies
2026-05-28 08:55:47 - GeoTravelGlobalLogger - INFO     - [logger.py:345] - SUCCESS: ✅ Authenticated successfully (token length: 167)
2026-05-28 08:55:47 - GeoTravelGlobalLogger - INFO     - [logger.py:345] - ✅ Auth token set from cookies (Cookie header)
2026-05-28 08:55:47 - GeoTravelGlobalLogger - INFO     - [logger.py:345] - ✅ Auth token set from cookies (Cookie header)
2026-05-28 08:55:47 - GeoTravelGlobalLogger - INFO     - [logger.py:345] - === Testing UNAUTHENTICATED GROUP - Lockdown Payment ===
2026-05-28 08:55:47 - GeoTravelGlobalLogger - INFO     - [logger.py:345] - 🔍 _request START - Current self.headers: {'Content-Type': 'application/json', 'Accept': 'application/json', 'X-Client-Type': 'retail'}
2026-05-28 08:55:47 - GeoTravelGlobalLogger - INFO     - [logger.py:345] - 🔍 _request - kwargs headers: {}
2026-05-28 08:55:47 - GeoTravelGlobalLogger - INFO     - [logger.py:345] - 🔍 _request FINAL headers being sent: {'Content-Type': 'application/json', 'Accept': 'application/json', 'X-Client-Type': 'retail'}
2026-05-28 08:55:47 - GeoTravelGlobalLogger - INFO     - [logger.py:345] - API Request: GET https://api.stg.gowithgeo.com/api/package/all
2026-05-28 08:55:47 - GeoTravelGlobalLogger - INFO     - [logger.py:345] - API Response: 200
2026-05-28 08:55:47 - GeoTravelGlobalLogger - INFO     - [logger.py:345] - 📦 Selected package: Lagos Group Adventure – Discover Kenya's Heart in 5 Days (ID: 13)
2026-05-28 08:55:47 - GeoTravelGlobalLogger - INFO     - [logger.py:345] - 🔍 _request START - Current self.headers: {'Content-Type': 'application/json', 'Accept': 'application/json', 'X-Client-Type': 'retail', 'Cookie': 'retail_access_token=eyJhbGciOiJIUzI1NiIsInR5cCI6IkpXVCJ9.eyJpZCI6MTUxLCJ1c2VyVHlwZSI6IlJFVEFJTCIsImlhdCI6MTc3OTk1ODU0NywiZXhwIjoxNzgwMDAxNzQ3fQ.zBU0GcAQzEceXc9OaBPl6Fu5A0NlT8Qx6_Kjv83IZFU'}
2026-05-28 08:55:47 - GeoTravelGlobalLogger - INFO     - [logger.py:345] - 🔍 _request - kwargs headers: {}
2026-05-28 08:55:47 - GeoTravelGlobalLogger - INFO     - [logger.py:345] - 🔍 _request FINAL headers being sent: {'Content-Type': 'application/json', 'Accept': 'application/json', 'X-Client-Type': 'retail', 'Cookie': 'retail_access_token=eyJhbGciOiJIUzI1NiIsInR5cCI6IkpXVCJ9.eyJpZCI6MTUxLCJ1c2VyVHlwZSI6IlJFVEFJTCIsImlhdCI6MTc3OTk1ODU0NywiZXhwIjoxNzgwMDAxNzQ3fQ.zBU0GcAQzEceXc9OaBPl6Fu5A0NlT8Qx6_Kjv83IZFU'}
2026-05-28 08:55:47 - GeoTravelGlobalLogger - INFO     - [logger.py:345] - API Request: GET https://api.stg.gowithgeo.com/api/package/user/booked-packages
2026-05-28 08:55:47 - GeoTravelGlobalLogger - INFO     - [logger.py:345] - API Response: 200
2026-05-28 08:55:47 - GeoTravelGlobalLogger - INFO     - [logger.py:345] - 📦 Payload: {'package': 13, 'full_name': 'Unauth Test User 3168', 'email': 'unauth5091@test.com', 'phone': '+234729750094', 'pricing_text': 'Two Adults One Child', 'payment_mode': 'LOCKDOWN', 'adults': 1, 'children': 0, 'infants': 0, 'paymentMethod': 'paystack'}
2026-05-28 08:55:47 - GeoTravelGlobalLogger - INFO     - [logger.py:345] - 🔍 _request START - Current self.headers: {'Content-Type': 'application/json', 'Accept': 'application/json', 'X-Client-Type': 'retail'}
2026-05-28 08:55:47 - GeoTravelGlobalLogger - INFO     - [logger.py:345] - 🔍 _request - kwargs headers: {}
2026-05-28 08:55:47 - GeoTravelGlobalLogger - INFO     - [logger.py:345] - 🔍 _request FINAL headers being sent: {'Content-Type': 'application/json', 'Accept': 'application/json', 'X-Client-Type': 'retail'}
2026-05-28 08:55:47 - GeoTravelGlobalLogger - INFO     - [logger.py:345] - API Request: POST https://api.stg.gowithgeo.com/api/package/book
2026-05-28 08:55:48 - GeoTravelGlobalLogger - INFO     - [logger.py:345] - API Response: 200
2026-05-28 08:55:48 - GeoTravelGlobalLogger - INFO     - [logger.py:345] - SUCCESS: ✅ Verified user_id = null for unauthenticated booking
2026-05-28 08:55:48 - GeoTravelGlobalLogger - INFO     - [logger.py:345] - ✅ paystack - paymentLink present
2026-05-28 08:55:50 - GeoTravelGlobalLogger - INFO     - [logger.py:345] - 🔍 _request START - Current self.headers: {'Content-Type': 'application/json', 'Accept': 'application/json', 'X-Client-Type': 'retail', 'Cookie': 'retail_access_token=eyJhbGciOiJIUzI1NiIsInR5cCI6IkpXVCJ9.eyJpZCI6MTUxLCJ1c2VyVHlwZSI6IlJFVEFJTCIsImlhdCI6MTc3OTk1ODU0NywiZXhwIjoxNzgwMDAxNzQ3fQ.zBU0GcAQzEceXc9OaBPl6Fu5A0NlT8Qx6_Kjv83IZFU'}
2026-05-28 08:55:50 - GeoTravelGlobalLogger - INFO     - [logger.py:345] - 🔍 _request - kwargs headers: {}
2026-05-28 08:55:50 - GeoTravelGlobalLogger - INFO     - [logger.py:345] - 🔍 _request FINAL headers being sent: {'Content-Type': 'application/json', 'Accept': 'application/json', 'X-Client-Type': 'retail', 'Cookie': 'retail_access_token=eyJhbGciOiJIUzI1NiIsInR5cCI6IkpXVCJ9.eyJpZCI6MTUxLCJ1c2VyVHlwZSI6IlJFVEFJTCIsImlhdCI6MTc3OTk1ODU0NywiZXhwIjoxNzgwMDAxNzQ3fQ.zBU0GcAQzEceXc9OaBPl6Fu5A0NlT8Qx6_Kjv83IZFU'}
2026-05-28 08:55:50 - GeoTravelGlobalLogger - INFO     - [logger.py:345] - API Request: GET https://api.stg.gowithgeo.com/api/package/user/booked-packages
2026-05-28 08:55:51 - GeoTravelGlobalLogger - INFO     - [logger.py:345] - API Response: 200
2026-05-28 08:55:51 - GeoTravelGlobalLogger - INFO     - [logger.py:345] - SUCCESS: ✅ Authenticated user's bookings unchanged (50)
2026-05-28 08:55:51 - GeoTravelGlobalLogger - INFO     - [logger.py:345] - SUCCESS: ✅ Unauthenticated booking ID 1249 not found in user bookings
2026-05-28 08:55:51 - GeoTravelGlobalLogger - INFO     - [logger.py:345] - SUCCESS: ✅ Unauthenticated GROUP lockdown payment test passed
2026-05-28 08:55:51 - GeoTravelGlobalLogger - INFO     - [logger.py:345] - ✅ Saved test-specific logs: reports/logs/src_tests_api_tests_test_package_api.py_TestPackageAPI_test_unauthenticated_booking_group_lockdown_payment_085551.log
2026-05-28 08:55:51 - GeoTravelGlobalLogger - INFO     - [logger.py:345] - Test result added: src/tests/api_tests/test_package_api.py::TestPackageAPI::test_unauthenticated_booking_group_lockdown_payment - PASS (Duration: 4.01s)
2026-05-28 08:55:51 - GeoTravelGlobalLogger - INFO     - [logger.py:345] - Added test result to API SMOKE TEST: src/tests/api_tests/test_package_api.py::TestPackageAPI::test_unauthenticated_booking_group_lockdown_payment - PASS
2026-05-28 08:55:51 - GeoTravelGlobalLogger - WARNING  - [logger.py:360] - ⚠️ Invalid token provided to set_auth_token()
2026-05-28 08:55:51 - GeoTravelGlobalLogger - INFO     - [logger.py:345] - Retrieved credentials from environment for: geo.qa.bot@gmail.com
2026-05-28 08:55:51 - GeoTravelGlobalLogger - INFO     - [logger.py:345] - Attempting login with email: geo.qa.bot@gmail.com
2026-05-28 08:55:51 - GeoTravelGlobalLogger - INFO     - [logger.py:345] - 🔍 _request START - Current self.headers: {'Content-Type': 'application/json', 'Accept': 'application/json', 'X-Client-Type': 'retail'}
2026-05-28 08:55:51 - GeoTravelGlobalLogger - INFO     - [logger.py:345] - 🔍 _request - kwargs headers: {}
2026-05-28 08:55:51 - GeoTravelGlobalLogger - INFO     - [logger.py:345] - 🔍 _request FINAL headers being sent: {'Content-Type': 'application/json', 'Accept': 'application/json', 'X-Client-Type': 'retail'}
2026-05-28 08:55:51 - GeoTravelGlobalLogger - INFO     - [logger.py:345] - API Request: POST https://api.stg.gowithgeo.com/api/auth/login
2026-05-28 08:55:51 - GeoTravelGlobalLogger - INFO     - [logger.py:345] - API Response: 200
2026-05-28 08:55:51 - GeoTravelGlobalLogger - INFO     - [logger.py:345] - Token extracted via cookies (length: 167, valid)
2026-05-28 08:55:51 - GeoTravelGlobalLogger - INFO     - [logger.py:345] - ✅ Auth token set from cookies (Cookie header)
2026-05-28 08:55:51 - GeoTravelGlobalLogger - INFO     - [logger.py:345] - SUCCESS: ✅ Login successful - token set via cookies
2026-05-28 08:55:51 - GeoTravelGlobalLogger - INFO     - [logger.py:345] - SUCCESS: ✅ Authenticated successfully (token length: 167)
2026-05-28 08:55:51 - GeoTravelGlobalLogger - INFO     - [logger.py:345] - ✅ Auth token set from cookies (Cookie header)
2026-05-28 08:55:51 - GeoTravelGlobalLogger - INFO     - [logger.py:345] - ✅ Auth token set from cookies (Cookie header)
2026-05-28 08:55:51 - GeoTravelGlobalLogger - INFO     - [logger.py:345] - === Testing UNAUTHENTICATED GROUP - Deal Price ===
2026-05-28 08:55:51 - GeoTravelGlobalLogger - INFO     - [logger.py:345] - 🔍 _request START - Current self.headers: {'Content-Type': 'application/json', 'Accept': 'application/json', 'X-Client-Type': 'retail'}
2026-05-28 08:55:51 - GeoTravelGlobalLogger - INFO     - [logger.py:345] - 🔍 _request - kwargs headers: {}
2026-05-28 08:55:51 - GeoTravelGlobalLogger - INFO     - [logger.py:345] - 🔍 _request FINAL headers being sent: {'Content-Type': 'application/json', 'Accept': 'application/json', 'X-Client-Type': 'retail'}
2026-05-28 08:55:51 - GeoTravelGlobalLogger - INFO     - [logger.py:345] - API Request: GET https://api.stg.gowithgeo.com/api/package/all
2026-05-28 08:55:51 - GeoTravelGlobalLogger - INFO     - [logger.py:345] - API Response: 200
2026-05-28 08:55:51 - GeoTravelGlobalLogger - INFO     - [logger.py:345] - 📦 Selected package with deal: Lagos Group Adventure – Discover Kenya's Heart in 5 Days (ID: 13)
2026-05-28 08:55:51 - GeoTravelGlobalLogger - INFO     - [logger.py:345] - 🔍 _request START - Current self.headers: {'Content-Type': 'application/json', 'Accept': 'application/json', 'X-Client-Type': 'retail', 'Cookie': 'retail_access_token=eyJhbGciOiJIUzI1NiIsInR5cCI6IkpXVCJ9.eyJpZCI6MTUxLCJ1c2VyVHlwZSI6IlJFVEFJTCIsImlhdCI6MTc3OTk1ODU1MSwiZXhwIjoxNzgwMDAxNzUxfQ.GvN-wZJfAzidCGYtQXwjP56XUJZN3jDliDT-R8P2tY0'}
2026-05-28 08:55:51 - GeoTravelGlobalLogger - INFO     - [logger.py:345] - 🔍 _request - kwargs headers: {}
2026-05-28 08:55:51 - GeoTravelGlobalLogger - INFO     - [logger.py:345] - 🔍 _request FINAL headers being sent: {'Content-Type': 'application/json', 'Accept': 'application/json', 'X-Client-Type': 'retail', 'Cookie': 'retail_access_token=eyJhbGciOiJIUzI1NiIsInR5cCI6IkpXVCJ9.eyJpZCI6MTUxLCJ1c2VyVHlwZSI6IlJFVEFJTCIsImlhdCI6MTc3OTk1ODU1MSwiZXhwIjoxNzgwMDAxNzUxfQ.GvN-wZJfAzidCGYtQXwjP56XUJZN3jDliDT-R8P2tY0'}
2026-05-28 08:55:51 - GeoTravelGlobalLogger - INFO     - [logger.py:345] - API Request: GET https://api.stg.gowithgeo.com/api/package/user/booked-packages
2026-05-28 08:55:52 - GeoTravelGlobalLogger - INFO     - [logger.py:345] - API Response: 200
2026-05-28 08:55:52 - GeoTravelGlobalLogger - INFO     - [logger.py:345] - 📦 Payload: {'package': 13, 'full_name': 'Unauth Test User 1131', 'email': 'unauth5061@test.com', 'phone': '+234732339599', 'pricing_text': 'Group of Four', 'payment_mode': 'DEAL_PRICE', 'adults': 3, 'children': 1, 'infants': 0, 'paymentMethod': 'paystack'}
2026-05-28 08:55:52 - GeoTravelGlobalLogger - INFO     - [logger.py:345] - 🔍 _request START - Current self.headers: {'Content-Type': 'application/json', 'Accept': 'application/json', 'X-Client-Type': 'retail'}
2026-05-28 08:55:52 - GeoTravelGlobalLogger - INFO     - [logger.py:345] - 🔍 _request - kwargs headers: {}
2026-05-28 08:55:52 - GeoTravelGlobalLogger - INFO     - [logger.py:345] - 🔍 _request FINAL headers being sent: {'Content-Type': 'application/json', 'Accept': 'application/json', 'X-Client-Type': 'retail'}
2026-05-28 08:55:52 - GeoTravelGlobalLogger - INFO     - [logger.py:345] - API Request: POST https://api.stg.gowithgeo.com/api/package/book
2026-05-28 08:55:53 - GeoTravelGlobalLogger - INFO     - [logger.py:345] - API Response: 200
2026-05-28 08:55:53 - GeoTravelGlobalLogger - INFO     - [logger.py:345] - SUCCESS: ✅ Verified user_id = null for unauthenticated booking
2026-05-28 08:55:53 - GeoTravelGlobalLogger - INFO     - [logger.py:345] - ✅ paystack - paymentLink present
2026-05-28 08:55:55 - GeoTravelGlobalLogger - INFO     - [logger.py:345] - 🔍 _request START - Current self.headers: {'Content-Type': 'application/json', 'Accept': 'application/json', 'X-Client-Type': 'retail', 'Cookie': 'retail_access_token=eyJhbGciOiJIUzI1NiIsInR5cCI6IkpXVCJ9.eyJpZCI6MTUxLCJ1c2VyVHlwZSI6IlJFVEFJTCIsImlhdCI6MTc3OTk1ODU1MSwiZXhwIjoxNzgwMDAxNzUxfQ.GvN-wZJfAzidCGYtQXwjP56XUJZN3jDliDT-R8P2tY0'}
2026-05-28 08:55:55 - GeoTravelGlobalLogger - INFO     - [logger.py:345] - 🔍 _request - kwargs headers: {}
2026-05-28 08:55:55 - GeoTravelGlobalLogger - INFO     - [logger.py:345] - 🔍 _request FINAL headers being sent: {'Content-Type': 'application/json', 'Accept': 'application/json', 'X-Client-Type': 'retail', 'Cookie': 'retail_access_token=eyJhbGciOiJIUzI1NiIsInR5cCI6IkpXVCJ9.eyJpZCI6MTUxLCJ1c2VyVHlwZSI6IlJFVEFJTCIsImlhdCI6MTc3OTk1ODU1MSwiZXhwIjoxNzgwMDAxNzUxfQ.GvN-wZJfAzidCGYtQXwjP56XUJZN3jDliDT-R8P2tY0'}
2026-05-28 08:55:55 - GeoTravelGlobalLogger - INFO     - [logger.py:345] - API Request: GET https://api.stg.gowithgeo.com/api/package/user/booked-packages
2026-05-28 08:55:55 - GeoTravelGlobalLogger - INFO     - [logger.py:345] - API Response: 200
2026-05-28 08:55:55 - GeoTravelGlobalLogger - INFO     - [logger.py:345] - SUCCESS: ✅ Authenticated user's bookings unchanged (50)
2026-05-28 08:55:55 - GeoTravelGlobalLogger - INFO     - [logger.py:345] - SUCCESS: ✅ Unauthenticated booking ID 1250 not found in user bookings
2026-05-28 08:55:55 - GeoTravelGlobalLogger - INFO     - [logger.py:345] - SUCCESS: ✅ Unauthenticated GROUP deal price test passed
2026-05-28 08:55:55 - GeoTravelGlobalLogger - INFO     - [logger.py:345] - ✅ Saved test-specific logs: reports/logs/src_tests_api_tests_test_package_api.py_TestPackageAPI_test_unauthenticated_booking_group_deal_price_085555.log
2026-05-28 08:55:55 - GeoTravelGlobalLogger - INFO     - [logger.py:345] - Test result added: src/tests/api_tests/test_package_api.py::TestPackageAPI::test_unauthenticated_booking_group_deal_price - PASS (Duration: 3.99s)
2026-05-28 08:55:55 - GeoTravelGlobalLogger - INFO     - [logger.py:345] - Added test result to API SMOKE TEST: src/tests/api_tests/test_package_api.py::TestPackageAPI::test_unauthenticated_booking_group_deal_price - PASS
2026-05-28 08:55:55 - GeoTravelGlobalLogger - WARNING  - [logger.py:360] - ⚠️ Invalid token provided to set_auth_token()
2026-05-28 08:55:55 - GeoTravelGlobalLogger - INFO     - [logger.py:345] - Retrieved credentials from environment for: geo.qa.bot@gmail.com
2026-05-28 08:55:55 - GeoTravelGlobalLogger - INFO     - [logger.py:345] - Attempting login with email: geo.qa.bot@gmail.com
2026-05-28 08:55:55 - GeoTravelGlobalLogger - INFO     - [logger.py:345] - 🔍 _request START - Current self.headers: {'Content-Type': 'application/json', 'Accept': 'application/json', 'X-Client-Type': 'retail'}
2026-05-28 08:55:55 - GeoTravelGlobalLogger - INFO     - [logger.py:345] - 🔍 _request - kwargs headers: {}
2026-05-28 08:55:55 - GeoTravelGlobalLogger - INFO     - [logger.py:345] - 🔍 _request FINAL headers being sent: {'Content-Type': 'application/json', 'Accept': 'application/json', 'X-Client-Type': 'retail'}
2026-05-28 08:55:55 - GeoTravelGlobalLogger - INFO     - [logger.py:345] - API Request: POST https://api.stg.gowithgeo.com/api/auth/login
2026-05-28 08:55:55 - GeoTravelGlobalLogger - INFO     - [logger.py:345] - API Response: 200
2026-05-28 08:55:55 - GeoTravelGlobalLogger - INFO     - [logger.py:345] - Token extracted via cookies (length: 167, valid)
2026-05-28 08:55:55 - GeoTravelGlobalLogger - INFO     - [logger.py:345] - ✅ Auth token set from cookies (Cookie header)
2026-05-28 08:55:55 - GeoTravelGlobalLogger - INFO     - [logger.py:345] - SUCCESS: ✅ Login successful - token set via cookies
2026-05-28 08:55:55 - GeoTravelGlobalLogger - INFO     - [logger.py:345] - SUCCESS: ✅ Authenticated successfully (token length: 167)
2026-05-28 08:55:55 - GeoTravelGlobalLogger - INFO     - [logger.py:345] - ✅ Auth token set from cookies (Cookie header)
2026-05-28 08:55:55 - GeoTravelGlobalLogger - INFO     - [logger.py:345] - ✅ Auth token set from cookies (Cookie header)
2026-05-28 08:55:55 - GeoTravelGlobalLogger - INFO     - [logger.py:345] - === Testing UNAUTHENTICATED PRIVATE - Future Departure (>30 days) ===
2026-05-28 08:55:55 - GeoTravelGlobalLogger - INFO     - [logger.py:345] - 🔍 _request START - Current self.headers: {'Content-Type': 'application/json', 'Accept': 'application/json', 'X-Client-Type': 'retail'}
2026-05-28 08:55:55 - GeoTravelGlobalLogger - INFO     - [logger.py:345] - 🔍 _request - kwargs headers: {}
2026-05-28 08:55:55 - GeoTravelGlobalLogger - INFO     - [logger.py:345] - 🔍 _request FINAL headers being sent: {'Content-Type': 'application/json', 'Accept': 'application/json', 'X-Client-Type': 'retail'}
2026-05-28 08:55:55 - GeoTravelGlobalLogger - INFO     - [logger.py:345] - API Request: GET https://api.stg.gowithgeo.com/api/package/all
2026-05-28 08:55:56 - GeoTravelGlobalLogger - INFO     - [logger.py:345] - API Response: 200
2026-05-28 08:55:56 - GeoTravelGlobalLogger - INFO     - [logger.py:345] - 📦 Selected package: Christmas Eve (ID: 15)
2026-05-28 08:55:56 - GeoTravelGlobalLogger - INFO     - [logger.py:345] - 📅 Selected departure: 2026-08-16 (>30 days away)
2026-05-28 08:55:56 - GeoTravelGlobalLogger - INFO     - [logger.py:345] - 🔍 _request START - Current self.headers: {'Content-Type': 'application/json', 'Accept': 'application/json', 'X-Client-Type': 'retail', 'Cookie': 'retail_access_token=eyJhbGciOiJIUzI1NiIsInR5cCI6IkpXVCJ9.eyJpZCI6MTUxLCJ1c2VyVHlwZSI6IlJFVEFJTCIsImlhdCI6MTc3OTk1ODU1NSwiZXhwIjoxNzgwMDAxNzU1fQ.Tj5jhISro7KfIZ52Otj2cYd6MJYgLmdI6L6r47h4-O0'}
2026-05-28 08:55:56 - GeoTravelGlobalLogger - INFO     - [logger.py:345] - 🔍 _request - kwargs headers: {}
2026-05-28 08:55:56 - GeoTravelGlobalLogger - INFO     - [logger.py:345] - 🔍 _request FINAL headers being sent: {'Content-Type': 'application/json', 'Accept': 'application/json', 'X-Client-Type': 'retail', 'Cookie': 'retail_access_token=eyJhbGciOiJIUzI1NiIsInR5cCI6IkpXVCJ9.eyJpZCI6MTUxLCJ1c2VyVHlwZSI6IlJFVEFJTCIsImlhdCI6MTc3OTk1ODU1NSwiZXhwIjoxNzgwMDAxNzU1fQ.Tj5jhISro7KfIZ52Otj2cYd6MJYgLmdI6L6r47h4-O0'}
2026-05-28 08:55:56 - GeoTravelGlobalLogger - INFO     - [logger.py:345] - API Request: GET https://api.stg.gowithgeo.com/api/package/user/booked-packages
2026-05-28 08:55:56 - GeoTravelGlobalLogger - INFO     - [logger.py:345] - API Response: 200
2026-05-28 08:55:56 - GeoTravelGlobalLogger - INFO     - [logger.py:345] - 📦 Payload: {'package': 15, 'full_name': 'Unauth Test User 4676', 'email': 'unauth9579@test.com', 'phone': '+234755326797', 'pricing_text': 'Personalized', 'payment_mode': 'DEAL_PRICE', 'adults': 2, 'children': 0, 'infants': 0, 'paymentMethod': 'manual payment', 'departure_date': '2026-08-16', 'return_date': '2026-08-23'}
2026-05-28 08:55:56 - GeoTravelGlobalLogger - INFO     - [logger.py:345] - 🔍 _request START - Current self.headers: {'Content-Type': 'application/json', 'Accept': 'application/json', 'X-Client-Type': 'retail'}
2026-05-28 08:55:56 - GeoTravelGlobalLogger - INFO     - [logger.py:345] - 🔍 _request - kwargs headers: {}
2026-05-28 08:55:56 - GeoTravelGlobalLogger - INFO     - [logger.py:345] - 🔍 _request FINAL headers being sent: {'Content-Type': 'application/json', 'Accept': 'application/json', 'X-Client-Type': 'retail'}
2026-05-28 08:55:56 - GeoTravelGlobalLogger - INFO     - [logger.py:345] - API Request: POST https://api.stg.gowithgeo.com/api/package/book
2026-05-28 08:55:56 - GeoTravelGlobalLogger - INFO     - [logger.py:345] - API Response: 200
2026-05-28 08:55:56 - GeoTravelGlobalLogger - INFO     - [logger.py:345] - SUCCESS: ✅ Verified user_id = null for unauthenticated booking
2026-05-28 08:55:56 - GeoTravelGlobalLogger - INFO     - [logger.py:345] - ✅ Bank Transfer - correct response structure
2026-05-28 08:55:58 - GeoTravelGlobalLogger - INFO     - [logger.py:345] - 🔍 _request START - Current self.headers: {'Content-Type': 'application/json', 'Accept': 'application/json', 'X-Client-Type': 'retail', 'Cookie': 'retail_access_token=eyJhbGciOiJIUzI1NiIsInR5cCI6IkpXVCJ9.eyJpZCI6MTUxLCJ1c2VyVHlwZSI6IlJFVEFJTCIsImlhdCI6MTc3OTk1ODU1NSwiZXhwIjoxNzgwMDAxNzU1fQ.Tj5jhISro7KfIZ52Otj2cYd6MJYgLmdI6L6r47h4-O0'}
2026-05-28 08:55:58 - GeoTravelGlobalLogger - INFO     - [logger.py:345] - 🔍 _request - kwargs headers: {}
2026-05-28 08:55:58 - GeoTravelGlobalLogger - INFO     - [logger.py:345] - 🔍 _request FINAL headers being sent: {'Content-Type': 'application/json', 'Accept': 'application/json', 'X-Client-Type': 'retail', 'Cookie': 'retail_access_token=eyJhbGciOiJIUzI1NiIsInR5cCI6IkpXVCJ9.eyJpZCI6MTUxLCJ1c2VyVHlwZSI6IlJFVEFJTCIsImlhdCI6MTc3OTk1ODU1NSwiZXhwIjoxNzgwMDAxNzU1fQ.Tj5jhISro7KfIZ52Otj2cYd6MJYgLmdI6L6r47h4-O0'}
2026-05-28 08:55:58 - GeoTravelGlobalLogger - INFO     - [logger.py:345] - API Request: GET https://api.stg.gowithgeo.com/api/package/user/booked-packages
2026-05-28 08:55:59 - GeoTravelGlobalLogger - INFO     - [logger.py:345] - API Response: 200
2026-05-28 08:55:59 - GeoTravelGlobalLogger - INFO     - [logger.py:345] - SUCCESS: ✅ Authenticated user's bookings unchanged (50)
2026-05-28 08:55:59 - GeoTravelGlobalLogger - INFO     - [logger.py:345] - SUCCESS: ✅ Unauthenticated booking ID 1251 not found in user bookings
2026-05-28 08:55:59 - GeoTravelGlobalLogger - INFO     - [logger.py:345] - SUCCESS: ✅ Unauthenticated PRIVATE future departure test passed
2026-05-28 08:55:59 - GeoTravelGlobalLogger - INFO     - [logger.py:345] - ✅ Saved test-specific logs: reports/logs/src_tests_api_tests_test_package_api.py_TestPackageAPI_test_unauthenticated_booking_private_future_departure_085559.log
2026-05-28 08:55:59 - GeoTravelGlobalLogger - INFO     - [logger.py:345] - Test result added: src/tests/api_tests/test_package_api.py::TestPackageAPI::test_unauthenticated_booking_private_future_departure - PASS (Duration: 3.52s)
2026-05-28 08:55:59 - GeoTravelGlobalLogger - INFO     - [logger.py:345] - Added test result to API SMOKE TEST: src/tests/api_tests/test_package_api.py::TestPackageAPI::test_unauthenticated_booking_private_future_departure - PASS
2026-05-28 08:55:59 - GeoTravelGlobalLogger - WARNING  - [logger.py:360] - ⚠️ Invalid token provided to set_auth_token()
2026-05-28 08:55:59 - GeoTravelGlobalLogger - INFO     - [logger.py:345] - Retrieved credentials from environment for: geo.qa.bot@gmail.com
2026-05-28 08:55:59 - GeoTravelGlobalLogger - INFO     - [logger.py:345] - Attempting login with email: geo.qa.bot@gmail.com
2026-05-28 08:55:59 - GeoTravelGlobalLogger - INFO     - [logger.py:345] - 🔍 _request START - Current self.headers: {'Content-Type': 'application/json', 'Accept': 'application/json', 'X-Client-Type': 'retail'}
2026-05-28 08:55:59 - GeoTravelGlobalLogger - INFO     - [logger.py:345] - 🔍 _request - kwargs headers: {}
2026-05-28 08:55:59 - GeoTravelGlobalLogger - INFO     - [logger.py:345] - 🔍 _request FINAL headers being sent: {'Content-Type': 'application/json', 'Accept': 'application/json', 'X-Client-Type': 'retail'}
2026-05-28 08:55:59 - GeoTravelGlobalLogger - INFO     - [logger.py:345] - API Request: POST https://api.stg.gowithgeo.com/api/auth/login
2026-05-28 08:55:59 - GeoTravelGlobalLogger - INFO     - [logger.py:345] - API Response: 200
2026-05-28 08:55:59 - GeoTravelGlobalLogger - INFO     - [logger.py:345] - Token extracted via cookies (length: 167, valid)
2026-05-28 08:55:59 - GeoTravelGlobalLogger - INFO     - [logger.py:345] - ✅ Auth token set from cookies (Cookie header)
2026-05-28 08:55:59 - GeoTravelGlobalLogger - INFO     - [logger.py:345] - SUCCESS: ✅ Login successful - token set via cookies
2026-05-28 08:55:59 - GeoTravelGlobalLogger - INFO     - [logger.py:345] - SUCCESS: ✅ Authenticated successfully (token length: 167)
2026-05-28 08:55:59 - GeoTravelGlobalLogger - INFO     - [logger.py:345] - ✅ Auth token set from cookies (Cookie header)
2026-05-28 08:55:59 - GeoTravelGlobalLogger - INFO     - [logger.py:345] - ✅ Auth token set from cookies (Cookie header)
2026-05-28 08:55:59 - GeoTravelGlobalLogger - INFO     - [logger.py:345] - === Testing UNAUTHENTICATED PRIVATE - Within 30 Days (Full Payment Required) ===
2026-05-28 08:55:59 - GeoTravelGlobalLogger - INFO     - [logger.py:345] - 🔍 _request START - Current self.headers: {'Content-Type': 'application/json', 'Accept': 'application/json', 'X-Client-Type': 'retail'}
2026-05-28 08:55:59 - GeoTravelGlobalLogger - INFO     - [logger.py:345] - 🔍 _request - kwargs headers: {}
2026-05-28 08:55:59 - GeoTravelGlobalLogger - INFO     - [logger.py:345] - 🔍 _request FINAL headers being sent: {'Content-Type': 'application/json', 'Accept': 'application/json', 'X-Client-Type': 'retail'}
2026-05-28 08:55:59 - GeoTravelGlobalLogger - INFO     - [logger.py:345] - API Request: GET https://api.stg.gowithgeo.com/api/package/all
2026-05-28 08:55:59 - GeoTravelGlobalLogger - INFO     - [logger.py:345] - API Response: 200
2026-05-28 08:55:59 - GeoTravelGlobalLogger - INFO     - [logger.py:345] - 📦 Selected package: Christmas Eve (ID: 15)
2026-05-28 08:55:59 - GeoTravelGlobalLogger - INFO     - [logger.py:345] - 📅 Departure in 6 days
2026-05-28 08:55:59 - GeoTravelGlobalLogger - INFO     - [logger.py:345] - 🔍 _request START - Current self.headers: {'Content-Type': 'application/json', 'Accept': 'application/json', 'X-Client-Type': 'retail', 'Cookie': 'retail_access_token=eyJhbGciOiJIUzI1NiIsInR5cCI6IkpXVCJ9.eyJpZCI6MTUxLCJ1c2VyVHlwZSI6IlJFVEFJTCIsImlhdCI6MTc3OTk1ODU1OSwiZXhwIjoxNzgwMDAxNzU5fQ.44sHNXopoX1jUVk6FYxoFC3dthFK_-NgqxMdkdMnRqw'}
2026-05-28 08:55:59 - GeoTravelGlobalLogger - INFO     - [logger.py:345] - 🔍 _request - kwargs headers: {}
2026-05-28 08:55:59 - GeoTravelGlobalLogger - INFO     - [logger.py:345] - 🔍 _request FINAL headers being sent: {'Content-Type': 'application/json', 'Accept': 'application/json', 'X-Client-Type': 'retail', 'Cookie': 'retail_access_token=eyJhbGciOiJIUzI1NiIsInR5cCI6IkpXVCJ9.eyJpZCI6MTUxLCJ1c2VyVHlwZSI6IlJFVEFJTCIsImlhdCI6MTc3OTk1ODU1OSwiZXhwIjoxNzgwMDAxNzU5fQ.44sHNXopoX1jUVk6FYxoFC3dthFK_-NgqxMdkdMnRqw'}
2026-05-28 08:55:59 - GeoTravelGlobalLogger - INFO     - [logger.py:345] - API Request: GET https://api.stg.gowithgeo.com/api/package/user/booked-packages
2026-05-28 08:56:00 - GeoTravelGlobalLogger - INFO     - [logger.py:345] - API Response: 200
2026-05-28 08:56:00 - GeoTravelGlobalLogger - INFO     - [logger.py:345] - 📦 Payload: {'package': 15, 'full_name': 'Unauth Test User 7401', 'email': 'unauth4479@test.com', 'phone': '+234794973547', 'pricing_text': 'Personalized', 'payment_mode': 'FULL_PRICE', 'adults': 1, 'children': 1, 'infants': 0, 'paymentMethod': 'manual payment', 'departure_date': '2026-06-03', 'return_date': '2026-06-10'}
2026-05-28 08:56:00 - GeoTravelGlobalLogger - INFO     - [logger.py:345] - 🔍 _request START - Current self.headers: {'Content-Type': 'application/json', 'Accept': 'application/json', 'X-Client-Type': 'retail'}
2026-05-28 08:56:00 - GeoTravelGlobalLogger - INFO     - [logger.py:345] - 🔍 _request - kwargs headers: {}
2026-05-28 08:56:00 - GeoTravelGlobalLogger - INFO     - [logger.py:345] - 🔍 _request FINAL headers being sent: {'Content-Type': 'application/json', 'Accept': 'application/json', 'X-Client-Type': 'retail'}
2026-05-28 08:56:00 - GeoTravelGlobalLogger - INFO     - [logger.py:345] - API Request: POST https://api.stg.gowithgeo.com/api/package/book
2026-05-28 08:56:00 - GeoTravelGlobalLogger - INFO     - [logger.py:345] - API Response: 200
2026-05-28 08:56:00 - GeoTravelGlobalLogger - INFO     - [logger.py:345] - SUCCESS: ✅ Verified user_id = null for unauthenticated booking
2026-05-28 08:56:00 - GeoTravelGlobalLogger - INFO     - [logger.py:345] - ✅ Bank Transfer - correct response structure
2026-05-28 08:56:02 - GeoTravelGlobalLogger - INFO     - [logger.py:345] - 🔍 _request START - Current self.headers: {'Content-Type': 'application/json', 'Accept': 'application/json', 'X-Client-Type': 'retail', 'Cookie': 'retail_access_token=eyJhbGciOiJIUzI1NiIsInR5cCI6IkpXVCJ9.eyJpZCI6MTUxLCJ1c2VyVHlwZSI6IlJFVEFJTCIsImlhdCI6MTc3OTk1ODU1OSwiZXhwIjoxNzgwMDAxNzU5fQ.44sHNXopoX1jUVk6FYxoFC3dthFK_-NgqxMdkdMnRqw'}
2026-05-28 08:56:02 - GeoTravelGlobalLogger - INFO     - [logger.py:345] - 🔍 _request - kwargs headers: {}
2026-05-28 08:56:02 - GeoTravelGlobalLogger - INFO     - [logger.py:345] - 🔍 _request FINAL headers being sent: {'Content-Type': 'application/json', 'Accept': 'application/json', 'X-Client-Type': 'retail', 'Cookie': 'retail_access_token=eyJhbGciOiJIUzI1NiIsInR5cCI6IkpXVCJ9.eyJpZCI6MTUxLCJ1c2VyVHlwZSI6IlJFVEFJTCIsImlhdCI6MTc3OTk1ODU1OSwiZXhwIjoxNzgwMDAxNzU5fQ.44sHNXopoX1jUVk6FYxoFC3dthFK_-NgqxMdkdMnRqw'}
2026-05-28 08:56:02 - GeoTravelGlobalLogger - INFO     - [logger.py:345] - API Request: GET https://api.stg.gowithgeo.com/api/package/user/booked-packages
2026-05-28 08:56:03 - GeoTravelGlobalLogger - INFO     - [logger.py:345] - API Response: 200
2026-05-28 08:56:03 - GeoTravelGlobalLogger - INFO     - [logger.py:345] - SUCCESS: ✅ Authenticated user's bookings unchanged (50)
2026-05-28 08:56:03 - GeoTravelGlobalLogger - INFO     - [logger.py:345] - SUCCESS: ✅ Unauthenticated booking ID 1252 not found in user bookings
2026-05-28 08:56:03 - GeoTravelGlobalLogger - INFO     - [logger.py:345] - SUCCESS: ✅ Unauthenticated PRIVATE within 30 days (full payment) test passed
2026-05-28 08:56:03 - GeoTravelGlobalLogger - INFO     - [logger.py:345] - ✅ Saved test-specific logs: reports/logs/src_tests_api_tests_test_package_api.py_TestPackageAPI_test_unauthenticated_booking_private_within_30_days_full_payment_085603.log
2026-05-28 08:56:03 - GeoTravelGlobalLogger - INFO     - [logger.py:345] - Test result added: src/tests/api_tests/test_package_api.py::TestPackageAPI::test_unauthenticated_booking_private_within_30_days_full_payment - PASS (Duration: 3.54s)
2026-05-28 08:56:03 - GeoTravelGlobalLogger - INFO     - [logger.py:345] - Added test result to API SMOKE TEST: src/tests/api_tests/test_package_api.py::TestPackageAPI::test_unauthenticated_booking_private_within_30_days_full_payment - PASS
2026-05-28 08:56:03 - GeoTravelGlobalLogger - INFO     - [logger.py:345] - Retrieved credentials from environment for: geo.qa.bot@gmail.com
2026-05-28 08:56:03 - GeoTravelGlobalLogger - INFO     - [logger.py:345] - Attempting login with email: geo.qa.bot@gmail.com
2026-05-28 08:56:03 - GeoTravelGlobalLogger - INFO     - [logger.py:345] - 🔍 _request START - Current self.headers: {'Content-Type': 'application/json', 'Accept': 'application/json', 'X-Client-Type': 'retail'}
2026-05-28 08:56:03 - GeoTravelGlobalLogger - INFO     - [logger.py:345] - 🔍 _request - kwargs headers: {}
2026-05-28 08:56:03 - GeoTravelGlobalLogger - INFO     - [logger.py:345] - 🔍 _request FINAL headers being sent: {'Content-Type': 'application/json', 'Accept': 'application/json', 'X-Client-Type': 'retail'}
2026-05-28 08:56:03 - GeoTravelGlobalLogger - INFO     - [logger.py:345] - API Request: POST https://api.stg.gowithgeo.com/api/auth/login
2026-05-28 08:56:03 - GeoTravelGlobalLogger - INFO     - [logger.py:345] - API Response: 200
2026-05-28 08:56:03 - GeoTravelGlobalLogger - INFO     - [logger.py:345] - Token extracted via cookies (length: 167, valid)
2026-05-28 08:56:03 - GeoTravelGlobalLogger - INFO     - [logger.py:345] - ✅ Auth token set from cookies (Cookie header)
2026-05-28 08:56:03 - GeoTravelGlobalLogger - INFO     - [logger.py:345] - SUCCESS: ✅ Login successful - token set via cookies
2026-05-28 08:56:03 - GeoTravelGlobalLogger - INFO     - [logger.py:345] - SUCCESS: ✅ Authenticated successfully (token length: 167)
2026-05-28 08:56:03 - GeoTravelGlobalLogger - INFO     - [logger.py:345] - ✅ Auth token set from cookies (Cookie header)
2026-05-28 08:56:03 - GeoTravelGlobalLogger - INFO     - [logger.py:345] - ✅ Auth token set from cookies (Cookie header)
2026-05-28 08:56:03 - GeoTravelGlobalLogger - INFO     - [logger.py:345] - === Testing Get User Booked Packages ===
2026-05-28 08:56:03 - GeoTravelGlobalLogger - INFO     - [logger.py:345] - 🔍 _request START - Current self.headers: {'Content-Type': 'application/json', 'Accept': 'application/json', 'X-Client-Type': 'retail', 'Cookie': 'retail_access_token=eyJhbGciOiJIUzI1NiIsInR5cCI6IkpXVCJ9.eyJpZCI6MTUxLCJ1c2VyVHlwZSI6IlJFVEFJTCIsImlhdCI6MTc3OTk1ODU2MywiZXhwIjoxNzgwMDAxNzYzfQ.ZUi0rJeYnWkVDznrFGzUlwCSY7mFkaCg_gvmSFfSPJw'}
2026-05-28 08:56:03 - GeoTravelGlobalLogger - INFO     - [logger.py:345] - 🔍 _request - kwargs headers: {}
2026-05-28 08:56:03 - GeoTravelGlobalLogger - INFO     - [logger.py:345] - 🔍 _request FINAL headers being sent: {'Content-Type': 'application/json', 'Accept': 'application/json', 'X-Client-Type': 'retail', 'Cookie': 'retail_access_token=eyJhbGciOiJIUzI1NiIsInR5cCI6IkpXVCJ9.eyJpZCI6MTUxLCJ1c2VyVHlwZSI6IlJFVEFJTCIsImlhdCI6MTc3OTk1ODU2MywiZXhwIjoxNzgwMDAxNzYzfQ.ZUi0rJeYnWkVDznrFGzUlwCSY7mFkaCg_gvmSFfSPJw'}
2026-05-28 08:56:03 - GeoTravelGlobalLogger - INFO     - [logger.py:345] - API Request: GET https://api.stg.gowithgeo.com/api/package/user/booked-packages
2026-05-28 08:56:04 - GeoTravelGlobalLogger - INFO     - [logger.py:345] - API Response: 200
2026-05-28 08:56:04 - GeoTravelGlobalLogger - INFO     - [logger.py:345] - SUCCESS: ✅ Get user booked packages successful
2026-05-28 08:56:04 - GeoTravelGlobalLogger - INFO     - [logger.py:345] - 🔍 _request START - Current self.headers: {'Content-Type': 'application/json', 'Accept': 'application/json', 'X-Client-Type': 'retail', 'Cookie': 'retail_access_token=eyJhbGciOiJIUzI1NiIsInR5cCI6IkpXVCJ9.eyJpZCI6MTUxLCJ1c2VyVHlwZSI6IlJFVEFJTCIsImlhdCI6MTc3OTk1ODU2MywiZXhwIjoxNzgwMDAxNzYzfQ.ZUi0rJeYnWkVDznrFGzUlwCSY7mFkaCg_gvmSFfSPJw'}
2026-05-28 08:56:04 - GeoTravelGlobalLogger - INFO     - [logger.py:345] - 🔍 _request - kwargs headers: {}
2026-05-28 08:56:04 - GeoTravelGlobalLogger - INFO     - [logger.py:345] - 🔍 _request FINAL headers being sent: {'Content-Type': 'application/json', 'Accept': 'application/json', 'X-Client-Type': 'retail', 'Cookie': 'retail_access_token=eyJhbGciOiJIUzI1NiIsInR5cCI6IkpXVCJ9.eyJpZCI6MTUxLCJ1c2VyVHlwZSI6IlJFVEFJTCIsImlhdCI6MTc3OTk1ODU2MywiZXhwIjoxNzgwMDAxNzYzfQ.ZUi0rJeYnWkVDznrFGzUlwCSY7mFkaCg_gvmSFfSPJw'}
2026-05-28 08:56:04 - GeoTravelGlobalLogger - INFO     - [logger.py:345] - API Request: GET https://api.stg.gowithgeo.com/api/package/user/booked-packages
2026-05-28 08:56:04 - GeoTravelGlobalLogger - INFO     - [logger.py:345] - API Response: 200
2026-05-28 08:56:04 - GeoTravelGlobalLogger - INFO     - [logger.py:345] - SUCCESS: ✅ Pagination test passed
2026-05-28 08:56:04 - GeoTravelGlobalLogger - INFO     - [logger.py:345] - ✅ Saved test-specific logs: reports/logs/src_tests_api_tests_test_package_api.py_TestPackageAPI_test_get_user_booked_packages_085604.log
2026-05-28 08:56:04 - GeoTravelGlobalLogger - INFO     - [logger.py:345] - Test result added: src/tests/api_tests/test_package_api.py::TestPackageAPI::test_get_user_booked_packages - PASS (Duration: 0.62s)
2026-05-28 08:56:04 - GeoTravelGlobalLogger - INFO     - [logger.py:345] - Added test result to API SMOKE TEST: src/tests/api_tests/test_package_api.py::TestPackageAPI::test_get_user_booked_packages - PASS
2026-05-28 08:56:04 - GeoTravelGlobalLogger - INFO     - [logger.py:345] - Retrieved credentials from environment for: geo.qa.bot@gmail.com
2026-05-28 08:56:04 - GeoTravelGlobalLogger - INFO     - [logger.py:345] - Attempting login with email: geo.qa.bot@gmail.com
2026-05-28 08:56:04 - GeoTravelGlobalLogger - INFO     - [logger.py:345] - 🔍 _request START - Current self.headers: {'Content-Type': 'application/json', 'Accept': 'application/json', 'X-Client-Type': 'retail'}
2026-05-28 08:56:04 - GeoTravelGlobalLogger - INFO     - [logger.py:345] - 🔍 _request - kwargs headers: {}
2026-05-28 08:56:04 - GeoTravelGlobalLogger - INFO     - [logger.py:345] - 🔍 _request FINAL headers being sent: {'Content-Type': 'application/json', 'Accept': 'application/json', 'X-Client-Type': 'retail'}
2026-05-28 08:56:04 - GeoTravelGlobalLogger - INFO     - [logger.py:345] - API Request: POST https://api.stg.gowithgeo.com/api/auth/login
2026-05-28 08:56:04 - GeoTravelGlobalLogger - INFO     - [logger.py:345] - API Response: 200
2026-05-28 08:56:04 - GeoTravelGlobalLogger - INFO     - [logger.py:345] - Token extracted via cookies (length: 167, valid)
2026-05-28 08:56:04 - GeoTravelGlobalLogger - INFO     - [logger.py:345] - ✅ Auth token set from cookies (Cookie header)
2026-05-28 08:56:04 - GeoTravelGlobalLogger - INFO     - [logger.py:345] - SUCCESS: ✅ Login successful - token set via cookies
2026-05-28 08:56:04 - GeoTravelGlobalLogger - INFO     - [logger.py:345] - SUCCESS: ✅ Authenticated successfully (token length: 167)
2026-05-28 08:56:04 - GeoTravelGlobalLogger - INFO     - [logger.py:345] - ✅ Auth token set from cookies (Cookie header)
2026-05-28 08:56:04 - GeoTravelGlobalLogger - INFO     - [logger.py:345] - ✅ Auth token set from cookies (Cookie header)
2026-05-28 08:56:04 - GeoTravelGlobalLogger - INFO     - [logger.py:345] - === Testing Get User Booked Packages Analytics ===
2026-05-28 08:56:04 - GeoTravelGlobalLogger - INFO     - [logger.py:345] - 🔍 _request START - Current self.headers: {'Content-Type': 'application/json', 'Accept': 'application/json', 'X-Client-Type': 'retail', 'Cookie': 'retail_access_token=eyJhbGciOiJIUzI1NiIsInR5cCI6IkpXVCJ9.eyJpZCI6MTUxLCJ1c2VyVHlwZSI6IlJFVEFJTCIsImlhdCI6MTc3OTk1ODU2NCwiZXhwIjoxNzgwMDAxNzY0fQ.lBtfUMXzui-Nh45Zn6dWvrcSSMrF8Pj2ukyWzQ92QTg'}
2026-05-28 08:56:04 - GeoTravelGlobalLogger - INFO     - [logger.py:345] - 🔍 _request - kwargs headers: {}
2026-05-28 08:56:04 - GeoTravelGlobalLogger - INFO     - [logger.py:345] - 🔍 _request FINAL headers being sent: {'Content-Type': 'application/json', 'Accept': 'application/json', 'X-Client-Type': 'retail', 'Cookie': 'retail_access_token=eyJhbGciOiJIUzI1NiIsInR5cCI6IkpXVCJ9.eyJpZCI6MTUxLCJ1c2VyVHlwZSI6IlJFVEFJTCIsImlhdCI6MTc3OTk1ODU2NCwiZXhwIjoxNzgwMDAxNzY0fQ.lBtfUMXzui-Nh45Zn6dWvrcSSMrF8Pj2ukyWzQ92QTg'}
2026-05-28 08:56:04 - GeoTravelGlobalLogger - INFO     - [logger.py:345] - API Request: GET https://api.stg.gowithgeo.com/api/package/user/booked-packages-analytics
2026-05-28 08:56:04 - GeoTravelGlobalLogger - INFO     - [logger.py:345] - API Response: 200
2026-05-28 08:56:04 - GeoTravelGlobalLogger - INFO     - [logger.py:345] - SUCCESS: ✅ Get user bookings analytics successful
2026-05-28 08:56:04 - GeoTravelGlobalLogger - INFO     - [logger.py:345] - ✅ Saved test-specific logs: reports/logs/src_tests_api_tests_test_package_api.py_TestPackageAPI_test_get_user_booked_packages_analytics_085604.log
2026-05-28 08:56:04 - GeoTravelGlobalLogger - INFO     - [logger.py:345] - Test result added: src/tests/api_tests/test_package_api.py::TestPackageAPI::test_get_user_booked_packages_analytics - PASS (Duration: 0.33s)
2026-05-28 08:56:04 - GeoTravelGlobalLogger - INFO     - [logger.py:345] - Added test result to API SMOKE TEST: src/tests/api_tests/test_package_api.py::TestPackageAPI::test_get_user_booked_packages_analytics - PASS
2026-05-28 08:56:04 - GeoTravelGlobalLogger - INFO     - [logger.py:345] - 🚀 Starting TestVisaEnquiryAPI test
2026-05-28 08:56:04 - GeoTravelGlobalLogger - INFO     - [logger.py:345] - === Testing Create Visa Enquiry - Without Auth ===
2026-05-28 08:56:04 - GeoTravelGlobalLogger - INFO     - [logger.py:345] - 🔍 _request START - Current self.headers: {'Content-Type': 'application/json', 'Accept': 'application/json', 'X-Client-Type': 'retail'}
2026-05-28 08:56:04 - GeoTravelGlobalLogger - INFO     - [logger.py:345] - 🔍 _request - kwargs headers: {}
2026-05-28 08:56:04 - GeoTravelGlobalLogger - INFO     - [logger.py:345] - 🔍 _request FINAL headers being sent: {'Content-Type': 'application/json', 'Accept': 'application/json', 'X-Client-Type': 'retail'}
2026-05-28 08:56:04 - GeoTravelGlobalLogger - INFO     - [logger.py:345] - API Request: POST https://api.stg.gowithgeo.com/api/visa/create
2026-05-28 08:56:05 - GeoTravelGlobalLogger - INFO     - [logger.py:345] - API Response: 200
2026-05-28 08:56:05 - GeoTravelGlobalLogger - INFO     - [logger.py:345] - SUCCESS: ✅ Visa enquiry created successfully without auth!
2026-05-28 08:56:05 - GeoTravelGlobalLogger - INFO     - [logger.py:345] - 📋 Visa ID: 2323, User ID: None (correctly null)
2026-05-28 08:56:05 - GeoTravelGlobalLogger - INFO     - [logger.py:345] - 📋 Type: Student, Country: Kenya
2026-05-28 08:56:05 - GeoTravelGlobalLogger - INFO     - [logger.py:345] - ✅ Saved test-specific logs: reports/logs/src_tests_api_tests_test_visa_api.py_TestVisaEnquiryAPI_test_create_visa_enquiry_without_auth_085605.log
2026-05-28 08:56:05 - GeoTravelGlobalLogger - INFO     - [logger.py:345] - Test result added: src/tests/api_tests/test_visa_api.py::TestVisaEnquiryAPI::test_create_visa_enquiry_without_auth - PASS (Duration: 0.33s)
2026-05-28 08:56:05 - GeoTravelGlobalLogger - INFO     - [logger.py:345] - Added test result to API SMOKE TEST: src/tests/api_tests/test_visa_api.py::TestVisaEnquiryAPI::test_create_visa_enquiry_without_auth - PASS
2026-05-28 08:56:05 - GeoTravelGlobalLogger - INFO     - [logger.py:345] - ✅ TestVisaEnquiryAPI test completed
2026-05-28 08:56:05 - GeoTravelGlobalLogger - INFO     - [logger.py:345] - 🚀 Starting TestVisaEnquiryAPI test
2026-05-28 08:56:05 - GeoTravelGlobalLogger - INFO     - [logger.py:345] - Retrieved credentials from environment for: geo.qa.bot@gmail.com
2026-05-28 08:56:05 - GeoTravelGlobalLogger - INFO     - [logger.py:345] - Attempting login with email: geo.qa.bot@gmail.com
2026-05-28 08:56:05 - GeoTravelGlobalLogger - INFO     - [logger.py:345] - 🔍 _request START - Current self.headers: {'Content-Type': 'application/json', 'Accept': 'application/json', 'X-Client-Type': 'retail'}
2026-05-28 08:56:05 - GeoTravelGlobalLogger - INFO     - [logger.py:345] - 🔍 _request - kwargs headers: {}
2026-05-28 08:56:05 - GeoTravelGlobalLogger - INFO     - [logger.py:345] - 🔍 _request FINAL headers being sent: {'Content-Type': 'application/json', 'Accept': 'application/json', 'X-Client-Type': 'retail'}
2026-05-28 08:56:05 - GeoTravelGlobalLogger - INFO     - [logger.py:345] - API Request: POST https://api.stg.gowithgeo.com/api/auth/login
2026-05-28 08:56:05 - GeoTravelGlobalLogger - INFO     - [logger.py:345] - API Response: 200
2026-05-28 08:56:05 - GeoTravelGlobalLogger - INFO     - [logger.py:345] - Token extracted via cookies (length: 167, valid)
2026-05-28 08:56:05 - GeoTravelGlobalLogger - INFO     - [logger.py:345] - ✅ Auth token set from cookies (Cookie header)
2026-05-28 08:56:05 - GeoTravelGlobalLogger - INFO     - [logger.py:345] - SUCCESS: ✅ Login successful - token set via cookies
2026-05-28 08:56:05 - GeoTravelGlobalLogger - INFO     - [logger.py:345] - SUCCESS: ✅ Authenticated successfully (token length: 167)
2026-05-28 08:56:05 - GeoTravelGlobalLogger - INFO     - [logger.py:345] - ✅ Auth token set from cookies (Cookie header)
2026-05-28 08:56:05 - GeoTravelGlobalLogger - INFO     - [logger.py:345] - ✅ Auth token set from cookies (Cookie header)
2026-05-28 08:56:05 - GeoTravelGlobalLogger - INFO     - [logger.py:345] - === Testing Create Visa Enquiry - With Auth ===
2026-05-28 08:56:05 - GeoTravelGlobalLogger - INFO     - [logger.py:345] - 🔍 _request START - Current self.headers: {'Content-Type': 'application/json', 'Accept': 'application/json', 'X-Client-Type': 'retail', 'Cookie': 'retail_access_token=eyJhbGciOiJIUzI1NiIsInR5cCI6IkpXVCJ9.eyJpZCI6MTUxLCJ1c2VyVHlwZSI6IlJFVEFJTCIsImlhdCI6MTc3OTk1ODU2NSwiZXhwIjoxNzgwMDAxNzY1fQ.z8Ol8cBNH9wXSSCL2WAFj6T9INQH8yh2EuHMoYditPc'}
2026-05-28 08:56:05 - GeoTravelGlobalLogger - INFO     - [logger.py:345] - 🔍 _request - kwargs headers: {}
2026-05-28 08:56:05 - GeoTravelGlobalLogger - INFO     - [logger.py:345] - 🔍 _request FINAL headers being sent: {'Content-Type': 'application/json', 'Accept': 'application/json', 'X-Client-Type': 'retail', 'Cookie': 'retail_access_token=eyJhbGciOiJIUzI1NiIsInR5cCI6IkpXVCJ9.eyJpZCI6MTUxLCJ1c2VyVHlwZSI6IlJFVEFJTCIsImlhdCI6MTc3OTk1ODU2NSwiZXhwIjoxNzgwMDAxNzY1fQ.z8Ol8cBNH9wXSSCL2WAFj6T9INQH8yh2EuHMoYditPc'}
2026-05-28 08:56:05 - GeoTravelGlobalLogger - INFO     - [logger.py:345] - API Request: POST https://api.stg.gowithgeo.com/api/visa/create
2026-05-28 08:56:06 - GeoTravelGlobalLogger - INFO     - [logger.py:345] - API Response: 200
2026-05-28 08:56:06 - GeoTravelGlobalLogger - INFO     - [logger.py:345] - SUCCESS: ✅ Visa enquiry created successfully with auth!
2026-05-28 08:56:06 - GeoTravelGlobalLogger - INFO     - [logger.py:345] - 📋 Visa ID: 2324, User ID: 151
2026-05-28 08:56:06 - GeoTravelGlobalLogger - INFO     - [logger.py:345] - ✅ Saved test-specific logs: reports/logs/src_tests_api_tests_test_visa_api.py_TestVisaEnquiryAPI_test_create_visa_enquiry_with_auth_085606.log
2026-05-28 08:56:06 - GeoTravelGlobalLogger - INFO     - [logger.py:345] - Test result added: src/tests/api_tests/test_visa_api.py::TestVisaEnquiryAPI::test_create_visa_enquiry_with_auth - PASS (Duration: 0.60s)
2026-05-28 08:56:06 - GeoTravelGlobalLogger - INFO     - [logger.py:345] - Added test result to API SMOKE TEST: src/tests/api_tests/test_visa_api.py::TestVisaEnquiryAPI::test_create_visa_enquiry_with_auth - PASS
2026-05-28 08:56:06 - GeoTravelGlobalLogger - INFO     - [logger.py:345] - ✅ TestVisaEnquiryAPI test completed
2026-05-28 08:56:06 - GeoTravelGlobalLogger - INFO     - [logger.py:345] - 🚀 Starting TestVisaEnquiryAPI test
2026-05-28 08:56:06 - GeoTravelGlobalLogger - INFO     - [logger.py:345] - === Testing Create Visa Enquiry - Missing first_name ===
2026-05-28 08:56:06 - GeoTravelGlobalLogger - INFO     - [logger.py:345] - 🔍 _request START - Current self.headers: {'Content-Type': 'application/json', 'Accept': 'application/json', 'X-Client-Type': 'retail'}
2026-05-28 08:56:06 - GeoTravelGlobalLogger - INFO     - [logger.py:345] - 🔍 _request - kwargs headers: {}
2026-05-28 08:56:06 - GeoTravelGlobalLogger - INFO     - [logger.py:345] - 🔍 _request FINAL headers being sent: {'Content-Type': 'application/json', 'Accept': 'application/json', 'X-Client-Type': 'retail'}
2026-05-28 08:56:06 - GeoTravelGlobalLogger - INFO     - [logger.py:345] - API Request: POST https://api.stg.gowithgeo.com/api/visa/create
2026-05-28 08:56:06 - GeoTravelGlobalLogger - INFO     - [logger.py:345] - API Response: 200
2026-05-28 08:56:06 - GeoTravelGlobalLogger - WARNING  - [logger.py:360] - ⚠️ Field 'first_name' is NOT required: accepted with 200
2026-05-28 08:56:06 - GeoTravelGlobalLogger - INFO     - [logger.py:345] -   Field 'first_name' in response: None
2026-05-28 08:56:06 - GeoTravelGlobalLogger - INFO     - [logger.py:345] - ✅ Saved test-specific logs: reports/logs/src_tests_api_tests_test_visa_api.py_TestVisaEnquiryAPI_test_create_visa_enquiry_missing_required_fields[first_name]_085606.log
2026-05-28 08:56:06 - GeoTravelGlobalLogger - INFO     - [logger.py:345] - Test result added: src/tests/api_tests/test_visa_api.py::TestVisaEnquiryAPI::test_create_visa_enquiry_missing_required_fields[first_name] - PASS (Duration: 0.32s)
2026-05-28 08:56:06 - GeoTravelGlobalLogger - INFO     - [logger.py:345] - Added test result to API SMOKE TEST: src/tests/api_tests/test_visa_api.py::TestVisaEnquiryAPI::test_create_visa_enquiry_missing_required_fields[first_name] - PASS
2026-05-28 08:56:06 - GeoTravelGlobalLogger - INFO     - [logger.py:345] - ✅ TestVisaEnquiryAPI test completed
2026-05-28 08:56:06 - GeoTravelGlobalLogger - INFO     - [logger.py:345] - 🚀 Starting TestVisaEnquiryAPI test
2026-05-28 08:56:06 - GeoTravelGlobalLogger - INFO     - [logger.py:345] - === Testing Create Visa Enquiry - Missing last_name ===
2026-05-28 08:56:06 - GeoTravelGlobalLogger - INFO     - [logger.py:345] - 🔍 _request START - Current self.headers: {'Content-Type': 'application/json', 'Accept': 'application/json', 'X-Client-Type': 'retail'}
2026-05-28 08:56:06 - GeoTravelGlobalLogger - INFO     - [logger.py:345] - 🔍 _request - kwargs headers: {}
2026-05-28 08:56:06 - GeoTravelGlobalLogger - INFO     - [logger.py:345] - 🔍 _request FINAL headers being sent: {'Content-Type': 'application/json', 'Accept': 'application/json', 'X-Client-Type': 'retail'}
2026-05-28 08:56:06 - GeoTravelGlobalLogger - INFO     - [logger.py:345] - API Request: POST https://api.stg.gowithgeo.com/api/visa/create
2026-05-28 08:56:06 - GeoTravelGlobalLogger - INFO     - [logger.py:345] - API Response: 200
2026-05-28 08:56:06 - GeoTravelGlobalLogger - WARNING  - [logger.py:360] - ⚠️ Field 'last_name' is NOT required: accepted with 200
2026-05-28 08:56:06 - GeoTravelGlobalLogger - INFO     - [logger.py:345] -   Field 'last_name' in response: None
2026-05-28 08:56:06 - GeoTravelGlobalLogger - INFO     - [logger.py:345] - ✅ Saved test-specific logs: reports/logs/src_tests_api_tests_test_visa_api.py_TestVisaEnquiryAPI_test_create_visa_enquiry_missing_required_fields[last_name]_085606.log
2026-05-28 08:56:06 - GeoTravelGlobalLogger - INFO     - [logger.py:345] - Test result added: src/tests/api_tests/test_visa_api.py::TestVisaEnquiryAPI::test_create_visa_enquiry_missing_required_fields[last_name] - PASS (Duration: 0.33s)
2026-05-28 08:56:06 - GeoTravelGlobalLogger - INFO     - [logger.py:345] - Added test result to API SMOKE TEST: src/tests/api_tests/test_visa_api.py::TestVisaEnquiryAPI::test_create_visa_enquiry_missing_required_fields[last_name] - PASS
2026-05-28 08:56:06 - GeoTravelGlobalLogger - INFO     - [logger.py:345] - ✅ TestVisaEnquiryAPI test completed
2026-05-28 08:56:06 - GeoTravelGlobalLogger - INFO     - [logger.py:345] - 🚀 Starting TestVisaEnquiryAPI test
2026-05-28 08:56:06 - GeoTravelGlobalLogger - INFO     - [logger.py:345] - === Testing Create Visa Enquiry - Missing email ===
2026-05-28 08:56:06 - GeoTravelGlobalLogger - INFO     - [logger.py:345] - 🔍 _request START - Current self.headers: {'Content-Type': 'application/json', 'Accept': 'application/json', 'X-Client-Type': 'retail'}
2026-05-28 08:56:06 - GeoTravelGlobalLogger - INFO     - [logger.py:345] - 🔍 _request - kwargs headers: {}
2026-05-28 08:56:06 - GeoTravelGlobalLogger - INFO     - [logger.py:345] - 🔍 _request FINAL headers being sent: {'Content-Type': 'application/json', 'Accept': 'application/json', 'X-Client-Type': 'retail'}
2026-05-28 08:56:06 - GeoTravelGlobalLogger - INFO     - [logger.py:345] - API Request: POST https://api.stg.gowithgeo.com/api/visa/create
2026-05-28 08:56:06 - GeoTravelGlobalLogger - INFO     - [logger.py:345] - API Response: 400
2026-05-28 08:56:06 - GeoTravelGlobalLogger - INFO     - [logger.py:345] - SUCCESS: ✅ Missing required field 'email' correctly rejected with 400
2026-05-28 08:56:06 - GeoTravelGlobalLogger - INFO     - [logger.py:345] - ✅ Saved test-specific logs: reports/logs/src_tests_api_tests_test_visa_api.py_TestVisaEnquiryAPI_test_create_visa_enquiry_missing_required_fields[email]_085606.log
2026-05-28 08:56:06 - GeoTravelGlobalLogger - INFO     - [logger.py:345] - Test result added: src/tests/api_tests/test_visa_api.py::TestVisaEnquiryAPI::test_create_visa_enquiry_missing_required_fields[email] - PASS (Duration: 0.06s)
2026-05-28 08:56:06 - GeoTravelGlobalLogger - INFO     - [logger.py:345] - Added test result to API SMOKE TEST: src/tests/api_tests/test_visa_api.py::TestVisaEnquiryAPI::test_create_visa_enquiry_missing_required_fields[email] - PASS
2026-05-28 08:56:06 - GeoTravelGlobalLogger - INFO     - [logger.py:345] - ✅ TestVisaEnquiryAPI test completed
2026-05-28 08:56:06 - GeoTravelGlobalLogger - INFO     - [logger.py:345] - 🚀 Starting TestVisaEnquiryAPI test
2026-05-28 08:56:06 - GeoTravelGlobalLogger - INFO     - [logger.py:345] - === Testing Create Visa Enquiry - Missing phoneNumber ===
2026-05-28 08:56:06 - GeoTravelGlobalLogger - INFO     - [logger.py:345] - 🔍 _request START - Current self.headers: {'Content-Type': 'application/json', 'Accept': 'application/json', 'X-Client-Type': 'retail'}
2026-05-28 08:56:06 - GeoTravelGlobalLogger - INFO     - [logger.py:345] - 🔍 _request - kwargs headers: {}
2026-05-28 08:56:06 - GeoTravelGlobalLogger - INFO     - [logger.py:345] - 🔍 _request FINAL headers being sent: {'Content-Type': 'application/json', 'Accept': 'application/json', 'X-Client-Type': 'retail'}
2026-05-28 08:56:06 - GeoTravelGlobalLogger - INFO     - [logger.py:345] - API Request: POST https://api.stg.gowithgeo.com/api/visa/create
2026-05-28 08:56:06 - GeoTravelGlobalLogger - INFO     - [logger.py:345] - API Response: 400
2026-05-28 08:56:06 - GeoTravelGlobalLogger - INFO     - [logger.py:345] - SUCCESS: ✅ Missing required field 'phoneNumber' correctly rejected with 400
2026-05-28 08:56:06 - GeoTravelGlobalLogger - INFO     - [logger.py:345] - ✅ Saved test-specific logs: reports/logs/src_tests_api_tests_test_visa_api.py_TestVisaEnquiryAPI_test_create_visa_enquiry_missing_required_fields[phoneNumber]_085606.log
2026-05-28 08:56:06 - GeoTravelGlobalLogger - INFO     - [logger.py:345] - Test result added: src/tests/api_tests/test_visa_api.py::TestVisaEnquiryAPI::test_create_visa_enquiry_missing_required_fields[phoneNumber] - PASS (Duration: 0.06s)
2026-05-28 08:56:06 - GeoTravelGlobalLogger - INFO     - [logger.py:345] - Added test result to API SMOKE TEST: src/tests/api_tests/test_visa_api.py::TestVisaEnquiryAPI::test_create_visa_enquiry_missing_required_fields[phoneNumber] - PASS
2026-05-28 08:56:06 - GeoTravelGlobalLogger - INFO     - [logger.py:345] - ✅ TestVisaEnquiryAPI test completed
2026-05-28 08:56:06 - GeoTravelGlobalLogger - INFO     - [logger.py:345] - 🚀 Starting TestVisaEnquiryAPI test
2026-05-28 08:56:06 - GeoTravelGlobalLogger - INFO     - [logger.py:345] - === Testing Create Visa Enquiry - Missing visaCountry ===
2026-05-28 08:56:06 - GeoTravelGlobalLogger - INFO     - [logger.py:345] - 🔍 _request START - Current self.headers: {'Content-Type': 'application/json', 'Accept': 'application/json', 'X-Client-Type': 'retail'}
2026-05-28 08:56:06 - GeoTravelGlobalLogger - INFO     - [logger.py:345] - 🔍 _request - kwargs headers: {}
2026-05-28 08:56:06 - GeoTravelGlobalLogger - INFO     - [logger.py:345] - 🔍 _request FINAL headers being sent: {'Content-Type': 'application/json', 'Accept': 'application/json', 'X-Client-Type': 'retail'}
2026-05-28 08:56:06 - GeoTravelGlobalLogger - INFO     - [logger.py:345] - API Request: POST https://api.stg.gowithgeo.com/api/visa/create
2026-05-28 08:56:06 - GeoTravelGlobalLogger - INFO     - [logger.py:345] - API Response: 400
2026-05-28 08:56:06 - GeoTravelGlobalLogger - INFO     - [logger.py:345] - SUCCESS: ✅ Missing required field 'visaCountry' correctly rejected with 400
2026-05-28 08:56:06 - GeoTravelGlobalLogger - INFO     - [logger.py:345] - ✅ Saved test-specific logs: reports/logs/src_tests_api_tests_test_visa_api.py_TestVisaEnquiryAPI_test_create_visa_enquiry_missing_required_fields[visaCountry]_085606.log
2026-05-28 08:56:06 - GeoTravelGlobalLogger - INFO     - [logger.py:345] - Test result added: src/tests/api_tests/test_visa_api.py::TestVisaEnquiryAPI::test_create_visa_enquiry_missing_required_fields[visaCountry] - PASS (Duration: 0.05s)
2026-05-28 08:56:06 - GeoTravelGlobalLogger - INFO     - [logger.py:345] - Added test result to API SMOKE TEST: src/tests/api_tests/test_visa_api.py::TestVisaEnquiryAPI::test_create_visa_enquiry_missing_required_fields[visaCountry] - PASS
2026-05-28 08:56:06 - GeoTravelGlobalLogger - INFO     - [logger.py:345] - ✅ TestVisaEnquiryAPI test completed
2026-05-28 08:56:06 - GeoTravelGlobalLogger - INFO     - [logger.py:345] - 🚀 Starting TestVisaEnquiryAPI test
2026-05-28 08:56:06 - GeoTravelGlobalLogger - INFO     - [logger.py:345] - === Testing Create Visa Enquiry - Missing travel_date ===
2026-05-28 08:56:06 - GeoTravelGlobalLogger - INFO     - [logger.py:345] - 🔍 _request START - Current self.headers: {'Content-Type': 'application/json', 'Accept': 'application/json', 'X-Client-Type': 'retail'}
2026-05-28 08:56:06 - GeoTravelGlobalLogger - INFO     - [logger.py:345] - 🔍 _request - kwargs headers: {}
2026-05-28 08:56:06 - GeoTravelGlobalLogger - INFO     - [logger.py:345] - 🔍 _request FINAL headers being sent: {'Content-Type': 'application/json', 'Accept': 'application/json', 'X-Client-Type': 'retail'}
2026-05-28 08:56:06 - GeoTravelGlobalLogger - INFO     - [logger.py:345] - API Request: POST https://api.stg.gowithgeo.com/api/visa/create
2026-05-28 08:56:06 - GeoTravelGlobalLogger - INFO     - [logger.py:345] - API Response: 400
2026-05-28 08:56:06 - GeoTravelGlobalLogger - INFO     - [logger.py:345] - SUCCESS: ✅ Missing required field 'travel_date' correctly rejected with 400
2026-05-28 08:56:06 - GeoTravelGlobalLogger - INFO     - [logger.py:345] - ✅ Saved test-specific logs: reports/logs/src_tests_api_tests_test_visa_api.py_TestVisaEnquiryAPI_test_create_visa_enquiry_missing_required_fields[travel_date]_085606.log
2026-05-28 08:56:06 - GeoTravelGlobalLogger - INFO     - [logger.py:345] - Test result added: src/tests/api_tests/test_visa_api.py::TestVisaEnquiryAPI::test_create_visa_enquiry_missing_required_fields[travel_date] - PASS (Duration: 0.06s)
2026-05-28 08:56:06 - GeoTravelGlobalLogger - INFO     - [logger.py:345] - Added test result to API SMOKE TEST: src/tests/api_tests/test_visa_api.py::TestVisaEnquiryAPI::test_create_visa_enquiry_missing_required_fields[travel_date] - PASS
2026-05-28 08:56:06 - GeoTravelGlobalLogger - INFO     - [logger.py:345] - ✅ TestVisaEnquiryAPI test completed
2026-05-28 08:56:07 - GeoTravelGlobalLogger - INFO     - [logger.py:345] - 🚀 Starting TestVisaEnquiryAPI test
2026-05-28 08:56:07 - GeoTravelGlobalLogger - INFO     - [logger.py:345] - === Testing Create Visa Enquiry - Missing agree ===
2026-05-28 08:56:07 - GeoTravelGlobalLogger - INFO     - [logger.py:345] - 🔍 _request START - Current self.headers: {'Content-Type': 'application/json', 'Accept': 'application/json', 'X-Client-Type': 'retail'}
2026-05-28 08:56:07 - GeoTravelGlobalLogger - INFO     - [logger.py:345] - 🔍 _request - kwargs headers: {}
2026-05-28 08:56:07 - GeoTravelGlobalLogger - INFO     - [logger.py:345] - 🔍 _request FINAL headers being sent: {'Content-Type': 'application/json', 'Accept': 'application/json', 'X-Client-Type': 'retail'}
2026-05-28 08:56:07 - GeoTravelGlobalLogger - INFO     - [logger.py:345] - API Request: POST https://api.stg.gowithgeo.com/api/visa/create
2026-05-28 08:56:07 - GeoTravelGlobalLogger - INFO     - [logger.py:345] - API Response: 400
2026-05-28 08:56:07 - GeoTravelGlobalLogger - INFO     - [logger.py:345] - SUCCESS: ✅ Missing required field 'agree' correctly rejected with 400
2026-05-28 08:56:07 - GeoTravelGlobalLogger - INFO     - [logger.py:345] - ✅ Saved test-specific logs: reports/logs/src_tests_api_tests_test_visa_api.py_TestVisaEnquiryAPI_test_create_visa_enquiry_missing_required_fields[agree]_085607.log
2026-05-28 08:56:07 - GeoTravelGlobalLogger - INFO     - [logger.py:345] - Test result added: src/tests/api_tests/test_visa_api.py::TestVisaEnquiryAPI::test_create_visa_enquiry_missing_required_fields[agree] - PASS (Duration: 0.05s)
2026-05-28 08:56:07 - GeoTravelGlobalLogger - INFO     - [logger.py:345] - Added test result to API SMOKE TEST: src/tests/api_tests/test_visa_api.py::TestVisaEnquiryAPI::test_create_visa_enquiry_missing_required_fields[agree] - PASS
2026-05-28 08:56:07 - GeoTravelGlobalLogger - INFO     - [logger.py:345] - ✅ TestVisaEnquiryAPI test completed
2026-05-28 08:56:07 - GeoTravelGlobalLogger - INFO     - [logger.py:345] - 🚀 Starting TestVisaEnquiryAPI test
2026-05-28 08:56:07 - GeoTravelGlobalLogger - INFO     - [logger.py:345] - === Testing Create Visa Enquiry - Missing type ===
2026-05-28 08:56:07 - GeoTravelGlobalLogger - INFO     - [logger.py:345] - 🔍 _request START - Current self.headers: {'Content-Type': 'application/json', 'Accept': 'application/json', 'X-Client-Type': 'retail'}
2026-05-28 08:56:07 - GeoTravelGlobalLogger - INFO     - [logger.py:345] - 🔍 _request - kwargs headers: {}
2026-05-28 08:56:07 - GeoTravelGlobalLogger - INFO     - [logger.py:345] - 🔍 _request FINAL headers being sent: {'Content-Type': 'application/json', 'Accept': 'application/json', 'X-Client-Type': 'retail'}
2026-05-28 08:56:07 - GeoTravelGlobalLogger - INFO     - [logger.py:345] - API Request: POST https://api.stg.gowithgeo.com/api/visa/create
2026-05-28 08:56:07 - GeoTravelGlobalLogger - INFO     - [logger.py:345] - API Response: 400
2026-05-28 08:56:07 - GeoTravelGlobalLogger - INFO     - [logger.py:345] - SUCCESS: ✅ Missing required field 'type' correctly rejected with 400
2026-05-28 08:56:07 - GeoTravelGlobalLogger - INFO     - [logger.py:345] - ✅ Saved test-specific logs: reports/logs/src_tests_api_tests_test_visa_api.py_TestVisaEnquiryAPI_test_create_visa_enquiry_missing_required_fields[type]_085607.log
2026-05-28 08:56:07 - GeoTravelGlobalLogger - INFO     - [logger.py:345] - Test result added: src/tests/api_tests/test_visa_api.py::TestVisaEnquiryAPI::test_create_visa_enquiry_missing_required_fields[type] - PASS (Duration: 0.06s)
2026-05-28 08:56:07 - GeoTravelGlobalLogger - INFO     - [logger.py:345] - Added test result to API SMOKE TEST: src/tests/api_tests/test_visa_api.py::TestVisaEnquiryAPI::test_create_visa_enquiry_missing_required_fields[type] - PASS
2026-05-28 08:56:07 - GeoTravelGlobalLogger - INFO     - [logger.py:345] - ✅ TestVisaEnquiryAPI test completed
2026-05-28 08:56:07 - GeoTravelGlobalLogger - INFO     - [logger.py:345] - 🚀 Starting TestVisaEnquiryAPI test
2026-05-28 08:56:07 - GeoTravelGlobalLogger - INFO     - [logger.py:345] - === Testing Create Visa Enquiry - Invalid Type: InvalidType ===
2026-05-28 08:56:07 - GeoTravelGlobalLogger - INFO     - [logger.py:345] - 🔍 _request START - Current self.headers: {'Content-Type': 'application/json', 'Accept': 'application/json', 'X-Client-Type': 'retail'}
2026-05-28 08:56:07 - GeoTravelGlobalLogger - INFO     - [logger.py:345] - 🔍 _request - kwargs headers: {}
2026-05-28 08:56:07 - GeoTravelGlobalLogger - INFO     - [logger.py:345] - 🔍 _request FINAL headers being sent: {'Content-Type': 'application/json', 'Accept': 'application/json', 'X-Client-Type': 'retail'}
2026-05-28 08:56:07 - GeoTravelGlobalLogger - INFO     - [logger.py:345] - API Request: POST https://api.stg.gowithgeo.com/api/visa/create
2026-05-28 08:56:07 - GeoTravelGlobalLogger - INFO     - [logger.py:345] - API Response: 400
2026-05-28 08:56:07 - GeoTravelGlobalLogger - INFO     - [logger.py:345] - SUCCESS: ✅ Invalid visa type 'InvalidType' correctly rejected
2026-05-28 08:56:07 - GeoTravelGlobalLogger - INFO     - [logger.py:345] - ✅ Saved test-specific logs: reports/logs/src_tests_api_tests_test_visa_api.py_TestVisaEnquiryAPI_test_create_visa_enquiry_invalid_type[InvalidType]_085607.log
2026-05-28 08:56:07 - GeoTravelGlobalLogger - INFO     - [logger.py:345] - Test result added: src/tests/api_tests/test_visa_api.py::TestVisaEnquiryAPI::test_create_visa_enquiry_invalid_type[InvalidType] - PASS (Duration: 0.06s)
2026-05-28 08:56:07 - GeoTravelGlobalLogger - INFO     - [logger.py:345] - Added test result to API SMOKE TEST: src/tests/api_tests/test_visa_api.py::TestVisaEnquiryAPI::test_create_visa_enquiry_invalid_type[InvalidType] - PASS
2026-05-28 08:56:07 - GeoTravelGlobalLogger - INFO     - [logger.py:345] - ✅ TestVisaEnquiryAPI test completed
2026-05-28 08:56:07 - GeoTravelGlobalLogger - INFO     - [logger.py:345] - 🚀 Starting TestVisaEnquiryAPI test
2026-05-28 08:56:07 - GeoTravelGlobalLogger - INFO     - [logger.py:345] - === Testing Create Visa Enquiry - Invalid Type:  ===
2026-05-28 08:56:07 - GeoTravelGlobalLogger - INFO     - [logger.py:345] - 🔍 _request START - Current self.headers: {'Content-Type': 'application/json', 'Accept': 'application/json', 'X-Client-Type': 'retail'}
2026-05-28 08:56:07 - GeoTravelGlobalLogger - INFO     - [logger.py:345] - 🔍 _request - kwargs headers: {}
2026-05-28 08:56:07 - GeoTravelGlobalLogger - INFO     - [logger.py:345] - 🔍 _request FINAL headers being sent: {'Content-Type': 'application/json', 'Accept': 'application/json', 'X-Client-Type': 'retail'}
2026-05-28 08:56:07 - GeoTravelGlobalLogger - INFO     - [logger.py:345] - API Request: POST https://api.stg.gowithgeo.com/api/visa/create
2026-05-28 08:56:07 - GeoTravelGlobalLogger - INFO     - [logger.py:345] - API Response: 400
2026-05-28 08:56:07 - GeoTravelGlobalLogger - INFO     - [logger.py:345] - SUCCESS: ✅ Invalid visa type '' correctly rejected
2026-05-28 08:56:07 - GeoTravelGlobalLogger - INFO     - [logger.py:345] - ✅ Saved test-specific logs: reports/logs/src_tests_api_tests_test_visa_api.py_TestVisaEnquiryAPI_test_create_visa_enquiry_invalid_type[]_085607.log
2026-05-28 08:56:07 - GeoTravelGlobalLogger - INFO     - [logger.py:345] - Test result added: src/tests/api_tests/test_visa_api.py::TestVisaEnquiryAPI::test_create_visa_enquiry_invalid_type[] - PASS (Duration: 0.05s)
2026-05-28 08:56:07 - GeoTravelGlobalLogger - INFO     - [logger.py:345] - Added test result to API SMOKE TEST: src/tests/api_tests/test_visa_api.py::TestVisaEnquiryAPI::test_create_visa_enquiry_invalid_type[] - PASS
2026-05-28 08:56:07 - GeoTravelGlobalLogger - INFO     - [logger.py:345] - ✅ TestVisaEnquiryAPI test completed
2026-05-28 08:56:07 - GeoTravelGlobalLogger - INFO     - [logger.py:345] - 🚀 Starting TestVisaEnquiryAPI test
2026-05-28 08:56:07 - GeoTravelGlobalLogger - INFO     - [logger.py:345] - === Testing Create Visa Enquiry - Invalid Type: Vacation ===
2026-05-28 08:56:07 - GeoTravelGlobalLogger - INFO     - [logger.py:345] - 🔍 _request START - Current self.headers: {'Content-Type': 'application/json', 'Accept': 'application/json', 'X-Client-Type': 'retail'}
2026-05-28 08:56:07 - GeoTravelGlobalLogger - INFO     - [logger.py:345] - 🔍 _request - kwargs headers: {}
2026-05-28 08:56:07 - GeoTravelGlobalLogger - INFO     - [logger.py:345] - 🔍 _request FINAL headers being sent: {'Content-Type': 'application/json', 'Accept': 'application/json', 'X-Client-Type': 'retail'}
2026-05-28 08:56:07 - GeoTravelGlobalLogger - INFO     - [logger.py:345] - API Request: POST https://api.stg.gowithgeo.com/api/visa/create
2026-05-28 08:56:07 - GeoTravelGlobalLogger - INFO     - [logger.py:345] - API Response: 400
2026-05-28 08:56:07 - GeoTravelGlobalLogger - INFO     - [logger.py:345] - SUCCESS: ✅ Invalid visa type 'Vacation' correctly rejected
2026-05-28 08:56:07 - GeoTravelGlobalLogger - INFO     - [logger.py:345] - ✅ Saved test-specific logs: reports/logs/src_tests_api_tests_test_visa_api.py_TestVisaEnquiryAPI_test_create_visa_enquiry_invalid_type[Vacation]_085607.log
2026-05-28 08:56:07 - GeoTravelGlobalLogger - INFO     - [logger.py:345] - Test result added: src/tests/api_tests/test_visa_api.py::TestVisaEnquiryAPI::test_create_visa_enquiry_invalid_type[Vacation] - PASS (Duration: 0.06s)
2026-05-28 08:56:07 - GeoTravelGlobalLogger - INFO     - [logger.py:345] - Added test result to API SMOKE TEST: src/tests/api_tests/test_visa_api.py::TestVisaEnquiryAPI::test_create_visa_enquiry_invalid_type[Vacation] - PASS
2026-05-28 08:56:07 - GeoTravelGlobalLogger - INFO     - [logger.py:345] - ✅ TestVisaEnquiryAPI test completed
2026-05-28 08:56:07 - GeoTravelGlobalLogger - INFO     - [logger.py:345] - 🚀 Starting TestVisaEnquiryAPI test
2026-05-28 08:56:07 - GeoTravelGlobalLogger - INFO     - [logger.py:345] - === Testing Create Visa Enquiry - Invalid Dates ===
2026-05-28 08:56:07 - GeoTravelGlobalLogger - INFO     - [logger.py:345] - Testing: Past travel date
2026-05-28 08:56:07 - GeoTravelGlobalLogger - INFO     - [logger.py:345] - 🔍 _request START - Current self.headers: {'Content-Type': 'application/json', 'Accept': 'application/json', 'X-Client-Type': 'retail'}
2026-05-28 08:56:07 - GeoTravelGlobalLogger - INFO     - [logger.py:345] - 🔍 _request - kwargs headers: {}
2026-05-28 08:56:07 - GeoTravelGlobalLogger - INFO     - [logger.py:345] - 🔍 _request FINAL headers being sent: {'Content-Type': 'application/json', 'Accept': 'application/json', 'X-Client-Type': 'retail'}
2026-05-28 08:56:07 - GeoTravelGlobalLogger - INFO     - [logger.py:345] - API Request: POST https://api.stg.gowithgeo.com/api/visa/create
2026-05-28 08:56:07 - GeoTravelGlobalLogger - INFO     - [logger.py:345] - API Response: 200
2026-05-28 08:56:07 - GeoTravelGlobalLogger - WARNING  - [logger.py:360] - ⚠️ Past travel date: Unexpected status 200
2026-05-28 08:56:07 - GeoTravelGlobalLogger - INFO     - [logger.py:345] - Testing: Invalid date format
2026-05-28 08:56:07 - GeoTravelGlobalLogger - INFO     - [logger.py:345] - 🔍 _request START - Current self.headers: {'Content-Type': 'application/json', 'Accept': 'application/json', 'X-Client-Type': 'retail'}
2026-05-28 08:56:07 - GeoTravelGlobalLogger - INFO     - [logger.py:345] - 🔍 _request - kwargs headers: {}
2026-05-28 08:56:07 - GeoTravelGlobalLogger - INFO     - [logger.py:345] - 🔍 _request FINAL headers being sent: {'Content-Type': 'application/json', 'Accept': 'application/json', 'X-Client-Type': 'retail'}
2026-05-28 08:56:07 - GeoTravelGlobalLogger - INFO     - [logger.py:345] - API Request: POST https://api.stg.gowithgeo.com/api/visa/create
2026-05-28 08:56:07 - GeoTravelGlobalLogger - INFO     - [logger.py:345] - API Response: 400
2026-05-28 08:56:07 - GeoTravelGlobalLogger - INFO     - [logger.py:345] - SUCCESS: ✅ Invalid date format: Correctly rejected
2026-05-28 08:56:07 - GeoTravelGlobalLogger - INFO     - [logger.py:345] - Testing: Empty date
2026-05-28 08:56:07 - GeoTravelGlobalLogger - INFO     - [logger.py:345] - 🔍 _request START - Current self.headers: {'Content-Type': 'application/json', 'Accept': 'application/json', 'X-Client-Type': 'retail'}
2026-05-28 08:56:07 - GeoTravelGlobalLogger - INFO     - [logger.py:345] - 🔍 _request - kwargs headers: {}
2026-05-28 08:56:07 - GeoTravelGlobalLogger - INFO     - [logger.py:345] - 🔍 _request FINAL headers being sent: {'Content-Type': 'application/json', 'Accept': 'application/json', 'X-Client-Type': 'retail'}
2026-05-28 08:56:07 - GeoTravelGlobalLogger - INFO     - [logger.py:345] - API Request: POST https://api.stg.gowithgeo.com/api/visa/create
2026-05-28 08:56:07 - GeoTravelGlobalLogger - INFO     - [logger.py:345] - API Response: 400
2026-05-28 08:56:07 - GeoTravelGlobalLogger - INFO     - [logger.py:345] - SUCCESS: ✅ Empty date: Correctly rejected
2026-05-28 08:56:07 - GeoTravelGlobalLogger - INFO     - [logger.py:345] - ✅ Saved test-specific logs: reports/logs/src_tests_api_tests_test_visa_api.py_TestVisaEnquiryAPI_test_create_visa_enquiry_invalid_dates_085607.log
2026-05-28 08:56:07 - GeoTravelGlobalLogger - INFO     - [logger.py:345] - Test result added: src/tests/api_tests/test_visa_api.py::TestVisaEnquiryAPI::test_create_visa_enquiry_invalid_dates - PASS (Duration: 0.35s)
2026-05-28 08:56:07 - GeoTravelGlobalLogger - INFO     - [logger.py:345] - Added test result to API SMOKE TEST: src/tests/api_tests/test_visa_api.py::TestVisaEnquiryAPI::test_create_visa_enquiry_invalid_dates - PASS
2026-05-28 08:56:07 - GeoTravelGlobalLogger - INFO     - [logger.py:345] - ✅ TestVisaEnquiryAPI test completed
2026-05-28 08:56:07 - GeoTravelGlobalLogger - INFO     - [logger.py:345] - 🚀 Starting TestVisaEnquiryAPI test
2026-05-28 08:56:07 - GeoTravelGlobalLogger - INFO     - [logger.py:345] - === Testing Make Payment (Flutterwave) - Without Auth ===
2026-05-28 08:56:07 - GeoTravelGlobalLogger - INFO     - [logger.py:345] - 🔍 _request START - Current self.headers: {'Content-Type': 'application/json', 'Accept': 'application/json', 'X-Client-Type': 'retail'}
2026-05-28 08:56:07 - GeoTravelGlobalLogger - INFO     - [logger.py:345] - 🔍 _request - kwargs headers: {}
2026-05-28 08:56:07 - GeoTravelGlobalLogger - INFO     - [logger.py:345] - 🔍 _request FINAL headers being sent: {'Content-Type': 'application/json', 'Accept': 'application/json', 'X-Client-Type': 'retail'}
2026-05-28 08:56:07 - GeoTravelGlobalLogger - INFO     - [logger.py:345] - API Request: POST https://api.stg.gowithgeo.com/api/visa/create
2026-05-28 08:56:07 - GeoTravelGlobalLogger - INFO     - [logger.py:345] - API Response: 200
2026-05-28 08:56:07 - GeoTravelGlobalLogger - INFO     - [logger.py:345] - 🔍 _request START - Current self.headers: {'Content-Type': 'application/json', 'Accept': 'application/json', 'X-Client-Type': 'retail'}
2026-05-28 08:56:07 - GeoTravelGlobalLogger - INFO     - [logger.py:345] - 🔍 _request - kwargs headers: {}
2026-05-28 08:56:07 - GeoTravelGlobalLogger - INFO     - [logger.py:345] - 🔍 _request FINAL headers being sent: {'Content-Type': 'application/json', 'Accept': 'application/json', 'X-Client-Type': 'retail'}
2026-05-28 08:56:07 - GeoTravelGlobalLogger - INFO     - [logger.py:345] - API Request: POST https://api.stg.gowithgeo.com/api/visa/payment
2026-05-28 08:56:08 - GeoTravelGlobalLogger - INFO     - [logger.py:345] - API Response: 200
2026-05-28 08:56:08 - GeoTravelGlobalLogger - INFO     - [logger.py:345] - SUCCESS: ✅ Flutterwave payment initiated successfully!
2026-05-28 08:56:08 - GeoTravelGlobalLogger - INFO     - [logger.py:345] - 📋 Payment link: https://checkout-v2.dev-flutterwave.com/v3/hosted/pay/29019279703a8041df15
2026-05-28 08:56:09 - GeoTravelGlobalLogger - INFO     - [logger.py:345] - SUCCESS: ✅ Payment link verification: Payment link is valid and points to Flutterwave
2026-05-28 08:56:09 - GeoTravelGlobalLogger - INFO     - [logger.py:345] - ✅ Saved test-specific logs: reports/logs/src_tests_api_tests_test_visa_api.py_TestVisaEnquiryAPI_test_make_payment_flutterwave_without_auth_085609.log
2026-05-28 08:56:09 - GeoTravelGlobalLogger - INFO     - [logger.py:345] - Test result added: src/tests/api_tests/test_visa_api.py::TestVisaEnquiryAPI::test_make_payment_flutterwave_without_auth - PASS (Duration: 1.45s)
2026-05-28 08:56:09 - GeoTravelGlobalLogger - INFO     - [logger.py:345] - Added test result to API SMOKE TEST: src/tests/api_tests/test_visa_api.py::TestVisaEnquiryAPI::test_make_payment_flutterwave_without_auth - PASS
2026-05-28 08:56:09 - GeoTravelGlobalLogger - INFO     - [logger.py:345] - ✅ TestVisaEnquiryAPI test completed
2026-05-28 08:56:09 - GeoTravelGlobalLogger - INFO     - [logger.py:345] - 🚀 Starting TestVisaEnquiryAPI test
2026-05-28 08:56:09 - GeoTravelGlobalLogger - INFO     - [logger.py:345] - === Testing Make Payment (Paystack) - Without Auth ===
2026-05-28 08:56:09 - GeoTravelGlobalLogger - INFO     - [logger.py:345] - 🔍 _request START - Current self.headers: {'Content-Type': 'application/json', 'Accept': 'application/json', 'X-Client-Type': 'retail'}
2026-05-28 08:56:09 - GeoTravelGlobalLogger - INFO     - [logger.py:345] - 🔍 _request - kwargs headers: {}
2026-05-28 08:56:09 - GeoTravelGlobalLogger - INFO     - [logger.py:345] - 🔍 _request FINAL headers being sent: {'Content-Type': 'application/json', 'Accept': 'application/json', 'X-Client-Type': 'retail'}
2026-05-28 08:56:09 - GeoTravelGlobalLogger - INFO     - [logger.py:345] - API Request: POST https://api.stg.gowithgeo.com/api/visa/create
2026-05-28 08:56:09 - GeoTravelGlobalLogger - INFO     - [logger.py:345] - API Response: 200
2026-05-28 08:56:09 - GeoTravelGlobalLogger - INFO     - [logger.py:345] - 🔍 _request START - Current self.headers: {'Content-Type': 'application/json', 'Accept': 'application/json', 'X-Client-Type': 'retail'}
2026-05-28 08:56:09 - GeoTravelGlobalLogger - INFO     - [logger.py:345] - 🔍 _request - kwargs headers: {}
2026-05-28 08:56:09 - GeoTravelGlobalLogger - INFO     - [logger.py:345] - 🔍 _request FINAL headers being sent: {'Content-Type': 'application/json', 'Accept': 'application/json', 'X-Client-Type': 'retail'}
2026-05-28 08:56:09 - GeoTravelGlobalLogger - INFO     - [logger.py:345] - API Request: POST https://api.stg.gowithgeo.com/api/visa/payment
2026-05-28 08:56:10 - GeoTravelGlobalLogger - INFO     - [logger.py:345] - API Response: 200
2026-05-28 08:56:10 - GeoTravelGlobalLogger - INFO     - [logger.py:345] - SUCCESS: ✅ Paystack payment initiated successfully!
2026-05-28 08:56:10 - GeoTravelGlobalLogger - INFO     - [logger.py:345] - 📋 Payment link: https://checkout.paystack.com/yva3okgpyynhped
2026-05-28 08:56:10 - GeoTravelGlobalLogger - INFO     - [logger.py:345] - SUCCESS: ✅ Payment link verification: Payment link is valid and points to Flutterwave
2026-05-28 08:56:10 - GeoTravelGlobalLogger - INFO     - [logger.py:345] - ✅ Saved test-specific logs: reports/logs/src_tests_api_tests_test_visa_api.py_TestVisaEnquiryAPI_test_make_payment_paystack_without_auth_085610.log
2026-05-28 08:56:10 - GeoTravelGlobalLogger - INFO     - [logger.py:345] - Test result added: src/tests/api_tests/test_visa_api.py::TestVisaEnquiryAPI::test_make_payment_paystack_without_auth - PASS (Duration: 1.45s)
2026-05-28 08:56:10 - GeoTravelGlobalLogger - INFO     - [logger.py:345] - Added test result to API SMOKE TEST: src/tests/api_tests/test_visa_api.py::TestVisaEnquiryAPI::test_make_payment_paystack_without_auth - PASS
2026-05-28 08:56:10 - GeoTravelGlobalLogger - INFO     - [logger.py:345] - ✅ TestVisaEnquiryAPI test completed
2026-05-28 08:56:10 - GeoTravelGlobalLogger - INFO     - [logger.py:345] - 🚀 Starting TestVisaEnquiryAPI test
2026-05-28 08:56:10 - GeoTravelGlobalLogger - INFO     - [logger.py:345] - === Testing Make Payment (Bank Transfer) - Without Auth ===
2026-05-28 08:56:10 - GeoTravelGlobalLogger - INFO     - [logger.py:345] - 🔍 _request START - Current self.headers: {'Content-Type': 'application/json', 'Accept': 'application/json', 'X-Client-Type': 'retail'}
2026-05-28 08:56:10 - GeoTravelGlobalLogger - INFO     - [logger.py:345] - 🔍 _request - kwargs headers: {}
2026-05-28 08:56:10 - GeoTravelGlobalLogger - INFO     - [logger.py:345] - 🔍 _request FINAL headers being sent: {'Content-Type': 'application/json', 'Accept': 'application/json', 'X-Client-Type': 'retail'}
2026-05-28 08:56:10 - GeoTravelGlobalLogger - INFO     - [logger.py:345] - API Request: POST https://api.stg.gowithgeo.com/api/visa/create
2026-05-28 08:56:10 - GeoTravelGlobalLogger - INFO     - [logger.py:345] - API Response: 200
2026-05-28 08:56:10 - GeoTravelGlobalLogger - INFO     - [logger.py:345] - 🔍 _request START - Current self.headers: {'Content-Type': 'application/json', 'Accept': 'application/json', 'X-Client-Type': 'retail'}
2026-05-28 08:56:10 - GeoTravelGlobalLogger - INFO     - [logger.py:345] - 🔍 _request - kwargs headers: {}
2026-05-28 08:56:10 - GeoTravelGlobalLogger - INFO     - [logger.py:345] - 🔍 _request FINAL headers being sent: {'Content-Type': 'application/json', 'Accept': 'application/json', 'X-Client-Type': 'retail'}
2026-05-28 08:56:10 - GeoTravelGlobalLogger - INFO     - [logger.py:345] - API Request: POST https://api.stg.gowithgeo.com/api/visa/payment
2026-05-28 08:56:11 - GeoTravelGlobalLogger - INFO     - [logger.py:345] - API Response: 200
2026-05-28 08:56:11 - GeoTravelGlobalLogger - INFO     - [logger.py:345] - SUCCESS: ✅ Bank Transfer payment initiated successfully!
2026-05-28 08:56:11 - GeoTravelGlobalLogger - INFO     - [logger.py:345] - 📋 Amount to pay: 25000
2026-05-28 08:56:11 - GeoTravelGlobalLogger - INFO     - [logger.py:345] - 📋 Reference: 744441a6-25f1-4c21-a109-3e4d842899f4
2026-05-28 08:56:11 - GeoTravelGlobalLogger - INFO     - [logger.py:345] - ✅ Saved test-specific logs: reports/logs/src_tests_api_tests_test_visa_api.py_TestVisaEnquiryAPI_test_make_payment_bank_transfer_without_auth_085611.log
2026-05-28 08:56:11 - GeoTravelGlobalLogger - INFO     - [logger.py:345] - Test result added: src/tests/api_tests/test_visa_api.py::TestVisaEnquiryAPI::test_make_payment_bank_transfer_without_auth - PASS (Duration: 0.70s)
2026-05-28 08:56:11 - GeoTravelGlobalLogger - INFO     - [logger.py:345] - Added test result to API SMOKE TEST: src/tests/api_tests/test_visa_api.py::TestVisaEnquiryAPI::test_make_payment_bank_transfer_without_auth - PASS
2026-05-28 08:56:11 - GeoTravelGlobalLogger - INFO     - [logger.py:345] - ✅ TestVisaEnquiryAPI test completed
2026-05-28 08:56:11 - GeoTravelGlobalLogger - INFO     - [logger.py:345] - 🚀 Starting TestVisaEnquiryAPI test
2026-05-28 08:56:11 - GeoTravelGlobalLogger - INFO     - [logger.py:345] - Retrieved credentials from environment for: geo.qa.bot@gmail.com
2026-05-28 08:56:11 - GeoTravelGlobalLogger - INFO     - [logger.py:345] - Attempting login with email: geo.qa.bot@gmail.com
2026-05-28 08:56:11 - GeoTravelGlobalLogger - INFO     - [logger.py:345] - 🔍 _request START - Current self.headers: {'Content-Type': 'application/json', 'Accept': 'application/json', 'X-Client-Type': 'retail'}
2026-05-28 08:56:11 - GeoTravelGlobalLogger - INFO     - [logger.py:345] - 🔍 _request - kwargs headers: {}
2026-05-28 08:56:11 - GeoTravelGlobalLogger - INFO     - [logger.py:345] - 🔍 _request FINAL headers being sent: {'Content-Type': 'application/json', 'Accept': 'application/json', 'X-Client-Type': 'retail'}
2026-05-28 08:56:11 - GeoTravelGlobalLogger - INFO     - [logger.py:345] - API Request: POST https://api.stg.gowithgeo.com/api/auth/login
2026-05-28 08:56:11 - GeoTravelGlobalLogger - INFO     - [logger.py:345] - API Response: 200
2026-05-28 08:56:11 - GeoTravelGlobalLogger - INFO     - [logger.py:345] - Token extracted via cookies (length: 167, valid)
2026-05-28 08:56:11 - GeoTravelGlobalLogger - INFO     - [logger.py:345] - ✅ Auth token set from cookies (Cookie header)
2026-05-28 08:56:11 - GeoTravelGlobalLogger - INFO     - [logger.py:345] - SUCCESS: ✅ Login successful - token set via cookies
2026-05-28 08:56:11 - GeoTravelGlobalLogger - INFO     - [logger.py:345] - SUCCESS: ✅ Authenticated successfully (token length: 167)
2026-05-28 08:56:11 - GeoTravelGlobalLogger - INFO     - [logger.py:345] - ✅ Auth token set from cookies (Cookie header)
2026-05-28 08:56:11 - GeoTravelGlobalLogger - INFO     - [logger.py:345] - ✅ Auth token set from cookies (Cookie header)
2026-05-28 08:56:11 - GeoTravelGlobalLogger - INFO     - [logger.py:345] - === Testing Make Payment (Flutterwave) - With Auth ===
2026-05-28 08:56:11 - GeoTravelGlobalLogger - INFO     - [logger.py:345] - 🔍 _request START - Current self.headers: {'Content-Type': 'application/json', 'Accept': 'application/json', 'X-Client-Type': 'retail', 'Cookie': 'retail_access_token=eyJhbGciOiJIUzI1NiIsInR5cCI6IkpXVCJ9.eyJpZCI6MTUxLCJ1c2VyVHlwZSI6IlJFVEFJTCIsImlhdCI6MTc3OTk1ODU3MSwiZXhwIjoxNzgwMDAxNzcxfQ.VP_DjQGBsll4vIXXzhPOgc2mbceFagmUy7uitibc3U0'}
2026-05-28 08:56:11 - GeoTravelGlobalLogger - INFO     - [logger.py:345] - 🔍 _request - kwargs headers: {}
2026-05-28 08:56:11 - GeoTravelGlobalLogger - INFO     - [logger.py:345] - 🔍 _request FINAL headers being sent: {'Content-Type': 'application/json', 'Accept': 'application/json', 'X-Client-Type': 'retail', 'Cookie': 'retail_access_token=eyJhbGciOiJIUzI1NiIsInR5cCI6IkpXVCJ9.eyJpZCI6MTUxLCJ1c2VyVHlwZSI6IlJFVEFJTCIsImlhdCI6MTc3OTk1ODU3MSwiZXhwIjoxNzgwMDAxNzcxfQ.VP_DjQGBsll4vIXXzhPOgc2mbceFagmUy7uitibc3U0'}
2026-05-28 08:56:11 - GeoTravelGlobalLogger - INFO     - [logger.py:345] - API Request: POST https://api.stg.gowithgeo.com/api/visa/create
2026-05-28 08:56:12 - GeoTravelGlobalLogger - INFO     - [logger.py:345] - API Response: 200
2026-05-28 08:56:12 - GeoTravelGlobalLogger - INFO     - [logger.py:345] - 🔍 _request START - Current self.headers: {'Content-Type': 'application/json', 'Accept': 'application/json', 'X-Client-Type': 'retail', 'Cookie': 'retail_access_token=eyJhbGciOiJIUzI1NiIsInR5cCI6IkpXVCJ9.eyJpZCI6MTUxLCJ1c2VyVHlwZSI6IlJFVEFJTCIsImlhdCI6MTc3OTk1ODU3MSwiZXhwIjoxNzgwMDAxNzcxfQ.VP_DjQGBsll4vIXXzhPOgc2mbceFagmUy7uitibc3U0'}
2026-05-28 08:56:12 - GeoTravelGlobalLogger - INFO     - [logger.py:345] - 🔍 _request - kwargs headers: {}
2026-05-28 08:56:12 - GeoTravelGlobalLogger - INFO     - [logger.py:345] - 🔍 _request FINAL headers being sent: {'Content-Type': 'application/json', 'Accept': 'application/json', 'X-Client-Type': 'retail', 'Cookie': 'retail_access_token=eyJhbGciOiJIUzI1NiIsInR5cCI6IkpXVCJ9.eyJpZCI6MTUxLCJ1c2VyVHlwZSI6IlJFVEFJTCIsImlhdCI6MTc3OTk1ODU3MSwiZXhwIjoxNzgwMDAxNzcxfQ.VP_DjQGBsll4vIXXzhPOgc2mbceFagmUy7uitibc3U0'}
2026-05-28 08:56:12 - GeoTravelGlobalLogger - INFO     - [logger.py:345] - API Request: POST https://api.stg.gowithgeo.com/api/visa/payment
2026-05-28 08:56:12 - GeoTravelGlobalLogger - INFO     - [logger.py:345] - API Response: 200
2026-05-28 08:56:12 - GeoTravelGlobalLogger - INFO     - [logger.py:345] - SUCCESS: ✅ Flutterwave payment initiated successfully with auth!
2026-05-28 08:56:12 - GeoTravelGlobalLogger - INFO     - [logger.py:345] - 📋 Payment link: https://checkout-v2.dev-flutterwave.com/v3/hosted/pay/a4fea6b9d0f9d8bc1fa2
2026-05-28 08:56:12 - GeoTravelGlobalLogger - INFO     - [logger.py:345] - ✅ Saved test-specific logs: reports/logs/src_tests_api_tests_test_visa_api.py_TestVisaEnquiryAPI_test_make_payment_flutterwave_with_auth_085612.log
2026-05-28 08:56:12 - GeoTravelGlobalLogger - INFO     - [logger.py:345] - Test result added: src/tests/api_tests/test_visa_api.py::TestVisaEnquiryAPI::test_make_payment_flutterwave_with_auth - PASS (Duration: 1.42s)
2026-05-28 08:56:12 - GeoTravelGlobalLogger - INFO     - [logger.py:345] - Added test result to API SMOKE TEST: src/tests/api_tests/test_visa_api.py::TestVisaEnquiryAPI::test_make_payment_flutterwave_with_auth - PASS
2026-05-28 08:56:12 - GeoTravelGlobalLogger - INFO     - [logger.py:345] - ✅ TestVisaEnquiryAPI test completed
2026-05-28 08:56:12 - GeoTravelGlobalLogger - INFO     - [logger.py:345] - 🚀 Starting TestVisaEnquiryAPI test
2026-05-28 08:56:12 - GeoTravelGlobalLogger - INFO     - [logger.py:345] - Retrieved credentials from environment for: geo.qa.bot@gmail.com
2026-05-28 08:56:12 - GeoTravelGlobalLogger - INFO     - [logger.py:345] - Attempting login with email: geo.qa.bot@gmail.com
2026-05-28 08:56:12 - GeoTravelGlobalLogger - INFO     - [logger.py:345] - 🔍 _request START - Current self.headers: {'Content-Type': 'application/json', 'Accept': 'application/json', 'X-Client-Type': 'retail'}
2026-05-28 08:56:12 - GeoTravelGlobalLogger - INFO     - [logger.py:345] - 🔍 _request - kwargs headers: {}
2026-05-28 08:56:12 - GeoTravelGlobalLogger - INFO     - [logger.py:345] - 🔍 _request FINAL headers being sent: {'Content-Type': 'application/json', 'Accept': 'application/json', 'X-Client-Type': 'retail'}
2026-05-28 08:56:12 - GeoTravelGlobalLogger - INFO     - [logger.py:345] - API Request: POST https://api.stg.gowithgeo.com/api/auth/login
2026-05-28 08:56:13 - GeoTravelGlobalLogger - INFO     - [logger.py:345] - API Response: 200
2026-05-28 08:56:13 - GeoTravelGlobalLogger - INFO     - [logger.py:345] - Token extracted via cookies (length: 167, valid)
2026-05-28 08:56:13 - GeoTravelGlobalLogger - INFO     - [logger.py:345] - ✅ Auth token set from cookies (Cookie header)
2026-05-28 08:56:13 - GeoTravelGlobalLogger - INFO     - [logger.py:345] - SUCCESS: ✅ Login successful - token set via cookies
2026-05-28 08:56:13 - GeoTravelGlobalLogger - INFO     - [logger.py:345] - SUCCESS: ✅ Authenticated successfully (token length: 167)
2026-05-28 08:56:13 - GeoTravelGlobalLogger - INFO     - [logger.py:345] - ✅ Auth token set from cookies (Cookie header)
2026-05-28 08:56:13 - GeoTravelGlobalLogger - INFO     - [logger.py:345] - ✅ Auth token set from cookies (Cookie header)
2026-05-28 08:56:13 - GeoTravelGlobalLogger - INFO     - [logger.py:345] - === Testing Make Payment (Paystack) - With Auth ===
2026-05-28 08:56:13 - GeoTravelGlobalLogger - INFO     - [logger.py:345] - 🔍 _request START - Current self.headers: {'Content-Type': 'application/json', 'Accept': 'application/json', 'X-Client-Type': 'retail', 'Cookie': 'retail_access_token=eyJhbGciOiJIUzI1NiIsInR5cCI6IkpXVCJ9.eyJpZCI6MTUxLCJ1c2VyVHlwZSI6IlJFVEFJTCIsImlhdCI6MTc3OTk1ODU3MywiZXhwIjoxNzgwMDAxNzczfQ.9nBN9x5fE2EzyzJz2d6VzHAptlm4XHpV9eTx5I8_YP4'}
2026-05-28 08:56:13 - GeoTravelGlobalLogger - INFO     - [logger.py:345] - 🔍 _request - kwargs headers: {}
2026-05-28 08:56:13 - GeoTravelGlobalLogger - INFO     - [logger.py:345] - 🔍 _request FINAL headers being sent: {'Content-Type': 'application/json', 'Accept': 'application/json', 'X-Client-Type': 'retail', 'Cookie': 'retail_access_token=eyJhbGciOiJIUzI1NiIsInR5cCI6IkpXVCJ9.eyJpZCI6MTUxLCJ1c2VyVHlwZSI6IlJFVEFJTCIsImlhdCI6MTc3OTk1ODU3MywiZXhwIjoxNzgwMDAxNzczfQ.9nBN9x5fE2EzyzJz2d6VzHAptlm4XHpV9eTx5I8_YP4'}
2026-05-28 08:56:13 - GeoTravelGlobalLogger - INFO     - [logger.py:345] - API Request: POST https://api.stg.gowithgeo.com/api/visa/create
2026-05-28 08:56:13 - GeoTravelGlobalLogger - INFO     - [logger.py:345] - API Response: 200
2026-05-28 08:56:13 - GeoTravelGlobalLogger - INFO     - [logger.py:345] - 🔍 _request START - Current self.headers: {'Content-Type': 'application/json', 'Accept': 'application/json', 'X-Client-Type': 'retail', 'Cookie': 'retail_access_token=eyJhbGciOiJIUzI1NiIsInR5cCI6IkpXVCJ9.eyJpZCI6MTUxLCJ1c2VyVHlwZSI6IlJFVEFJTCIsImlhdCI6MTc3OTk1ODU3MywiZXhwIjoxNzgwMDAxNzczfQ.9nBN9x5fE2EzyzJz2d6VzHAptlm4XHpV9eTx5I8_YP4'}
2026-05-28 08:56:13 - GeoTravelGlobalLogger - INFO     - [logger.py:345] - 🔍 _request - kwargs headers: {}
2026-05-28 08:56:13 - GeoTravelGlobalLogger - INFO     - [logger.py:345] - 🔍 _request FINAL headers being sent: {'Content-Type': 'application/json', 'Accept': 'application/json', 'X-Client-Type': 'retail', 'Cookie': 'retail_access_token=eyJhbGciOiJIUzI1NiIsInR5cCI6IkpXVCJ9.eyJpZCI6MTUxLCJ1c2VyVHlwZSI6IlJFVEFJTCIsImlhdCI6MTc3OTk1ODU3MywiZXhwIjoxNzgwMDAxNzczfQ.9nBN9x5fE2EzyzJz2d6VzHAptlm4XHpV9eTx5I8_YP4'}
2026-05-28 08:56:13 - GeoTravelGlobalLogger - INFO     - [logger.py:345] - API Request: POST https://api.stg.gowithgeo.com/api/visa/payment
2026-05-28 08:56:14 - GeoTravelGlobalLogger - INFO     - [logger.py:345] - API Response: 200
2026-05-28 08:56:14 - GeoTravelGlobalLogger - INFO     - [logger.py:345] - SUCCESS: ✅ Paystack payment initiated successfully with auth!
2026-05-28 08:56:14 - GeoTravelGlobalLogger - INFO     - [logger.py:345] - 📋 Payment link: https://checkout.paystack.com/al562eg6pmxzc6v
2026-05-28 08:56:14 - GeoTravelGlobalLogger - INFO     - [logger.py:345] - ✅ Saved test-specific logs: reports/logs/src_tests_api_tests_test_visa_api.py_TestVisaEnquiryAPI_test_make_payment_paystack_with_auth_085614.log
2026-05-28 08:56:14 - GeoTravelGlobalLogger - INFO     - [logger.py:345] - Test result added: src/tests/api_tests/test_visa_api.py::TestVisaEnquiryAPI::test_make_payment_paystack_with_auth - PASS (Duration: 1.52s)
2026-05-28 08:56:14 - GeoTravelGlobalLogger - INFO     - [logger.py:345] - Added test result to API SMOKE TEST: src/tests/api_tests/test_visa_api.py::TestVisaEnquiryAPI::test_make_payment_paystack_with_auth - PASS
2026-05-28 08:56:14 - GeoTravelGlobalLogger - INFO     - [logger.py:345] - ✅ TestVisaEnquiryAPI test completed
2026-05-28 08:56:14 - GeoTravelGlobalLogger - INFO     - [logger.py:345] - 🚀 Starting TestVisaEnquiryAPI test
2026-05-28 08:56:14 - GeoTravelGlobalLogger - INFO     - [logger.py:345] - Retrieved credentials from environment for: geo.qa.bot@gmail.com
2026-05-28 08:56:14 - GeoTravelGlobalLogger - INFO     - [logger.py:345] - Attempting login with email: geo.qa.bot@gmail.com
2026-05-28 08:56:14 - GeoTravelGlobalLogger - INFO     - [logger.py:345] - 🔍 _request START - Current self.headers: {'Content-Type': 'application/json', 'Accept': 'application/json', 'X-Client-Type': 'retail'}
2026-05-28 08:56:14 - GeoTravelGlobalLogger - INFO     - [logger.py:345] - 🔍 _request - kwargs headers: {}
2026-05-28 08:56:14 - GeoTravelGlobalLogger - INFO     - [logger.py:345] - 🔍 _request FINAL headers being sent: {'Content-Type': 'application/json', 'Accept': 'application/json', 'X-Client-Type': 'retail'}
2026-05-28 08:56:14 - GeoTravelGlobalLogger - INFO     - [logger.py:345] - API Request: POST https://api.stg.gowithgeo.com/api/auth/login
2026-05-28 08:56:15 - GeoTravelGlobalLogger - INFO     - [logger.py:345] - API Response: 200
2026-05-28 08:56:15 - GeoTravelGlobalLogger - INFO     - [logger.py:345] - Token extracted via cookies (length: 167, valid)
2026-05-28 08:56:15 - GeoTravelGlobalLogger - INFO     - [logger.py:345] - ✅ Auth token set from cookies (Cookie header)
2026-05-28 08:56:15 - GeoTravelGlobalLogger - INFO     - [logger.py:345] - SUCCESS: ✅ Login successful - token set via cookies
2026-05-28 08:56:15 - GeoTravelGlobalLogger - INFO     - [logger.py:345] - SUCCESS: ✅ Authenticated successfully (token length: 167)
2026-05-28 08:56:15 - GeoTravelGlobalLogger - INFO     - [logger.py:345] - ✅ Auth token set from cookies (Cookie header)
2026-05-28 08:56:15 - GeoTravelGlobalLogger - INFO     - [logger.py:345] - ✅ Auth token set from cookies (Cookie header)
2026-05-28 08:56:15 - GeoTravelGlobalLogger - INFO     - [logger.py:345] - === Testing Make Payment (Bank Transfer) - With Auth ===
2026-05-28 08:56:15 - GeoTravelGlobalLogger - INFO     - [logger.py:345] - 🔍 _request START - Current self.headers: {'Content-Type': 'application/json', 'Accept': 'application/json', 'X-Client-Type': 'retail', 'Cookie': 'retail_access_token=eyJhbGciOiJIUzI1NiIsInR5cCI6IkpXVCJ9.eyJpZCI6MTUxLCJ1c2VyVHlwZSI6IlJFVEFJTCIsImlhdCI6MTc3OTk1ODU3NSwiZXhwIjoxNzgwMDAxNzc1fQ.z7SYqIe7BEWt3G2Cp9YnzTY62zu4eOCH1a9ezxDUHqw'}
2026-05-28 08:56:15 - GeoTravelGlobalLogger - INFO     - [logger.py:345] - 🔍 _request - kwargs headers: {}
2026-05-28 08:56:15 - GeoTravelGlobalLogger - INFO     - [logger.py:345] - 🔍 _request FINAL headers being sent: {'Content-Type': 'application/json', 'Accept': 'application/json', 'X-Client-Type': 'retail', 'Cookie': 'retail_access_token=eyJhbGciOiJIUzI1NiIsInR5cCI6IkpXVCJ9.eyJpZCI6MTUxLCJ1c2VyVHlwZSI6IlJFVEFJTCIsImlhdCI6MTc3OTk1ODU3NSwiZXhwIjoxNzgwMDAxNzc1fQ.z7SYqIe7BEWt3G2Cp9YnzTY62zu4eOCH1a9ezxDUHqw'}
2026-05-28 08:56:15 - GeoTravelGlobalLogger - INFO     - [logger.py:345] - API Request: POST https://api.stg.gowithgeo.com/api/visa/create
2026-05-28 08:56:15 - GeoTravelGlobalLogger - INFO     - [logger.py:345] - API Response: 200
2026-05-28 08:56:15 - GeoTravelGlobalLogger - INFO     - [logger.py:345] - 🔍 _request START - Current self.headers: {'Content-Type': 'application/json', 'Accept': 'application/json', 'X-Client-Type': 'retail', 'Cookie': 'retail_access_token=eyJhbGciOiJIUzI1NiIsInR5cCI6IkpXVCJ9.eyJpZCI6MTUxLCJ1c2VyVHlwZSI6IlJFVEFJTCIsImlhdCI6MTc3OTk1ODU3NSwiZXhwIjoxNzgwMDAxNzc1fQ.z7SYqIe7BEWt3G2Cp9YnzTY62zu4eOCH1a9ezxDUHqw'}
2026-05-28 08:56:15 - GeoTravelGlobalLogger - INFO     - [logger.py:345] - 🔍 _request - kwargs headers: {}
2026-05-28 08:56:15 - GeoTravelGlobalLogger - INFO     - [logger.py:345] - 🔍 _request FINAL headers being sent: {'Content-Type': 'application/json', 'Accept': 'application/json', 'X-Client-Type': 'retail', 'Cookie': 'retail_access_token=eyJhbGciOiJIUzI1NiIsInR5cCI6IkpXVCJ9.eyJpZCI6MTUxLCJ1c2VyVHlwZSI6IlJFVEFJTCIsImlhdCI6MTc3OTk1ODU3NSwiZXhwIjoxNzgwMDAxNzc1fQ.z7SYqIe7BEWt3G2Cp9YnzTY62zu4eOCH1a9ezxDUHqw'}
2026-05-28 08:56:15 - GeoTravelGlobalLogger - INFO     - [logger.py:345] - API Request: POST https://api.stg.gowithgeo.com/api/visa/payment
2026-05-28 08:56:16 - GeoTravelGlobalLogger - INFO     - [logger.py:345] - API Response: 200
2026-05-28 08:56:16 - GeoTravelGlobalLogger - INFO     - [logger.py:345] - SUCCESS: ✅ Bank Transfer payment initiated successfully!
2026-05-28 08:56:16 - GeoTravelGlobalLogger - INFO     - [logger.py:345] - 📋 Amount to pay: 25000
2026-05-28 08:56:16 - GeoTravelGlobalLogger - INFO     - [logger.py:345] - 📋 Reference: 303028a7-dfd0-4b1e-b6f1-801da28c777e
2026-05-28 08:56:16 - GeoTravelGlobalLogger - INFO     - [logger.py:345] - ✅ Saved test-specific logs: reports/logs/src_tests_api_tests_test_visa_api.py_TestVisaEnquiryAPI_test_make_payment_bank_transfer_with_auth_085616.log
2026-05-28 08:56:16 - GeoTravelGlobalLogger - INFO     - [logger.py:345] - Test result added: src/tests/api_tests/test_visa_api.py::TestVisaEnquiryAPI::test_make_payment_bank_transfer_with_auth - PASS (Duration: 1.14s)
2026-05-28 08:56:16 - GeoTravelGlobalLogger - INFO     - [logger.py:345] - Added test result to API SMOKE TEST: src/tests/api_tests/test_visa_api.py::TestVisaEnquiryAPI::test_make_payment_bank_transfer_with_auth - PASS
2026-05-28 08:56:16 - GeoTravelGlobalLogger - INFO     - [logger.py:345] - ✅ TestVisaEnquiryAPI test completed
2026-05-28 08:56:16 - GeoTravelGlobalLogger - INFO     - [logger.py:345] - 🚀 Starting TestVisaEnquiryAPI test
2026-05-28 08:56:16 - GeoTravelGlobalLogger - INFO     - [logger.py:345] - === Testing Make Payment - Invalid Visa ID ===
2026-05-28 08:56:16 - GeoTravelGlobalLogger - INFO     - [logger.py:345] - 🔍 _request START - Current self.headers: {'Content-Type': 'application/json', 'Accept': 'application/json', 'X-Client-Type': 'retail'}
2026-05-28 08:56:16 - GeoTravelGlobalLogger - INFO     - [logger.py:345] - 🔍 _request - kwargs headers: {}
2026-05-28 08:56:16 - GeoTravelGlobalLogger - INFO     - [logger.py:345] - 🔍 _request FINAL headers being sent: {'Content-Type': 'application/json', 'Accept': 'application/json', 'X-Client-Type': 'retail'}
2026-05-28 08:56:16 - GeoTravelGlobalLogger - INFO     - [logger.py:345] - API Request: POST https://api.stg.gowithgeo.com/api/visa/payment
2026-05-28 08:56:16 - GeoTravelGlobalLogger - INFO     - [logger.py:345] - API Response: 404
2026-05-28 08:56:16 - GeoTravelGlobalLogger - INFO     - [logger.py:345] - SUCCESS: ✅ Invalid visa ID correctly rejected with 404
2026-05-28 08:56:16 - GeoTravelGlobalLogger - INFO     - [logger.py:345] - ✅ Saved test-specific logs: reports/logs/src_tests_api_tests_test_visa_api.py_TestVisaEnquiryAPI_test_make_payment_invalid_visa_id_085616.log
2026-05-28 08:56:16 - GeoTravelGlobalLogger - INFO     - [logger.py:345] - Test result added: src/tests/api_tests/test_visa_api.py::TestVisaEnquiryAPI::test_make_payment_invalid_visa_id - PASS (Duration: 0.15s)
2026-05-28 08:56:16 - GeoTravelGlobalLogger - INFO     - [logger.py:345] - Added test result to API SMOKE TEST: src/tests/api_tests/test_visa_api.py::TestVisaEnquiryAPI::test_make_payment_invalid_visa_id - PASS
2026-05-28 08:56:16 - GeoTravelGlobalLogger - INFO     - [logger.py:345] - ✅ TestVisaEnquiryAPI test completed
2026-05-28 08:56:16 - GeoTravelGlobalLogger - INFO     - [logger.py:345] - 🚀 Starting TestVisaEnquiryAPI test
2026-05-28 08:56:16 - GeoTravelGlobalLogger - INFO     - [logger.py:345] - === Testing Make Payment - Invalid Method ===
2026-05-28 08:56:16 - GeoTravelGlobalLogger - INFO     - [logger.py:345] - Testing invalid payment method: 'PayPal'
2026-05-28 08:56:16 - GeoTravelGlobalLogger - INFO     - [logger.py:345] - 🔍 _request START - Current self.headers: {'Content-Type': 'application/json', 'Accept': 'application/json', 'X-Client-Type': 'retail'}
2026-05-28 08:56:16 - GeoTravelGlobalLogger - INFO     - [logger.py:345] - 🔍 _request - kwargs headers: {}
2026-05-28 08:56:16 - GeoTravelGlobalLogger - INFO     - [logger.py:345] - 🔍 _request FINAL headers being sent: {'Content-Type': 'application/json', 'Accept': 'application/json', 'X-Client-Type': 'retail'}
2026-05-28 08:56:16 - GeoTravelGlobalLogger - INFO     - [logger.py:345] - API Request: POST https://api.stg.gowithgeo.com/api/visa/create
2026-05-28 08:56:16 - GeoTravelGlobalLogger - INFO     - [logger.py:345] - API Response: 200
2026-05-28 08:56:16 - GeoTravelGlobalLogger - INFO     - [logger.py:345] - 🔍 _request START - Current self.headers: {'Content-Type': 'application/json', 'Accept': 'application/json', 'X-Client-Type': 'retail'}
2026-05-28 08:56:16 - GeoTravelGlobalLogger - INFO     - [logger.py:345] - 🔍 _request - kwargs headers: {}
2026-05-28 08:56:16 - GeoTravelGlobalLogger - INFO     - [logger.py:345] - 🔍 _request FINAL headers being sent: {'Content-Type': 'application/json', 'Accept': 'application/json', 'X-Client-Type': 'retail'}
2026-05-28 08:56:16 - GeoTravelGlobalLogger - INFO     - [logger.py:345] - API Request: POST https://api.stg.gowithgeo.com/api/visa/payment
2026-05-28 08:56:16 - GeoTravelGlobalLogger - INFO     - [logger.py:345] - API Response: 400
2026-05-28 08:56:16 - GeoTravelGlobalLogger - INFO     - [logger.py:345] - SUCCESS: ✅ Invalid payment method 'PayPal' correctly rejected
2026-05-28 08:56:16 - GeoTravelGlobalLogger - INFO     - [logger.py:345] - Testing invalid payment method: 'CreditCard'
2026-05-28 08:56:16 - GeoTravelGlobalLogger - INFO     - [logger.py:345] - 🔍 _request START - Current self.headers: {'Content-Type': 'application/json', 'Accept': 'application/json', 'X-Client-Type': 'retail'}
2026-05-28 08:56:16 - GeoTravelGlobalLogger - INFO     - [logger.py:345] - 🔍 _request - kwargs headers: {}
2026-05-28 08:56:16 - GeoTravelGlobalLogger - INFO     - [logger.py:345] - 🔍 _request FINAL headers being sent: {'Content-Type': 'application/json', 'Accept': 'application/json', 'X-Client-Type': 'retail'}
2026-05-28 08:56:16 - GeoTravelGlobalLogger - INFO     - [logger.py:345] - API Request: POST https://api.stg.gowithgeo.com/api/visa/create
2026-05-28 08:56:17 - GeoTravelGlobalLogger - INFO     - [logger.py:345] - API Response: 200
2026-05-28 08:56:17 - GeoTravelGlobalLogger - INFO     - [logger.py:345] - 🔍 _request START - Current self.headers: {'Content-Type': 'application/json', 'Accept': 'application/json', 'X-Client-Type': 'retail'}
2026-05-28 08:56:17 - GeoTravelGlobalLogger - INFO     - [logger.py:345] - 🔍 _request - kwargs headers: {}
2026-05-28 08:56:17 - GeoTravelGlobalLogger - INFO     - [logger.py:345] - 🔍 _request FINAL headers being sent: {'Content-Type': 'application/json', 'Accept': 'application/json', 'X-Client-Type': 'retail'}
2026-05-28 08:56:17 - GeoTravelGlobalLogger - INFO     - [logger.py:345] - API Request: POST https://api.stg.gowithgeo.com/api/visa/payment
2026-05-28 08:56:17 - GeoTravelGlobalLogger - INFO     - [logger.py:345] - API Response: 400
2026-05-28 08:56:17 - GeoTravelGlobalLogger - INFO     - [logger.py:345] - SUCCESS: ✅ Invalid payment method 'CreditCard' correctly rejected
2026-05-28 08:56:17 - GeoTravelGlobalLogger - INFO     - [logger.py:345] - Testing invalid payment method: ''
2026-05-28 08:56:17 - GeoTravelGlobalLogger - INFO     - [logger.py:345] - 🔍 _request START - Current self.headers: {'Content-Type': 'application/json', 'Accept': 'application/json', 'X-Client-Type': 'retail'}
2026-05-28 08:56:17 - GeoTravelGlobalLogger - INFO     - [logger.py:345] - 🔍 _request - kwargs headers: {}
2026-05-28 08:56:17 - GeoTravelGlobalLogger - INFO     - [logger.py:345] - 🔍 _request FINAL headers being sent: {'Content-Type': 'application/json', 'Accept': 'application/json', 'X-Client-Type': 'retail'}
2026-05-28 08:56:17 - GeoTravelGlobalLogger - INFO     - [logger.py:345] - API Request: POST https://api.stg.gowithgeo.com/api/visa/create
2026-05-28 08:56:17 - GeoTravelGlobalLogger - INFO     - [logger.py:345] - API Response: 200
2026-05-28 08:56:17 - GeoTravelGlobalLogger - INFO     - [logger.py:345] - 🔍 _request START - Current self.headers: {'Content-Type': 'application/json', 'Accept': 'application/json', 'X-Client-Type': 'retail'}
2026-05-28 08:56:17 - GeoTravelGlobalLogger - INFO     - [logger.py:345] - 🔍 _request - kwargs headers: {}
2026-05-28 08:56:17 - GeoTravelGlobalLogger - INFO     - [logger.py:345] - 🔍 _request FINAL headers being sent: {'Content-Type': 'application/json', 'Accept': 'application/json', 'X-Client-Type': 'retail'}
2026-05-28 08:56:17 - GeoTravelGlobalLogger - INFO     - [logger.py:345] - API Request: POST https://api.stg.gowithgeo.com/api/visa/payment
2026-05-28 08:56:17 - GeoTravelGlobalLogger - INFO     - [logger.py:345] - API Response: 400
2026-05-28 08:56:17 - GeoTravelGlobalLogger - INFO     - [logger.py:345] - SUCCESS: ✅ Invalid payment method '' correctly rejected
2026-05-28 08:56:17 - GeoTravelGlobalLogger - INFO     - [logger.py:345] - ✅ Saved test-specific logs: reports/logs/src_tests_api_tests_test_visa_api.py_TestVisaEnquiryAPI_test_make_payment_invalid_method_085617.log
2026-05-28 08:56:17 - GeoTravelGlobalLogger - INFO     - [logger.py:345] - Test result added: src/tests/api_tests/test_visa_api.py::TestVisaEnquiryAPI::test_make_payment_invalid_method - PASS (Duration: 0.92s)
2026-05-28 08:56:17 - GeoTravelGlobalLogger - INFO     - [logger.py:345] - Added test result to API SMOKE TEST: src/tests/api_tests/test_visa_api.py::TestVisaEnquiryAPI::test_make_payment_invalid_method - PASS
2026-05-28 08:56:17 - GeoTravelGlobalLogger - INFO     - [logger.py:345] - ✅ TestVisaEnquiryAPI test completed
2026-05-28 08:56:17 - GeoTravelGlobalLogger - INFO     - [logger.py:345] - 🚀 Starting TestVisaEnquiryAPI test
2026-05-28 08:56:17 - GeoTravelGlobalLogger - INFO     - [logger.py:345] - Retrieved credentials from environment for: geo.qa.bot@gmail.com
2026-05-28 08:56:17 - GeoTravelGlobalLogger - INFO     - [logger.py:345] - Attempting login with email: geo.qa.bot@gmail.com
2026-05-28 08:56:17 - GeoTravelGlobalLogger - INFO     - [logger.py:345] - 🔍 _request START - Current self.headers: {'Content-Type': 'application/json', 'Accept': 'application/json', 'X-Client-Type': 'retail'}
2026-05-28 08:56:17 - GeoTravelGlobalLogger - INFO     - [logger.py:345] - 🔍 _request - kwargs headers: {}
2026-05-28 08:56:17 - GeoTravelGlobalLogger - INFO     - [logger.py:345] - 🔍 _request FINAL headers being sent: {'Content-Type': 'application/json', 'Accept': 'application/json', 'X-Client-Type': 'retail'}
2026-05-28 08:56:17 - GeoTravelGlobalLogger - INFO     - [logger.py:345] - API Request: POST https://api.stg.gowithgeo.com/api/auth/login
2026-05-28 08:56:17 - GeoTravelGlobalLogger - INFO     - [logger.py:345] - API Response: 200
2026-05-28 08:56:17 - GeoTravelGlobalLogger - INFO     - [logger.py:345] - Token extracted via cookies (length: 167, valid)
2026-05-28 08:56:17 - GeoTravelGlobalLogger - INFO     - [logger.py:345] - ✅ Auth token set from cookies (Cookie header)
2026-05-28 08:56:17 - GeoTravelGlobalLogger - INFO     - [logger.py:345] - SUCCESS: ✅ Login successful - token set via cookies
2026-05-28 08:56:17 - GeoTravelGlobalLogger - INFO     - [logger.py:345] - SUCCESS: ✅ Authenticated successfully (token length: 167)
2026-05-28 08:56:17 - GeoTravelGlobalLogger - INFO     - [logger.py:345] - ✅ Auth token set from cookies (Cookie header)
2026-05-28 08:56:17 - GeoTravelGlobalLogger - INFO     - [logger.py:345] - ✅ Auth token set from cookies (Cookie header)
2026-05-28 08:56:17 - GeoTravelGlobalLogger - INFO     - [logger.py:345] - === Testing Get User Visa Applications - With Auth ===
2026-05-28 08:56:17 - GeoTravelGlobalLogger - INFO     - [logger.py:345] - 🔍 _request START - Current self.headers: {'Content-Type': 'application/json', 'Accept': 'application/json', 'X-Client-Type': 'retail', 'Cookie': 'retail_access_token=eyJhbGciOiJIUzI1NiIsInR5cCI6IkpXVCJ9.eyJpZCI6MTUxLCJ1c2VyVHlwZSI6IlJFVEFJTCIsImlhdCI6MTc3OTk1ODU3NywiZXhwIjoxNzgwMDAxNzc3fQ.Bzcg-1LCKRMw_Cyj_fAKB1I5xy8vNekpm_N0LAaI_Do'}
2026-05-28 08:56:17 - GeoTravelGlobalLogger - INFO     - [logger.py:345] - 🔍 _request - kwargs headers: {}
2026-05-28 08:56:17 - GeoTravelGlobalLogger - INFO     - [logger.py:345] - 🔍 _request FINAL headers being sent: {'Content-Type': 'application/json', 'Accept': 'application/json', 'X-Client-Type': 'retail', 'Cookie': 'retail_access_token=eyJhbGciOiJIUzI1NiIsInR5cCI6IkpXVCJ9.eyJpZCI6MTUxLCJ1c2VyVHlwZSI6IlJFVEFJTCIsImlhdCI6MTc3OTk1ODU3NywiZXhwIjoxNzgwMDAxNzc3fQ.Bzcg-1LCKRMw_Cyj_fAKB1I5xy8vNekpm_N0LAaI_Do'}
2026-05-28 08:56:17 - GeoTravelGlobalLogger - INFO     - [logger.py:345] - API Request: GET https://api.stg.gowithgeo.com/api/visa/all/user
2026-05-28 08:56:17 - GeoTravelGlobalLogger - INFO     - [logger.py:345] - API Response: 200
2026-05-28 08:56:17 - GeoTravelGlobalLogger - INFO     - [logger.py:345] - 📋 Found 10 visa applications
2026-05-28 08:56:17 - GeoTravelGlobalLogger - INFO     - [logger.py:345] - 📋 Pagination: Page 1 of 64
2026-05-28 08:56:17 - GeoTravelGlobalLogger - INFO     - [logger.py:345] -   Visa 1: ID=2333, Country=QATAR, Status=Submitted
2026-05-28 08:56:17 - GeoTravelGlobalLogger - INFO     - [logger.py:345] -   Visa 2: ID=2332, Country=QATAR, Status=Submitted
2026-05-28 08:56:17 - GeoTravelGlobalLogger - INFO     - [logger.py:345] -   Visa 3: ID=2331, Country=QATAR, Status=Submitted
2026-05-28 08:56:17 - GeoTravelGlobalLogger - INFO     - [logger.py:345] - SUCCESS: ✅ Successfully retrieved user visa applications
2026-05-28 08:56:17 - GeoTravelGlobalLogger - INFO     - [logger.py:345] - ✅ Saved test-specific logs: reports/logs/src_tests_api_tests_test_visa_api.py_TestVisaEnquiryAPI_test_get_user_visa_applications_with_auth_085617.log
2026-05-28 08:56:17 - GeoTravelGlobalLogger - INFO     - [logger.py:345] - Test result added: src/tests/api_tests/test_visa_api.py::TestVisaEnquiryAPI::test_get_user_visa_applications_with_auth - PASS (Duration: 0.33s)
2026-05-28 08:56:17 - GeoTravelGlobalLogger - INFO     - [logger.py:345] - Added test result to API SMOKE TEST: src/tests/api_tests/test_visa_api.py::TestVisaEnquiryAPI::test_get_user_visa_applications_with_auth - PASS
2026-05-28 08:56:17 - GeoTravelGlobalLogger - INFO     - [logger.py:345] - ✅ TestVisaEnquiryAPI test completed
2026-05-28 08:56:17 - GeoTravelGlobalLogger - INFO     - [logger.py:345] - 🚀 Starting TestVisaEnquiryAPI test
2026-05-28 08:56:17 - GeoTravelGlobalLogger - INFO     - [logger.py:345] - === Testing Get User Visa Applications - Without Auth ===
2026-05-28 08:56:17 - GeoTravelGlobalLogger - INFO     - [logger.py:345] - 🔍 _request START - Current self.headers: {'Content-Type': 'application/json', 'Accept': 'application/json', 'X-Client-Type': 'retail'}
2026-05-28 08:56:17 - GeoTravelGlobalLogger - INFO     - [logger.py:345] - 🔍 _request - kwargs headers: {}
2026-05-28 08:56:17 - GeoTravelGlobalLogger - INFO     - [logger.py:345] - 🔍 _request FINAL headers being sent: {'Content-Type': 'application/json', 'Accept': 'application/json', 'X-Client-Type': 'retail'}
2026-05-28 08:56:17 - GeoTravelGlobalLogger - INFO     - [logger.py:345] - API Request: GET https://api.stg.gowithgeo.com/api/visa/all/user
2026-05-28 08:56:18 - GeoTravelGlobalLogger - INFO     - [logger.py:345] - API Response: 401
2026-05-28 08:56:18 - GeoTravelGlobalLogger - INFO     - [logger.py:345] - SUCCESS: ✅ Unauthenticated access correctly rejected with 401
2026-05-28 08:56:18 - GeoTravelGlobalLogger - INFO     - [logger.py:345] - ✅ Saved test-specific logs: reports/logs/src_tests_api_tests_test_visa_api.py_TestVisaEnquiryAPI_test_get_user_visa_applications_without_auth_085618.log
2026-05-28 08:56:18 - GeoTravelGlobalLogger - INFO     - [logger.py:345] - Test result added: src/tests/api_tests/test_visa_api.py::TestVisaEnquiryAPI::test_get_user_visa_applications_without_auth - PASS (Duration: 0.06s)
2026-05-28 08:56:18 - GeoTravelGlobalLogger - INFO     - [logger.py:345] - Added test result to API SMOKE TEST: src/tests/api_tests/test_visa_api.py::TestVisaEnquiryAPI::test_get_user_visa_applications_without_auth - PASS
2026-05-28 08:56:18 - GeoTravelGlobalLogger - INFO     - [logger.py:345] - ✅ TestVisaEnquiryAPI test completed
2026-05-28 08:56:18 - GeoTravelGlobalLogger - INFO     - [logger.py:345] - 🚀 Starting TestVisaEnquiryAPI test
2026-05-28 08:56:18 - GeoTravelGlobalLogger - INFO     - [logger.py:345] - Retrieved credentials from environment for: geo.qa.bot@gmail.com
2026-05-28 08:56:18 - GeoTravelGlobalLogger - INFO     - [logger.py:345] - Attempting login with email: geo.qa.bot@gmail.com
2026-05-28 08:56:18 - GeoTravelGlobalLogger - INFO     - [logger.py:345] - 🔍 _request START - Current self.headers: {'Content-Type': 'application/json', 'Accept': 'application/json', 'X-Client-Type': 'retail'}
2026-05-28 08:56:18 - GeoTravelGlobalLogger - INFO     - [logger.py:345] - 🔍 _request - kwargs headers: {}
2026-05-28 08:56:18 - GeoTravelGlobalLogger - INFO     - [logger.py:345] - 🔍 _request FINAL headers being sent: {'Content-Type': 'application/json', 'Accept': 'application/json', 'X-Client-Type': 'retail'}
2026-05-28 08:56:18 - GeoTravelGlobalLogger - INFO     - [logger.py:345] - API Request: POST https://api.stg.gowithgeo.com/api/auth/login
2026-05-28 08:56:18 - GeoTravelGlobalLogger - INFO     - [logger.py:345] - API Response: 200
2026-05-28 08:56:18 - GeoTravelGlobalLogger - INFO     - [logger.py:345] - Token extracted via cookies (length: 167, valid)
2026-05-28 08:56:18 - GeoTravelGlobalLogger - INFO     - [logger.py:345] - ✅ Auth token set from cookies (Cookie header)
2026-05-28 08:56:18 - GeoTravelGlobalLogger - INFO     - [logger.py:345] - SUCCESS: ✅ Login successful - token set via cookies
2026-05-28 08:56:18 - GeoTravelGlobalLogger - INFO     - [logger.py:345] - SUCCESS: ✅ Authenticated successfully (token length: 167)
2026-05-28 08:56:18 - GeoTravelGlobalLogger - INFO     - [logger.py:345] - ✅ Auth token set from cookies (Cookie header)
2026-05-28 08:56:18 - GeoTravelGlobalLogger - INFO     - [logger.py:345] - ✅ Auth token set from cookies (Cookie header)
2026-05-28 08:56:18 - GeoTravelGlobalLogger - INFO     - [logger.py:345] - === Testing Get User Visa Applications - With Filters ===
2026-05-28 08:56:18 - GeoTravelGlobalLogger - INFO     - [logger.py:345] - Testing: Status filter - Submitted
2026-05-28 08:56:18 - GeoTravelGlobalLogger - INFO     - [logger.py:345] - 🔍 _request START - Current self.headers: {'Content-Type': 'application/json', 'Accept': 'application/json', 'X-Client-Type': 'retail', 'Cookie': 'retail_access_token=eyJhbGciOiJIUzI1NiIsInR5cCI6IkpXVCJ9.eyJpZCI6MTUxLCJ1c2VyVHlwZSI6IlJFVEFJTCIsImlhdCI6MTc3OTk1ODU3OCwiZXhwIjoxNzgwMDAxNzc4fQ.k5ET-hLOgkr3i_M2d-UzBOweJWZI9YVha1lgUrb2hVA'}
2026-05-28 08:56:18 - GeoTravelGlobalLogger - INFO     - [logger.py:345] - 🔍 _request - kwargs headers: {}
2026-05-28 08:56:18 - GeoTravelGlobalLogger - INFO     - [logger.py:345] - 🔍 _request FINAL headers being sent: {'Content-Type': 'application/json', 'Accept': 'application/json', 'X-Client-Type': 'retail', 'Cookie': 'retail_access_token=eyJhbGciOiJIUzI1NiIsInR5cCI6IkpXVCJ9.eyJpZCI6MTUxLCJ1c2VyVHlwZSI6IlJFVEFJTCIsImlhdCI6MTc3OTk1ODU3OCwiZXhwIjoxNzgwMDAxNzc4fQ.k5ET-hLOgkr3i_M2d-UzBOweJWZI9YVha1lgUrb2hVA'}
2026-05-28 08:56:18 - GeoTravelGlobalLogger - INFO     - [logger.py:345] - API Request: GET https://api.stg.gowithgeo.com/api/visa/all/user
2026-05-28 08:56:18 - GeoTravelGlobalLogger - INFO     - [logger.py:345] - API Response: 200
2026-05-28 08:56:18 - GeoTravelGlobalLogger - INFO     - [logger.py:345] -   ✅ Filter applied: {'name': 'Status filter - Submitted', 'status': 'Submitted'}, Found: 20 applications
2026-05-28 08:56:18 - GeoTravelGlobalLogger - INFO     - [logger.py:345] - Testing: Status filter - InProgress
2026-05-28 08:56:18 - GeoTravelGlobalLogger - INFO     - [logger.py:345] - 🔍 _request START - Current self.headers: {'Content-Type': 'application/json', 'Accept': 'application/json', 'X-Client-Type': 'retail', 'Cookie': 'retail_access_token=eyJhbGciOiJIUzI1NiIsInR5cCI6IkpXVCJ9.eyJpZCI6MTUxLCJ1c2VyVHlwZSI6IlJFVEFJTCIsImlhdCI6MTc3OTk1ODU3OCwiZXhwIjoxNzgwMDAxNzc4fQ.k5ET-hLOgkr3i_M2d-UzBOweJWZI9YVha1lgUrb2hVA'}
2026-05-28 08:56:18 - GeoTravelGlobalLogger - INFO     - [logger.py:345] - 🔍 _request - kwargs headers: {}
2026-05-28 08:56:18 - GeoTravelGlobalLogger - INFO     - [logger.py:345] - 🔍 _request FINAL headers being sent: {'Content-Type': 'application/json', 'Accept': 'application/json', 'X-Client-Type': 'retail', 'Cookie': 'retail_access_token=eyJhbGciOiJIUzI1NiIsInR5cCI6IkpXVCJ9.eyJpZCI6MTUxLCJ1c2VyVHlwZSI6IlJFVEFJTCIsImlhdCI6MTc3OTk1ODU3OCwiZXhwIjoxNzgwMDAxNzc4fQ.k5ET-hLOgkr3i_M2d-UzBOweJWZI9YVha1lgUrb2hVA'}
2026-05-28 08:56:18 - GeoTravelGlobalLogger - INFO     - [logger.py:345] - API Request: GET https://api.stg.gowithgeo.com/api/visa/all/user
2026-05-28 08:56:18 - GeoTravelGlobalLogger - INFO     - [logger.py:345] - API Response: 200
2026-05-28 08:56:18 - GeoTravelGlobalLogger - INFO     - [logger.py:345] -   ✅ Filter applied: {'name': 'Status filter - InProgress', 'status': 'InProgress'}, Found: 0 applications
2026-05-28 08:56:18 - GeoTravelGlobalLogger - INFO     - [logger.py:345] - Testing: Type filter - Tourist
2026-05-28 08:56:18 - GeoTravelGlobalLogger - INFO     - [logger.py:345] - 🔍 _request START - Current self.headers: {'Content-Type': 'application/json', 'Accept': 'application/json', 'X-Client-Type': 'retail', 'Cookie': 'retail_access_token=eyJhbGciOiJIUzI1NiIsInR5cCI6IkpXVCJ9.eyJpZCI6MTUxLCJ1c2VyVHlwZSI6IlJFVEFJTCIsImlhdCI6MTc3OTk1ODU3OCwiZXhwIjoxNzgwMDAxNzc4fQ.k5ET-hLOgkr3i_M2d-UzBOweJWZI9YVha1lgUrb2hVA'}
2026-05-28 08:56:18 - GeoTravelGlobalLogger - INFO     - [logger.py:345] - 🔍 _request - kwargs headers: {}
2026-05-28 08:56:18 - GeoTravelGlobalLogger - INFO     - [logger.py:345] - 🔍 _request FINAL headers being sent: {'Content-Type': 'application/json', 'Accept': 'application/json', 'X-Client-Type': 'retail', 'Cookie': 'retail_access_token=eyJhbGciOiJIUzI1NiIsInR5cCI6IkpXVCJ9.eyJpZCI6MTUxLCJ1c2VyVHlwZSI6IlJFVEFJTCIsImlhdCI6MTc3OTk1ODU3OCwiZXhwIjoxNzgwMDAxNzc4fQ.k5ET-hLOgkr3i_M2d-UzBOweJWZI9YVha1lgUrb2hVA'}
2026-05-28 08:56:18 - GeoTravelGlobalLogger - INFO     - [logger.py:345] - API Request: GET https://api.stg.gowithgeo.com/api/visa/all/user
2026-05-28 08:56:19 - GeoTravelGlobalLogger - INFO     - [logger.py:345] - API Response: 200
2026-05-28 08:56:19 - GeoTravelGlobalLogger - INFO     - [logger.py:345] -   ✅ Filter applied: {'name': 'Type filter - Tourist', 'type': 'Tourist'}, Found: 20 applications
2026-05-28 08:56:19 - GeoTravelGlobalLogger - INFO     - [logger.py:345] - Testing: Type filter - Business
2026-05-28 08:56:19 - GeoTravelGlobalLogger - INFO     - [logger.py:345] - 🔍 _request START - Current self.headers: {'Content-Type': 'application/json', 'Accept': 'application/json', 'X-Client-Type': 'retail', 'Cookie': 'retail_access_token=eyJhbGciOiJIUzI1NiIsInR5cCI6IkpXVCJ9.eyJpZCI6MTUxLCJ1c2VyVHlwZSI6IlJFVEFJTCIsImlhdCI6MTc3OTk1ODU3OCwiZXhwIjoxNzgwMDAxNzc4fQ.k5ET-hLOgkr3i_M2d-UzBOweJWZI9YVha1lgUrb2hVA'}
2026-05-28 08:56:19 - GeoTravelGlobalLogger - INFO     - [logger.py:345] - 🔍 _request - kwargs headers: {}
2026-05-28 08:56:19 - GeoTravelGlobalLogger - INFO     - [logger.py:345] - 🔍 _request FINAL headers being sent: {'Content-Type': 'application/json', 'Accept': 'application/json', 'X-Client-Type': 'retail', 'Cookie': 'retail_access_token=eyJhbGciOiJIUzI1NiIsInR5cCI6IkpXVCJ9.eyJpZCI6MTUxLCJ1c2VyVHlwZSI6IlJFVEFJTCIsImlhdCI6MTc3OTk1ODU3OCwiZXhwIjoxNzgwMDAxNzc4fQ.k5ET-hLOgkr3i_M2d-UzBOweJWZI9YVha1lgUrb2hVA'}
2026-05-28 08:56:19 - GeoTravelGlobalLogger - INFO     - [logger.py:345] - API Request: GET https://api.stg.gowithgeo.com/api/visa/all/user
2026-05-28 08:56:19 - GeoTravelGlobalLogger - INFO     - [logger.py:345] - API Response: 200
2026-05-28 08:56:19 - GeoTravelGlobalLogger - INFO     - [logger.py:345] -   ✅ Filter applied: {'name': 'Type filter - Business', 'type': 'Business'}, Found: 10 applications
2026-05-28 08:56:19 - GeoTravelGlobalLogger - INFO     - [logger.py:345] - Testing: Combined filters
2026-05-28 08:56:19 - GeoTravelGlobalLogger - INFO     - [logger.py:345] - 🔍 _request START - Current self.headers: {'Content-Type': 'application/json', 'Accept': 'application/json', 'X-Client-Type': 'retail', 'Cookie': 'retail_access_token=eyJhbGciOiJIUzI1NiIsInR5cCI6IkpXVCJ9.eyJpZCI6MTUxLCJ1c2VyVHlwZSI6IlJFVEFJTCIsImlhdCI6MTc3OTk1ODU3OCwiZXhwIjoxNzgwMDAxNzc4fQ.k5ET-hLOgkr3i_M2d-UzBOweJWZI9YVha1lgUrb2hVA'}
2026-05-28 08:56:19 - GeoTravelGlobalLogger - INFO     - [logger.py:345] - 🔍 _request - kwargs headers: {}
2026-05-28 08:56:19 - GeoTravelGlobalLogger - INFO     - [logger.py:345] - 🔍 _request FINAL headers being sent: {'Content-Type': 'application/json', 'Accept': 'application/json', 'X-Client-Type': 'retail', 'Cookie': 'retail_access_token=eyJhbGciOiJIUzI1NiIsInR5cCI6IkpXVCJ9.eyJpZCI6MTUxLCJ1c2VyVHlwZSI6IlJFVEFJTCIsImlhdCI6MTc3OTk1ODU3OCwiZXhwIjoxNzgwMDAxNzc4fQ.k5ET-hLOgkr3i_M2d-UzBOweJWZI9YVha1lgUrb2hVA'}
2026-05-28 08:56:19 - GeoTravelGlobalLogger - INFO     - [logger.py:345] - API Request: GET https://api.stg.gowithgeo.com/api/visa/all/user
2026-05-28 08:56:19 - GeoTravelGlobalLogger - INFO     - [logger.py:345] - API Response: 200
2026-05-28 08:56:19 - GeoTravelGlobalLogger - INFO     - [logger.py:345] -   ✅ Filter applied: {'name': 'Combined filters', 'status': 'Submitted', 'type': 'Work', 'limit': 5}, Found: 1 applications
2026-05-28 08:56:19 - GeoTravelGlobalLogger - INFO     - [logger.py:345] - Testing: Date range filter
2026-05-28 08:56:19 - GeoTravelGlobalLogger - INFO     - [logger.py:345] - 🔍 _request START - Current self.headers: {'Content-Type': 'application/json', 'Accept': 'application/json', 'X-Client-Type': 'retail', 'Cookie': 'retail_access_token=eyJhbGciOiJIUzI1NiIsInR5cCI6IkpXVCJ9.eyJpZCI6MTUxLCJ1c2VyVHlwZSI6IlJFVEFJTCIsImlhdCI6MTc3OTk1ODU3OCwiZXhwIjoxNzgwMDAxNzc4fQ.k5ET-hLOgkr3i_M2d-UzBOweJWZI9YVha1lgUrb2hVA'}
2026-05-28 08:56:19 - GeoTravelGlobalLogger - INFO     - [logger.py:345] - 🔍 _request - kwargs headers: {}
2026-05-28 08:56:19 - GeoTravelGlobalLogger - INFO     - [logger.py:345] - 🔍 _request FINAL headers being sent: {'Content-Type': 'application/json', 'Accept': 'application/json', 'X-Client-Type': 'retail', 'Cookie': 'retail_access_token=eyJhbGciOiJIUzI1NiIsInR5cCI6IkpXVCJ9.eyJpZCI6MTUxLCJ1c2VyVHlwZSI6IlJFVEFJTCIsImlhdCI6MTc3OTk1ODU3OCwiZXhwIjoxNzgwMDAxNzc4fQ.k5ET-hLOgkr3i_M2d-UzBOweJWZI9YVha1lgUrb2hVA'}
2026-05-28 08:56:19 - GeoTravelGlobalLogger - INFO     - [logger.py:345] - API Request: GET https://api.stg.gowithgeo.com/api/visa/all/user
2026-05-28 08:56:19 - GeoTravelGlobalLogger - INFO     - [logger.py:345] - API Response: 200
2026-05-28 08:56:19 - GeoTravelGlobalLogger - INFO     - [logger.py:345] -   ✅ Filter applied: {'name': 'Date range filter', 'start_date': '2025-01-01', 'end_date': '2025-12-31'}, Found: 0 applications
2026-05-28 08:56:19 - GeoTravelGlobalLogger - INFO     - [logger.py:345] - ✅ Saved test-specific logs: reports/logs/src_tests_api_tests_test_visa_api.py_TestVisaEnquiryAPI_test_get_user_visa_applications_with_filters_085619.log
2026-05-28 08:56:19 - GeoTravelGlobalLogger - INFO     - [logger.py:345] - Test result added: src/tests/api_tests/test_visa_api.py::TestVisaEnquiryAPI::test_get_user_visa_applications_with_filters - PASS (Duration: 1.33s)
2026-05-28 08:56:19 - GeoTravelGlobalLogger - INFO     - [logger.py:345] - Added test result to API SMOKE TEST: src/tests/api_tests/test_visa_api.py::TestVisaEnquiryAPI::test_get_user_visa_applications_with_filters - PASS
2026-05-28 08:56:19 - GeoTravelGlobalLogger - INFO     - [logger.py:345] - ✅ TestVisaEnquiryAPI test completed
2026-05-28 08:56:19 - GeoTravelGlobalLogger - INFO     - [logger.py:345] - 🚀 Starting TestVisaEnquiryAPI test
2026-05-28 08:56:19 - GeoTravelGlobalLogger - INFO     - [logger.py:345] - Retrieved credentials from environment for: geo.qa.bot@gmail.com
2026-05-28 08:56:19 - GeoTravelGlobalLogger - INFO     - [logger.py:345] - Attempting login with email: geo.qa.bot@gmail.com
2026-05-28 08:56:19 - GeoTravelGlobalLogger - INFO     - [logger.py:345] - 🔍 _request START - Current self.headers: {'Content-Type': 'application/json', 'Accept': 'application/json', 'X-Client-Type': 'retail'}
2026-05-28 08:56:19 - GeoTravelGlobalLogger - INFO     - [logger.py:345] - 🔍 _request - kwargs headers: {}
2026-05-28 08:56:19 - GeoTravelGlobalLogger - INFO     - [logger.py:345] - 🔍 _request FINAL headers being sent: {'Content-Type': 'application/json', 'Accept': 'application/json', 'X-Client-Type': 'retail'}
2026-05-28 08:56:19 - GeoTravelGlobalLogger - INFO     - [logger.py:345] - API Request: POST https://api.stg.gowithgeo.com/api/auth/login
2026-05-28 08:56:19 - GeoTravelGlobalLogger - INFO     - [logger.py:345] - API Response: 200
2026-05-28 08:56:19 - GeoTravelGlobalLogger - INFO     - [logger.py:345] - Token extracted via cookies (length: 167, valid)
2026-05-28 08:56:19 - GeoTravelGlobalLogger - INFO     - [logger.py:345] - ✅ Auth token set from cookies (Cookie header)
2026-05-28 08:56:19 - GeoTravelGlobalLogger - INFO     - [logger.py:345] - SUCCESS: ✅ Login successful - token set via cookies
2026-05-28 08:56:19 - GeoTravelGlobalLogger - INFO     - [logger.py:345] - SUCCESS: ✅ Authenticated successfully (token length: 167)
2026-05-28 08:56:19 - GeoTravelGlobalLogger - INFO     - [logger.py:345] - ✅ Auth token set from cookies (Cookie header)
2026-05-28 08:56:19 - GeoTravelGlobalLogger - INFO     - [logger.py:345] - ✅ Auth token set from cookies (Cookie header)
2026-05-28 08:56:19 - GeoTravelGlobalLogger - INFO     - [logger.py:345] - === Testing User Visa Applications Pagination ===
2026-05-28 08:56:19 - GeoTravelGlobalLogger - INFO     - [logger.py:345] - Testing pagination: Page 1, Limit 5
2026-05-28 08:56:19 - GeoTravelGlobalLogger - INFO     - [logger.py:345] - 🔍 _request START - Current self.headers: {'Content-Type': 'application/json', 'Accept': 'application/json', 'X-Client-Type': 'retail', 'Cookie': 'retail_access_token=eyJhbGciOiJIUzI1NiIsInR5cCI6IkpXVCJ9.eyJpZCI6MTUxLCJ1c2VyVHlwZSI6IlJFVEFJTCIsImlhdCI6MTc3OTk1ODU3OSwiZXhwIjoxNzgwMDAxNzc5fQ.h3yuPuPvdgp9bqEaZXoyZa3XB1dtcqR5fp0bPY21I2M'}
2026-05-28 08:56:19 - GeoTravelGlobalLogger - INFO     - [logger.py:345] - 🔍 _request - kwargs headers: {}
2026-05-28 08:56:19 - GeoTravelGlobalLogger - INFO     - [logger.py:345] - 🔍 _request FINAL headers being sent: {'Content-Type': 'application/json', 'Accept': 'application/json', 'X-Client-Type': 'retail', 'Cookie': 'retail_access_token=eyJhbGciOiJIUzI1NiIsInR5cCI6IkpXVCJ9.eyJpZCI6MTUxLCJ1c2VyVHlwZSI6IlJFVEFJTCIsImlhdCI6MTc3OTk1ODU3OSwiZXhwIjoxNzgwMDAxNzc5fQ.h3yuPuPvdgp9bqEaZXoyZa3XB1dtcqR5fp0bPY21I2M'}
2026-05-28 08:56:19 - GeoTravelGlobalLogger - INFO     - [logger.py:345] - API Request: GET https://api.stg.gowithgeo.com/api/visa/all/user
2026-05-28 08:56:20 - GeoTravelGlobalLogger - INFO     - [logger.py:345] - API Response: 200
2026-05-28 08:56:20 - GeoTravelGlobalLogger - INFO     - [logger.py:345] -   ✅ Page 1, Items per page: 5
2026-05-28 08:56:20 - GeoTravelGlobalLogger - INFO     - [logger.py:345] - Testing pagination: Page 1, Limit 10
2026-05-28 08:56:20 - GeoTravelGlobalLogger - INFO     - [logger.py:345] - 🔍 _request START - Current self.headers: {'Content-Type': 'application/json', 'Accept': 'application/json', 'X-Client-Type': 'retail', 'Cookie': 'retail_access_token=eyJhbGciOiJIUzI1NiIsInR5cCI6IkpXVCJ9.eyJpZCI6MTUxLCJ1c2VyVHlwZSI6IlJFVEFJTCIsImlhdCI6MTc3OTk1ODU3OSwiZXhwIjoxNzgwMDAxNzc5fQ.h3yuPuPvdgp9bqEaZXoyZa3XB1dtcqR5fp0bPY21I2M'}
2026-05-28 08:56:20 - GeoTravelGlobalLogger - INFO     - [logger.py:345] - 🔍 _request - kwargs headers: {}
2026-05-28 08:56:20 - GeoTravelGlobalLogger - INFO     - [logger.py:345] - 🔍 _request FINAL headers being sent: {'Content-Type': 'application/json', 'Accept': 'application/json', 'X-Client-Type': 'retail', 'Cookie': 'retail_access_token=eyJhbGciOiJIUzI1NiIsInR5cCI6IkpXVCJ9.eyJpZCI6MTUxLCJ1c2VyVHlwZSI6IlJFVEFJTCIsImlhdCI6MTc3OTk1ODU3OSwiZXhwIjoxNzgwMDAxNzc5fQ.h3yuPuPvdgp9bqEaZXoyZa3XB1dtcqR5fp0bPY21I2M'}
2026-05-28 08:56:20 - GeoTravelGlobalLogger - INFO     - [logger.py:345] - API Request: GET https://api.stg.gowithgeo.com/api/visa/all/user
2026-05-28 08:56:20 - GeoTravelGlobalLogger - INFO     - [logger.py:345] - API Response: 200
2026-05-28 08:56:20 - GeoTravelGlobalLogger - INFO     - [logger.py:345] -   ✅ Page 1, Items per page: 10
2026-05-28 08:56:20 - GeoTravelGlobalLogger - INFO     - [logger.py:345] - Testing pagination: Page 2, Limit 5
2026-05-28 08:56:20 - GeoTravelGlobalLogger - INFO     - [logger.py:345] - 🔍 _request START - Current self.headers: {'Content-Type': 'application/json', 'Accept': 'application/json', 'X-Client-Type': 'retail', 'Cookie': 'retail_access_token=eyJhbGciOiJIUzI1NiIsInR5cCI6IkpXVCJ9.eyJpZCI6MTUxLCJ1c2VyVHlwZSI6IlJFVEFJTCIsImlhdCI6MTc3OTk1ODU3OSwiZXhwIjoxNzgwMDAxNzc5fQ.h3yuPuPvdgp9bqEaZXoyZa3XB1dtcqR5fp0bPY21I2M'}
2026-05-28 08:56:20 - GeoTravelGlobalLogger - INFO     - [logger.py:345] - 🔍 _request - kwargs headers: {}
2026-05-28 08:56:20 - GeoTravelGlobalLogger - INFO     - [logger.py:345] - 🔍 _request FINAL headers being sent: {'Content-Type': 'application/json', 'Accept': 'application/json', 'X-Client-Type': 'retail', 'Cookie': 'retail_access_token=eyJhbGciOiJIUzI1NiIsInR5cCI6IkpXVCJ9.eyJpZCI6MTUxLCJ1c2VyVHlwZSI6IlJFVEFJTCIsImlhdCI6MTc3OTk1ODU3OSwiZXhwIjoxNzgwMDAxNzc5fQ.h3yuPuPvdgp9bqEaZXoyZa3XB1dtcqR5fp0bPY21I2M'}
2026-05-28 08:56:20 - GeoTravelGlobalLogger - INFO     - [logger.py:345] - API Request: GET https://api.stg.gowithgeo.com/api/visa/all/user
2026-05-28 08:56:20 - GeoTravelGlobalLogger - INFO     - [logger.py:345] - API Response: 200
2026-05-28 08:56:20 - GeoTravelGlobalLogger - INFO     - [logger.py:345] -   ✅ Page 2, Items per page: 5
2026-05-28 08:56:20 - GeoTravelGlobalLogger - INFO     - [logger.py:345] - ✅ Saved test-specific logs: reports/logs/src_tests_api_tests_test_visa_api.py_TestVisaEnquiryAPI_test_get_user_visa_applications_pagination_085620.log
2026-05-28 08:56:20 - GeoTravelGlobalLogger - INFO     - [logger.py:345] - Test result added: src/tests/api_tests/test_visa_api.py::TestVisaEnquiryAPI::test_get_user_visa_applications_pagination - PASS (Duration: 0.64s)
2026-05-28 08:56:20 - GeoTravelGlobalLogger - INFO     - [logger.py:345] - Added test result to API SMOKE TEST: src/tests/api_tests/test_visa_api.py::TestVisaEnquiryAPI::test_get_user_visa_applications_pagination - PASS
2026-05-28 08:56:20 - GeoTravelGlobalLogger - INFO     - [logger.py:345] - ✅ TestVisaEnquiryAPI test completed
2026-05-28 08:56:20 - GeoTravelGlobalLogger - INFO     - [logger.py:345] - 🚀 Starting TestVisaEnquiryAPI test
2026-05-28 08:56:20 - GeoTravelGlobalLogger - INFO     - [logger.py:345] - Retrieved credentials from environment for: geo.qa.bot@gmail.com
2026-05-28 08:56:20 - GeoTravelGlobalLogger - INFO     - [logger.py:345] - Attempting login with email: geo.qa.bot@gmail.com
2026-05-28 08:56:20 - GeoTravelGlobalLogger - INFO     - [logger.py:345] - 🔍 _request START - Current self.headers: {'Content-Type': 'application/json', 'Accept': 'application/json', 'X-Client-Type': 'retail'}
2026-05-28 08:56:20 - GeoTravelGlobalLogger - INFO     - [logger.py:345] - 🔍 _request - kwargs headers: {}
2026-05-28 08:56:20 - GeoTravelGlobalLogger - INFO     - [logger.py:345] - 🔍 _request FINAL headers being sent: {'Content-Type': 'application/json', 'Accept': 'application/json', 'X-Client-Type': 'retail'}
2026-05-28 08:56:20 - GeoTravelGlobalLogger - INFO     - [logger.py:345] - API Request: POST https://api.stg.gowithgeo.com/api/auth/login
2026-05-28 08:56:20 - GeoTravelGlobalLogger - INFO     - [logger.py:345] - API Response: 200
2026-05-28 08:56:20 - GeoTravelGlobalLogger - INFO     - [logger.py:345] - Token extracted via cookies (length: 167, valid)
2026-05-28 08:56:20 - GeoTravelGlobalLogger - INFO     - [logger.py:345] - ✅ Auth token set from cookies (Cookie header)
2026-05-28 08:56:20 - GeoTravelGlobalLogger - INFO     - [logger.py:345] - SUCCESS: ✅ Login successful - token set via cookies
2026-05-28 08:56:20 - GeoTravelGlobalLogger - INFO     - [logger.py:345] - SUCCESS: ✅ Authenticated successfully (token length: 167)
2026-05-28 08:56:20 - GeoTravelGlobalLogger - INFO     - [logger.py:345] - ✅ Auth token set from cookies (Cookie header)
2026-05-28 08:56:20 - GeoTravelGlobalLogger - INFO     - [logger.py:345] - ✅ Auth token set from cookies (Cookie header)
2026-05-28 08:56:20 - GeoTravelGlobalLogger - INFO     - [logger.py:345] - === Testing Get Visa Application by ID - With Auth ===
2026-05-28 08:56:20 - GeoTravelGlobalLogger - INFO     - [logger.py:345] - 🔍 _request START - Current self.headers: {'Content-Type': 'application/json', 'Accept': 'application/json', 'X-Client-Type': 'retail', 'Cookie': 'retail_access_token=eyJhbGciOiJIUzI1NiIsInR5cCI6IkpXVCJ9.eyJpZCI6MTUxLCJ1c2VyVHlwZSI6IlJFVEFJTCIsImlhdCI6MTc3OTk1ODU4MCwiZXhwIjoxNzgwMDAxNzgwfQ.u8_DLY6CPOaufN4M9j14524sRd49HPtsY0AuMtYpm0k'}
2026-05-28 08:56:20 - GeoTravelGlobalLogger - INFO     - [logger.py:345] - 🔍 _request - kwargs headers: {}
2026-05-28 08:56:20 - GeoTravelGlobalLogger - INFO     - [logger.py:345] - 🔍 _request FINAL headers being sent: {'Content-Type': 'application/json', 'Accept': 'application/json', 'X-Client-Type': 'retail', 'Cookie': 'retail_access_token=eyJhbGciOiJIUzI1NiIsInR5cCI6IkpXVCJ9.eyJpZCI6MTUxLCJ1c2VyVHlwZSI6IlJFVEFJTCIsImlhdCI6MTc3OTk1ODU4MCwiZXhwIjoxNzgwMDAxNzgwfQ.u8_DLY6CPOaufN4M9j14524sRd49HPtsY0AuMtYpm0k'}
2026-05-28 08:56:20 - GeoTravelGlobalLogger - INFO     - [logger.py:345] - API Request: GET https://api.stg.gowithgeo.com/api/visa/all/user
2026-05-28 08:56:21 - GeoTravelGlobalLogger - INFO     - [logger.py:345] - API Response: 200
2026-05-28 08:56:21 - GeoTravelGlobalLogger - INFO     - [logger.py:345] - 🔍 _request START - Current self.headers: {'Content-Type': 'application/json', 'Accept': 'application/json', 'X-Client-Type': 'retail', 'Cookie': 'retail_access_token=eyJhbGciOiJIUzI1NiIsInR5cCI6IkpXVCJ9.eyJpZCI6MTUxLCJ1c2VyVHlwZSI6IlJFVEFJTCIsImlhdCI6MTc3OTk1ODU4MCwiZXhwIjoxNzgwMDAxNzgwfQ.u8_DLY6CPOaufN4M9j14524sRd49HPtsY0AuMtYpm0k'}
2026-05-28 08:56:21 - GeoTravelGlobalLogger - INFO     - [logger.py:345] - 🔍 _request - kwargs headers: {}
2026-05-28 08:56:21 - GeoTravelGlobalLogger - INFO     - [logger.py:345] - 🔍 _request FINAL headers being sent: {'Content-Type': 'application/json', 'Accept': 'application/json', 'X-Client-Type': 'retail', 'Cookie': 'retail_access_token=eyJhbGciOiJIUzI1NiIsInR5cCI6IkpXVCJ9.eyJpZCI6MTUxLCJ1c2VyVHlwZSI6IlJFVEFJTCIsImlhdCI6MTc3OTk1ODU4MCwiZXhwIjoxNzgwMDAxNzgwfQ.u8_DLY6CPOaufN4M9j14524sRd49HPtsY0AuMtYpm0k'}
2026-05-28 08:56:21 - GeoTravelGlobalLogger - INFO     - [logger.py:345] - API Request: GET https://api.stg.gowithgeo.com/api/visa
2026-05-28 08:56:21 - GeoTravelGlobalLogger - INFO     - [logger.py:345] - API Response: 200
2026-05-28 08:56:21 - GeoTravelGlobalLogger - INFO     - [logger.py:345] - SUCCESS: ✅ Successfully retrieved visa application 2333
2026-05-28 08:56:21 - GeoTravelGlobalLogger - INFO     - [logger.py:345] - Response: {'status': 'success', 'message': 'Visa retrieved successful', 'data': {'id': 2333, 'visaCountry': 'QATAR', 'first_name': 'QA Bot', 'last_name': 'GEO', 'travel_date': '2026-05-29', 'email': 'geo.qa.bot@gmail.com', 'phoneNumber': '7080702920', 'nationality': 'Nigeria', 'passportAvailable': 'Yes', 'invoice_id': 3024, 'paymentStatus': 'UNPAID', 'user_id': 151, 'enquiryStatus': 'Submitted', 'message': 'I would like to travel for business purposes', 'amount': 25000, 'agree': True, 'application_id': 'VISA-000619', 'type': 'Tourist', 'appointment_date': None, 'passport_bio_page': None, 'bank_statement': None, 'travel_itinerary': None, 'flight_reservation': None, 'accommodation_proof': None, 'last_updated': '2026-05-28T08:56:15.329Z', 'booking_code': 'GV-MPP9DMS4GXIXFR3H', 'createdAt': '2026-05-28T08:56:15.329Z', 'updatedAt': '2026-05-28T08:56:15.880Z'}}
2026-05-28 08:56:21 - GeoTravelGlobalLogger - INFO     - [logger.py:345] - ✅ Saved test-specific logs: reports/logs/src_tests_api_tests_test_visa_api.py_TestVisaEnquiryAPI_test_get_visa_application_by_id_with_auth_085621.log
2026-05-28 08:56:21 - GeoTravelGlobalLogger - INFO     - [logger.py:345] - Test result added: src/tests/api_tests/test_visa_api.py::TestVisaEnquiryAPI::test_get_visa_application_by_id_with_auth - PASS (Duration: 0.45s)
2026-05-28 08:56:21 - GeoTravelGlobalLogger - INFO     - [logger.py:345] - Added test result to API SMOKE TEST: src/tests/api_tests/test_visa_api.py::TestVisaEnquiryAPI::test_get_visa_application_by_id_with_auth - PASS
2026-05-28 08:56:21 - GeoTravelGlobalLogger - INFO     - [logger.py:345] - ✅ TestVisaEnquiryAPI test completed
2026-05-28 08:56:21 - GeoTravelGlobalLogger - INFO     - [logger.py:345] - 🚀 Starting TestVisaEnquiryAPI test
2026-05-28 08:56:21 - GeoTravelGlobalLogger - INFO     - [logger.py:345] - === Testing Get Visa Application by ID - Without Auth ===
2026-05-28 08:56:21 - GeoTravelGlobalLogger - INFO     - [logger.py:345] - 🔍 _request START - Current self.headers: {'Content-Type': 'application/json', 'Accept': 'application/json', 'X-Client-Type': 'retail'}
2026-05-28 08:56:21 - GeoTravelGlobalLogger - INFO     - [logger.py:345] - 🔍 _request - kwargs headers: {}
2026-05-28 08:56:21 - GeoTravelGlobalLogger - INFO     - [logger.py:345] - 🔍 _request FINAL headers being sent: {'Content-Type': 'application/json', 'Accept': 'application/json', 'X-Client-Type': 'retail'}
2026-05-28 08:56:21 - GeoTravelGlobalLogger - INFO     - [logger.py:345] - API Request: GET https://api.stg.gowithgeo.com/api/visa
2026-05-28 08:56:21 - GeoTravelGlobalLogger - INFO     - [logger.py:345] - API Response: 401
2026-05-28 08:56:21 - GeoTravelGlobalLogger - INFO     - [logger.py:345] - SUCCESS: ✅ Unauthenticated access correctly rejected with 401
2026-05-28 08:56:21 - GeoTravelGlobalLogger - INFO     - [logger.py:345] - ✅ Saved test-specific logs: reports/logs/src_tests_api_tests_test_visa_api.py_TestVisaEnquiryAPI_test_get_visa_application_by_id_without_auth_085621.log
2026-05-28 08:56:21 - GeoTravelGlobalLogger - INFO     - [logger.py:345] - Test result added: src/tests/api_tests/test_visa_api.py::TestVisaEnquiryAPI::test_get_visa_application_by_id_without_auth - PASS (Duration: 0.06s)
2026-05-28 08:56:21 - GeoTravelGlobalLogger - INFO     - [logger.py:345] - Added test result to API SMOKE TEST: src/tests/api_tests/test_visa_api.py::TestVisaEnquiryAPI::test_get_visa_application_by_id_without_auth - PASS
2026-05-28 08:56:21 - GeoTravelGlobalLogger - INFO     - [logger.py:345] - ✅ TestVisaEnquiryAPI test completed
2026-05-28 08:56:21 - GeoTravelGlobalLogger - INFO     - [logger.py:345] - 🚀 Starting TestVisaEnquiryAPI test
2026-05-28 08:56:21 - GeoTravelGlobalLogger - INFO     - [logger.py:345] - Retrieved credentials from environment for: geo.qa.bot@gmail.com
2026-05-28 08:56:21 - GeoTravelGlobalLogger - INFO     - [logger.py:345] - Attempting login with email: geo.qa.bot@gmail.com
2026-05-28 08:56:21 - GeoTravelGlobalLogger - INFO     - [logger.py:345] - 🔍 _request START - Current self.headers: {'Content-Type': 'application/json', 'Accept': 'application/json', 'X-Client-Type': 'retail'}
2026-05-28 08:56:21 - GeoTravelGlobalLogger - INFO     - [logger.py:345] - 🔍 _request - kwargs headers: {}
2026-05-28 08:56:21 - GeoTravelGlobalLogger - INFO     - [logger.py:345] - 🔍 _request FINAL headers being sent: {'Content-Type': 'application/json', 'Accept': 'application/json', 'X-Client-Type': 'retail'}
2026-05-28 08:56:21 - GeoTravelGlobalLogger - INFO     - [logger.py:345] - API Request: POST https://api.stg.gowithgeo.com/api/auth/login
2026-05-28 08:56:21 - GeoTravelGlobalLogger - INFO     - [logger.py:345] - API Response: 200
2026-05-28 08:56:21 - GeoTravelGlobalLogger - INFO     - [logger.py:345] - Token extracted via cookies (length: 167, valid)
2026-05-28 08:56:21 - GeoTravelGlobalLogger - INFO     - [logger.py:345] - ✅ Auth token set from cookies (Cookie header)
2026-05-28 08:56:21 - GeoTravelGlobalLogger - INFO     - [logger.py:345] - SUCCESS: ✅ Login successful - token set via cookies
2026-05-28 08:56:21 - GeoTravelGlobalLogger - INFO     - [logger.py:345] - SUCCESS: ✅ Authenticated successfully (token length: 167)
2026-05-28 08:56:21 - GeoTravelGlobalLogger - INFO     - [logger.py:345] - ✅ Auth token set from cookies (Cookie header)
2026-05-28 08:56:21 - GeoTravelGlobalLogger - INFO     - [logger.py:345] - ✅ Auth token set from cookies (Cookie header)
2026-05-28 08:56:21 - GeoTravelGlobalLogger - INFO     - [logger.py:345] - === Testing Complete Visa Flow - With Auth ===
2026-05-28 08:56:21 - GeoTravelGlobalLogger - INFO     - [logger.py:345] - === Flow for FLUTTERWAVE ===
2026-05-28 08:56:21 - GeoTravelGlobalLogger - INFO     - [logger.py:345] - Step 1: Creating visa enquiry...
2026-05-28 08:56:21 - GeoTravelGlobalLogger - INFO     - [logger.py:345] - 🔍 _request START - Current self.headers: {'Content-Type': 'application/json', 'Accept': 'application/json', 'X-Client-Type': 'retail', 'Cookie': 'retail_access_token=eyJhbGciOiJIUzI1NiIsInR5cCI6IkpXVCJ9.eyJpZCI6MTUxLCJ1c2VyVHlwZSI6IlJFVEFJTCIsImlhdCI6MTc3OTk1ODU4MSwiZXhwIjoxNzgwMDAxNzgxfQ.FloCST28CsW2n9KRukSIDGDB1Cm4yD6O08H0V-z9RwI'}
2026-05-28 08:56:21 - GeoTravelGlobalLogger - INFO     - [logger.py:345] - 🔍 _request - kwargs headers: {}
2026-05-28 08:56:21 - GeoTravelGlobalLogger - INFO     - [logger.py:345] - 🔍 _request FINAL headers being sent: {'Content-Type': 'application/json', 'Accept': 'application/json', 'X-Client-Type': 'retail', 'Cookie': 'retail_access_token=eyJhbGciOiJIUzI1NiIsInR5cCI6IkpXVCJ9.eyJpZCI6MTUxLCJ1c2VyVHlwZSI6IlJFVEFJTCIsImlhdCI6MTc3OTk1ODU4MSwiZXhwIjoxNzgwMDAxNzgxfQ.FloCST28CsW2n9KRukSIDGDB1Cm4yD6O08H0V-z9RwI'}
2026-05-28 08:56:21 - GeoTravelGlobalLogger - INFO     - [logger.py:345] - API Request: POST https://api.stg.gowithgeo.com/api/visa/create
2026-05-28 08:56:22 - GeoTravelGlobalLogger - INFO     - [logger.py:345] - API Response: 200
2026-05-28 08:56:22 - GeoTravelGlobalLogger - INFO     - [logger.py:345] - SUCCESS: ✅ Visa enquiry created: ID=2337
2026-05-28 08:56:22 - GeoTravelGlobalLogger - INFO     - [logger.py:345] - Step 2: Verifying visa appears in user's applications...
2026-05-28 08:56:22 - GeoTravelGlobalLogger - INFO     - [logger.py:345] - 🔍 _request START - Current self.headers: {'Content-Type': 'application/json', 'Accept': 'application/json', 'X-Client-Type': 'retail', 'Cookie': 'retail_access_token=eyJhbGciOiJIUzI1NiIsInR5cCI6IkpXVCJ9.eyJpZCI6MTUxLCJ1c2VyVHlwZSI6IlJFVEFJTCIsImlhdCI6MTc3OTk1ODU4MSwiZXhwIjoxNzgwMDAxNzgxfQ.FloCST28CsW2n9KRukSIDGDB1Cm4yD6O08H0V-z9RwI'}
2026-05-28 08:56:22 - GeoTravelGlobalLogger - INFO     - [logger.py:345] - 🔍 _request - kwargs headers: {}
2026-05-28 08:56:22 - GeoTravelGlobalLogger - INFO     - [logger.py:345] - 🔍 _request FINAL headers being sent: {'Content-Type': 'application/json', 'Accept': 'application/json', 'X-Client-Type': 'retail', 'Cookie': 'retail_access_token=eyJhbGciOiJIUzI1NiIsInR5cCI6IkpXVCJ9.eyJpZCI6MTUxLCJ1c2VyVHlwZSI6IlJFVEFJTCIsImlhdCI6MTc3OTk1ODU4MSwiZXhwIjoxNzgwMDAxNzgxfQ.FloCST28CsW2n9KRukSIDGDB1Cm4yD6O08H0V-z9RwI'}
2026-05-28 08:56:22 - GeoTravelGlobalLogger - INFO     - [logger.py:345] - API Request: GET https://api.stg.gowithgeo.com/api/visa/all/user
2026-05-28 08:56:22 - GeoTravelGlobalLogger - INFO     - [logger.py:345] - API Response: 200
2026-05-28 08:56:22 - GeoTravelGlobalLogger - INFO     - [logger.py:345] - SUCCESS: ✅ Visa found in user's applications
2026-05-28 08:56:22 - GeoTravelGlobalLogger - INFO     - [logger.py:345] - Step 3: Initiating payment via FLUTTERWAVE
2026-05-28 08:56:22 - GeoTravelGlobalLogger - INFO     - [logger.py:345] - 🔍 _request START - Current self.headers: {'Content-Type': 'application/json', 'Accept': 'application/json', 'X-Client-Type': 'retail', 'Cookie': 'retail_access_token=eyJhbGciOiJIUzI1NiIsInR5cCI6IkpXVCJ9.eyJpZCI6MTUxLCJ1c2VyVHlwZSI6IlJFVEFJTCIsImlhdCI6MTc3OTk1ODU4MSwiZXhwIjoxNzgwMDAxNzgxfQ.FloCST28CsW2n9KRukSIDGDB1Cm4yD6O08H0V-z9RwI'}
2026-05-28 08:56:22 - GeoTravelGlobalLogger - INFO     - [logger.py:345] - 🔍 _request - kwargs headers: {}
2026-05-28 08:56:22 - GeoTravelGlobalLogger - INFO     - [logger.py:345] - 🔍 _request FINAL headers being sent: {'Content-Type': 'application/json', 'Accept': 'application/json', 'X-Client-Type': 'retail', 'Cookie': 'retail_access_token=eyJhbGciOiJIUzI1NiIsInR5cCI6IkpXVCJ9.eyJpZCI6MTUxLCJ1c2VyVHlwZSI6IlJFVEFJTCIsImlhdCI6MTc3OTk1ODU4MSwiZXhwIjoxNzgwMDAxNzgxfQ.FloCST28CsW2n9KRukSIDGDB1Cm4yD6O08H0V-z9RwI'}
2026-05-28 08:56:22 - GeoTravelGlobalLogger - INFO     - [logger.py:345] - API Request: POST https://api.stg.gowithgeo.com/api/visa/payment
2026-05-28 08:56:23 - GeoTravelGlobalLogger - INFO     - [logger.py:345] - API Response: 200
2026-05-28 08:56:23 - GeoTravelGlobalLogger - INFO     - [logger.py:345] - SUCCESS: ✅ Flutterwave payment link generated and verified
2026-05-28 08:56:23 - GeoTravelGlobalLogger - INFO     - [logger.py:345] - === Flow for MANUAL PAYMENT ===
2026-05-28 08:56:23 - GeoTravelGlobalLogger - INFO     - [logger.py:345] - Step 1: Creating visa enquiry...
2026-05-28 08:56:23 - GeoTravelGlobalLogger - INFO     - [logger.py:345] - 🔍 _request START - Current self.headers: {'Content-Type': 'application/json', 'Accept': 'application/json', 'X-Client-Type': 'retail', 'Cookie': 'retail_access_token=eyJhbGciOiJIUzI1NiIsInR5cCI6IkpXVCJ9.eyJpZCI6MTUxLCJ1c2VyVHlwZSI6IlJFVEFJTCIsImlhdCI6MTc3OTk1ODU4MSwiZXhwIjoxNzgwMDAxNzgxfQ.FloCST28CsW2n9KRukSIDGDB1Cm4yD6O08H0V-z9RwI'}
2026-05-28 08:56:23 - GeoTravelGlobalLogger - INFO     - [logger.py:345] - 🔍 _request - kwargs headers: {}
2026-05-28 08:56:23 - GeoTravelGlobalLogger - INFO     - [logger.py:345] - 🔍 _request FINAL headers being sent: {'Content-Type': 'application/json', 'Accept': 'application/json', 'X-Client-Type': 'retail', 'Cookie': 'retail_access_token=eyJhbGciOiJIUzI1NiIsInR5cCI6IkpXVCJ9.eyJpZCI6MTUxLCJ1c2VyVHlwZSI6IlJFVEFJTCIsImlhdCI6MTc3OTk1ODU4MSwiZXhwIjoxNzgwMDAxNzgxfQ.FloCST28CsW2n9KRukSIDGDB1Cm4yD6O08H0V-z9RwI'}
2026-05-28 08:56:23 - GeoTravelGlobalLogger - INFO     - [logger.py:345] - API Request: POST https://api.stg.gowithgeo.com/api/visa/create
2026-05-28 08:56:24 - GeoTravelGlobalLogger - INFO     - [logger.py:345] - API Response: 200
2026-05-28 08:56:24 - GeoTravelGlobalLogger - INFO     - [logger.py:345] - SUCCESS: ✅ Visa enquiry created: ID=2338
2026-05-28 08:56:24 - GeoTravelGlobalLogger - INFO     - [logger.py:345] - Step 2: Verifying visa appears in user's applications...
2026-05-28 08:56:24 - GeoTravelGlobalLogger - INFO     - [logger.py:345] - 🔍 _request START - Current self.headers: {'Content-Type': 'application/json', 'Accept': 'application/json', 'X-Client-Type': 'retail', 'Cookie': 'retail_access_token=eyJhbGciOiJIUzI1NiIsInR5cCI6IkpXVCJ9.eyJpZCI6MTUxLCJ1c2VyVHlwZSI6IlJFVEFJTCIsImlhdCI6MTc3OTk1ODU4MSwiZXhwIjoxNzgwMDAxNzgxfQ.FloCST28CsW2n9KRukSIDGDB1Cm4yD6O08H0V-z9RwI'}
2026-05-28 08:56:24 - GeoTravelGlobalLogger - INFO     - [logger.py:345] - 🔍 _request - kwargs headers: {}
2026-05-28 08:56:24 - GeoTravelGlobalLogger - INFO     - [logger.py:345] - 🔍 _request FINAL headers being sent: {'Content-Type': 'application/json', 'Accept': 'application/json', 'X-Client-Type': 'retail', 'Cookie': 'retail_access_token=eyJhbGciOiJIUzI1NiIsInR5cCI6IkpXVCJ9.eyJpZCI6MTUxLCJ1c2VyVHlwZSI6IlJFVEFJTCIsImlhdCI6MTc3OTk1ODU4MSwiZXhwIjoxNzgwMDAxNzgxfQ.FloCST28CsW2n9KRukSIDGDB1Cm4yD6O08H0V-z9RwI'}
2026-05-28 08:56:24 - GeoTravelGlobalLogger - INFO     - [logger.py:345] - API Request: GET https://api.stg.gowithgeo.com/api/visa/all/user
2026-05-28 08:56:24 - GeoTravelGlobalLogger - INFO     - [logger.py:345] - API Response: 200
2026-05-28 08:56:24 - GeoTravelGlobalLogger - INFO     - [logger.py:345] - SUCCESS: ✅ Visa found in user's applications
2026-05-28 08:56:24 - GeoTravelGlobalLogger - INFO     - [logger.py:345] - Step 3: Initiating payment via MANUAL PAYMENT
2026-05-28 08:56:24 - GeoTravelGlobalLogger - INFO     - [logger.py:345] - 🔍 _request START - Current self.headers: {'Content-Type': 'application/json', 'Accept': 'application/json', 'X-Client-Type': 'retail', 'Cookie': 'retail_access_token=eyJhbGciOiJIUzI1NiIsInR5cCI6IkpXVCJ9.eyJpZCI6MTUxLCJ1c2VyVHlwZSI6IlJFVEFJTCIsImlhdCI6MTc3OTk1ODU4MSwiZXhwIjoxNzgwMDAxNzgxfQ.FloCST28CsW2n9KRukSIDGDB1Cm4yD6O08H0V-z9RwI'}
2026-05-28 08:56:24 - GeoTravelGlobalLogger - INFO     - [logger.py:345] - 🔍 _request - kwargs headers: {}
2026-05-28 08:56:24 - GeoTravelGlobalLogger - INFO     - [logger.py:345] - 🔍 _request FINAL headers being sent: {'Content-Type': 'application/json', 'Accept': 'application/json', 'X-Client-Type': 'retail', 'Cookie': 'retail_access_token=eyJhbGciOiJIUzI1NiIsInR5cCI6IkpXVCJ9.eyJpZCI6MTUxLCJ1c2VyVHlwZSI6IlJFVEFJTCIsImlhdCI6MTc3OTk1ODU4MSwiZXhwIjoxNzgwMDAxNzgxfQ.FloCST28CsW2n9KRukSIDGDB1Cm4yD6O08H0V-z9RwI'}
2026-05-28 08:56:24 - GeoTravelGlobalLogger - INFO     - [logger.py:345] - API Request: POST https://api.stg.gowithgeo.com/api/visa/payment
2026-05-28 08:56:25 - GeoTravelGlobalLogger - INFO     - [logger.py:345] - API Response: 200
2026-05-28 08:56:25 - GeoTravelGlobalLogger - INFO     - [logger.py:345] - SUCCESS: ✅ Manual payment correctly returned no payment link
2026-05-28 08:56:25 - GeoTravelGlobalLogger - INFO     - [logger.py:345] - SUCCESS: 🎉 Complete visa flow test passed for BOTH payment methods
2026-05-28 08:56:25 - GeoTravelGlobalLogger - INFO     - [logger.py:345] - ✅ Saved test-specific logs: reports/logs/src_tests_api_tests_test_visa_api.py_TestVisaEnquiryAPI_test_complete_visa_flow_with_auth_085625.log
2026-05-28 08:56:25 - GeoTravelGlobalLogger - INFO     - [logger.py:345] - Test result added: src/tests/api_tests/test_visa_api.py::TestVisaEnquiryAPI::test_complete_visa_flow_with_auth - PASS (Duration: 3.47s)
2026-05-28 08:56:25 - GeoTravelGlobalLogger - INFO     - [logger.py:345] - Added test result to API SMOKE TEST: src/tests/api_tests/test_visa_api.py::TestVisaEnquiryAPI::test_complete_visa_flow_with_auth - PASS
2026-05-28 08:56:25 - GeoTravelGlobalLogger - INFO     - [logger.py:345] - ✅ TestVisaEnquiryAPI test completed
2026-05-28 08:56:25 - GeoTravelGlobalLogger - INFO     - [logger.py:345] - 🚀 Starting TestVisaEnquiryAPI test
2026-05-28 08:56:25 - GeoTravelGlobalLogger - INFO     - [logger.py:345] - === Testing Complete Visa Flow - WITHOUT Auth ===
2026-05-28 08:56:25 - GeoTravelGlobalLogger - INFO     - [logger.py:345] - --- Flow for FLUTTERWAVE ---
2026-05-28 08:56:25 - GeoTravelGlobalLogger - INFO     - [logger.py:345] - 🔍 _request START - Current self.headers: {'Content-Type': 'application/json', 'Accept': 'application/json', 'X-Client-Type': 'retail'}
2026-05-28 08:56:25 - GeoTravelGlobalLogger - INFO     - [logger.py:345] - 🔍 _request - kwargs headers: {}
2026-05-28 08:56:25 - GeoTravelGlobalLogger - INFO     - [logger.py:345] - 🔍 _request FINAL headers being sent: {'Content-Type': 'application/json', 'Accept': 'application/json', 'X-Client-Type': 'retail'}
2026-05-28 08:56:25 - GeoTravelGlobalLogger - INFO     - [logger.py:345] - API Request: POST https://api.stg.gowithgeo.com/api/visa/create
2026-05-28 08:56:25 - GeoTravelGlobalLogger - INFO     - [logger.py:345] - API Response: 200
2026-05-28 08:56:25 - GeoTravelGlobalLogger - INFO     - [logger.py:345] - SUCCESS: ✅ Visa enquiry created: ID=2339, User ID=None
2026-05-28 08:56:25 - GeoTravelGlobalLogger - INFO     - [logger.py:345] - 🔍 _request START - Current self.headers: {'Content-Type': 'application/json', 'Accept': 'application/json', 'X-Client-Type': 'retail'}
2026-05-28 08:56:25 - GeoTravelGlobalLogger - INFO     - [logger.py:345] - 🔍 _request - kwargs headers: {}
2026-05-28 08:56:25 - GeoTravelGlobalLogger - INFO     - [logger.py:345] - 🔍 _request FINAL headers being sent: {'Content-Type': 'application/json', 'Accept': 'application/json', 'X-Client-Type': 'retail'}
2026-05-28 08:56:25 - GeoTravelGlobalLogger - INFO     - [logger.py:345] - API Request: GET https://api.stg.gowithgeo.com/api/visa/all/user
2026-05-28 08:56:25 - GeoTravelGlobalLogger - INFO     - [logger.py:345] - API Response: 401
2026-05-28 08:56:25 - GeoTravelGlobalLogger - INFO     - [logger.py:345] - SUCCESS: ✅ Unauthenticated access correctly rejected (401)
2026-05-28 08:56:25 - GeoTravelGlobalLogger - INFO     - [logger.py:345] - 🔍 _request START - Current self.headers: {'Content-Type': 'application/json', 'Accept': 'application/json', 'X-Client-Type': 'retail'}
2026-05-28 08:56:25 - GeoTravelGlobalLogger - INFO     - [logger.py:345] - 🔍 _request - kwargs headers: {}
2026-05-28 08:56:25 - GeoTravelGlobalLogger - INFO     - [logger.py:345] - 🔍 _request FINAL headers being sent: {'Content-Type': 'application/json', 'Accept': 'application/json', 'X-Client-Type': 'retail'}
2026-05-28 08:56:25 - GeoTravelGlobalLogger - INFO     - [logger.py:345] - API Request: POST https://api.stg.gowithgeo.com/api/visa/payment
2026-05-28 08:56:26 - GeoTravelGlobalLogger - INFO     - [logger.py:345] - API Response: 200
2026-05-28 08:56:26 - GeoTravelGlobalLogger - INFO     - [logger.py:345] - SUCCESS: ✅ Flutterwave payment link generated and verified without auth
2026-05-28 08:56:26 - GeoTravelGlobalLogger - INFO     - [logger.py:345] - --- Flow for MANUAL PAYMENT ---
2026-05-28 08:56:26 - GeoTravelGlobalLogger - INFO     - [logger.py:345] - 🔍 _request START - Current self.headers: {'Content-Type': 'application/json', 'Accept': 'application/json', 'X-Client-Type': 'retail'}
2026-05-28 08:56:26 - GeoTravelGlobalLogger - INFO     - [logger.py:345] - 🔍 _request - kwargs headers: {}
2026-05-28 08:56:26 - GeoTravelGlobalLogger - INFO     - [logger.py:345] - 🔍 _request FINAL headers being sent: {'Content-Type': 'application/json', 'Accept': 'application/json', 'X-Client-Type': 'retail'}
2026-05-28 08:56:26 - GeoTravelGlobalLogger - INFO     - [logger.py:345] - API Request: POST https://api.stg.gowithgeo.com/api/visa/create
2026-05-28 08:56:26 - GeoTravelGlobalLogger - INFO     - [logger.py:345] - API Response: 200
2026-05-28 08:56:26 - GeoTravelGlobalLogger - INFO     - [logger.py:345] - SUCCESS: ✅ Visa enquiry created: ID=2340, User ID=None
2026-05-28 08:56:26 - GeoTravelGlobalLogger - INFO     - [logger.py:345] - 🔍 _request START - Current self.headers: {'Content-Type': 'application/json', 'Accept': 'application/json', 'X-Client-Type': 'retail'}
2026-05-28 08:56:26 - GeoTravelGlobalLogger - INFO     - [logger.py:345] - 🔍 _request - kwargs headers: {}
2026-05-28 08:56:26 - GeoTravelGlobalLogger - INFO     - [logger.py:345] - 🔍 _request FINAL headers being sent: {'Content-Type': 'application/json', 'Accept': 'application/json', 'X-Client-Type': 'retail'}
2026-05-28 08:56:26 - GeoTravelGlobalLogger - INFO     - [logger.py:345] - API Request: GET https://api.stg.gowithgeo.com/api/visa/all/user
2026-05-28 08:56:26 - GeoTravelGlobalLogger - INFO     - [logger.py:345] - API Response: 401
2026-05-28 08:56:26 - GeoTravelGlobalLogger - INFO     - [logger.py:345] - SUCCESS: ✅ Unauthenticated access correctly rejected (401)
2026-05-28 08:56:26 - GeoTravelGlobalLogger - INFO     - [logger.py:345] - 🔍 _request START - Current self.headers: {'Content-Type': 'application/json', 'Accept': 'application/json', 'X-Client-Type': 'retail'}
2026-05-28 08:56:26 - GeoTravelGlobalLogger - INFO     - [logger.py:345] - 🔍 _request - kwargs headers: {}
2026-05-28 08:56:26 - GeoTravelGlobalLogger - INFO     - [logger.py:345] - 🔍 _request FINAL headers being sent: {'Content-Type': 'application/json', 'Accept': 'application/json', 'X-Client-Type': 'retail'}
2026-05-28 08:56:26 - GeoTravelGlobalLogger - INFO     - [logger.py:345] - API Request: POST https://api.stg.gowithgeo.com/api/visa/payment
2026-05-28 08:56:27 - GeoTravelGlobalLogger - INFO     - [logger.py:345] - API Response: 200
2026-05-28 08:56:27 - GeoTravelGlobalLogger - INFO     - [logger.py:345] - SUCCESS: ✅ Manual payment initialized without auth: Amount=25000, Reference=a0196536-7ed3-4fec-886f-842c006bd8c5
2026-05-28 08:56:27 - GeoTravelGlobalLogger - INFO     - [logger.py:345] - SUCCESS: ✅ Complete visa flow without auth test passed for BOTH payment methods
2026-05-28 08:56:27 - GeoTravelGlobalLogger - INFO     - [logger.py:345] - ✅ Saved test-specific logs: reports/logs/src_tests_api_tests_test_visa_api.py_TestVisaEnquiryAPI_test_complete_visa_flow_without_auth_085627.log
2026-05-28 08:56:27 - GeoTravelGlobalLogger - INFO     - [logger.py:345] - Test result added: src/tests/api_tests/test_visa_api.py::TestVisaEnquiryAPI::test_complete_visa_flow_without_auth - PASS (Duration: 2.07s)
2026-05-28 08:56:27 - GeoTravelGlobalLogger - INFO     - [logger.py:345] - Added test result to API SMOKE TEST: src/tests/api_tests/test_visa_api.py::TestVisaEnquiryAPI::test_complete_visa_flow_without_auth - PASS
2026-05-28 08:56:27 - GeoTravelGlobalLogger - INFO     - [logger.py:345] - ✅ TestVisaEnquiryAPI test completed
2026-05-28 08:56:27 - GeoTravelGlobalLogger - INFO     - [logger.py:345] - Test suite completed: 80 tests, 79 passed
2026-05-28 08:56:27 - GeoTravelGlobalLogger - INFO     - [logger.py:345] - Added api suite results to unified report
2026-05-28 08:56:27 - GeoTravelGlobalLogger - INFO     - [logger.py:345] - SUCCESS: All 80 api tests passed!
2026-05-28 08:56:27 - GeoTravelGlobalLogger - INFO     - [logger.py:345] - ✅ Completed API test suite
2026-05-28 08:56:27 - GeoTravelGlobalLogger - INFO     - [logger.py:345] - 🚀 Starting PARTNERS_API test suite...
2026-05-28 08:56:27 - GeoTravelGlobalLogger - INFO     - [logger.py:345] - Git Metadata - Branch: MAIN, Commit: f860771
2026-05-28 08:56:27 - GeoTravelGlobalLogger - INFO     - [logger.py:345] - Branch: MAIN
2026-05-28 08:56:27 - GeoTravelGlobalLogger - INFO     - [logger.py:345] - Build ID: #2026.05.28.0843
2026-05-28 08:56:27 - GeoTravelGlobalLogger - INFO     - [logger.py:345] - Browser: CHROME
2026-05-28 08:56:27 - GeoTravelGlobalLogger - INFO     - [logger.py:345] - Environment: STAGING
2026-05-28 08:56:27 - GeoTravelGlobalLogger - INFO     - [logger.py:345] - Running PARTNERS_API tests from src/tests/partners_api_tests/
2026-05-28 08:56:27 - GeoTravelGlobalLogger - INFO     - [logger.py:345] - Checking Partners API environment availability...
2026-05-28 08:56:27 - GeoTravelGlobalLogger - INFO     - [logger.py:345] - Partners API Request: GET https://sandbox.api.developers.gowithgeo.com/api
2026-05-28 08:56:57 - GeoTravelGlobalLogger - INFO     - [logger.py:345] - Partners API Response: 200
2026-05-28 08:56:57 - GeoTravelGlobalLogger - INFO     - [logger.py:345] - SUCCESS: Partners API environment is accessible - proceeding with tests
2026-05-28 08:56:57 - GeoTravelGlobalLogger - INFO     - [logger.py:345] - Starting test suite: PARTNERS API SMOKE TEST
2026-05-28 08:56:57 - GeoTravelGlobalLogger - INFO     - [logger.py:345] - Environment checks will be performed after test collection
2026-05-28 08:56:57 - GeoTravelGlobalLogger - INFO     - [logger.py:345] - 🔍 Checking required environments based on detected test types...
2026-05-28 08:56:57 - GeoTravelGlobalLogger - INFO     - [logger.py:345] - 🔍 Detected test types: {'ui': False, 'api': False, 'partners_api': True}
2026-05-28 08:56:57 - GeoTravelGlobalLogger - INFO     - [logger.py:345] - Partners API check attempt 1/3 for https://sandbox.api.developers.gowithgeo.com
2026-05-28 08:56:57 - GeoTravelGlobalLogger - INFO     - [logger.py:345] - API health check attempt 1/1 for https://api.stg.gowithgeo.com/auth/health
2026-05-28 08:56:57 - GeoTravelGlobalLogger - INFO     - [logger.py:345] - SUCCESS: API endpoint /auth/health is accessible (Status: 404)
2026-05-28 08:56:57 - GeoTravelGlobalLogger - INFO     - [logger.py:345] - SUCCESS: Partners API environment is accessible
2026-05-28 08:56:57 - GeoTravelGlobalLogger - INFO     - [logger.py:345] - SUCCESS: ✅ All required environments are accessible: partners_api
2026-05-28 08:56:57 - GeoTravelGlobalLogger - INFO     - [logger.py:345] - VerifiedUserHelper initialized
2026-05-28 08:56:57 - GeoTravelGlobalLogger - INFO     - [logger.py:345] - 🎯 TEST SETUP - Using email: geopartners18186@yopmail.com
2026-05-28 08:56:57 - GeoTravelGlobalLogger - INFO     - [logger.py:345] - 🎯 TEST SETUP - Using orgName: GEO Bot Ltd 2183
2026-05-28 08:56:57 - GeoTravelGlobalLogger - INFO     - [logger.py:345] - Partners API Request: GET https://sandbox.api.developers.gowithgeo.com/api
2026-05-28 08:56:57 - GeoTravelGlobalLogger - INFO     - [logger.py:345] - Partners API Response: 200
2026-05-28 08:56:57 - GeoTravelGlobalLogger - INFO     - [logger.py:345] - SUCCESS: Welcome message received successfully
2026-05-28 08:56:57 - GeoTravelGlobalLogger - INFO     - [logger.py:345] - ✅ Saved test-specific logs: reports/logs/src_tests_partners_api_tests_test_partners_auth_api.py_TestPartnersAuth_test_welcome_message_085657.log
2026-05-28 08:56:57 - GeoTravelGlobalLogger - INFO     - [logger.py:345] - Test result added: src/tests/partners_api_tests/test_partners_auth_api.py::TestPartnersAuth::test_welcome_message - PASS (Duration: 0.06s)
2026-05-28 08:56:57 - GeoTravelGlobalLogger - INFO     - [logger.py:345] - Added test result to PARTNERS API SMOKE TEST: src/tests/partners_api_tests/test_partners_auth_api.py::TestPartnersAuth::test_welcome_message - PASS
2026-05-28 08:56:57 - GeoTravelGlobalLogger - INFO     - [logger.py:345] - VerifiedUserHelper initialized
2026-05-28 08:56:57 - GeoTravelGlobalLogger - INFO     - [logger.py:345] - 🎯 TEST SETUP - Using email: geopartners47395@yopmail.com
2026-05-28 08:56:57 - GeoTravelGlobalLogger - INFO     - [logger.py:345] - 🎯 TEST SETUP - Using orgName: GEO Bot Ltd 8020
2026-05-28 08:56:57 - GeoTravelGlobalLogger - INFO     - [logger.py:345] - 🔵 TEST START - Signup with: geopartners47395@yopmail.com
2026-05-28 08:56:57 - GeoTravelGlobalLogger - INFO     - [logger.py:345] - Partners API Request: POST https://sandbox.api.developers.gowithgeo.com/api/auth/signup
2026-05-28 08:56:58 - GeoTravelGlobalLogger - INFO     - [logger.py:345] - Partners API Response: 201
2026-05-28 08:56:58 - GeoTravelGlobalLogger - INFO     - [logger.py:345] - 🟢 SIGNUP RESPONSE - Status: 201
2026-05-28 08:56:58 - GeoTravelGlobalLogger - INFO     - [logger.py:345] - SUCCESS: ✅ ORGANIZATION CREATED - Email: geopartners47395@yopmail.com
2026-05-28 08:56:58 - GeoTravelGlobalLogger - INFO     - [logger.py:345] - SUCCESS: ✅ ORGANIZATION SIGNUP SUCCESS - Email: geopartners47395@yopmail.com
2026-05-28 08:56:58 - GeoTravelGlobalLogger - INFO     - [logger.py:345] - ✅ Saved test-specific logs: reports/logs/src_tests_partners_api_tests_test_partners_auth_api.py_TestPartnersAuth_test_organization_signup_success_085658.log
2026-05-28 08:56:58 - GeoTravelGlobalLogger - INFO     - [logger.py:345] - Test result added: src/tests/partners_api_tests/test_partners_auth_api.py::TestPartnersAuth::test_organization_signup_success - PASS (Duration: 0.68s)
2026-05-28 08:56:58 - GeoTravelGlobalLogger - INFO     - [logger.py:345] - Added test result to PARTNERS API SMOKE TEST: src/tests/partners_api_tests/test_partners_auth_api.py::TestPartnersAuth::test_organization_signup_success - PASS
2026-05-28 08:56:58 - GeoTravelGlobalLogger - INFO     - [logger.py:345] - VerifiedUserHelper initialized
2026-05-28 08:56:58 - GeoTravelGlobalLogger - INFO     - [logger.py:345] - 🎯 TEST SETUP - Using email: geopartners88795@yopmail.com
2026-05-28 08:56:58 - GeoTravelGlobalLogger - INFO     - [logger.py:345] - 🎯 TEST SETUP - Using orgName: GEO Bot Ltd 1344
2026-05-28 08:56:58 - GeoTravelGlobalLogger - INFO     - [logger.py:345] - Partners API Request: POST https://sandbox.api.developers.gowithgeo.com/api/auth/signup
2026-05-28 08:56:58 - GeoTravelGlobalLogger - INFO     - [logger.py:345] - Partners API Response: 201
2026-05-28 08:56:58 - GeoTravelGlobalLogger - INFO     - [logger.py:345] - 🔵 TEST START - Login with SAME user: geopartners88795@yopmail.com
2026-05-28 08:56:58 - GeoTravelGlobalLogger - INFO     - [logger.py:345] - Partners API Request: POST https://sandbox.api.developers.gowithgeo.com/api/auth/login
2026-05-28 08:56:58 - GeoTravelGlobalLogger - INFO     - [logger.py:345] - Partners API Response: 200
2026-05-28 08:56:58 - GeoTravelGlobalLogger - INFO     - [logger.py:345] - SUCCESS: THE SAME unverified user correctly denied access token
2026-05-28 08:56:58 - GeoTravelGlobalLogger - INFO     - [logger.py:345] - ✅ Saved test-specific logs: reports/logs/src_tests_partners_api_tests_test_partners_auth_api.py_TestPartnersAuth_test_organization_login_unverified_returns_no_token_085658.log
2026-05-28 08:56:58 - GeoTravelGlobalLogger - INFO     - [logger.py:345] - Test result added: src/tests/partners_api_tests/test_partners_auth_api.py::TestPartnersAuth::test_organization_login_unverified_returns_no_token - PASS (Duration: 0.79s)
2026-05-28 08:56:58 - GeoTravelGlobalLogger - INFO     - [logger.py:345] - Added test result to PARTNERS API SMOKE TEST: src/tests/partners_api_tests/test_partners_auth_api.py::TestPartnersAuth::test_organization_login_unverified_returns_no_token - PASS
2026-05-28 08:56:58 - GeoTravelGlobalLogger - INFO     - [logger.py:345] - VerifiedUserHelper initialized
2026-05-28 08:56:58 - GeoTravelGlobalLogger - INFO     - [logger.py:345] - 🎯 TEST SETUP - Using email: geopartners13510@yopmail.com
2026-05-28 08:56:58 - GeoTravelGlobalLogger - INFO     - [logger.py:345] - 🎯 TEST SETUP - Using orgName: GEO Bot Ltd 5753
2026-05-28 08:56:58 - GeoTravelGlobalLogger - INFO     - [logger.py:345] - Obtaining access token from verified account
2026-05-28 08:56:58 - GeoTravelGlobalLogger - INFO     - [logger.py:345] - Partners API Request: POST https://sandbox.api.developers.gowithgeo.com/api/auth/login
2026-05-28 08:56:59 - GeoTravelGlobalLogger - INFO     - [logger.py:345] - Partners API Response: 200
2026-05-28 08:56:59 - GeoTravelGlobalLogger - INFO     - [logger.py:345] - Found JWT token in cookie: corporate_access_token
2026-05-28 08:56:59 - GeoTravelGlobalLogger - INFO     - [logger.py:345] - Token extracted via cookies (length: 232, valid)
2026-05-28 08:56:59 - GeoTravelGlobalLogger - INFO     - [logger.py:345] - ✅ Auth token set (length: 232)
2026-05-28 08:56:59 - GeoTravelGlobalLogger - INFO     - [logger.py:345] - SUCCESS: ✅ Login successful - token set via cookies
2026-05-28 08:56:59 - GeoTravelGlobalLogger - INFO     - [logger.py:345] - Found JWT token in cookie: corporate_access_token
2026-05-28 08:56:59 - GeoTravelGlobalLogger - INFO     - [logger.py:345] - Access token obtained from cookies and validated
2026-05-28 08:56:59 - GeoTravelGlobalLogger - INFO     - [logger.py:345] - ✅ VERIFIED ACCESS TOKEN: eyJhbGciOiJIUzI1NiIs... (truncated)
2026-05-28 08:56:59 - GeoTravelGlobalLogger - INFO     - [logger.py:345] - SUCCESS: ✅ Verified user login returns valid access token
2026-05-28 08:56:59 - GeoTravelGlobalLogger - INFO     - [logger.py:345] - ✅ Saved test-specific logs: reports/logs/src_tests_partners_api_tests_test_partners_auth_api.py_TestPartnersAuth_test_verified_user_login_returns_token_085659.log
2026-05-28 08:56:59 - GeoTravelGlobalLogger - INFO     - [logger.py:345] - Test result added: src/tests/partners_api_tests/test_partners_auth_api.py::TestPartnersAuth::test_verified_user_login_returns_token - PASS (Duration: 0.22s)
2026-05-28 08:56:59 - GeoTravelGlobalLogger - INFO     - [logger.py:345] - Added test result to PARTNERS API SMOKE TEST: src/tests/partners_api_tests/test_partners_auth_api.py::TestPartnersAuth::test_verified_user_login_returns_token - PASS
2026-05-28 08:56:59 - GeoTravelGlobalLogger - INFO     - [logger.py:345] - VerifiedUserHelper initialized
2026-05-28 08:56:59 - GeoTravelGlobalLogger - INFO     - [logger.py:345] - 🎯 TEST SETUP - Using email: geopartners43157@yopmail.com
2026-05-28 08:56:59 - GeoTravelGlobalLogger - INFO     - [logger.py:345] - 🎯 TEST SETUP - Using orgName: GEO Bot Ltd 8880
2026-05-28 08:56:59 - GeoTravelGlobalLogger - INFO     - [logger.py:345] - Partners API Request: POST https://sandbox.api.developers.gowithgeo.com/api/auth/login
2026-05-28 08:56:59 - GeoTravelGlobalLogger - INFO     - [logger.py:345] - Partners API Response: 200
2026-05-28 08:56:59 - GeoTravelGlobalLogger - INFO     - [logger.py:345] - Found JWT token in cookie: corporate_access_token
2026-05-28 08:56:59 - GeoTravelGlobalLogger - INFO     - [logger.py:345] - Token extracted via cookies (length: 232, valid)
2026-05-28 08:56:59 - GeoTravelGlobalLogger - INFO     - [logger.py:345] - ✅ Auth token set (length: 232)
2026-05-28 08:56:59 - GeoTravelGlobalLogger - INFO     - [logger.py:345] - SUCCESS: ✅ Login successful - token set via cookies
2026-05-28 08:56:59 - GeoTravelGlobalLogger - INFO     - [logger.py:345] - Token found in cookie: corporate_access_token
2026-05-28 08:56:59 - GeoTravelGlobalLogger - INFO     - [logger.py:345] - SUCCESS: ✅ Verified user login returns valid token (body or cookie)
2026-05-28 08:56:59 - GeoTravelGlobalLogger - INFO     - [logger.py:345] - ✅ Saved test-specific logs: reports/logs/src_tests_partners_api_tests_test_partners_auth_api.py_TestPartnersAuth_test_verified_user_login_response_structure_085659.log
2026-05-28 08:56:59 - GeoTravelGlobalLogger - INFO     - [logger.py:345] - Test result added: src/tests/partners_api_tests/test_partners_auth_api.py::TestPartnersAuth::test_verified_user_login_response_structure - PASS (Duration: 0.22s)
2026-05-28 08:56:59 - GeoTravelGlobalLogger - INFO     - [logger.py:345] - Added test result to PARTNERS API SMOKE TEST: src/tests/partners_api_tests/test_partners_auth_api.py::TestPartnersAuth::test_verified_user_login_response_structure - PASS
2026-05-28 08:56:59 - GeoTravelGlobalLogger - INFO     - [logger.py:345] - VerifiedUserHelper initialized
2026-05-28 08:56:59 - GeoTravelGlobalLogger - INFO     - [logger.py:345] - 🎯 TEST SETUP - Using email: geopartners24132@yopmail.com
2026-05-28 08:56:59 - GeoTravelGlobalLogger - INFO     - [logger.py:345] - 🎯 TEST SETUP - Using orgName: GEO Bot Ltd 9846
2026-05-28 08:56:59 - GeoTravelGlobalLogger - INFO     - [logger.py:345] - === Testing Partners API Dynamic Token Extraction ===
2026-05-28 08:56:59 - GeoTravelGlobalLogger - INFO     - [logger.py:345] - Partners API Request: POST https://sandbox.api.developers.gowithgeo.com/api/auth/login
2026-05-28 08:56:59 - GeoTravelGlobalLogger - INFO     - [logger.py:345] - Partners API Response: 200
2026-05-28 08:56:59 - GeoTravelGlobalLogger - INFO     - [logger.py:345] - Found JWT token in cookie: corporate_access_token
2026-05-28 08:56:59 - GeoTravelGlobalLogger - INFO     - [logger.py:345] - Token extracted via cookies (length: 232, valid)
2026-05-28 08:56:59 - GeoTravelGlobalLogger - INFO     - [logger.py:345] - ✅ Auth token set (length: 232)
2026-05-28 08:56:59 - GeoTravelGlobalLogger - INFO     - [logger.py:345] - SUCCESS: ✅ Login successful - token set via cookies
2026-05-28 08:56:59 - GeoTravelGlobalLogger - INFO     - [logger.py:345] - Found JWT token in cookie: corporate_access_token
2026-05-28 08:56:59 - GeoTravelGlobalLogger - INFO     - [logger.py:345] - SUCCESS: ✅ Partners API dynamic token extraction successful via 'cookies'
2026-05-28 08:56:59 - GeoTravelGlobalLogger - INFO     - [logger.py:345] - ✅ Saved test-specific logs: reports/logs/src_tests_partners_api_tests_test_partners_auth_api.py_TestPartnersAuth_test_partners_dynamic_token_extraction_085659.log
2026-05-28 08:56:59 - GeoTravelGlobalLogger - INFO     - [logger.py:345] - Test result added: src/tests/partners_api_tests/test_partners_auth_api.py::TestPartnersAuth::test_partners_dynamic_token_extraction - PASS (Duration: 0.22s)
2026-05-28 08:56:59 - GeoTravelGlobalLogger - INFO     - [logger.py:345] - Added test result to PARTNERS API SMOKE TEST: src/tests/partners_api_tests/test_partners_auth_api.py::TestPartnersAuth::test_partners_dynamic_token_extraction - PASS
2026-05-28 08:56:59 - GeoTravelGlobalLogger - INFO     - [logger.py:345] - VerifiedUserHelper initialized
2026-05-28 08:56:59 - GeoTravelGlobalLogger - INFO     - [logger.py:345] - Obtaining access token from verified account
2026-05-28 08:56:59 - GeoTravelGlobalLogger - INFO     - [logger.py:345] - Partners API Request: POST https://sandbox.api.developers.gowithgeo.com/api/auth/login
2026-05-28 08:56:59 - GeoTravelGlobalLogger - INFO     - [logger.py:345] - Partners API Response: 200
2026-05-28 08:56:59 - GeoTravelGlobalLogger - INFO     - [logger.py:345] - Found JWT token in cookie: corporate_access_token
2026-05-28 08:56:59 - GeoTravelGlobalLogger - INFO     - [logger.py:345] - Token extracted via cookies (length: 232, valid)
2026-05-28 08:56:59 - GeoTravelGlobalLogger - INFO     - [logger.py:345] - ✅ Auth token set (length: 232)
2026-05-28 08:56:59 - GeoTravelGlobalLogger - INFO     - [logger.py:345] - SUCCESS: ✅ Login successful - token set via cookies
2026-05-28 08:56:59 - GeoTravelGlobalLogger - INFO     - [logger.py:345] - Found JWT token in cookie: corporate_access_token
2026-05-28 08:56:59 - GeoTravelGlobalLogger - INFO     - [logger.py:345] - Access token obtained from cookies and validated
2026-05-28 08:56:59 - GeoTravelGlobalLogger - INFO     - [logger.py:345] - ✅ Auth token set (length: 232)
2026-05-28 08:56:59 - GeoTravelGlobalLogger - INFO     - [logger.py:345] - Initializing API credentials...
2026-05-28 08:56:59 - GeoTravelGlobalLogger - INFO     - [logger.py:345] - Obtaining access token from verified account
2026-05-28 08:56:59 - GeoTravelGlobalLogger - INFO     - [logger.py:345] - Partners API Request: POST https://sandbox.api.developers.gowithgeo.com/api/auth/login
2026-05-28 08:56:59 - GeoTravelGlobalLogger - INFO     - [logger.py:345] - Partners API Response: 200
2026-05-28 08:56:59 - GeoTravelGlobalLogger - INFO     - [logger.py:345] - Found JWT token in cookie: corporate_access_token
2026-05-28 08:56:59 - GeoTravelGlobalLogger - INFO     - [logger.py:345] - Token extracted via cookies (length: 232, valid)
2026-05-28 08:56:59 - GeoTravelGlobalLogger - INFO     - [logger.py:345] - ✅ Auth token set (length: 232)
2026-05-28 08:56:59 - GeoTravelGlobalLogger - INFO     - [logger.py:345] - SUCCESS: ✅ Login successful - token set via cookies
2026-05-28 08:56:59 - GeoTravelGlobalLogger - INFO     - [logger.py:345] - Found JWT token in cookie: corporate_access_token
2026-05-28 08:56:59 - GeoTravelGlobalLogger - INFO     - [logger.py:345] - Access token obtained from cookies and validated
2026-05-28 08:56:59 - GeoTravelGlobalLogger - INFO     - [logger.py:345] - ✅ Auth token set (length: 232)
2026-05-28 08:56:59 - GeoTravelGlobalLogger - INFO     - [logger.py:345] - Partners API Request: GET https://sandbox.api.developers.gowithgeo.com/api/org/profile
2026-05-28 08:57:00 - GeoTravelGlobalLogger - INFO     - [logger.py:345] - Partners API Response: 200
2026-05-28 08:57:00 - GeoTravelGlobalLogger - INFO     - [logger.py:345] - Partners API Request: GET https://sandbox.api.developers.gowithgeo.com/api/org/reset-api-keys
2026-05-28 08:57:00 - GeoTravelGlobalLogger - INFO     - [logger.py:345] - Partners API Response: 201
2026-05-28 08:57:00 - GeoTravelGlobalLogger - INFO     - [logger.py:345] - TEST API credentials updated
2026-05-28 08:57:00 - GeoTravelGlobalLogger - INFO     - [logger.py:345] - API credentials initialized successfully
2026-05-28 08:57:00 - GeoTravelGlobalLogger - INFO     - [logger.py:345] - 🔵 CREATING UNVERIFIED USER: flighttest63514@yopmail.com
2026-05-28 08:57:00 - GeoTravelGlobalLogger - INFO     - [logger.py:345] - Partners API Request: POST https://sandbox.api.developers.gowithgeo.com/api/auth/signup
2026-05-28 08:57:01 - GeoTravelGlobalLogger - INFO     - [logger.py:345] - Partners API Response: 201
2026-05-28 08:57:01 - GeoTravelGlobalLogger - INFO     - [logger.py:345] - 🔵 ATTEMPTING FLIGHT SEARCH: flighttest63514@yopmail.com
2026-05-28 08:57:01 - GeoTravelGlobalLogger - INFO     - [logger.py:345] - Flight API Headers: {'Content-Type': 'application/json', 'Accept': 'application/json', 'x-api-key': None, 'x-api-secret': None, 'x-app-id': None}
2026-05-28 08:57:01 - GeoTravelGlobalLogger - INFO     - [logger.py:345] - 🔍 SENDING THESE HEADERS: {'Content-Type': 'application/json', 'Accept': 'application/json', 'x-api-key': None, 'x-api-secret': None, 'x-app-id': None}
2026-05-28 08:57:01 - GeoTravelGlobalLogger - INFO     - [logger.py:345] - Partners API Request: POST https://sandbox.api.developers.gowithgeo.com/api/flight/search
2026-05-28 08:57:01 - GeoTravelGlobalLogger - INFO     - [logger.py:345] - Partners API Response: 401
2026-05-28 08:57:01 - GeoTravelGlobalLogger - WARNING  - [logger.py:360] - Partners API Error: 401 - saved dump: reports/failed_responses/20260528_085701_401_api_flight_search.txt
2026-05-28 08:57:01 - GeoTravelGlobalLogger - INFO     - [logger.py:345] - SUCCESS: ✅ Unverified user correctly blocked from flight search: flighttest63514@yopmail.com
2026-05-28 08:57:01 - GeoTravelGlobalLogger - INFO     - [logger.py:345] - ✅ Saved test-specific logs: reports/logs/src_tests_partners_api_tests_test_partners_flight.py_TestPartnersFlightSecurity_test_unverified_user_blocked_from_flight_search_085701.log
2026-05-28 08:57:01 - GeoTravelGlobalLogger - INFO     - [logger.py:345] - Test result added: src/tests/partners_api_tests/test_partners_flight.py::TestPartnersFlightSecurity::test_unverified_user_blocked_from_flight_search - PASS (Duration: 0.73s)
2026-05-28 08:57:01 - GeoTravelGlobalLogger - INFO     - [logger.py:345] - Added test result to PARTNERS API SMOKE TEST: src/tests/partners_api_tests/test_partners_flight.py::TestPartnersFlightSecurity::test_unverified_user_blocked_from_flight_search - PASS
2026-05-28 08:57:01 - GeoTravelGlobalLogger - INFO     - [logger.py:345] - VerifiedUserHelper initialized
2026-05-28 08:57:01 - GeoTravelGlobalLogger - INFO     - [logger.py:345] - Obtaining access token from verified account
2026-05-28 08:57:01 - GeoTravelGlobalLogger - INFO     - [logger.py:345] - Partners API Request: POST https://sandbox.api.developers.gowithgeo.com/api/auth/login
2026-05-28 08:57:01 - GeoTravelGlobalLogger - INFO     - [logger.py:345] - Partners API Response: 200
2026-05-28 08:57:01 - GeoTravelGlobalLogger - INFO     - [logger.py:345] - Found JWT token in cookie: corporate_access_token
2026-05-28 08:57:01 - GeoTravelGlobalLogger - INFO     - [logger.py:345] - Token extracted via cookies (length: 232, valid)
2026-05-28 08:57:01 - GeoTravelGlobalLogger - INFO     - [logger.py:345] - ✅ Auth token set (length: 232)
2026-05-28 08:57:01 - GeoTravelGlobalLogger - INFO     - [logger.py:345] - SUCCESS: ✅ Login successful - token set via cookies
2026-05-28 08:57:01 - GeoTravelGlobalLogger - INFO     - [logger.py:345] - Found JWT token in cookie: corporate_access_token
2026-05-28 08:57:01 - GeoTravelGlobalLogger - INFO     - [logger.py:345] - Access token obtained from cookies and validated
2026-05-28 08:57:01 - GeoTravelGlobalLogger - INFO     - [logger.py:345] - ✅ Auth token set (length: 232)
2026-05-28 08:57:01 - GeoTravelGlobalLogger - INFO     - [logger.py:345] - Initializing API credentials...
2026-05-28 08:57:01 - GeoTravelGlobalLogger - INFO     - [logger.py:345] - Obtaining access token from verified account
2026-05-28 08:57:01 - GeoTravelGlobalLogger - INFO     - [logger.py:345] - Partners API Request: POST https://sandbox.api.developers.gowithgeo.com/api/auth/login
2026-05-28 08:57:01 - GeoTravelGlobalLogger - INFO     - [logger.py:345] - Partners API Response: 200
2026-05-28 08:57:01 - GeoTravelGlobalLogger - INFO     - [logger.py:345] - Found JWT token in cookie: corporate_access_token
2026-05-28 08:57:01 - GeoTravelGlobalLogger - INFO     - [logger.py:345] - Token extracted via cookies (length: 232, valid)
2026-05-28 08:57:01 - GeoTravelGlobalLogger - INFO     - [logger.py:345] - ✅ Auth token set (length: 232)
2026-05-28 08:57:01 - GeoTravelGlobalLogger - INFO     - [logger.py:345] - SUCCESS: ✅ Login successful - token set via cookies
2026-05-28 08:57:01 - GeoTravelGlobalLogger - INFO     - [logger.py:345] - Found JWT token in cookie: corporate_access_token
2026-05-28 08:57:01 - GeoTravelGlobalLogger - INFO     - [logger.py:345] - Access token obtained from cookies and validated
2026-05-28 08:57:01 - GeoTravelGlobalLogger - INFO     - [logger.py:345] - ✅ Auth token set (length: 232)
2026-05-28 08:57:01 - GeoTravelGlobalLogger - INFO     - [logger.py:345] - Partners API Request: GET https://sandbox.api.developers.gowithgeo.com/api/org/profile
2026-05-28 08:57:02 - GeoTravelGlobalLogger - INFO     - [logger.py:345] - Partners API Response: 200
2026-05-28 08:57:02 - GeoTravelGlobalLogger - INFO     - [logger.py:345] - Partners API Request: GET https://sandbox.api.developers.gowithgeo.com/api/org/reset-api-keys
2026-05-28 08:57:02 - GeoTravelGlobalLogger - INFO     - [logger.py:345] - Partners API Response: 201
2026-05-28 08:57:02 - GeoTravelGlobalLogger - INFO     - [logger.py:345] - TEST API credentials updated
2026-05-28 08:57:02 - GeoTravelGlobalLogger - INFO     - [logger.py:345] - API credentials initialized successfully
2026-05-28 08:57:02 - GeoTravelGlobalLogger - INFO     - [logger.py:345] - 🔵 CREATING UNVERIFIED USER: flighttest21787@yopmail.com
2026-05-28 08:57:02 - GeoTravelGlobalLogger - INFO     - [logger.py:345] - Partners API Request: POST https://sandbox.api.developers.gowithgeo.com/api/auth/signup
2026-05-28 08:57:03 - GeoTravelGlobalLogger - INFO     - [logger.py:345] - Partners API Response: 201
2026-05-28 08:57:03 - GeoTravelGlobalLogger - INFO     - [logger.py:345] - 🔵 ATTEMPTING FLIGHT BOOKING: flighttest21787@yopmail.com
2026-05-28 08:57:03 - GeoTravelGlobalLogger - INFO     - [logger.py:345] - Flight API Headers: {'Content-Type': 'application/json', 'Accept': 'application/json', 'x-api-key': None, 'x-api-secret': None, 'x-app-id': None}
2026-05-28 08:57:03 - GeoTravelGlobalLogger - INFO     - [logger.py:345] - 🔍 SENDING THESE HEADERS: {'Content-Type': 'application/json', 'Accept': 'application/json', 'x-api-key': None, 'x-api-secret': None, 'x-app-id': None}
2026-05-28 08:57:03 - GeoTravelGlobalLogger - INFO     - [logger.py:345] - Partners API Request: POST https://sandbox.api.developers.gowithgeo.com/api/flight/book
2026-05-28 08:57:03 - GeoTravelGlobalLogger - INFO     - [logger.py:345] - Partners API Response: 401
2026-05-28 08:57:03 - GeoTravelGlobalLogger - WARNING  - [logger.py:360] - Partners API Error: 401 - saved dump: reports/failed_responses/20260528_085703_401_api_flight_book.txt
2026-05-28 08:57:03 - GeoTravelGlobalLogger - INFO     - [logger.py:345] - SUCCESS: ✅ Unverified user correctly blocked from flight booking: flighttest21787@yopmail.com
2026-05-28 08:57:03 - GeoTravelGlobalLogger - INFO     - [logger.py:345] - ✅ Saved test-specific logs: reports/logs/src_tests_partners_api_tests_test_partners_flight.py_TestPartnersFlightSecurity_test_unverified_user_blocked_from_flight_booking_085703.log
2026-05-28 08:57:03 - GeoTravelGlobalLogger - INFO     - [logger.py:345] - Test result added: src/tests/partners_api_tests/test_partners_flight.py::TestPartnersFlightSecurity::test_unverified_user_blocked_from_flight_booking - PASS (Duration: 0.73s)
2026-05-28 08:57:03 - GeoTravelGlobalLogger - INFO     - [logger.py:345] - Added test result to PARTNERS API SMOKE TEST: src/tests/partners_api_tests/test_partners_flight.py::TestPartnersFlightSecurity::test_unverified_user_blocked_from_flight_booking - PASS
2026-05-28 08:57:03 - GeoTravelGlobalLogger - INFO     - [logger.py:345] - VerifiedUserHelper initialized
2026-05-28 08:57:03 - GeoTravelGlobalLogger - INFO     - [logger.py:345] - Obtaining access token from verified account
2026-05-28 08:57:03 - GeoTravelGlobalLogger - INFO     - [logger.py:345] - Partners API Request: POST https://sandbox.api.developers.gowithgeo.com/api/auth/login
2026-05-28 08:57:03 - GeoTravelGlobalLogger - INFO     - [logger.py:345] - Partners API Response: 200
2026-05-28 08:57:03 - GeoTravelGlobalLogger - INFO     - [logger.py:345] - Found JWT token in cookie: corporate_access_token
2026-05-28 08:57:03 - GeoTravelGlobalLogger - INFO     - [logger.py:345] - Token extracted via cookies (length: 232, valid)
2026-05-28 08:57:03 - GeoTravelGlobalLogger - INFO     - [logger.py:345] - ✅ Auth token set (length: 232)
2026-05-28 08:57:03 - GeoTravelGlobalLogger - INFO     - [logger.py:345] - SUCCESS: ✅ Login successful - token set via cookies
2026-05-28 08:57:03 - GeoTravelGlobalLogger - INFO     - [logger.py:345] - Found JWT token in cookie: corporate_access_token
2026-05-28 08:57:03 - GeoTravelGlobalLogger - INFO     - [logger.py:345] - Access token obtained from cookies and validated
2026-05-28 08:57:03 - GeoTravelGlobalLogger - INFO     - [logger.py:345] - ✅ Auth token set (length: 232)
2026-05-28 08:57:03 - GeoTravelGlobalLogger - INFO     - [logger.py:345] - Initializing API credentials...
2026-05-28 08:57:03 - GeoTravelGlobalLogger - INFO     - [logger.py:345] - Obtaining access token from verified account
2026-05-28 08:57:03 - GeoTravelGlobalLogger - INFO     - [logger.py:345] - Partners API Request: POST https://sandbox.api.developers.gowithgeo.com/api/auth/login
2026-05-28 08:57:03 - GeoTravelGlobalLogger - INFO     - [logger.py:345] - Partners API Response: 200
2026-05-28 08:57:03 - GeoTravelGlobalLogger - INFO     - [logger.py:345] - Found JWT token in cookie: corporate_access_token
2026-05-28 08:57:03 - GeoTravelGlobalLogger - INFO     - [logger.py:345] - Token extracted via cookies (length: 232, valid)
2026-05-28 08:57:03 - GeoTravelGlobalLogger - INFO     - [logger.py:345] - ✅ Auth token set (length: 232)
2026-05-28 08:57:03 - GeoTravelGlobalLogger - INFO     - [logger.py:345] - SUCCESS: ✅ Login successful - token set via cookies
2026-05-28 08:57:03 - GeoTravelGlobalLogger - INFO     - [logger.py:345] - Found JWT token in cookie: corporate_access_token
2026-05-28 08:57:03 - GeoTravelGlobalLogger - INFO     - [logger.py:345] - Access token obtained from cookies and validated
2026-05-28 08:57:03 - GeoTravelGlobalLogger - INFO     - [logger.py:345] - ✅ Auth token set (length: 232)
2026-05-28 08:57:03 - GeoTravelGlobalLogger - INFO     - [logger.py:345] - Partners API Request: GET https://sandbox.api.developers.gowithgeo.com/api/org/profile
2026-05-28 08:57:04 - GeoTravelGlobalLogger - INFO     - [logger.py:345] - Partners API Response: 200
2026-05-28 08:57:04 - GeoTravelGlobalLogger - INFO     - [logger.py:345] - Partners API Request: GET https://sandbox.api.developers.gowithgeo.com/api/org/reset-api-keys
2026-05-28 08:57:04 - GeoTravelGlobalLogger - INFO     - [logger.py:345] - Partners API Response: 201
2026-05-28 08:57:04 - GeoTravelGlobalLogger - INFO     - [logger.py:345] - TEST API credentials updated
2026-05-28 08:57:04 - GeoTravelGlobalLogger - INFO     - [logger.py:345] - API credentials initialized successfully
2026-05-28 08:57:04 - GeoTravelGlobalLogger - INFO     - [logger.py:345] - Creating flight API with test credentials
2026-05-28 08:57:04 - GeoTravelGlobalLogger - INFO     - [logger.py:345] - API Key: pk_test_323810cd7f2889ede900d77276f75424
2026-05-28 08:57:04 - GeoTravelGlobalLogger - INFO     - [logger.py:345] - API Secret: sk_test_16dd919a96adaf9400d985a67337680eb1d8d93568576a9e549db7f73dd7dc9b_geo
2026-05-28 08:57:04 - GeoTravelGlobalLogger - INFO     - [logger.py:345] - App ID: dfea3391-1897-4b62-af68-8226c6e62e69
2026-05-28 08:57:04 - GeoTravelGlobalLogger - INFO     - [logger.py:345] - 🔵 VERIFIED USER - Attempting flight search
2026-05-28 08:57:04 - GeoTravelGlobalLogger - INFO     - [logger.py:345] - Flight API Headers: {'Content-Type': 'application/json', 'Accept': 'application/json', 'x-api-key': 'pk_test_323810cd7f2889ede900d77276f75424', 'x-api-secret': 'sk_test_16dd919a96adaf9400d985a67337680eb1d8d93568576a9e549db7f73dd7dc9b_geo', 'x-app-id': 'dfea3391-1897-4b62-af68-8226c6e62e69'}
2026-05-28 08:57:04 - GeoTravelGlobalLogger - INFO     - [logger.py:345] - 🔍 SENDING THESE HEADERS: {'Content-Type': 'application/json', 'Accept': 'application/json', 'x-api-key': 'pk_test_323810cd7f2889ede900d77276f75424', 'x-api-secret': 'sk_test_16dd919a96adaf9400d985a67337680eb1d8d93568576a9e549db7f73dd7dc9b_geo', 'x-app-id': 'dfea3391-1897-4b62-af68-8226c6e62e69'}
2026-05-28 08:57:04 - GeoTravelGlobalLogger - INFO     - [logger.py:345] - Partners API Request: POST https://sandbox.api.developers.gowithgeo.com/api/flight/search
2026-05-28 08:57:14 - GeoTravelGlobalLogger - INFO     - [logger.py:345] - Partners API Response: 200
2026-05-28 08:57:14 - GeoTravelGlobalLogger - INFO     - [logger.py:345] - Response Status: 200
2026-05-28 08:57:14 - GeoTravelGlobalLogger - INFO     - [logger.py:345] - Response Headers: {'Access-Control-Allow-Credentials': 'true', 'Content-Encoding': 'gzip', 'Content-Security-Policy': "default-src 'self';base-uri 'self';font-src 'self' https: data:;form-action 'self';frame-ancestors 'self';img-src 'self' data:;object-src 'none';script-src 'self';script-src-attr 'none';style-src 'self' https: 'unsafe-inline';upgrade-insecure-requests", 'Content-Type': 'application/json; charset=utf-8', 'Cross-Origin-Opener-Policy': 'same-origin', 'Cross-Origin-Resource-Policy': 'same-origin', 'Date': 'Thu, 28 May 2026 08:57:14 GMT', 'Etag': 'W/"27403-MT0qyq89oYEyCXkqT36wIdFRcJQ"', 'Nel': '{"report_to":"heroku-nel","response_headers":["Via"],"max_age":3600,"success_fraction":0.01,"failure_fraction":0.1}', 'Origin-Agent-Cluster': '?1', 'Referrer-Policy': 'no-referrer', 'Report-To': '{"group":"heroku-nel","endpoints":[{"url":"https://nel.heroku.com/reports?s=LsyLAg3ZLowpYbvxZ2OgQpXwzTpni1W5B9pYScJP7MQ%3D\\u0026sid=c46efe9b-d3d2-4a0c-8c76-bfafa16c5add\\u0026ts=1779958624"}],"max_age":3600}', 'Reporting-Endpoints': 'heroku-nel="https://nel.heroku.com/reports?s=LsyLAg3ZLowpYbvxZ2OgQpXwzTpni1W5B9pYScJP7MQ%3D&sid=c46efe9b-d3d2-4a0c-8c76-bfafa16c5add&ts=1779958624"', 'Server': 'Heroku', 'Strict-Transport-Security': 'max-age=31536000; includeSubDomains', 'Vary': 'Origin, Accept-Encoding', 'Via': '1.1 heroku-router', 'X-Content-Type-Options': 'nosniff', 'X-Dns-Prefetch-Control': 'off', 'X-Download-Options': 'noopen', 'X-Frame-Options': 'SAMEORIGIN', 'X-Permitted-Cross-Domain-Policies': 'none', 'X-Ratelimit-Limit': '100', 'X-Ratelimit-Remaining': '99', 'X-Ratelimit-Reset': '87', 'X-Xss-Protection': '0', 'Transfer-Encoding': 'chunked'}
2026-05-28 08:57:14 - GeoTravelGlobalLogger - INFO     - [logger.py:345] - Response Body: {"message":"Flight search successful","data":{"flightTag":"flights:one_way:1:0:0:ECONOMY:LHR:LOS:2026-05-29","flightOffers":[{"type":"flight-offer","id":"1","source":"GDS","instantTicketingRequired":false,"nonHomogeneous":false,"oneWay":false,"isUpsellOffer":false,"lastTicketingDate":"2026-05-29","lastTicketingDateTime":"2026-05-29","numberOfBookableSeats":9,"itineraries":[{"duration":"PT22H","segments":[{"departure":{"iataCode":"LHR","terminal":"2","at":"2026-05-29T15:00:00"},"arrival":{"iataCode":"CAI","terminal":"3","at":"2026-05-29T21:55:00"},"carrierCode":"MS","number":"778","aircraft":{"code":"773"},"operating":{"carrierCode":"MS"},"duration":"PT4H55M","id":"51","numberOfStops":0,"blacklistedInEU":false},{"departure":{"iataCode":"CAI","terminal":"3","at":"2026-05-30T09:30:00"},"arrival":{"iataCode":"LOS","terminal":"2I","at":"2026-05-30T13:00:00"},"carrierCode":"MS","number":"875","aircraft":{"code":"738"},"operating":{"carrierCode":"MS"},"duration":"PT5H30M","id":"52","numberOfStops":0,"blacklistedInEU":false}]}],"price":{"currency":"NGN","total":"795828.00","base":"137234.00","fees":[{"amount":"0.00","type":"SUPPLIER"},{"amount":"0.00","type":"TICKETING"}],"grandTotal":"795828.00"},"pricingOptions":{"fareType":["NEGOTIATED"],"includedCheckedBagsOnly":true},"validatingAirlineCodes":["MS"],"travelerPricings":[{"travelerId":"1","fareOption":"STANDARD","travelerType":"ADULT","price":{"currency":"NGN","total":"795828.00","base":"137234.00"},"fareDetailsBySegment":[{"segmentId":"51","cabin":"ECONOMY","fareBasis":"ELRIGBO","class":"E","includedCheckedBags":{"quantity":2},"includedCabinBags":{"quantity":1}},{"segmentId":"52","cabin":"ECONOMY","fareBasis":"ELRIGBO","class":"E","includedCheckedBags":{"quantity":2},"includedCabinBags":{"quantity":1}}]}]},{"type":"flight-offer","id":"2","source":"GDS","instantTicketingRequired":false,"nonHomogeneous":false,"oneWay":false,"isUpsellOffer":false,"lastTicketingDate":"2026-05-29","lastTicketingDateTime":"2026-05-29","numberOfBookableSeats":9,"itineraries":[{"duration":"PT14H50M","segments":[{"departure":{"iataCode":"LHR","terminal":"2","at":"2026-05-29T22:10:00"},"arrival":{"iataCode":"CAI","terminal":"3","at":"2026-05-30T05:05:00"},"carrierCode":"MS","number":"780","aircraft":{"code":"32N"},"operating":{"carrierCode":"MS"},"duration":"PT4H55M","id":"213","numberOfStops":0,"blacklistedInEU":false},{"departure":{"iataCode":"CAI","terminal":"3","at":"2026-05-30T09:30:00"},"arrival":{"iataCode":"LOS","terminal":"2I","at":"2026-05-30T13:00:00"},"carrierCode":"MS","number":"875","aircraft":{"code":"738"},"operating":{"carrierCode":"MS"},"duration":"PT5H30M","id":"214","numberOfStops":0,"blacklistedInEU":false}]}],"price":{"currency":"NGN","total":"798720.00","base":"137234.00","fees":[{"amount":"0.00","type":"SUPPLIER"},{"amount":"0.00","type":"TICKETING"}],"grandTotal":"798720.00"},"pricingOptions":{"fareType":["NEGOTIATED"],"includedCheckedBagsOnly":true},"validatingAirlineCodes":["MS"],"travelerPricings":[{"travelerId":"1","fareOption":"STANDARD","travelerType":"ADULT","price":{"currency":"NGN","total":"798720.00","base":"137234.00"},"fareDetailsBySegment":[{"segmentId":"213","cabin":"ECONOMY","fareBasis":"ELRIGBO","class":"E","includedCheckedBags":{"quantity":2},"includedCabinBags":{"quantity":1}},{"segmentId":"214","cabin":"ECONOMY","fareBasis":"ELRIGBO","class":"E","includedCheckedBags":{"quantity":2},"includedCabinBags":{"quantity":1}}]}]},{"type":"flight-offer","id":"3","source":"GDS","instantTicketingRequired":false,"nonHomogeneous":false,"oneWay":false,"isUpsellOffer":false,"lastTicketingDate":"2026-05-29","lastTicketingDateTime":"2026-05-29","numberOfBookableSeats":9,"itineraries":[{"duration":"PT11H40M","segments":[{"departure":{"iataCode":"LHR","terminal":"4","at":"2026-05-29T18:10:00"},"arrival":{"iataCode":"CMN","terminal":"2","at":"2026-05-29T21:30:00"},"carrierCode":"AT","number":"801","aircraft":{"code":"7M8"},"operating":{"carrierCode":"AT"},"duration":"PT3H20M","id":"162","numberOfStops":0,"blacklistedInEU":false},{"departure":{"iataCode":"CMN","terminal":"1","at":"2026-05-30T01:10:00"},"arrival":{"iataCode":"LOS","terminal":"2I","at":"2026-05-30T05:50:00"},"carrierCode":"AT","number":"555","aircraft":{"code":"73H"},"operating":{"carrierCode":"AT"},"duration":"PT4H40M","id":"163","numberOfStops":0,"blacklistedInEU":false}]}],"price":{"currency":"NGN","total":"837286.00","base":"205851.00","fees":[{"amount":"0.00","type":"SUPPLIER"},{"amount":"0.00","type":"TICKETING"}],"grandTotal":"837286.00"},"pricingOptions":{"fareType":["PUBLISHED"],"includedCheckedBagsOnly":true},"validatingAirlineCodes":["AT"],"travelerPricings":[{"travelerId":"1","fareOption":"STANDARD","travelerType":"ADULT","price":{"currency":"NGN","total":"837286.00","base":"205851.00"},"fareDetailsBySegment":[{"segmentId":"162","cabin":"ECONOMY","fareBasis":"QL0WE1PA","class":"Q","includedCheckedBags":{"quantity":1},"includedCabinBags":{"quantity":1}},{"segmentId":"163","cabin":"ECONOMY","fareBasis":"QL0WE1PA","class":"Q","includedCheckedBags":{"quantity":1},"includedCabinBags":{"quantity":1}}]}]},{"type":"flight-offer","id":"4","source":"GDS","instantTicketingRequired":false,"nonHomogeneous":false,"oneWay":false,"isUpsellOffer":false,"lastTicketingDate":"2026-05-29","lastTicketingDateTime":"2026-05-29","numberOfBookableSeats":9,"itineraries":[{"duration":"PT24H5M","segments":[{"departure":{"iataCode":"LHR","terminal":"4","at":"2026-05-29T18:10:00"},"arrival":{"iataCode":"CMN","terminal":"2","at":"2026-05-29T21:30:00"},"carrierCode":"AT","number":"801","aircraft":{"code":"7M8"},"operating":{"carrierCode":"AT"},"duration":"PT3H20M","id":"66","numberOfStops":0,"blacklistedInEU":false},{"departure":{"iataCode":"CMN","terminal":"1","at":"2026-05-30T13:35:00"},"arrival":{"iataCode":"LOS","terminal":"2I","at":"2026-05-30T18:15:00"},"carrierCode":"AT","number":"557","aircraft":{"code":"73H"},"operating":{"carrierCode":"AT"},"duration":"PT4H40M","id":"67","numberOfStops":0,"blacklistedInEU":false}]}],"price":{"currency":"NGN","total":"837286.00","base":"205851.00","fees":[{"amount":"0.00","type":"SUPPLIER"},{"amount":"0.00","type":"TICKETING"}],"grandTotal":"837286.00"},"pricingOptions":{"fareType":["PUBLISHED"],"includedCheckedBagsOnly":true},"validatingAirlineCodes":["AT"],"travelerPricings":[{"travelerId":"1","fareOption":"STANDARD","travelerType":"ADULT","price":{"currency":"NGN","total":"837286.00","base":"205851.00"},"fareDetailsBySegment":[{"segmentId":"66","cabin":"ECONOMY","fareBasis":"QL0WE1PA","class":"Q","includedCheckedBags":{"quantity":1},"includedCabinBags":{"quantity":1}},{"segmentId":"67","cabin":"ECONOMY","fareBasis":"QL0WE1PA","class":"Q","includedCheckedBags":{"quantity":1},"includedCabinBags":{"quantity":1}}]}]},{"type":"flight-offer","id":"5","source":"GDS","instantTicketingRequired":false,"nonHomogeneous":false,"oneWay":false,"isUpsellOffer":false,"lastTicketingDate":"2026-05-29","lastTicketingDateTime":"2026-05-29","numberOfBookableSeats":9,"itineraries":[{"duration":"PT15H40M","segments":[{"departure":{"iataCode":"LHR","terminal":"4","at":"2026-05-29T15:05:00"},"arrival":{"iataCode":"DOH","at":"2026-05-29T23:50:00"},"carrierCode":"QR","number":"4","aircraft":{"code":"77W"},"operating":{"carrierCode":"QR"},"duration":"PT6H45M","id":"164","numberOfStops":0,"blacklistedInEU":false},{"departure":{"iataCode":"DOH","at":"2026-05-30T01:20:00"},"arrival":{"iataCode":"LOS","terminal":"2I","at":"2026-05-30T06:45:00"},"carrierCode":"QR","number":"1407","aircraft":{"code":"789"},"operating":{"carrierCode":"QR"},"duration":"PT7H25M","id":"165","numberOfStops":0,"blacklistedInEU":false}]}],"price":{"currency":"NGN","total":"866046.00","base":"235524.00","fees":[{"amount":"0.00","type":"SUPPLIER"},{"amount":"0.00","type":"TICKETING"}],"grandTotal":"866046.00"},"pricingOptions":{"fareType":["PUBLISHED"],"includedCheckedBagsOnly":true},"validatingAirlineCodes":["QR"],"travelerPricings":[{"travelerId":"1","fareOption":"STANDARD","travelerType":"ADULT","price":{"currency":"NGN","total":"866046.00","base":"235524.00"},"fareDetailsBySegment":[{"segmentId":"164","cabin":"ECONOMY","fareBasis":"OLGBP1RI","class":"O","includedCheckedBags":{"quantity":2},"includedCabinBags":{"quantity":1}},{"segmentId":"165","cabin":"ECONOMY","fareBasis":"OLGBP1RI","class":"O","includedCheckedBags":{"quantity":2},"includedCabinBags":{"quantity":1}}]}]},{"type":"flight-offer","id":"6","source":"GDS","instantTicketingRequired":false,"nonHomogeneous":false,"oneWay":false,"isUpsellOffer":false,"lastTicketingDate":"2026-05-29","lastTicketingDateTime":"2026-05-29","numberOfBookableSeats":9,"itineraries":[{"duration":"PT34H5M","segments":[{"departure":{"iataCode":"LHR","terminal":"5","at":"2026-05-29T20:40:00"},"arrival":{"iataCode":"MXP","terminal":"1","at":"2026-05-29T23:35:00"},"carrierCode":"QR","number":"8342","aircraft":{"code":"319"},"operating":{"carrierCode":"BA"},"duration":"PT1H55M","id":"68","numberOfStops":0,"blacklistedInEU":false},{"departure":{"iataCode":"MXP","terminal":"1","at":"2026-05-30T09:40:00"},"arrival":{"iataCode":"DOH","at":"2026-05-30T16:25:00"},"carrierCode":"QR","number":"124","aircraft":{"code":"359"},"operating":{"carrierCode":"QR"},"duration":"PT5H45M","id":"69","numberOfStops":0,"blacklistedInEU":false},{"departure":{"iataCode":"DOH","at":"2026-05-31T01:20:00"},"arrival":{"iataCode":"LOS","terminal":"2I","at":"2026-05-31T06:45:00"},"carrierCode":"QR","number":"1407","aircraft":{"code":"789"},"operating":{"carrierCode":"QR"},"duration":"PT7H25M","id":"70","numberOfStops":0,"blacklistedInEU":false}]}],"price":{"currency":"NGN","total":"1010193.00","base":"372758.00","fees":[{"amount":"0.00","type":"SUPPLIER"},{"amount":"0.00","type":"TICKETING"}],"grandTotal":"1010193.00"},"pricingOptions":{"fareType":["PUBLISHED"],"includedCheckedBagsOnly":true},"validatingAirlineCodes":["QR"],"travelerPricings":[{"travelerId":"1","fareOption":"STANDARD","travelerType":"ADULT","price":{"currency":"NGN","total":"1010193.00","base":"372758.00"},"fareDetailsBySegment":[{"segmentId":"68","cabin":"ECONOMY","fareBasis":"OLGBP1RI","class":"W","includedCheckedBags":{"quantity":2},"includedCabinBags":{"quantity":2}},{"segmentId":"69","cabin":"ECONOMY","fareBasis":"OLGBP1RI","class":"O","includedCheckedBags":{"quantity":2},"includedCabinBags":{"quantity":1}},{"segmentId":"70","cabin":"ECONOMY","fareBasis":"OLGBP1RI","class":"O","includedCheckedBags":{"quantity":2},"includedCabinBags":{"quantity":1}}]}]},{"type":"flight-offer","id":"7","source":"GDS","instantTicketingRequired":false,"nonHomogeneous":false,"oneWay":false,"isUpsellOffer":false,"lastTicketingDate":"2026-05-29","lastTicketingDateTime":"2026-05-29","numberOfBookableSeats":9,"itineraries":[{"duration":"PT34H5M","segments":[{"departure":{"iataCode":"LHR","terminal":"5","at":"2026-05-29T20:40:00"},"arrival":{"iataCode":"MXP","terminal":"1","at":"2026-05-29T23:35:00"},"carrierCode":"QR","number":"8342","aircraft":{"code":"319"},"operating":{"carrierCode":"BA"},"duration":"PT1H55M","id":"71","numberOfStops":0,"blacklistedInEU":false},{"departure":{"iataCode":"MXP","terminal":"1","at":"2026-05-30T16:00:00"},"arrival":{"iataCode":"DOH","at":"2026-05-30T22:45:00"},"carrierCode":"QR","number":"128","aircraft":{"code":"359"},"operating":{"carrierCode":"QR"},"duration":"PT5H45M","id":"72","numberOfStops":0,"blacklistedInEU":false},{"departure":{"iataCode":"DOH","at":"2026-05-31T01:20:00"},"arrival":{"iataCode":"LOS","terminal":"2I","at":"2026-05-31T06:45:00"},"carrierCode":"QR","number":"1407","aircraft":{"code":"789"},"operating":{"carrierCode":"QR"},"duration":"PT7H25M","id":"73","numberOfStops":0,"blacklistedInEU":false}]}],"price":{"currency":"NGN","total":"1010193.00","base":"372758.00","fees":[{"amount":"0.00","type":"SUPPLIER"},{"amount":"0.00","type":"TICKETING"}],"grandTotal":"1010193.00"},"pricingOptions":{"fareType":["PUBLISHED"],"includedCheckedBagsOnly":true},"validatingAirlineCodes":["QR"],"travelerPricings":[{"travelerId":"1","fareOption":"STANDARD","travelerType":"ADULT","price":{"currency":"NGN","total":"1010193.00","base":"372758.00"},"fareDetailsBySegment":[{"segmentId":"71","cabin":"ECONOMY","fareBasis":"OLGBP1RI","class":"W","includedCheckedBags":{"quantity":2},"includedCabinBags":{"quantity":2}},{"segmentId":"72","cabin":"ECONOMY","fareBasis":"OLGBP1RI","class":"O","includedCheckedBags":{"quantity":2},"includedCabinBags":{"quantity":1}},{"segmentId":"73","cabin":"ECONOMY","fareBasis":"OLGBP1RI","class":"O","includedCheckedBags":{"quantity":2},"includedCabinBags":{"quantity":1}}]}]},{"type":"flight-offer","id":"8","source":"GDS","instantTicketingRequired":false,"nonHomogeneous":false,"oneWay":false,"isUpsellOffer":false,"lastTicketingDate":"2026-05-29","lastTicketingDateTime":"2026-05-29","numberOfBookableSeats":9,"itineraries":[{"duration":"PT21H30M","segments":[{"departure":{"iataCode":"LHR","terminal":"5","at":"2026-05-29T09:15:00"},"arrival":{"iataCode":"ZRH","at":"2026-05-29T12:10:00"},"carrierCode":"BA","number":"732","aircraft":{"code":"319"},"operating":{"carrierCode":"BA"},"duration":"PT1H55M","id":"146","numberOfStops":0,"blacklistedInEU":false},{"departure":{"iataCode":"ZRH","at":"2026-05-29T15:50:00"},"arrival":{"iataCode":"DOH","at":"2026-05-29T22:50:00"},"carrierCode":"QR","number":"96","aircraft":{"code":"359"},"operating":{"carrierCode":"QR"},"duration":"PT6H","id":"147","numberOfStops":0,"blacklistedInEU":false},{"departure":{"iataCode":"DOH","at":"2026-05-30T01:20:00"},"arrival":{"iataCode":"LOS","terminal":"2I","at":"2026-05-30T06:45:00"},"carrierCode":"QR","number":"1407","aircraft":{"code":"789"},"operating":{"carrierCode":"QR"},"duration":"PT7H25M","id":"148","numberOfStops":0,"blacklistedInEU":false}]}],"price":{"currency":"NGN","total":"1045195.00","base":"372758.00","fees":[{"amount":"0.00","type":"SUPPLIER"},{"amount":"0.00","type":"TICKETING"}],"grandTotal":"1045195.00"},"pricingOptions":{"fareType":["PUBLISHED"],"includedCheckedBagsOnly":true},"validatingAirlineCodes":["QR"],"travelerPricings":[{"travelerId":"1","fareOption":"STANDARD","travelerType":"ADULT","price":{"currency":"NGN","total":"1045195.00","base":"372758.00"},"fareDetailsBySegment":[{"segmentId":"146","cabin":"ECONOMY","fareBasis":"OLGBP1RI","class":"O","includedCheckedBags":{"quantity":2},"includedCabinBags":{"quantity":2}},{"segmentId":"147","cabin":"ECONOMY","fareBasis":"OLGBP1RI","class":"O","includedCheckedBags":{"quantity":2},"includedCabinBags":{"quantity":1}},{"segmentId":"148","cabin":"ECONOMY","fareBasis":"OLGBP1RI","class":"O","includedCheckedBags":{"quantity":2},"includedCabinBags":{"quantity":1}}]}]},{"type":"flight-offer","id":"9","source":"GDS","instantTicketingRequired":false,"nonHomogeneous":false,"oneWay":false,"isUpsellOffer":false,"lastTicketingDate":"2026-05-29","lastTicketingDateTime":"2026-05-29","numberOfBookableSeats":9,"itineraries":[{"duration":"PT41H15M","segments":[{"departure":{"iataCode":"LHR","terminal":"5","at":"2026-05-29T19:55:00"},"arrival":{"iataCode":"ZRH","at":"2026-05-29T22:40:00"},"carrierCode":"BA","number":"740","aircraft":{"code":"319"},"operating":{"carrierCode":"BA"},"duration":"PT1H45M","id":"105","numberOfStops":0,"blacklistedInEU":false},{"departure":{"iataCode":"ZRH","at":"2026-05-30T09:40:00"},"arrival":{"iataCode":"DOH","at":"2026-05-30T16:40:00"},"carrierCode":"QR","number":"94","aircraft":{"code":"359"},"operating":{"carrierCode":"QR"},"duration":"PT6H","id":"106","numberOfStops":0,"blacklistedInEU":false},{"departure":{"iataCode":"DOH","at":"2026-05-31T07:45:00"},"arrival":{"iataCode":"LOS","terminal":"2I","at":"2026-05-31T13:10:00"},"carrierCode":"QR","number":"1405","aircraft":{"code":"789"},"operating":{"carrierCode":"QR"},"duration":"PT7H25M","id":"107","numberOfStops":0,"blacklistedInEU":false}]}],"price":{"currency":"NGN","total":"1048775.00","base":"372758.00","fees":[{"amount":"0.00","type":"SUPPLIER"},{"amount":"0.00","type":"TICKETING"}],"grandTotal":"1048775.00"},"pricingOptions":{"fareType":["PUBLISHED"],"includedCheckedBagsOnly":true},"validatingAirlineCodes":["QR"],"travelerPricings":[{"travelerId":"1","fareOption":"STANDARD","travelerType":"ADULT","price":{"currency":"NGN","total":"1048775.00","base":"372758.00"},"fareDetailsBySegment":[{"segmentId":"105","cabin":"ECONOMY","fareBasis":"OLGBP1RI","class":"O","includedCheckedBags":{"quantity":2},"includedCabinBags":{"quantity":2}},{"segmentId":"106","cabin":"ECONOMY","fareBasis":"OLGBP1RI","class":"O","includedCheckedBags":{"quantity":2},"includedCabinBags":{"quantity":1}},{"segmentId":"107","cabin":"ECONOMY","fareBasis":"OLGBP1RI","class":"O","includedCheckedBags":{"quantity":2},"includedCabinBags":{"quantity":1}}]}]},{"type":"flight-offer","id":"10","source":"GDS","instantTicketingRequired":false,"nonHomogeneous":false,"oneWay":false,"isUpsellOffer":false,"lastTicketingDate":"2026-05-28","lastTicketingDateTime":"2026-05-28","numberOfBookableSeats":9,"itineraries":[{"duration":"PT14H35M","segments":[{"departure":{"iataCode":"LHR","at":"2026-05-29T21:10:00"},"arrival":{"iataCode":"ABV","at":"2026-05-30T04:20:00"},"carrierCode":"P4","number":"7577","aircraft":{"code":"772"},"operating":{"carrierCode":"P4"},"duration":"PT7H10M","id":"159","numberOfStops":0,"blacklistedInEU":false},{"departure":{"iataCode":"ABV","terminal":"D","at":"2026-05-30T10:30:00"},"arrival":{"iataCode":"LOS","terminal":"D","at":"2026-05-30T11:45:00"},"carrierCode":"QI","number":"307","aircraft":{"code":"ZZZ"},"operating":{"carrierCode":"QI"},"duration":"PT1H15M","id":"160","numberOfStops":0,"blacklistedInEU":false}]}],"price":{"currency":"NGN","total":"1102828.00","base":"90871.00","fees":[{"amount":"0.00","type":"SUPPLIER"},{"amount":"0.00","type":"TICKETING"}],"grandTotal":"1102828.00"},"pricingOptions":{"fareType":["PUBLISHED"],"includedCheckedBagsOnly":true},"validatingAirlineCodes":["GP"],"travelerPricings":[{"travelerId":"1","fareOption":"STANDARD","travelerType":"ADULT","price":{"currency":"NGN","total":"1102828.00","base":"90871.00"},"fareDetailsBySegment":[{"segmentId":"159","cabin":"ECONOMY","fareBasis":"XOWLHR","class":"X","includedCheckedBags":{"weight":15,"weightUnit":"KG"},"includedCabinBags":{"quantity":1}},{"segmentId":"160","cabin":"ECONOMY","fareBasis":"QOWDOM","class":"Q","includedCheckedBags":{"weight":15,"weightUnit":"KG"},"includedCabinBags":{"weight":7,"weightUnit":"KG"}}]}]},{"type":"flight-offer","id":"11","source":"GDS","instantTicketingRequired":false,"nonHomogeneous":false,"oneWay":false,"isUpsellOffer":false,"lastTicketingDate":"2026-05-29","lastTicketingDateTime":"2026-05-29","numberOfBookableSeats":9,"itineraries":[{"duration":"PT12H35M","segments":[{"departure":{"iataCode":"LHR","terminal":"2","at":"2026-05-29T06:30:00"},"arrival":{"iataCode":"IST","at":"2026-05-29T12:25:00"},"carrierCode":"TK","number":"1988","aircraft":{"code":"32Q"},"operating":{"carrierCode":"TK"},"duration":"PT3H55M","id":"152","numberOfStops":0,"blacklistedInEU":false},{"departure":{"iataCode":"IST","at":"2026-05-29T14:05:00"},"arrival":{"iataCode":"LOS","terminal":"I","at":"2026-05-29T19:05:00"},"carrierCode":"TK","number":"625","aircraft":{"code":"333"},"operating":{"carrierCode":"TK"},"duration":"PT7H","id":"153","numberOfStops":0,"blacklistedInEU":false}]}],"price":{"currency":"NGN","total":"1108340.00","base":"433957.00","fees":[{"amount":"0.00","type":"SUPPLIER"},{"amount":"0.00","type":"TICKETING"}],"grandTotal":"1108340.00"},"pricingOptions":{"fareType":["PUBLISHED"],"includedCheckedBagsOnly":true},"validatingAirlineCodes":["TK"],"travelerPricings":[{"travelerId":"1","fareOption":"STANDARD","travelerType":"ADULT","price":{"currency":"NGN","total":"1108340.00","base":"433957.00"},"fareDetailsBySegment":[{"segmentId":"152","cabin":"ECONOMY","fareBasis":"QLN2PXOW","class":"Q","includedCheckedBags":{"quantity":2},"includedCabinBags":{"quantity":1}},{"segmentId":"153","cabin":"ECONOMY","fareBasis":"QLN2PXOW","class":"Q","includedCheckedBags":{"quantity":2},"includedCabinBags":{"quantity":1}}]}]},{"type":"flight-offer","id":"12","source":"GDS","instantTicketingRequired":false,"nonHomogeneous":false,"oneWay":false,"isUpsellOffer":false,"lastTicketingDate":"2026-05-28","lastTicketingDateTime":"2026-05-28","numberOfBookableSeats":9,"itineraries":[{"duration":"PT17H20M","segments":[{"departure":{"iataCode":"LHR","at":"2026-05-29T21:10:00"},"arrival":{"iataCode":"ABV","at":"2026-05-30T04:20:00"},"carrierCode":"P4","number":"7577","aircraft":{"code":"772"},"operating":{"carrierCode":"P4"},"duration":"PT7H10M","id":"111","numberOfStops":0,"blacklistedInEU":false},{"departure":{"iataCode":"ABV","terminal":"D","at":"2026-05-30T12:05:00"},"arrival":{"iataCode":"ENU","at":"2026-05-30T12:55:00"},"carrierCode":"QI","number":"703","aircraft":{"code":"CRJ"},"operating":{"carrierCode":"QI"},"duration":"PT50M","id":"112","numberOfStops":0,"blacklistedInEU":false},{"departure":{"iataCode":"ENU","at":"2026-05-30T13:30:00"},"arrival":{"iataCode":"LOS","terminal":"D","at":"2026-05-30T14:30:00"},"carrierCode":"QI","number":"605","aircraft":{"code":"CRJ"},"operating":{"carrierCode":"QI"},"duration":"PT1H","id":"113","numberOfStops":0,"blacklistedInEU":false}]}],"price":{"currency":"NGN","total":"1222013.00","base":"146507.00","fees":[{"amount":"0.00","type":"SUPPLIER"},{"amount":"0.00","type":"TICKETING"}],"grandTotal":"1222013.00"},"pricingOptions":{"fareType":["PUBLISHED"],"includedCheckedBagsOnly":true},"validatingAirlineCodes":["GP"],"travelerPricings":[{"travelerId":"1","fareOption":"STANDARD","travelerType":"ADULT","price":{"currency":"NGN","total":"1222013.00","base":"146507.00"},"fareDetailsBySegment":[{"segmentId":"111","cabin":"ECONOMY","fareBasis":"XOWLHR","class":"X","includedCheckedBags":{"weight":15,"weightUnit":"KG"},"includedCabinBags":{"quantity":1}},{"segmentId":"112","cabin":"ECONOMY","fareBasis":"QOWDOM","class":"Q","includedCheckedBags":{"weight":15,"weightUnit":"KG"},"includedCabinBags":{"weight":7,"weightUnit":"KG"}},{"segmentId":"113","cabin":"ECONOMY","fareBasis":"QOWDOM","class":"Q","includedCheckedBags":{"weight":15,"weightUnit":"KG"},"includedCabinBags":{"weight":7,"weightUnit":"KG"}}]}]},{"type":"flight-offer","id":"13","source":"GDS","instantTicketingRequired":false,"nonHomogeneous":false,"oneWay":false,"isUpsellOffer":false,"lastTicketingDate":"2026-05-28","lastTicketingDateTime":"2026-05-28","numberOfBookableSeats":6,"itineraries":[{"duration":"PT6H55M","segments":[{"departure":{"iataCode":"LHR","terminal":"3","at":"2026-05-29T22:35:00"},"arrival":{"iataCode":"LOS","terminal":"1I","at":"2026-05-30T05:30:00"},"carrierCode":"VS","number":"411","aircraft":{"code":"339"},"operating":{"carrierCode":"VS"},"duration":"PT6H55M","id":"215","numberOfStops":0,"blacklistedInEU":false}]}],"price":{"currency":"NGN","total":"1266968.00","base":"623117.00","fees":[{"amount":"0.00","type":"SUPPLIER"},{"amount":"0.00","type":"TICKETING"}],"grandTotal":"1266968.00"},"pricingOptions":{"fareType":["PUBLISHED"],"includedCheckedBagsOnly":false},"validatingAirlineCodes":["VS"],"travelerPricings":[{"travelerId":"1","fareOption":"STANDARD","travelerType":"ADULT","price":{"currency":"NGN","total":"1266968.00","base":"623117.00"},"fareDetailsBySegment":[{"segmentId":"215","cabin":"ECONOMY","fareBasis":"NGD0B8LA","class":"T","includedCheckedBags":{"quantity":0},"includedCabinBags":{"quantity":1}}]}]},{"type":"flight-offer","id":"14","source":"GDS","instantTicketingRequired":false,"nonHomogeneous":false,"oneWay":false,"isUpsellOffer":false,"lastTicketingDate":"2026-05-29","lastTicketingDateTime":"2026-05-29","numberOfBookableSeats":9,"itineraries":[{"duration":"PT17H5M","segments":[{"departure":{"iataCode":"LHR","terminal":"5","at":"2026-05-29T13:40:00"},"arrival":{"iataCode":"DOH","at":"2026-05-29T22:40:00"},"carrierCode":"QR","number":"5942","aircraft":{"code":"788"},"operating":{"carrierCode":"BA"},"duration":"PT7H","id":"56","numberOfStops":0,"blacklistedInEU":false},{"departure":{"iataCode":"DOH","at":"2026-05-30T01:20:00"},"arrival":{"iataCode":"LOS","terminal":"2I","at":"2026-05-30T06:45:00"},"carrierCode":"QR","number":"1407","aircraft":{"code":"789"},"operating":{"carrierCode":"QR"},"duration":"PT7H25M","id":"57","numberOfStops":0,"blacklistedInEU":false}]}],"price":{"currency":"NGN","total":"1306122.00","base":"654644.00","fees":[{"amount":"0.00","type":"SUPPLIER"},{"amount":"0.00","type":"TICKETING"}],"grandTotal":"1306122.00"},"pricingOptions":{"fareType":["PUBLISHED"],"includedCheckedBagsOnly":true},"validatingAirlineCodes":["QR"],"travelerPricings":[{"travelerId":"1","fareOption":"STANDARD","travelerType":"ADULT","price":{"currency":"NGN","total":"1306122.00","base":"654644.00"},"fareDetailsBySegment":[{"segmentId":"56","cabin":"ECONOMY","fareBasis":"SLR7R1SI","class":"S","includedCheckedBags":{"quantity":2},"includedCabinBags":{"quantity":2}},{"segmentId":"57","cabin":"ECONOMY","fareBasis":"SLR7R1SI","class":"S","includedCheckedBags":{"quantity":2},"includedCabinBags":{"quantity":1}}]}]},{"type":"flight-offer","id":"15","source":"GDS","instantTicketingRequired":false,"nonHomogeneous":false,"oneWay":false,"isUpsellOffer":false,"lastTicketingDate":"2026-05-28","lastTicketingDateTime":"2026-05-28","numberOfBookableSeats":9,"itineraries":[{"duration":"PT6H40M","segments":[{"departure":{"iataCode":"LHR","terminal":"5","at":"2026-05-29T12:05:00"},"arrival":{"iataCode":"LOS","terminal":"1I","at":"2026-05-29T18:45:00"},"carrierCode":"BA","number":"75","aircraft":{"code":"781"},"operating":{"carrierCode":"BA"},"duration":"PT6H40M","id":"161","numberOfStops":0,"blacklistedInEU":false}]}],"price":{"currency":"NGN","total":"1317597.00","base":"671335.00","fees":[{"amount":"0.00","type":"SUPPLIER"},{"amount":"0.00","type":"TICKETING"}],"grandTotal":"1317597.00"},"pricingOptions":{"fareType":["PUBLISHED"],"includedCheckedBagsOnly":false},"validatingAirlineCodes":["BA"],"travelerPricings":[{"travelerId":"1","fareOption":"STANDARD","travelerType":"ADULT","price":{"currency":"NGN","total":"1317597.00","base":"671335.00"},"fareDetailsBySegment":[{"segmentId":"161","cabin":"ECONOMY","fareBasis":"VLNF00B7","class":"V","includedCheckedBags":{"quantity":0},"includedCabinBags":{"quantity":2}}]}]},{"type":"flight-offer","id":"16","source":"GDS","instantTicketingRequired":false,"nonHomogeneous":false,"oneWay":false,"isUpsellOffer":false,"lastTicketingDate":"2026-05-29","lastTicketingDateTime":"2026-05-29","numberOfBookableSeats":9,"itineraries":[{"duration":"PT22H","segments":[{"departure":{"iataCode":"LHR","terminal":"5","at":"2026-05-29T08:45:00"},"arrival":{"iataCode":"MAN","terminal":"2","at":"2026-05-29T09:45:00"},"carrierCode":"QR","number":"6001","aircraft":{"code":"32Q"},"operating":{"carrierCode":"BA"},"duration":"PT1H","id":"48","numberOfStops":0,"blacklistedInEU":false},{"departure":{"iataCode":"MAN","terminal":"2","at":"2026-05-29T14:55:00"},"arrival":{"iataCode":"DOH","at":"2026-05-29T23:45:00"},"carrierCode":"QR","number":"28","aircraft":{"code":"351"},"operating":{"carrierCode":"QR"},"duration":"PT6H50M","id":"49","numberOfStops":0,"blacklistedInEU":false},{"departure":{"iataCode":"DOH","at":"2026-05-30T01:20:00"},"arrival":{"iataCode":"LOS","terminal":"2I","at":"2026-05-30T06:45:00"},"carrierCode":"QR","number":"1407","aircraft":{"code":"789"},"operating":{"carrierCode":"QR"},"duration":"PT7H25M","id":"50","numberOfStops":0,"blacklistedInEU":false}]}],"price":{"currency":"NGN","total":"1322555.00","base":"654644.00","fees":[{"amount":"0.00","type":"SUPPLIER"},{"amount":"0.00","type":"TICKETING"}],"grandTotal":"1322555.00"},"pricingOptions":{"fareType":["PUBLISHED"],"includedCheckedBagsOnly":true},"validatingAirlineCodes":["QR"],"travelerPricings":[{"travelerId":"1","fareOption":"STANDARD","travelerType":"ADULT","price":{"currency":"NGN","total":"1322555.00","base":"654644.00"},"fareDetailsBySegment":[{"segmentId":"48","cabin":"ECONOMY","fareBasis":"NLR7R1RI","class":"N","includedCheckedBags":{"quantity":2},"includedCabinBags":{"quantity":2}},{"segmentId":"49","cabin":"ECONOMY","fareBasis":"NLR7R1RI","class":"N","includedCheckedBags":{"quantity":2},"includedCabinBags":{"quantity":1}},{"segmentId":"50","cabin":"ECONOMY","fareBasis":"NLR7R1RI","class":"N","includedCheckedBags":{"quantity":2},"includedCabinBags":{"quantity":1}}]}]},{"type":"flight-offer","id":"17","source":"GDS","instantTicketingRequired":false,"nonHomogeneous":false,"oneWay":false,"isUpsellOffer":false,"lastTicketingDate":"2026-05-29","lastTicketingDateTime":"2026-05-29","numberOfBookableSeats":9,"itineraries":[{"duration":"PT22H45M","segments":[{"departure":{"iataCode":"LHR","terminal":"5","at":"2026-05-29T08:00:00"},"arrival":{"iataCode":"FCO","terminal":"3","at":"2026-05-29T11:35:00"},"carrierCode":"QR","number":"9741","aircraft":{"code":"32Q"},"operating":{"carrierCode":"BA"},"duration":"PT2H35M","id":"177","numberOfStops":0,"blacklistedInEU":false},{"departure":{"iataCode":"FCO","terminal":"3","at":"2026-05-29T15:50:00"},"arrival":{"iataCode":"DOH","at":"2026-05-29T22:15:00"},"carrierCode":"QR","number":"132","aircraft":{"code":"359"},"operating":{"carrierCode":"QR"},"duration":"PT5H25M","id":"178","numberOfStops":0,"blacklistedInEU":false},{"departure":{"iataCode":"DOH","at":"2026-05-30T01:20:00"},"arrival":{"iataCode":"LOS","terminal":"2I","at":"2026-05-30T06:45:00"},"carrierCode":"QR","number":"1407","aircraft":{"code":"789"},"operating":{"carrierCode":"QR"},"duration":"PT7H25M","id":"179","numberOfStops":0,"blacklistedInEU":false}]}],"price":{"currency":"NGN","total":"1398577.00","base":"745516.00","fees":[{"amount":"0.00","type":"SUPPLIER"},{"amount":"0.00","type":"TICKETING"}],"grandTotal":"1398577.00"},"pricingOptions":{"fareType":["PUBLISHED"],"includedCheckedBagsOnly":true},"validatingAirlineCodes":["QR"],"travelerPricings":[{"travelerId":"1","fareOption":"STANDARD","travelerType":"ADULT","price":{"currency":"NGN","total":"1398577.00","base":"745516.00"},"fareDetailsBySegment":[{"segmentId":"177","cabin":"ECONOMY","fareBasis":"NLR7R1RI","class":"N","includedCheckedBags":{"quantity":2},"includedCabinBags":{"quantity":2}},{"segmentId":"178","cabin":"ECONOMY","fareBasis":"NLR7R1RI","class":"N","includedCheckedBags":{"quantity":2},"includedCabinBags":{"quantity":1}},{"segmentId":"179","cabin":"ECONOMY","fareBasis":"NLR7R1RI","class":"N","includedCheckedBags":{"quantity":2},"includedCabinBags":{"quantity":1}}]}]},{"type":"flight-offer","id":"18","source":"GDS","instantTicketingRequired":false,"nonHomogeneous":false,"oneWay":false,"isUpsellOffer":false,"lastTicketingDate":"2026-05-29","lastTicketingDateTime":"2026-05-29","numberOfBookableSeats":9,"itineraries":[{"duration":"PT23H10M","segments":[{"departure":{"iataCode":"LHR","terminal":"5","at":"2026-05-29T07:35:00"},"arrival":{"iataCode":"FCO","terminal":"3","at":"2026-05-29T11:05:00"},"carrierCode":"QR","number":"9720","aircraft":{"code":"32N"},"operating":{"carrierCode":"BA"},"duration":"PT2H30M","id":"81","numberOfStops":0,"blacklistedInEU":false},{"departure":{"iataCode":"FCO","terminal":"3","at":"2026-05-29T15:50:00"},"arrival":{"iataCode":"DOH","at":"2026-05-29T22:15:00"},"carrierCode":"QR","number":"132","aircraft":{"code":"359"},"operating":{"carrierCode":"QR"},"duration":"PT5H25M","id":"82","numberOfStops":0,"blacklistedInEU":false},{"departure":{"iataCode":"DOH","at":"2026-05-30T01:20:00"},"arrival":{"iataCode":"LOS","terminal":"2I","at":"2026-05-30T06:45:00"},"carrierCode":"QR","number":"1407","aircraft":{"code":"789"},"operating":{"carrierCode":"QR"},"duration":"PT7H25M","id":"83","numberOfStops":0,"blacklistedInEU":false}]}],"price":{"currency":"NGN","total":"1398577.00","base":"745516.00","fees":[{"amount":"0.00","type":"SUPPLIER"},{"amount":"0.00","type":"TICKETING"}],"grandTotal":"1398577.00"},"pricingOptions":{"fareType":["PUBLISHED"],"includedCheckedBagsOnly":true},"validatingAirlineCodes":["QR"],"travelerPricings":[{"travelerId":"1","fareOption":"STANDARD","travelerType":"ADULT","price":{"currency":"NGN","total":"1398577.00","base":"745516.00"},"fareDetailsBySegment":[{"segmentId":"81","cabin":"ECONOMY","fareBasis":"NLR7R1RI","class":"N","includedCheckedBags":{"quantity":2},"includedCabinBags":{"quantity":2}},{"segmentId":"82","cabin":"ECONOMY","fareBasis":"NLR7R1RI","class":"N","includedCheckedBags":{"quantity":2},"includedCabinBags":{"quantity":1}},{"segmentId":"83","cabin":"ECONOMY","fareBasis":"NLR7R1RI","class":"N","includedCheckedBags":{"quantity":2},"includedCabinBags":{"quantity":1}}]}]},{"type":"flight-offer","id":"19","source":"GDS","instantTicketingRequired":false,"nonHomogeneous":false,"oneWay":false,"isUpsellOffer":false,"lastTicketingDate":"2026-05-29","lastTicketingDateTime":"2026-05-29","numberOfBookableSeats":8,"itineraries":[{"duration":"PT20H5M","segments":[{"departure":{"iataCode":"LHR","terminal":"5","at":"2026-05-29T10:40:00"},"arrival":{"iataCode":"MXP","terminal":"1","at":"2026-05-29T13:50:00"},"carrierCode":"QR","number":"5924","aircraft":{"code":"319"},"operating":{"carrierCode":"BA"},"duration":"PT2H10M","id":"60","numberOfStops":0,"blacklistedInEU":false},{"departure":{"iataCode":"MXP","terminal":"1","at":"2026-05-29T16:00:00"},"arrival":{"iataCode":"DOH","at":"2026-05-29T22:45:00"},"carrierCode":"QR","number":"128","aircraft":{"code":"359"},"operating":{"carrierCode":"QR"},"duration":"PT5H45M","id":"61","numberOfStops":0,"blacklistedInEU":false},{"departure":{"iataCode":"DOH","at":"2026-05-30T01:20:00"},"arrival":{"iataCode":"LOS","terminal":"2I","at":"2026-05-30T06:45:00"},"carrierCode":"QR","number":"1407","aircraft":{"code":"789"},"operating":{"carrierCode":"QR"},"duration":"PT7H25M","id":"62","numberOfStops":0,"blacklistedInEU":false}]}],"price":{"currency":"NGN","total":"1401589.00","base":"745516.00","fees":[{"amount":"0.00","type":"SUPPLIER"},{"amount":"0.00","type":"TICKETING"}],"grandTotal":"1401589.00"},"pricingOptions":{"fareType":["PUBLISHED"],"includedCheckedBagsOnly":true},"validatingAirlineCodes":["QR"],"travelerPricings":[{"travelerId":"1","fareOption":"STANDARD","travelerType":"ADULT","price":{"currency":"NGN","total":"1401589.00","base":"745516.00"},"fareDetailsBySegment":[{"segmentId":"60","cabin":"ECONOMY","fareBasis":"NLR7R1RI","class":"N","includedCheckedBags":{"quantity":2},"includedCabinBags":{"quantity":2}},{"segmentId":"61","cabin":"ECONOMY","fareBasis":"NLR7R1RI","class":"N","includedCheckedBags":{"quantity":2},"includedCabinBags":{"quantity":1}},{"segmentId":"62","cabin":"ECONOMY","fareBasis":"NLR7R1RI","class":"N","includedCheckedBags":{"quantity":2},"includedCabinBags":{"quantity":1}}]}]},{"type":"flight-offer","id":"20","source":"GDS","instantTicketingRequired":false,"nonHomogeneous":false,"oneWay":false,"isUpsellOffer":false,"lastTicketingDate":"2026-05-29","lastTicketingDateTime":"2026-05-29","numberOfBookableSeats":9,"itineraries":[{"duration":"PT15H10M","segments":[{"departure":{"iataCode":"LHR","terminal":"4","at":"2026-05-29T15:35:00"},"arrival":{"iataCode":"DOH","at":"2026-05-30T00:20:00"},"carrierCode":"BA","number":"7002","aircraft":{"code":"77L"},"operating":{"carrierCode":"QR"},"duration":"PT6H45M","id":"76","numberOfStops":0,"blacklistedInEU":false},{"departure":{"iataCode":"DOH","at":"2026-05-30T01:20:00"},"arrival":{"iataCode":"LOS","terminal":"2I","at":"2026-05-30T06:45:00"},"carrierCode":"QR","number":"1407","aircraft":{"code":"789"},"operating":{"carrierCode":"QR"},"duration":"PT7H25M","id":"77","numberOfStops":0,"blacklistedInEU":false}]}],"price":{"currency":"NGN","total":"1445546.00","base":"584173.00","fees":[{"amount":"0.00","type":"SUPPLIER"},{"amount":"0.00","type":"TICKETING"}],"grandTotal":"1445546.00"},"pricingOptions":{"fareType":["PUBLISHED"],"includedCheckedBagsOnly":true},"validatingAirlineCodes":["QR"],"travelerPricings":[{"travelerId":"1","fareOption":"STANDARD","travelerType":"ADULT","price":{"currency":"NGN","total":"1445546.00","base":"584173.00"},"fareDetailsBySegment":[{"segmentId":"76","cabin":"ECONOMY","fareBasis":"NLR7R1RI","class":"N","includedCheckedBags":{"quantity":2},"includedCabinBags":{"quantity":1}},{"segmentId":"77","cabin":"ECONOMY","fareBasis":"NLR7R1RI","class":"N","includedCheckedBags":{"quantity":2},"includedCabinBags":{"quantity":1}}]}]},{"type":"flight-offer","id":"21","source":"GDS","instantTicketingRequired":false,"nonHomogeneous":false,"oneWay":false,"isUpsellOffer":false,"lastTicketingDate":"2026-05-29","lastTicketingDateTime":"2026-05-29","numberOfBookableSeats":9,"itineraries":[{"duration":"PT15H40M","segments":[{"departure":{"iataCode":"LHR","terminal":"4","at":"2026-05-29T15:05:00"},"arrival":{"iataCode":"DOH","at":"2026-05-29T23:50:00"},"carrierCode":"BA","number":"7004","aircraft":{"code":"77W"},"operating":{"carrierCode":"QR"},"duration":"PT6H45M","id":"166","numberOfStops":0,"blacklistedInEU":false},{"departure":{"iataCode":"DOH","at":"2026-05-30T01:20:00"},"arrival":{"iataCode":"LOS","terminal":"2I","at":"2026-05-30T06:45:00"},"carrierCode":"QR","number":"1407","aircraft":{"code":"789"},"operating":{"carrierCode":"QR"},"duration":"PT7H25M","id":"167","numberOfStops":0,"blacklistedInEU":false}]}],"price":{"currency":"NGN","total":"1445546.00","base":"584173.00","fees":[{"amount":"0.00","type":"SUPPLIER"},{"amount":"0.00","type":"TICKETING"}],"grandTotal":"1445546.00"},"pricingOptions":{"fareType":["PUBLISHED"],"includedCheckedBagsOnly":true},"validatingAirlineCodes":["QR"],"travelerPricings":[{"travelerId":"1","fareOption":"STANDARD","travelerType":"ADULT","price":{"currency":"NGN","total":"1445546.00","base":"584173.00"},"fareDetailsBySegment":[{"segmentId":"166","cabin":"ECONOMY","fareBasis":"NLR7R1RI","class":"N","includedCheckedBags":{"quantity":2},"includedCabinBags":{"quantity":1}},{"segmentId":"167","cabin":"ECONOMY","fareBasis":"NLR7R1RI","class":"N","includedCheckedBags":{"quantity":2},"includedCabinBags":{"quantity":1}}]}]},{"type":"flight-offer","id":"22","source":"GDS","instantTicketingRequired":false,"nonHomogeneous":false,"oneWay":false,"isUpsellOffer":false,"lastTicketingDate":"2026-05-29","lastTicketingDateTime":"2026-05-29","numberOfBookableSeats":9,"itineraries":[{"duration":"PT19H15M","segments":[{"departure":{"iataCode":"LHR","terminal":"5","at":"2026-05-29T11:30:00"},"arrival":{"iataCode":"AMS","at":"2026-05-29T13:55:00"},"carrierCode":"BA","number":"432","aircraft":{"code":"32N"},"operating":{"carrierCode":"BA"},"duration":"PT1H25M","id":"92","numberOfStops":0,"blacklistedInEU":false},{"departure":{"iataCode":"AMS","at":"2026-05-29T16:15:00"},"arrival":{"iataCode":"DOH","at":"2026-05-29T23:35:00"},"carrierCode":"QR","number":"274","aircraft":{"code":"77W"},"operating":{"carrierCode":"QR"},"duration":"PT6H20M","id":"93","numberOfStops":0,"blacklistedInEU":false},{"departure":{"iataCode":"DOH","at":"2026-05-30T01:20:00"},"arrival":{"iataCode":"LOS","terminal":"2I","at":"2026-05-30T06:45:00"},"carrierCode":"QR","number":"1407","aircraft":{"code":"789"},"operating":{"carrierCode":"QR"},"duration":"PT7H25M","id":"94","numberOfStops":0,"blacklistedInEU":false}]}],"price":{"currency":"NGN","total":"1450370.00","base":"745516.00","fees":[{"amount":"0.00","type":"SUPPLIER"},{"amount":"0.00","type":"TICKETING"}],"grandTotal":"1450370.00"},"pricingOptions":{"fareType":["PUBLISHED"],"includedCheckedBagsOnly":true},"validatingAirlineCodes":["QR"],"travelerPricings":[{"travelerId":"1","fareOption":"STANDARD","travelerType":"ADULT","price":{"currency":"NGN","total":"1450370.00","base":"745516.00"},"fareDetailsBySegment":[{"segmentId":"92","cabin":"ECONOMY","fareBasis":"NLR7R1RI","class":"N","includedCheckedBags":{"quantity":2},"includedCabinBags":{"quantity":2}},{"segmentId":"93","cabin":"ECONOMY","fareBasis":"NLR7R1RI","class":"N","includedCheckedBags":{"quantity":2},"includedCabinBags":{"quantity":1}},{"segmentId":"94","cabin":"ECONOMY","fareBasis":"NLR7R1RI","class":"N","includedCheckedBags":{"quantity":2},"includedCabinBags":{"quantity":1}}]}]},{"type":"flight-offer","id":"23","source":"GDS","instantTicketingRequired":false,"nonHomogeneous":false,"oneWay":false,"isUpsellOffer":false,"lastTicketingDate":"2026-05-29","lastTicketingDateTime":"2026-05-29","numberOfBookableSeats":9,"itineraries":[{"duration":"PT22H20M","segments":[{"departure":{"iataCode":"LHR","terminal":"5","at":"2026-05-29T08:25:00"},"arrival":{"iataCode":"AMS","at":"2026-05-29T10:45:00"},"carrierCode":"BA","number":"430","aircraft":{"code":"32N"},"operating":{"carrierCode":"BA"},"duration":"PT1H20M","id":"114","numberOfStops":0,"blacklistedInEU":false},{"departure":{"iataCode":"AMS","at":"2026-05-29T16:15:00"},"arrival":{"iataCode":"DOH","at":"2026-05-29T23:35:00"},"carrierCode":"QR","number":"274","aircraft":{"code":"77W"},"operating":{"carrierCode":"QR"},"duration":"PT6H20M","id":"115","numberOfStops":0,"blacklistedInEU":false},{"departure":{"iataCode":"DOH","at":"2026-05-30T01:20:00"},"arrival":{"iataCode":"LOS","terminal":"2I","at":"2026-05-30T06:45:00"},"carrierCode":"QR","number":"1407","aircraft":{"code":"789"},"operating":{"carrierCode":"QR"},"duration":"PT7H25M","id":"116","numberOfStops":0,"blacklistedInEU":false}]}],"price":{"currency":"NGN","total":"1450370.00","base":"745516.00","fees":[{"amount":"0.00","type":"SUPPLIER"},{"amount":"0.00","type":"TICKETING"}],"grandTotal":"1450370.00"},"pricingOptions":{"fareType":["PUBLISHED"],"includedCheckedBagsOnly":true},"validatingAirlineCodes":["QR"],"travelerPricings":[{"travelerId":"1","fareOption":"STANDARD","travelerType":"ADULT","price":{"currency":"NGN","total":"1450370.00","base":"745516.00"},"fareDetailsBySegment":[{"segmentId":"114","cabin":"ECONOMY","fareBasis":"NLR7R1RI","class":"N","includedCheckedBags":{"quantity":2},"includedCabinBags":{"quantity":2}},{"segmentId":"115","cabin":"ECONOMY","fareBasis":"NLR7R1RI","class":"N","includedCheckedBags":{"quantity":2},"includedCabinBags":{"quantity":1}},{"segmentId":"116","cabin":"ECONOMY","fareBasis":"NLR7R1RI","class":"N","includedCheckedBags":{"quantity":2},"includedCabinBags":{"quantity":1}}]}]},{"type":"flight-offer","id":"24","source":"GDS","instantTicketingRequired":false,"nonHomogeneous":false,"oneWay":false,"isUpsellOffer":false,"lastTicketingDate":"2026-05-29","lastTicketingDateTime":"2026-05-29","numberOfBookableSeats":9,"itineraries":[{"duration":"PT24H","segments":[{"departure":{"iataCode":"LHR","terminal":"5","at":"2026-05-29T06:45:00"},"arrival":{"iataCode":"MAN","terminal":"2","at":"2026-05-29T07:45:00"},"carrierCode":"QR","number":"8319","aircraft":{"code":"32A"},"operating":{"carrierCode":"BA"},"duration":"PT1H","id":"53","numberOfStops":0,"blacklistedInEU":false},{"departure":{"iataCode":"MAN","terminal":"2","at":"2026-05-29T14:55:00"},"arrival":{"iataCode":"DOH","at":"2026-05-29T23:45:00"},"carrierCode":"QR","number":"28","aircraft":{"code":"351"},"operating":{"carrierCode":"QR"},"duration":"PT6H50M","id":"54","numberOfStops":0,"blacklistedInEU":false},{"departure":{"iataCode":"DOH","at":"2026-05-30T01:20:00"},"arrival":{"iataCode":"LOS","terminal":"2I","at":"2026-05-30T06:45:00"},"carrierCode":"QR","number":"1407","aircraft":{"code":"789"},"operating":{"carrierCode":"QR"},"duration":"PT7H25M","id":"55","numberOfStops":0,"blacklistedInEU":false}]}],"price":{"currency":"NGN","total":"1478335.00","base":"803006.00","fees":[{"amount":"0.00","type":"SUPPLIER"},{"amount":"0.00","type":"TICKETING"}],"grandTotal":"1478335.00"},"pricingOptions":{"fareType":["PUBLISHED"],"includedCheckedBagsOnly":true},"validatingAirlineCodes":["QR"],"travelerPricings":[{"travelerId":"1","fareOption":"STANDARD","travelerType":"ADULT","price":{"currency":"NGN","total":"1478335.00","base":"803006.00"},"fareDetailsBySegment":[{"segmentId":"53","cabin":"ECONOMY","fareBasis":"VLR7R1SI","class":"V","includedCheckedBags":{"quantity":2},"includedCabinBags":{"quantity":2}},{"segmentId":"54","cabin":"ECONOMY","fareBasis":"VLR7R1SI","class":"V","includedCheckedBags":{"quantity":2},"includedCabinBags":{"quantity":1}},{"segmentId":"55","cabin":"ECONOMY","fareBasis":"VLR7R1SI","class":"V","includedCheckedBags":{"quantity":2},"includedCabinBags":{"quantity":1}}]}]},{"type":"flight-offer","id":"25","source":"GDS","instantTicketingRequired":false,"nonHomogeneous":false,"oneWay":false,"isUpsellOffer":false,"lastTicketingDate":"2026-05-29","lastTicketingDateTime":"2026-05-29","numberOfBookableSeats":9,"itineraries":[{"duration":"PT15H55M","segments":[{"departure":{"iataCode":"LHR","terminal":"4","at":"2026-05-29T21:20:00"},"arrival":{"iataCode":"KGL","at":"2026-05-30T07:00:00"},"carrierCode":"WB","number":"711","aircraft":{"code":"332"},"operating":{"carrierCode":"WB"},"duration":"PT8H40M","id":"216","numberOfStops":0,"blacklistedInEU":false},{"departure":{"iataCode":"KGL","at":"2026-05-30T08:55:00"},"arrival":{"iataCode":"LOS","terminal":"2I","at":"2026-05-30T13:15:00"},"carrierCode":"WB","number":"202","aircraft":{"code":"332"},"operating":{"carrierCode":"WB"},"duration":"PT5H20M","id":"217","numberOfStops":0,"blacklistedInEU":false}]}],"price":{"currency":"NGN","total":"1544988.00","base":"869768.00","fees":[{"amount":"0.00","type":"SUPPLIER"},{"amount":"0.00","type":"TICKETING"}],"grandTotal":"1544988.00"},"pricingOptions":{"fareType":["PUBLISHED"],"includedCheckedBagsOnly":true},"validatingAirlineCodes":["WB"],"travelerPricings":[{"travelerId":"1","fareOption":"STANDARD","travelerType":"ADULT","price":{"currency":"NGN","total":"1544988.00","base":"869768.00"},"fareDetailsBySegment":[{"segmentId":"216","cabin":"ECONOMY","fareBasis":"QLOWGBST","class":"Q","includedCheckedBags":{"quantity":2},"includedCabinBags":{"quantity":1}},{"segmentId":"217","cabin":"ECONOMY","fareBasis":"QLOWGBST","class":"Q","includedCheckedBags":{"quantity":2},"includedCabinBags":{"quantity":1}}]}]},{"type":"flight-offer","id":"26","source":"GDS","instantTicketingRequired":false,"nonHomogeneous":false,"oneWay":false,"isUpsellOffer":false,"lastTicketingDate":"2026-05-29","lastTicketingDateTime":"2026-05-29","numberOfBookableSeats":9,"itineraries":[{"duration":"PT19H15M","segments":[{"departure":{"iataCode":"LHR","terminal":"5","at":"2026-05-29T11:30:00"},"arrival":{"iataCode":"AMS","at":"2026-05-29T13:55:00"},"carrierCode":"QR","number":"9767","aircraft":{"code":"32N"},"operating":{"carrierCode":"BA"},"duration":"PT1H25M","id":"95","numberOfStops":0,"blacklistedInEU":false},{"departure":{"iataCode":"AMS","at":"2026-05-29T16:15:00"},"arrival":{"iataCode":"DOH","at":"2026-05-29T23:35:00"},"carrierCode":"QR","number":"274","aircraft":{"code":"77W"},"operating":{"carrierCode":"QR"},"duration":"PT6H20M","id":"96","numberOfStops":0,"blacklistedInEU":false},{"departure":{"iataCode":"DOH","at":"2026-05-30T01:20:00"},"arrival":{"iataCode":"LOS","terminal":"2I","at":"2026-05-30T06:45:00"},"carrierCode":"QR","number":"1407","aircraft":{"code":"789"},"operating":{"carrierCode":"QR"},"duration":"PT7H25M","id":"97","numberOfStops":0,"blacklistedInEU":false}]}],"price":{"currency":"NGN","total":"1597191.00","base":"927258.00","fees":[{"amount":"0.00","type":"SUPPLIER"},{"amount":"0.00","type":"TICKETING"}],"grandTotal":"1597191.00"},"pricingOptions":{"fareType":["PUBLISHED"],"includedCheckedBagsOnly":true},"validatingAirlineCodes":["QR"],"travelerPricings":[{"travelerId":"1","fareOption":"STANDARD","travelerType":"ADULT","price":{"currency":"NGN","total":"1597191.00","base":"927258.00"},"fareDetailsBySegment":[{"segmentId":"95","cabin":"ECONOMY","fareBasis":"VLR7R1SI","class":"V","includedCheckedBags":{"quantity":2},"includedCabinBags":{"quantity":2}},{"segmentId":"96","cabin":"ECONOMY","fareBasis":"VLR7R1SI","class":"V","includedCheckedBags":{"quantity":2},"includedCabinBags":{"quantity":1}},{"segmentId":"97","cabin":"ECONOMY","fareBasis":"VLR7R1SI","class":"V","includedCheckedBags":{"quantity":2},"includedCabinBags":{"quantity":1}}]}]},{"type":"flight-offer","id":"27","source":"GDS","instantTicketingRequired":false,"nonHomogeneous":false,"oneWay":false,"isUpsellOffer":false,"lastTicketingDate":"2026-05-29","lastTicketingDateTime":"2026-05-29","numberOfBookableSeats":9,"itineraries":[{"duration":"PT24H30M","segments":[{"departure":{"iataCode":"LHR","terminal":"5","at":"2026-05-29T06:15:00"},"arrival":{"iataCode":"ZRH","at":"2026-05-29T09:00:00"},"carrierCode":"BA","number":"730","aircraft":{"code":"32A"},"operating":{"carrierCode":"BA"},"duration":"PT1H45M","id":"149","numberOfStops":0,"blacklistedInEU":false},{"departure":{"iataCode":"ZRH","at":"2026-05-29T15:50:00"},"arrival":{"iataCode":"DOH","at":"2026-05-29T22:50:00"},"carrierCode":"QR","number":"96","aircraft":{"code":"359"},"operating":{"carrierCode":"QR"},"duration":"PT6H","id":"150","numberOfStops":0,"blacklistedInEU":false},{"departure":{"iataCode":"DOH","at":"2026-05-30T01:20:00"},"arrival":{"iataCode":"LOS","terminal":"2I","at":"2026-05-30T06:45:00"},"carrierCode":"QR","number":"1407","aircraft":{"code":"789"},"operating":{"carrierCode":"QR"},"duration":"PT7H25M","id":"151","numberOfStops":0,"blacklistedInEU":false}]}],"price":{"currency":"NGN","total":"1627420.00","base":"927258.00","fees":[{"amount":"0.00","type":"SUPPLIER"},{"amount":"0.00","type":"TICKETING"}],"grandTotal":"1627420.00"},"pricingOptions":{"fareType":["PUBLISHED"],"includedCheckedBagsOnly":true},"validatingAirlineCodes":["QR"],"travelerPricings":[{"travelerId":"1","fareOption":"STANDARD","travelerType":"ADULT","price":{"currency":"NGN","total":"1627420.00","base":"927258.00"},"fareDetailsBySegment":[{"segmentId":"149","cabin":"ECONOMY","fareBasis":"VLR7R1SI","class":"V","includedCheckedBags":{"quantity":2},"includedCabinBags":{"quantity":2}},{"segmentId":"150","cabin":"ECONOMY","fareBasis":"VLR7R1SI","class":"V","includedCheckedBags":{"quantity":2},"includedCabinBags":{"quantity":1}},{"segmentId":"151","cabin":"ECONOMY","fareBasis":"VLR7R1SI","class":"V","includedCheckedBags":{"quantity":2},"includedCabinBags":{"quantity":1}}]}]},{"type":"flight-offer","id":"28","source":"GDS","instantTicketingRequired":false,"nonHomogeneous":false,"oneWay":false,"isUpsellOffer":false,"lastTicketingDate":"2026-05-29","lastTicketingDateTime":"2026-05-29","numberOfBookableSeats":9,"itineraries":[{"duration":"PT22H5M","segments":[{"departure":{"iataCode":"LHR","terminal":"5","at":"2026-05-29T08:40:00"},"arrival":{"iataCode":"CDG","terminal":"2C","at":"2026-05-29T10:55:00"},"carrierCode":"QR","number":"5886","aircraft":{"code":"319"},"operating":{"carrierCode":"BA"},"duration":"PT1H15M","id":"63","numberOfStops":0,"blacklistedInEU":false},{"departure":{"iataCode":"CDG","terminal":"1","at":"2026-05-29T16:35:00"},"arrival":{"iataCode":"DOH","at":"2026-05-29T23:55:00"},"carrierCode":"QR","number":"40","aircraft":{"code":"388"},"operating":{"carrierCode":"QR"},"duration":"PT6H20M","id":"64","numberOfStops":0,"blacklistedInEU":false},{"departure":{"iataCode":"DOH","at":"2026-05-30T01:20:00"},"arrival":{"iataCode":"LOS","terminal":"2I","at":"2026-05-30T06:45:00"},"carrierCode":"QR","number":"1407","aircraft":{"code":"789"},"operating":{"carrierCode":"QR"},"duration":"PT7H25M","id":"65","numberOfStops":0,"blacklistedInEU":false}]}],"price":{"currency":"NGN","total":"1691318.00","base":"1019984.00","fees":[{"amount":"0.00","type":"SUPPLIER"},{"amount":"0.00","type":"TICKETING"}],"grandTotal":"1691318.00"},"pricingOptions":{"fareType":["PUBLISHED"],"includedCheckedBagsOnly":true},"validatingAirlineCodes":["QR"],"travelerPricings":[{"travelerId":"1","fareOption":"STANDARD","travelerType":"ADULT","price":{"currency":"NGN","total":"1691318.00","base":"1019984.00"},"fareDetailsBySegment":[{"segmentId":"63","cabin":"ECONOMY","fareBasis":"LLR7R1SI","class":"L","includedCheckedBags":{"quantity":2},"includedCabinBags":{"quantity":2}},{"segmentId":"64","cabin":"ECONOMY","fareBasis":"LLR7R1SI","class":"L","includedCheckedBags":{"quantity":2},"includedCabinBags":{"quantity":1}},{"segmentId":"65","cabin":"ECONOMY","fareBasis":"LLR7R1SI","class":"L","includedCheckedBags":{"quantity":2},"includedCabinBags":{"quantity":1}}]}]},{"type":"flight-offer","id":"29","source":"GDS","instantTicketingRequired":false,"nonHomogeneous":false,"oneWay":false,"isUpsellOffer":false,"lastTicketingDate":"2026-05-29","lastTicketingDateTime":"2026-05-29","numberOfBookableSeats":9,"itineraries":[{"duration":"PT22H20M","segments":[{"departure":{"iataCode":"LHR","terminal":"5","at":"2026-05-29T08:25:00"},"arrival":{"iataCode":"AMS","at":"2026-05-29T10:45:00"},"carrierCode":"QR","number":"8305","aircraft":{"code":"32N"},"operating":{"carrierCode":"BA"},"duration":"PT1H20M","id":"117","numberOfStops":0,"blacklistedInEU":false},{"departure":{"iataCode":"AMS","at":"2026-05-29T16:15:00"},"arrival":{"iataCode":"DOH","at":"2026-05-29T23:35:00"},"carrierCode":"QR","number":"274","aircraft":{"code":"77W"},"operating":{"carrierCode":"QR"},"duration":"PT6H20M","id":"118","numberOfStops":0,"blacklistedInEU":false},{"departure":{"iataCode":"DOH","at":"2026-05-30T01:20:00"},"arrival":{"iataCode":"LOS","terminal":"2I","at":"2026-05-30T06:45:00"},"carrierCode":"QR","number":"1407","aircraft":{"code":"789"},"operating":{"carrierCode":"QR"},"duration":"PT7H25M","id":"119","numberOfStops":0,"blacklistedInEU":false}]}],"price":{"currency":"NGN","total":"1694554.00","base":"1019984.00","fees":[{"amount":"0.00","type":"SUPPLIER"},{"amount":"0.00","type":"TICKETING"}],"grandTotal":"1694554.00"},"pricingOptions":{"fareType":["PUBLISHED"],"includedCheckedBagsOnly":true},"validatingAirlineCodes":["QR"],"travelerPricings":[{"travelerId":"1","fareOption":"STANDARD","travelerType":"ADULT","price":{"currency":"NGN","total":"1694554.00","base":"1019984.00"},"fareDetailsBySegment":[{"segmentId":"117","cabin":"ECONOMY","fareBasis":"LLR7R1SI","class":"L","includedCheckedBags":{"quantity":2},"includedCabinBags":{"quantity":2}},{"segmentId":"118","cabin":"ECONOMY","fareBasis":"LLR7R1SI","class":"L","includedCheckedBags":{"quantity":2},"includedCabinBags":{"quantity":1}},{"segmentId":"119","cabin":"ECONOMY","fareBasis":"LLR7R1SI","class":"L","includedCheckedBags":{"quantity":2},"includedCabinBags":{"quantity":1}}]}]},{"type":"flight-offer","id":"30","source":"GDS","instantTicketingRequired":false,"nonHomogeneous":false,"oneWay":false,"isUpsellOffer":false,"lastTicketingDate":"2026-05-29","lastTicketingDateTime":"2026-05-29","numberOfBookableSeats":9,"itineraries":[{"duration":"PT20H30M","segments":[{"departure":{"iataCode":"LHR","terminal":"2","at":"2026-05-29T22:35:00"},"arrival":{"iataCode":"IST","at":"2026-05-30T04:15:00"},"carrierCode":"TK","number":"1984","aircraft":{"code":"333"},"operating":{"carrierCode":"TK"},"duration":"PT3H40M","id":"144","numberOfStops":0,"blacklistedInEU":false},{"departure":{"iataCode":"IST","at":"2026-05-30T14:05:00"},"arrival":{"iataCode":"LOS","terminal":"I","at":"2026-05-30T19:05:00"},"carrierCode":"TK","number":"625","aircraft":{"code":"333"},"operating":{"carrierCode":"TK"},"duration":"PT7H","id":"145","numberOfStops":0,"blacklistedInEU":false}]}],"price":{"currency":"NGN","total":"1727563.00","base":"1023693.00","fees":[{"amount":"0.00","type":"SUPPLIER"},{"amount":"0.00","type":"TICKETING"}],"grandTotal":"1727563.00"},"pricingOptions":{"fareType":["PUBLISHED"],"includedCheckedBagsOnly":true},"validatingAirlineCodes":["TK"],"travelerPricings":[{"travelerId":"1","fareOption":"STANDARD","travelerType":"ADULT","price":{"currency":"NGN","total":"1727563.00","base":"1023693.00"},"fareDetailsBySegment":[{"segmentId":"144","cabin":"ECONOMY","fareBasis":"HLN2XOX","class":"H","includedCheckedBags":{"quantity":2},"includedCabinBags":{"quantity":1}},{"segmentId":"145","cabin":"ECONOMY","fareBasis":"HLN2XOX","class":"H","includedCheckedBags":{"quantity":2},"includedCabinBags":{"quantity":1}}]}]},{"type":"flight-offer","id":"31","source":"GDS","instantTicketingRequired":false,"nonHomogeneous":false,"oneWay":false,"isUpsellOffer":false,"lastTicketingDate":"2026-05-29","lastTicketingDateTime":"2026-05-29","numberOfBookableSeats":7,"itineraries":[{"duration":"PT15H25M","segments":[{"departure":{"iataCode":"LHR","terminal":"2","at":"2026-05-29T21:00:00"},"arrival":{"iataCode":"ADD","terminal":"2","at":"2026-05-30T06:45:00"},"carrierCode":"ET","number":"701","aircraft":{"code":"351"},"operating":{"carrierCode":"ET"},"duration":"PT7H45M","id":"130","numberOfStops":0,"blacklistedInEU":false},{"departure":{"iataCode":"ADD","terminal":"2","at":"2026-05-30T09:00:00"},"arrival":{"iataCode":"LOS","terminal":"1I","at":"2026-05-30T12:25:00"},"carrierCode":"ET","number":"901","aircraft":{"code":"351"},"operating":{"carrierCode":"ET"},"duration":"PT5H25M","id":"131","numberOfStops":0,"blacklistedInEU":false}]}],"price":{"currency":"NGN","total":"1905930.00","base":"1168345.00","fees":[{"amount":"0.00","type":"SUPPLIER"},{"amount":"0.00","type":"TICKETING"}],"grandTotal":"1905930.00"},"pricingOptions":{"fareType":["PUBLISHED"],"includedCheckedBagsOnly":true},"validatingAirlineCodes":["ET"],"travelerPricings":[{"travelerId":"1","fareOption":"STANDARD","travelerType":"ADULT","price":{"currency":"NGN","total":"1905930.00","base":"1168345.00"},"fareDetailsBySegment":[{"segmentId":"130","cabin":"ECONOMY","fareBasis":"VLWOWUK","class":"V","includedCheckedBags":{"quantity":2},"includedCabinBags":{"quantity":1}},{"segmentId":"131","cabin":"ECONOMY","fareBasis":"VLWOWUK","class":"V","includedCheckedBags":{"quantity":2},"includedCabinBags":{"quantity":1}}]}]},{"type":"flight-offer","id":"32","source":"GDS","instantTicketingRequired":false,"nonHomogeneous":false,"oneWay":false,"isUpsellOffer":false,"lastTicketingDate":"2026-05-29","lastTicketingDateTime":"2026-05-29","numberOfBookableSeats":7,"itineraries":[{"duration":"PT30H10M","segments":[{"departure":{"iataCode":"LHR","terminal":"2","at":"2026-05-29T21:00:00"},"arrival":{"iataCode":"ADD","terminal":"2","at":"2026-05-30T06:45:00"},"carrierCode":"ET","number":"701","aircraft":{"code":"351"},"operating":{"carrierCode":"ET"},"duration":"PT7H45M","id":"87","numberOfStops":0,"blacklistedInEU":false},{"departure":{"iataCode":"ADD","terminal":"2","at":"2026-05-30T23:50:00"},"arrival":{"iataCode":"LOS","terminal":"1I","at":"2026-05-31T03:10:00"},"carrierCode":"ET","number":"905","aircraft":{"code":"788"},"operating":{"carrierCode":"ET"},"duration":"PT5H20M","id":"88","numberOfStops":0,"blacklistedInEU":false}]}],"price":{"currency":"NGN","total":"2042237.00","base":"1298161.00","fees":[{"amount":"0.00","type":"SUPPLIER"},{"amount":"0.00","type":"TICKETING"}],"grandTotal":"2042237.00"},"pricingOptions":{"fareType":["PUBLISHED"],"includedCheckedBagsOnly":true},"validatingAirlineCodes":["ET"],"travelerPricings":[{"travelerId":"1","fareOption":"STANDARD","travelerType":"ADULT","price":{"currency":"NGN","total":"2042237.00","base":"1298161.00"},"fareDetailsBySegment":[{"segmentId":"87","cabin":"ECONOMY","fareBasis":"VLWOWUK","class":"V","includedCheckedBags":{"quantity":2},"includedCabinBags":{"quantity":1}},{"segmentId":"88","cabin":"ECONOMY","fareBasis":"VLWOWUK","class":"V","includedCheckedBags":{"quantity":2},"includedCabinBags":{"quantity":1}}]}]},{"type":"flight-offer","id":"33","source":"GDS","instantTicketingRequired":false,"nonHomogeneous":false,"oneWay":false,"isUpsellOffer":false,"lastTicketingDate":"2026-05-29","lastTicketingDateTime":"2026-05-29","numberOfBookableSeats":9,"itineraries":[{"duration":"PT21H40M","segments":[{"departure":{"iataCode":"LHR","terminal":"4","at":"2026-05-29T14:45:00"},"arrival":{"iataCode":"AUH","terminal":"A","at":"2026-05-30T00:45:00"},"carrierCode":"EY","number":"64","aircraft":{"code":"781"},"operating":{"carrierCode":"EY"},"duration":"PT7H","id":"168","numberOfStops":0,"blacklistedInEU":false},{"departure":{"iataCode":"AUH","at":"2026-05-30T04:25:00"},"arrival":{"iataCode":"ADD","terminal":"2","at":"2026-05-30T07:45:00"},"carrierCode":"EY","number":"6337","aircraft":{"code":"7M8"},"operating":{"carrierCode":"ET"},"duration":"PT4H20M","id":"169","numberOfStops":0,"blacklistedInEU":false},{"departure":{"iataCode":"ADD","terminal":"2","at":"2026-05-30T09:00:00"},"arrival":{"iataCode":"LOS","terminal":"1I","at":"2026-05-30T12:25:00"},"carrierCode":"EY","number":"6559","aircraft":{"code":"351"},"operating":{"carrierCode":"ET"},"duration":"PT5H25M","id":"170","numberOfStops":0,"blacklistedInEU":false}]}],"price":{"currency":"NGN","total":"2073860.00","base":"1466922.00","fees":[{"amount":"0.00","type":"SUPPLIER"},{"amount":"0.00","type":"TICKETING"}],"grandTotal":"2073860.00"},"pricingOptions":{"fareType":["PUBLISHED"],"includedCheckedBagsOnly":false},"validatingAirlineCodes":["EY"],"travelerPricings":[{"travelerId":"1","fareOption":"STANDARD","travelerType":"ADULT","price":{"currency":"NGN","total":"2073860.00","base":"1466922.00"},"fareDetailsBySegment":[{"segmentId":"168","cabin":"ECONOMY","fareBasis":"QLW00H2R","class":"Q","includedCheckedBags":{"weight":0,"weightUnit":"KG"},"includedCabinBags":{"weight":7,"weightUnit":"KG"}},{"segmentId":"169","cabin":"ECONOMY","fareBasis":"QLW00H2R","class":"Q","includedCheckedBags":{"weight":0,"weightUnit":"KG"},"includedCabinBags":{"quantity":1}},{"segmentId":"170","cabin":"ECONOMY","fareBasis":"QLW00H2R","class":"Q","includedCheckedBags":{"weight":0,"weightUnit":"KG"},"includedCabinBags":{"quantity":1}}]}]},{"type":"flight-offer","id":"34","source":"GDS","instantTicketingRequired":false,"nonHomogeneous":false,"oneWay":false,"isUpsellOffer":false,"lastTicketingDate":"2026-05-29","lastTicketingDateTime":"2026-05-29","numberOfBookableSeats":9,"itineraries":[{"duration":"PT30H20M","segments":[{"departure":{"iataCode":"LHR","terminal":"4","at":"2026-05-29T20:50:00"},"arrival":{"iataCode":"AUH","terminal":"A","at":"2026-05-30T06:45:00"},"carrierCode":"EY","number":"66","aircraft":{"code":"781"},"operating":{"carrierCode":"EY"},"duration":"PT6H55M","id":"122","numberOfStops":0,"blacklistedInEU":false},{"departure":{"iataCode":"AUH","terminal":"A","at":"2026-05-30T08:55:00"},"arrival":{"iataCode":"ADD","terminal":"2","at":"2026-05-30T12:30:00"},"carrierCode":"EY","number":"727","aircraft":{"code":"320"},"operating":{"carrierCode":"EY"},"duration":"PT4H35M","id":"123","numberOfStops":0,"blacklistedInEU":false},{"departure":{"iataCode":"ADD","terminal":"2","at":"2026-05-30T23:50:00"},"arrival":{"iataCode":"LOS","terminal":"1I","at":"2026-05-31T03:10:00"},"carrierCode":"EY","number":"6561","aircraft":{"code":"787"},"operating":{"carrierCode":"ET"},"duration":"PT5H20M","id":"124","numberOfStops":0,"blacklistedInEU":false}]}],"price":{"currency":"NGN","total":"2073860.00","base":"1466922.00","fees":[{"amount":"0.00","type":"SUPPLIER"},{"amount":"0.00","type":"TICKETING"}],"grandTotal":"2073860.00"},"pricingOptions":{"fareType":["PUBLISHED"],"includedCheckedBagsOnly":false},"validatingAirlineCodes":["EY"],"travelerPricings":[{"travelerId":"1","fareOption":"STANDARD","travelerType":"ADULT","price":{"currency":"NGN","total":"2073860.00","base":"1466922.00"},"fareDetailsBySegment":[{"segmentId":"122","cabin":"ECONOMY","fareBasis":"QLW00H2R","class":"Q","includedCheckedBags":{"weight":0,"weightUnit":"KG"},"includedCabinBags":{"weight":7,"weightUnit":"KG"}},{"segmentId":"123","cabin":"ECONOMY","fareBasis":"QLW00H2R","class":"Q","includedCheckedBags":{"weight":0,"weightUnit":"KG"},"includedCabinBags":{"weight":7,"weightUnit":"KG"}},{"segmentId":"124","cabin":"ECONOMY","fareBasis":"QLW00H2R","class":"Q","includedCheckedBags":{"weight":0,"weightUnit":"KG"},"includedCabinBags":{"quantity":1}}]}]},{"type":"flight-offer","id":"35","source":"GDS","instantTicketingRequired":false,"nonHomogeneous":false,"oneWay":false,"isUpsellOffer":false,"lastTicketingDate":"2026-05-29","lastTicketingDateTime":"2026-05-29","numberOfBookableSeats":9,"itineraries":[{"duration":"PT26H55M","segments":[{"departure":{"iataCode":"LHR","terminal":"4","at":"2026-05-29T09:30:00"},"arrival":{"iataCode":"AUH","terminal":"A","at":"2026-05-29T19:35:00"},"carrierCode":"EY","number":"62","aircraft":{"code":"388"},"operating":{"carrierCode":"EY"},"duration":"PT7H5M","id":"218","numberOfStops":0,"blacklistedInEU":false},{"departure":{"iataCode":"AUH","at":"2026-05-30T04:25:00"},"arrival":{"iataCode":"ADD","terminal":"2","at":"2026-05-30T07:45:00"},"carrierCode":"EY","number":"6337","aircraft":{"code":"7M8"},"operating":{"carrierCode":"ET"},"duration":"PT4H20M","id":"219","numberOfStops":0,"blacklistedInEU":false},{"departure":{"iataCode":"ADD","terminal":"2","at":"2026-05-30T09:00:00"},"arrival":{"iataCode":"LOS","terminal":"1I","at":"2026-05-30T12:25:00"},"carrierCode":"EY","number":"6559","aircraft":{"code":"351"},"operating":{"carrierCode":"ET"},"duration":"PT5H25M","id":"220","numberOfStops":0,"blacklistedInEU":false}]}],"price":{"currency":"NGN","total":"2112805.00","base":"1504013.00","fees":[{"amount":"0.00","type":"SUPPLIER"},{"amount":"0.00","type":"TICKETING"}],"grandTotal":"2112805.00"},"pricingOptions":{"fareType":["PUBLISHED"],"includedCheckedBagsOnly":false},"validatingAirlineCodes":["EY"],"travelerPricings":[{"travelerId":"1","fareOption":"STANDARD","travelerType":"ADULT","price":{"currency":"NGN","total":"2112805.00","base":"1504013.00"},"fareDetailsBySegment":[{"segmentId":"218","cabin":"ECONOMY","fareBasis":"QLW00H2R","class":"Q","includedCheckedBags":{"weight":0,"weightUnit":"KG"},"includedCabinBags":{"weight":7,"weightUnit":"KG"}},{"segmentId":"219","cabin":"ECONOMY","fareBasis":"QLW00H2R","class":"Q","includedCheckedBags":{"weight":0,"weightUnit":"KG"},"includedCabinBags":{"quantity":1}},{"segmentId":"220","cabin":"ECONOMY","fareBasis":"QLW00H2R","class":"Q","includedCheckedBags":{"weight":0,"weightUnit":"KG"},"includedCabinBags":{"quantity":1}}]}]},{"type":"flight-offer","id":"36","source":"GDS","instantTicketingRequired":false,"nonHomogeneous":false,"oneWay":false,"isUpsellOffer":false,"lastTicketingDate":"2026-05-29","lastTicketingDateTime":"2026-05-29","numberOfBookableSeats":9,"itineraries":[{"duration":"PT29H25M","segments":[{"departure":{"iataCode":"LHR","terminal":"4","at":"2026-05-29T21:45:00"},"arrival":{"iataCode":"AUH","terminal":"A","at":"2026-05-30T07:40:00"},"carrierCode":"EY","number":"68","aircraft":{"code":"388"},"operating":{"carrierCode":"EY"},"duration":"PT6H55M","id":"132","numberOfStops":0,"blacklistedInEU":false},{"departure":{"iataCode":"AUH","terminal":"A","at":"2026-05-30T08:55:00"},"arrival":{"iataCode":"ADD","terminal":"2","at":"2026-05-30T12:30:00"},"carrierCode":"EY","number":"727","aircraft":{"code":"320"},"operating":{"carrierCode":"EY"},"duration":"PT4H35M","id":"133","numberOfStops":0,"blacklistedInEU":false},{"departure":{"iataCode":"ADD","terminal":"2","at":"2026-05-30T23:50:00"},"arrival":{"iataCode":"LOS","terminal":"1I","at":"2026-05-31T03:10:00"},"carrierCode":"EY","number":"6561","aircraft":{"code":"787"},"operating":{"carrierCode":"ET"},"duration":"PT5H20M","id":"134","numberOfStops":0,"blacklistedInEU":false}]}],"price":{"currency":"NGN","total":"2112805.00","base":"1504013.00","fees":[{"amount":"0.00","type":"SUPPLIER"},{"amount":"0.00","type":"TICKETING"}],"grandTotal":"2112805.00"},"pricingOptions":{"fareType":["PUBLISHED"],"includedCheckedBagsOnly":false},"validatingAirlineCodes":["EY"],"travelerPricings":[{"travelerId":"1","fareOption":"STANDARD","travelerType":"ADULT","price":{"currency":"NGN","total":"2112805.00","base":"1504013.00"},"fareDetailsBySegment":[{"segmentId":"132","cabin":"ECONOMY","fareBasis":"QLW00H2R","class":"Q","includedCheckedBags":{"weight":0,"weightUnit":"KG"},"includedCabinBags":{"weight":7,"weightUnit":"KG"}},{"segmentId":"133","cabin":"ECONOMY","fareBasis":"QLW00H2R","class":"Q","includedCheckedBags":{"weight":0,"weightUnit":"KG"},"includedCabinBags":{"weight":7,"weightUnit":"KG"}},{"segmentId":"134","cabin":"ECONOMY","fareBasis":"QLW00H2R","class":"Q","includedCheckedBags":{"weight":0,"weightUnit":"KG"},"includedCabinBags":{"quantity":1}}]}]},{"type":"flight-offer","id":"37","source":"GDS","instantTicketingRequired":false,"nonHomogeneous":false,"oneWay":false,"isUpsellOffer":false,"lastTicketingDate":"2026-05-29","lastTicketingDateTime":"2026-05-29","numberOfBookableSeats":4,"itineraries":[{"duration":"PT20H15M","segments":[{"departure":{"iataCode":"LHR","terminal":"2","at":"2026-05-29T21:00:00"},"arrival":{"iataCode":"ADD","terminal":"2","at":"2026-05-30T06:45:00"},"carrierCode":"ET","number":"701","aircraft":{"code":"351"},"operating":{"carrierCode":"ET"},"duration":"PT7H45M","id":"98","numberOfStops":0,"blacklistedInEU":false},{"departure":{"iataCode":"ADD","terminal":"2","at":"2026-05-30T08:35:00"},"arrival":{"iataCode":"LFW","at":"2026-05-30T11:05:00"},"carrierCode":"ET","number":"516","aircraft":{"code":"787"},"operating":{"carrierCode":"ET"},"duration":"PT5H30M","id":"99","numberOfStops":0,"blacklistedInEU":false},{"departure":{"iataCode":"LFW","at":"2026-05-30T15:15:00"},"arrival":{"iataCode":"LOS","at":"2026-05-30T17:15:00"},"carrierCode":"ET","number":"1026","aircraft":{"code":"7M8"},"operating":{"carrierCode":"KP"},"duration":"PT1H","id":"100","numberOfStops":0,"blacklistedInEU":false}]}],"price":{"currency":"NGN","total":"2129429.00","base":"1168345.00","fees":[{"amount":"0.00","type":"SUPPLIER"},{"amount":"0.00","type":"TICKETING"}],"grandTotal":"2129429.00"},"pricingOptions":{"fareType":["PUBLISHED"],"includedCheckedBagsOnly":true},"validatingAirlineCodes":["ET"],"travelerPricings":[{"travelerId":"1","fareOption":"STANDARD","travelerType":"ADULT","price":{"currency":"NGN","total":"2129429.00","base":"1168345.00"},"fareDetailsBySegment":[{"segmentId":"98","cabin":"ECONOMY","fareBasis":"VLWOWUK","class":"V","includedCheckedBags":{"quantity":2},"includedCabinBags":{"quantity":1}},{"segmentId":"99","cabin":"ECONOMY","fareBasis":"VLWOWUK","class":"V","includedCheckedBags":{"quantity":2},"includedCabinBags":{"quantity":1}},{"segmentId":"100","cabin":"ECONOMY","fareBasis":"VLWOWUK","class":"V","includedCheckedBags":{"quantity":2},"includedCabinBags":{"weight":7,"weightUnit":"KG"}}]}]},{"type":"flight-offer","id":"38","source":"GDS","instantTicketingRequired":false,"nonHomogeneous":false,"oneWay":false,"isUpsellOffer":false,"lastTicketingDate":"2026-05-29","lastTicketingDateTime":"2026-05-29","numberOfBookableSeats":9,"itineraries":[{"duration":"PT10H10M","segments":[{"departure":{"iataCode":"LHR","terminal":"4","at":"2026-05-29T09:55:00"},"arrival":{"iataCode":"AMS","at":"2026-05-29T12:20:00"},"carrierCode":"KL","number":"1004","aircraft":{"code":"32Q"},"operating":{"carrierCode":"KL"},"duration":"PT1H25M","id":"74","numberOfStops":0,"blacklistedInEU":false},{"departure":{"iataCode":"AMS","at":"2026-05-29T14:25:00"},"arrival":{"iataCode":"LOS","terminal":"I","at":"2026-05-29T20:05:00"},"carrierCode":"KL","number":"587","aircraft":{"code":"332"},"operating":{"carrierCode":"KL"},"duration":"PT6H40M","id":"75","numberOfStops":0,"blacklistedInEU":false}]}],"price":{"currency":"NGN","total":"2169333.00","base":"1513285.00","fees":[{"amount":"0.00","type":"SUPPLIER"},{"amount":"0.00","type":"TICKETING"}],"grandTotal":"2169333.00"},"pricingOptions":{"fareType":["PUBLISHED"],"includedCheckedBagsOnly":true},"validatingAirlineCodes":["KL"],"travelerPricings":[{"travelerId":"1","fareOption":"STANDARD","travelerType":"ADULT","price":{"currency":"NGN","total":"2169333.00","base":"1513285.00"},"fareDetailsBySegment":[{"segmentId":"74","cabin":"ECONOMY","fareBasis":"UGL0BBRA","class":"Y","includedCheckedBags":{"quantity":1},"includedCabinBags":{"quantity":1}},{"segmentId":"75","cabin":"ECONOMY","fareBasis":"UGL0BBRA","class":"U","includedCheckedBags":{"quantity":1},"includedCabinBags":{"quantity":1}}]}]},{"type":"flight-offer","id":"39","source":"GDS","instantTicketingRequired":false,"nonHomogeneous":false,"oneWay":false,"isUpsellOffer":false,"lastTicketingDate":"2026-05-29","lastTicketingDateTime":"2026-05-29","numberOfBookableSeats":9,"itineraries":[{"duration":"PT11H25M","segments":[{"departure":{"iataCode":"LHR","terminal":"4","at":"2026-05-29T08:40:00"},"arrival":{"iataCode":"AMS","at":"2026-05-29T11:00:00"},"carrierCode":"KL","number":"1002","aircraft":{"code":"32Q"},"operating":{"carrierCode":"KL"},"duration":"PT1H20M","id":"125","numberOfStops":0,"blacklistedInEU":false},{"departure":{"iataCode":"AMS","at":"2026-05-29T14:25:00"},"arrival":{"iataCode":"LOS","terminal":"I","at":"2026-05-29T20:05:00"},"carrierCode":"KL","number":"587","aircraft":{"code":"332"},"operating":{"carrierCode":"KL"},"duration":"PT6H40M","id":"126","numberOfStops":0,"blacklistedInEU":false}]}],"price":{"currency":"NGN","total":"2169333.00","base":"1513285.00","fees":[{"amount":"0.00","type":"SUPPLIER"},{"amount":"0.00","type":"TICKETING"}],"grandTotal":"2169333.00"},"pricingOptions":{"fareType":["PUBLISHED"],"includedCheckedBagsOnly":true},"validatingAirlineCodes":["KL"],"travelerPricings":[{"travelerId":"1","fareOption":"STANDARD","travelerType":"ADULT","price":{"currency":"NGN","total":"2169333.00","base":"1513285.00"},"fareDetailsBySegment":[{"segmentId":"125","cabin":"ECONOMY","fareBasis":"UGL0BBRA","class":"Y","includedCheckedBags":{"quantity":1},"includedCabinBags":{"quantity":1}},{"segmentId":"126","cabin":"ECONOMY","fareBasis":"UGL0BBRA","class":"U","includedCheckedBags":{"quantity":1},"includedCabinBags":{"quantity":1}}]}]},{"type":"flight-offer","id":"40","source":"GDS","instantTicketingRequired":false,"nonHomogeneous":false,"oneWay":false,"isUpsellOffer":false,"lastTicketingDate":"2026-05-29","lastTicketingDateTime":"2026-05-29","numberOfBookableSeats":9,"itineraries":[{"duration":"PT10H","segments":[{"departure":{"iataCode":"LHR","terminal":"4","at":"2026-05-29T11:30:00"},"arrival":{"iataCode":"CDG","terminal":"2E","at":"2026-05-29T13:50:00"},"carrierCode":"AF","number":"1581","aircraft":{"code":"223"},"operating":{"carrierCode":"AF"},"duration":"PT1H20M","id":"1","numberOfStops":0,"blacklistedInEU":false},{"departure":{"iataCode":"CDG","terminal":"2E","at":"2026-05-29T15:35:00"},"arrival":{"iataCode":"LOS","terminal":"1I","at":"2026-05-29T21:30:00"},"carrierCode":"AF","number":"132","aircraft":{"code":"772"},"operating":{"carrierCode":"AF"},"duration":"PT6H55M","id":"2","numberOfStops":0,"blacklistedInEU":false}]}],"price":{"currency":"NGN","total":"2169493.00","base":"1513285.00","fees":[{"amount":"0.00","type":"SUPPLIER"},{"amount":"0.00","type":"TICKETING"}],"grandTotal":"2169493.00"},"pricingOptions":{"fareType":["PUBLISHED"],"includedCheckedBagsOnly":true},"validatingAirlineCodes":["AF"],"travelerPricings":[{"travelerId":"1","fareOption":"STANDARD","travelerType":"ADULT","price":{"currency":"NGN","total":"2169493.00","base":"1513285.00"},"fareDetailsBySegment":[{"segmentId":"1","cabin":"ECONOMY","fareBasis":"UGL0BBRA","class":"Y","includedCheckedBags":{"quantity":1},"includedCabinBags":{"quantity":1}},{"segmentId":"2","cabin":"ECONOMY","fareBasis":"UGL0BBRA","class":"U","includedCheckedBags":{"quantity":1},"includedCabinBags":{"quantity":1}}]}]},{"type":"flight-offer","id":"41","source":"GDS","instantTicketingRequired":false,"nonHomogeneous":false,"oneWay":false,"isUpsellOffer":false,"lastTicketingDate":"2026-05-29","lastTicketingDateTime":"2026-05-29","numberOfBookableSeats":9,"itineraries":[{"duration":"PT12H35M","segments":[{"departure":{"iataCode":"LHR","terminal":"4","at":"2026-05-29T08:55:00"},"arrival":{"iataCode":"CDG","terminal":"2E","at":"2026-05-29T11:15:00"},"carrierCode":"AF","number":"1681","aircraft":{"code":"223"},"operating":{"carrierCode":"AF"},"duration":"PT1H20M","id":"157","numberOfStops":0,"blacklistedInEU":false},{"departure":{"iataCode":"CDG","terminal":"2E","at":"2026-05-29T15:35:00"},"arrival":{"iataCode":"LOS","terminal":"1I","at":"2026-05-29T21:30:00"},"carrierCode":"AF","number":"132","aircraft":{"code":"772"},"operating":{"carrierCode":"AF"},"duration":"PT6H55M","id":"158","numberOfStops":0,"blacklistedInEU":false}]}],"price":{"currency":"NGN","total":"2169493.00","base":"1513285.00","fees":[{"amount":"0.00","type":"SUPPLIER"},{"amount":"0.00","type":"TICKETING"}],"grandTotal":"2169493.00"},"pricingOptions":{"fareType":["PUBLISHED"],"includedCheckedBagsOnly":true},"validatingAirlineCodes":["AF"],"travelerPricings":[{"travelerId":"1","fareOption":"STANDARD","travelerType":"ADULT","price":{"currency":"NGN","total":"2169493.00","base":"1513285.00"},"fareDetailsBySegment":[{"segmentId":"157","cabin":"ECONOMY","fareBasis":"UGL0BBRA","class":"Y","includedCheckedBags":{"quantity":1},"includedCabinBags":{"quantity":1}},{"segmentId":"158","cabin":"ECONOMY","fareBasis":"UGL0BBRA","class":"U","includedCheckedBags":{"quantity":1},"includedCabinBags":{"quantity":1}}]}]},{"type":"flight-offer","id":"42","source":"GDS","instantTicketingRequired":false,"nonHomogeneous":false,"oneWay":false,"isUpsellOffer":false,"lastTicketingDate":"2026-05-29","lastTicketingDateTime":"2026-05-29","numberOfBookableSeats":9,"itineraries":[{"duration":"PT22H15M","segments":[{"departure":{"iataCode":"LHR","terminal":"2","at":"2026-05-29T18:30:00"},"arrival":{"iataCode":"FRA","terminal":"1","at":"2026-05-29T21:05:00"},"carrierCode":"LH","number":"4231","aircraft":{"code":"32N"},"operating":{"carrierCode":"VL"},"duration":"PT1H35M","id":"103","numberOfStops":0,"blacklistedInEU":false},{"departure":{"iataCode":"FRA","terminal":"1","at":"2026-05-30T11:25:00"},"arrival":{"iataCode":"LOS","terminal":"1I","at":"2026-05-30T16:45:00"},"carrierCode":"LH","number":"568","aircraft":{"code":"789"},"operating":{"carrierCode":"LH"},"duration":"PT6H20M","id":"104","numberOfStops":0,"blacklistedInEU":false}]}],"price":{"currency":"NGN","total":"2184608.00","base":"1563357.00","fees":[{"amount":"0.00","type":"SUPPLIER"},{"amount":"0.00","type":"TICKETING"}],"grandTotal":"2184608.00"},"pricingOptions":{"fareType":["PUBLISHED"],"includedCheckedBagsOnly":true},"validatingAirlineCodes":["LH"],"travelerPricings":[{"travelerId":"1","fareOption":"STANDARD","travelerType":"ADULT","price":{"currency":"NGN","total":"2184608.00","base":"1563357.00"},"fareDetailsBySegment":[{"segmentId":"103","cabin":"ECONOMY","fareBasis":"HXOXJYNC","class":"H","includedCheckedBags":{"quantity":1},"includedCabinBags":{"quantity":1}},{"segmentId":"104","cabin":"ECONOMY","fareBasis":"HXOXJYNC","class":"H","includedCheckedBags":{"quantity":1},"includedCabinBags":{"quantity":1}}]}]},{"type":"flight-offer","id":"43","source":"GDS","instantTicketingRequired":false,"nonHomogeneous":false,"oneWay":false,"isUpsellOffer":false,"lastTicketingDate":"2026-05-29","lastTicketingDateTime":"2026-05-29","numberOfBookableSeats":9,"itineraries":[{"duration":"PT21H10M","segments":[{"departure":{"iataCode":"LHR","terminal":"2","at":"2026-05-29T19:35:00"},"arrival":{"iataCode":"DUS","at":"2026-05-29T22:00:00"},"carrierCode":"LH","number":"5335","aircraft":{"code":"32N"},"operating":{"carrierCode":"EW"},"duration":"PT1H25M","id":"78","numberOfStops":0,"blacklistedInEU":false},{"departure":{"iataCode":"DUS","at":"2026-05-30T09:20:00"},"arrival":{"iataCode":"FRA","terminal":"1","at":"2026-05-30T10:10:00"},"carrierCode":"LH","number":"71","aircraft":{"code":"32N"},"operating":{"carrierCode":"LH"},"duration":"PT50M","id":"79","numberOfStops":0,"blacklistedInEU":false},{"departure":{"iataCode":"FRA","terminal":"1","at":"2026-05-30T11:25:00"},"arrival":{"iataCode":"LOS","terminal":"1I","at":"2026-05-30T16:45:00"},"carrierCode":"LH","number":"568","aircraft":{"code":"789"},"operating":{"carrierCode":"LH"},"duration":"PT6H20M","id":"80","numberOfStops":0,"blacklistedInEU":false}]}],"price":{"currency":"NGN","total":"2188373.00","base":"1563357.00","fees":[{"amount":"0.00","type":"SUPPLIER"},{"amount":"0.00","type":"TICKETING"}],"grandTotal":"2188373.00"},"pricingOptions":{"fareType":["PUBLISHED"],"includedCheckedBagsOnly":true},"validatingAirlineCodes":["LH"],"travelerPricings":[{"travelerId":"1","fareOption":"STANDARD","travelerType":"ADULT","price":{"currency":"NGN","total":"2188373.00","base":"1563357.00"},"fareDetailsBySegment":[{"segmentId":"78","cabin":"ECONOMY","fareBasis":"HXOXJYNC","class":"H","includedCheckedBags":{"quantity":1},"includedCabinBags":{"quantity":1}},{"segmentId":"79","cabin":"ECONOMY","fareBasis":"HXOXJYNC","class":"H","includedCheckedBags":{"quantity":1},"includedCabinBags":{"quantity":1}},{"segmentId":"80","cabin":"ECONOMY","fareBasis":"HXOXJYNC","class":"H","includedCheckedBags":{"quantity":1},"includedCabinBags":{"quantity":1}}]}]},{"type":"flight-offer","id":"44","source":"GDS","instantTicketingRequired":false,"nonHomogeneous":false,"oneWay":false,"isUpsellOffer":false,"lastTicketingDate":"2026-05-29","lastTicketingDateTime":"2026-05-29","numberOfBookableSeats":9,"itineraries":[{"duration":"PT13H50M","segments":[{"departure":{"iataCode":"LHR","terminal":"4","at":"2026-05-29T06:15:00"},"arrival":{"iataCode":"CDG","terminal":"2E","at":"2026-05-29T08:40:00"},"carrierCode":"AF","number":"1381","aircraft":{"code":"223"},"operating":{"carrierCode":"AF"},"duration":"PT1H25M","id":"192","numberOfStops":0,"blacklistedInEU":false},{"departure":{"iataCode":"CDG","terminal":"2F","at":"2026-05-29T11:45:00"},"arrival":{"iataCode":"AMS","at":"2026-05-29T13:10:00"},"carrierCode":"AF","number":"1640","aircraft":{"code":"320"},"operating":{"carrierCode":"AF"},"duration":"PT1H25M","id":"193","numberOfStops":0,"blacklistedInEU":false},{"departure":{"iataCode":"AMS","at":"2026-05-29T14:25:00"},"arrival":{"iataCode":"LOS","terminal":"I","at":"2026-05-29T20:05:00"},"carrierCode":"AF","number":"8434","aircraft":{"code":"332"},"operating":{"carrierCode":"KL"},"duration":"PT6H40M","id":"194","numberOfStops":0,"blacklistedInEU":false}]}],"price":{"currency":"NGN","total":"2197713.00","base":"1515140.00","fees":[{"amount":"0.00","type":"SUPPLIER"},{"amount":"0.00","type":"TICKETING"}],"grandTotal":"2197713.00"},"pricingOptions":{"fareType":["PUBLISHED"],"includedCheckedBagsOnly":true},"validatingAirlineCodes":["AF"],"travelerPricings":[{"travelerId":"1","fareOption":"STANDARD","travelerType":"ADULT","price":{"currency":"NGN","total":"2197713.00","base":"1515140.00"},"fareDetailsBySegment":[{"segmentId":"192","cabin":"ECONOMY","fareBasis":"UGL0BBRA","class":"Y","includedCheckedBags":{"quantity":1},"includedCabinBags":{"quantity":1}},{"segmentId":"193","cabin":"ECONOMY","fareBasis":"UGL0BBRA","class":"Y","includedCheckedBags":{"quantity":1},"includedCabinBags":{"quantity":1}},{"segmentId":"194","cabin":"ECONOMY","fareBasis":"UGL0BBRA","class":"U","includedCheckedBags":{"quantity":1},"includedCabinBags":{"quantity":1}}]}]},{"type":"flight-offer","id":"45","source":"GDS","instantTicketingRequired":false,"nonHomogeneous":false,"oneWay":false,"isUpsellOffer":false,"lastTicketingDate":"2026-05-29","lastTicketingDateTime":"2026-05-29","numberOfBookableSeats":9,"itineraries":[{"duration":"PT13H50M","segments":[{"departure":{"iataCode":"LHR","terminal":"4","at":"2026-05-29T06:15:00"},"arrival":{"iataCode":"CDG","terminal":"2E","at":"2026-05-29T08:40:00"},"carrierCode":"AF","number":"1381","aircraft":{"code":"223"},"operating":{"carrierCode":"AF"},"duration":"PT1H25M","id":"195","numberOfStops":0,"blacklistedInEU":false},{"departure":{"iataCode":"CDG","terminal":"2F","at":"2026-05-29T10:15:00"},"arrival":{"iataCode":"AMS","at":"2026-05-29T11:30:00"},"carrierCode":"AF","number":"8382","aircraft":{"code":"73W"},"operating":{"carrierCode":"KL"},"duration":"PT1H15M","id":"196","numberOfStops":0,"blacklistedInEU":false},{"departure":{"iataCode":"AMS","at":"2026-05-29T14:25:00"},"arrival":{"iataCode":"LOS","terminal":"I","at":"2026-05-29T20:05:00"},"carrierCode":"AF","number":"8434","aircraft":{"code":"332"},"operating":{"carrierCode":"KL"},"duration":"PT6H40M","id":"197","numberOfStops":0,"blacklistedInEU":false}]}],"price":{"currency":"NGN","total":"2200260.00","base":"1515140.00","fees":[{"amount":"0.00","type":"SUPPLIER"},{"amount":"0.00","type":"TICKETING"}],"grandTotal":"2200260.00"},"pricingOptions":{"fareType":["PUBLISHED"],"includedCheckedBagsOnly":true},"validatingAirlineCodes":["AF"],"travelerPricings":[{"travelerId":"1","fareOption":"STANDARD","travelerType":"ADULT","price":{"currency":"NGN","total":"2200260.00","base":"1515140.00"},"fareDetailsBySegment":[{"segmentId":"195","cabin":"ECONOMY","fareBasis":"UGL0BBRA","class":"Y","includedCheckedBags":{"quantity":1},"includedCabinBags":{"quantity":1}},{"segmentId":"196","cabin":"ECONOMY","fareBasis":"UGL0BBRA","class":"Y","includedCheckedBags":{"quantity":1},"includedCabinBags":{"quantity":1}},{"segmentId":"197","cabin":"ECONOMY","fareBasis":"UGL0BBRA","class":"U","includedCheckedBags":{"quantity":1},"includedCabinBags":{"quantity":1}}]}]},{"type":"flight-offer","id":"46","source":"GDS","instantTicketingRequired":false,"nonHomogeneous":false,"oneWay":false,"isUpsellOffer":false,"lastTicketingDate":"2026-05-29","lastTicketingDateTime":"2026-05-29","numberOfBookableSeats":9,"itineraries":[{"duration":"PT12H50M","segments":[{"departure":{"iataCode":"LHR","terminal":"4","at":"2026-05-29T08:40:00"},"arrival":{"iataCode":"AMS","at":"2026-05-29T11:00:00"},"carrierCode":"KL","number":"1002","aircraft":{"code":"32Q"},"operating":{"carrierCode":"KL"},"duration":"PT1H20M","id":"183","numberOfStops":0,"blacklistedInEU":false},{"departure":{"iataCode":"AMS","at":"2026-05-29T12:30:00"},"arrival":{"iataCode":"CDG","terminal":"2F","at":"2026-05-29T13:40:00"},"carrierCode":"KL","number":"1407","aircraft":{"code":"73H"},"operating":{"carrierCode":"KL"},"duration":"PT1H10M","id":"184","numberOfStops":0,"blacklistedInEU":false},{"departure":{"iataCode":"CDG","terminal":"2E","at":"2026-05-29T15:35:00"},"arrival":{"iataCode":"LOS","terminal":"1I","at":"2026-05-29T21:30:00"},"carrierCode":"KL","number":"2355","aircraft":{"code":"772"},"operating":{"carrierCode":"AF"},"duration":"PT6H55M","id":"185","numberOfStops":0,"blacklistedInEU":false}]}],"price":{"currency":"NGN","total":"2213940.00","base":"1515140.00","fees":[{"amount":"0.00","type":"SUPPLIER"},{"amount":"0.00","type":"TICKETING"}],"grandTotal":"2213940.00"},"pricingOptions":{"fareType":["PUBLISHED"],"includedCheckedBagsOnly":true},"validatingAirlineCodes":["KL"],"travelerPricings":[{"travelerId":"1","fareOption":"STANDARD","travelerType":"ADULT","price":{"currency":"NGN","total":"2213940.00","base":"1515140.00"},"fareDetailsBySegment":[{"segmentId":"183","cabin":"ECONOMY","fareBasis":"UGL0BBRA","class":"Y","includedCheckedBags":{"quantity":1},"includedCabinBags":{"quantity":1}},{"segmentId":"184","cabin":"ECONOMY","fareBasis":"UGL0BBRA","class":"Y","includedCheckedBags":{"quantity":1},"includedCabinBags":{"quantity":1}},{"segmentId":"185","cabin":"ECONOMY","fareBasis":"UGL0BBRA","class":"U","includedCheckedBags":{"quantity":1},"includedCabinBags":{"quantity":1}}]}]},{"type":"flight-offer","id":"47","source":"GDS","instantTicketingRequired":false,"nonHomogeneous":false,"oneWay":false,"isUpsellOffer":false,"lastTicketingDate":"2026-05-29","lastTicketingDateTime":"2026-05-29","numberOfBookableSeats":9,"itineraries":[{"duration":"PT15H","segments":[{"departure":{"iataCode":"LHR","terminal":"4","at":"2026-05-29T06:30:00"},"arrival":{"iataCode":"AMS","at":"2026-05-29T08:50:00"},"carrierCode":"KL","number":"1000","aircraft":{"code":"32Q"},"operating":{"carrierCode":"KL"},"duration":"PT1H20M","id":"6","numberOfStops":0,"blacklistedInEU":false},{"departure":{"iataCode":"AMS","at":"2026-05-29T10:40:00"},"arrival":{"iataCode":"CDG","terminal":"2F","at":"2026-05-29T12:00:00"},"carrierCode":"KL","number":"2007","aircraft":{"code":"223"},"operating":{"carrierCode":"AF"},"duration":"PT1H20M","id":"7","numberOfStops":0,"blacklistedInEU":false},{"departure":{"iataCode":"CDG","terminal":"2E","at":"2026-05-29T15:35:00"},"arrival":{"iataCode":"LOS","terminal":"1I","at":"2026-05-29T21:30:00"},"carrierCode":"KL","number":"2355","aircraft":{"code":"772"},"operating":{"carrierCode":"AF"},"duration":"PT6H55M","id":"8","numberOfStops":0,"blacklistedInEU":false}]}],"price":{"currency":"NGN","total":"2213940.00","base":"1515140.00","fees":[{"amount":"0.00","type":"SUPPLIER"},{"amount":"0.00","type":"TICKETING"}],"grandTotal":"2213940.00"},"pricingOptions":{"fareType":["PUBLISHED"],"includedCheckedBagsOnly":true},"validatingAirlineCodes":["KL"],"travelerPricings":[{"travelerId":"1","fareOption":"STANDARD","travelerType":"ADULT","price":{"currency":"NGN","total":"2213940.00","base":"1515140.00"},"fareDetailsBySegment":[{"segmentId":"6","cabin":"ECONOMY","fareBasis":"UGL0BBRA","class":"Y","includedCheckedBags":{"quantity":1},"includedCabinBags":{"quantity":1}},{"segmentId":"7","cabin":"ECONOMY","fareBasis":"UGL0BBRA","class":"Y","includedCheckedBags":{"quantity":1},"includedCabinBags":{"quantity":1}},{"segmentId":"8","cabin":"ECONOMY","fareBasis":"UGL0BBRA","class":"U","includedCheckedBags":{"quantity":1},"includedCabinBags":{"quantity":1}}]}]},{"type":"flight-offer","id":"48","source":"GDS","instantTicketingRequired":false,"nonHomogeneous":false,"oneWay":false,"isUpsellOffer":false,"lastTicketingDate":"2026-05-29","lastTicketingDateTime":"2026-05-29","numberOfBookableSeats":9,"itineraries":[{"duration":"PT15H","segments":[{"departure":{"iataCode":"LHR","terminal":"4","at":"2026-05-29T06:30:00"},"arrival":{"iataCode":"AMS","at":"2026-05-29T08:50:00"},"carrierCode":"KL","number":"1000","aircraft":{"code":"32Q"},"operating":{"carrierCode":"KL"},"duration":"PT1H20M","id":"9","numberOfStops":0,"blacklistedInEU":false},{"departure":{"iataCode":"AMS","at":"2026-05-29T12:30:00"},"arrival":{"iataCode":"CDG","terminal":"2F","at":"2026-05-29T13:40:00"},"carrierCode":"KL","number":"1407","aircraft":{"code":"73H"},"operating":{"carrierCode":"KL"},"duration":"PT1H10M","id":"10","numberOfStops":0,"blacklistedInEU":false},{"departure":{"iataCode":"CDG","terminal":"2E","at":"2026-05-29T15:35:00"},"arrival":{"iataCode":"LOS","terminal":"1I","at":"2026-05-29T21:30:00"},"carrierCode":"KL","number":"2355","aircraft":{"code":"772"},"operating":{"carrierCode":"AF"},"duration":"PT6H55M","id":"11","numberOfStops":0,"blacklistedInEU":false}]}],"price":{"currency":"NGN","total":"2213940.00","base":"1515140.00","fees":[{"amount":"0.00","type":"SUPPLIER"},{"amount":"0.00","type":"TICKETING"}],"grandTotal":"2213940.00"},"pricingOptions":{"fareType":["PUBLISHED"],"includedCheckedBagsOnly":true},"validatingAirlineCodes":["KL"],"travelerPricings":[{"travelerId":"1","fareOption":"STANDARD","travelerType":"ADULT","price":{"currency":"NGN","total":"2213940.00","base":"1515140.00"},"fareDetailsBySegment":[{"segmentId":"9","cabin":"ECONOMY","fareBasis":"UGL0BBRA","class":"Y","includedCheckedBags":{"quantity":1},"includedCabinBags":{"quantity":1}},{"segmentId":"10","cabin":"ECONOMY","fareBasis":"UGL0BBRA","class":"Y","includedCheckedBags":{"quantity":1},"includedCabinBags":{"quantity":1}},{"segmentId":"11","cabin":"ECONOMY","fareBasis":"UGL0BBRA","class":"U","includedCheckedBags":{"quantity":1},"includedCabinBags":{"quantity":1}}]}]},{"type":"flight-offer","id":"49","source":"GDS","instantTicketingRequired":false,"nonHomogeneous":false,"oneWay":false,"isUpsellOffer":false,"lastTicketingDate":"2026-05-29","lastTicketingDateTime":"2026-05-29","numberOfBookableSeats":9,"itineraries":[{"duration":"PT15H","segments":[{"departure":{"iataCode":"LHR","terminal":"4","at":"2026-05-29T06:30:00"},"arrival":{"iataCode":"AMS","at":"2026-05-29T08:50:00"},"carrierCode":"KL","number":"146","aircraft":{"code":"32Q"},"operating":{"carrierCode":"KL"},"duration":"PT1H20M","id":"12","numberOfStops":0,"blacklistedInEU":false},{"departure":{"iataCode":"AMS","at":"2026-05-29T10:40:00"},"arrival":{"iataCode":"CDG","terminal":"2F","at":"2026-05-29T12:00:00"},"carrierCode":"KL","number":"2007","aircraft":{"code":"223"},"operating":{"carrierCode":"AF"},"duration":"PT1H20M","id":"13","numberOfStops":0,"blacklistedInEU":false},{"departure":{"iataCode":"CDG","terminal":"2E","at":"2026-05-29T15:35:00"},"arrival":{"iataCode":"LOS","terminal":"1I","at":"2026-05-29T21:30:00"},"carrierCode":"KL","number":"2355","aircraft":{"code":"772"},"operating":{"carrierCode":"AF"},"duration":"PT6H55M","id":"14","numberOfStops":0,"blacklistedInEU":false}]}],"price":{"currency":"NGN","total":"2213940.00","base":"1515140.00","fees":[{"amount":"0.00","type":"SUPPLIER"},{"amount":"0.00","type":"TICKETING"}],"grandTotal":"2213940.00"},"pricingOptions":{"fareType":["PUBLISHED"],"includedCheckedBagsOnly":true},"validatingAirlineCodes":["KL"],"travelerPricings":[{"travelerId":"1","fareOption":"STANDARD","travelerType":"ADULT","price":{"currency":"NGN","total":"2213940.00","base":"1515140.00"},"fareDetailsBySegment":[{"segmentId":"12","cabin":"ECONOMY","fareBasis":"UGL0BBRA","class":"Y","includedCheckedBags":{"quantity":1},"includedCabinBags":{"quantity":1}},{"segmentId":"13","cabin":"ECONOMY","fareBasis":"UGL0BBRA","class":"Y","includedCheckedBags":{"quantity":1},"includedCabinBags":{"quantity":1}},{"segmentId":"14","cabin":"ECONOMY","fareBasis":"UGL0BBRA","class":"U","includedCheckedBags":{"quantity":1},"includedCabinBags":{"quantity":1}}]}]},{"type":"flight-offer","id":"50","source":"GDS","instantTicketingRequired":false,"nonHomogeneous":false,"oneWay":false,"isUpsellOffer":false,"lastTicketingDate":"2026-05-29","lastTicketingDateTime":"2026-05-29","numberOfBookableSeats":9,"itineraries":[{"duration":"PT15H","segments":[{"departure":{"iataCode":"LHR","terminal":"4","at":"2026-05-29T06:30:00"},"arrival":{"iataCode":"AMS","at":"2026-05-29T08:50:00"},"carrierCode":"KL","number":"146","aircraft":{"code":"32Q"},"operating":{"carrierCode":"KL"},"duration":"PT1H20M","id":"15","numberOfStops":0,"blacklistedInEU":false},{"departure":{"iataCode":"AMS","at":"2026-05-29T12:30:00"},"arrival":{"iataCode":"CDG","terminal":"2F","at":"2026-05-29T13:40:00"},"carrierCode":"KL","number":"1407","aircraft":{"code":"73H"},"operating":{"carrierCode":"KL"},"duration":"PT1H10M","id":"16","numberOfStops":0,"blacklistedInEU":false},{"departure":{"iataCode":"CDG","terminal":"2E","at":"2026-05-29T15:35:00"},"arrival":{"iataCode":"LOS","terminal":"1I","at":"2026-05-29T21:30:00"},"carrierCode":"KL","number":"2355","aircraft":{"code":"772"},"operating":{"carrierCode":"AF"},"duration":"PT6H55M","id":"17","numberOfStops":0,"blacklistedInEU":false}]}],"price":{"currency":"NGN","total":"2213940.00","base":"1515140.00","fees":[{"amount":"0.00","type":"SUPPLIER"},{"amount":"0.00","type":"TICKETING"}],"grandTotal":"2213940.00"},"pricingOptions":{"fareType":["PUBLISHED"],"includedCheckedBagsOnly":true},"validatingAirlineCodes":["KL"],"travelerPricings":[{"travelerId":"1","fareOption":"STANDARD","travelerType":"ADULT","price":{"currency":"NGN","total":"2213940.00","base":"1515140.00"},"fareDetailsBySegment":[{"segmentId":"15","cabin":"ECONOMY","fareBasis":"UGL0BBRA","class":"Y","includedCheckedBags":{"quantity":1},"includedCabinBags":{"quantity":1}},{"segmentId":"16","cabin":"ECONOMY","fareBasis":"UGL0BBRA","class":"Y","includedCheckedBags":{"quantity":1},"includedCabinBags":{"quantity":1}},{"segmentId":"17","cabin":"ECONOMY","fareBasis":"UGL0BBRA","class":"U","includedCheckedBags":{"quantity":1},"includedCabinBags":{"quantity":1}}]}]},{"type":"flight-offer","id":"51","source":"GDS","instantTicketingRequired":false,"nonHomogeneous":false,"oneWay":false,"isUpsellOffer":false,"lastTicketingDate":"2026-05-29","lastTicketingDateTime":"2026-05-29","numberOfBookableSeats":9,"itineraries":[{"duration":"PT13H50M","segments":[{"departure":{"iataCode":"LHR","terminal":"4","at":"2026-05-29T06:15:00"},"arrival":{"iataCode":"CDG","terminal":"2E","at":"2026-05-29T08:40:00"},"carrierCode":"AF","number":"1381","aircraft":{"code":"223"},"operating":{"carrierCode":"AF"},"duration":"PT1H25M","id":"198","numberOfStops":0,"blacklistedInEU":false},{"departure":{"iataCode":"CDG","terminal":"2F","at":"2026-05-29T11:45:00"},"arrival":{"iataCode":"AMS","at":"2026-05-29T13:10:00"},"carrierCode":"AF","number":"1640","aircraft":{"code":"320"},"operating":{"carrierCode":"AF"},"duration":"PT1H25M","id":"199","numberOfStops":0,"blacklistedInEU":false},{"departure":{"iataCode":"AMS","at":"2026-05-29T14:25:00"},"arrival":{"iataCode":"LOS","terminal":"I","at":"2026-05-29T20:05:00"},"carrierCode":"KL","number":"587","aircraft":{"code":"332"},"operating":{"carrierCode":"KL"},"duration":"PT6H40M","id":"200","numberOfStops":0,"blacklistedInEU":false}]}],"price":{"currency":"NGN","total":"2238605.00","base":"1515140.00","fees":[{"amount":"0.00","type":"SUPPLIER"},{"amount":"0.00","type":"TICKETING"}],"grandTotal":"2238605.00"},"pricingOptions":{"fareType":["PUBLISHED"],"includedCheckedBagsOnly":true},"validatingAirlineCodes":["KL"],"travelerPricings":[{"travelerId":"1","fareOption":"STANDARD","travelerType":"ADULT","price":{"currency":"NGN","total":"2238605.00","base":"1515140.00"},"fareDetailsBySegment":[{"segmentId":"198","cabin":"ECONOMY","fareBasis":"UGL0BBRA","class":"Y","includedCheckedBags":{"quantity":1},"includedCabinBags":{"quantity":1}},{"segmentId":"199","cabin":"ECONOMY","fareBasis":"UGL0BBRA","class":"Y","includedCheckedBags":{"quantity":1},"includedCabinBags":{"quantity":1}},{"segmentId":"200","cabin":"ECONOMY","fareBasis":"UGL0BBRA","class":"U","includedCheckedBags":{"quantity":1},"includedCabinBags":{"quantity":1}}]}]},{"type":"flight-offer","id":"52","source":"GDS","instantTicketingRequired":false,"nonHomogeneous":false,"oneWay":false,"isUpsellOffer":false,"lastTicketingDate":"2026-05-29","lastTicketingDateTime":"2026-05-29","numberOfBookableSeats":9,"itineraries":[{"duration":"PT13H50M","segments":[{"departure":{"iataCode":"LHR","terminal":"4","at":"2026-05-29T06:15:00"},"arrival":{"iataCode":"CDG","terminal":"2E","at":"2026-05-29T08:40:00"},"carrierCode":"AF","number":"1381","aircraft":{"code":"223"},"operating":{"carrierCode":"AF"},"duration":"PT1H25M","id":"201","numberOfStops":0,"blacklistedInEU":false},{"departure":{"iataCode":"CDG","terminal":"2F","at":"2026-05-29T11:45:00"},"arrival":{"iataCode":"AMS","at":"2026-05-29T13:10:00"},"carrierCode":"KL","number":"2008","aircraft":{"code":"320"},"operating":{"carrierCode":"AF"},"duration":"PT1H25M","id":"202","numberOfStops":0,"blacklistedInEU":false},{"departure":{"iataCode":"AMS","at":"2026-05-29T14:25:00"},"arrival":{"iataCode":"LOS","terminal":"I","at":"2026-05-29T20:05:00"},"carrierCode":"KL","number":"587","aircraft":{"code":"332"},"operating":{"carrierCode":"KL"},"duration":"PT6H40M","id":"203","numberOfStops":0,"blacklistedInEU":false}]}],"price":{"currency":"NGN","total":"2238605.00","base":"1515140.00","fees":[{"amount":"0.00","type":"SUPPLIER"},{"amount":"0.00","type":"TICKETING"}],"grandTotal":"2238605.00"},"pricingOptions":{"fareType":["PUBLISHED"],"includedCheckedBagsOnly":true},"validatingAirlineCodes":["KL"],"travelerPricings":[{"travelerId":"1","fareOption":"STANDARD","travelerType":"ADULT","price":{"currency":"NGN","total":"2238605.00","base":"1515140.00"},"fareDetailsBySegment":[{"segmentId":"201","cabin":"ECONOMY","fareBasis":"UGL0BBRA","class":"Y","includedCheckedBags":{"quantity":1},"includedCabinBags":{"quantity":1}},{"segmentId":"202","cabin":"ECONOMY","fareBasis":"UGL0BBRA","class":"Y","includedCheckedBags":{"quantity":1},"includedCabinBags":{"quantity":1}},{"segmentId":"203","cabin":"ECONOMY","fareBasis":"UGL0BBRA","class":"U","includedCheckedBags":{"quantity":1},"includedCabinBags":{"quantity":1}}]}]},{"type":"flight-offer","id":"53","source":"GDS","instantTicketingRequired":false,"nonHomogeneous":false,"oneWay":false,"isUpsellOffer":false,"lastTicketingDate":"2026-05-29","lastTicketingDateTime":"2026-05-29","numberOfBookableSeats":9,"itineraries":[{"duration":"PT13H50M","segments":[{"departure":{"iataCode":"LHR","terminal":"4","at":"2026-05-29T06:15:00"},"arrival":{"iataCode":"CDG","terminal":"2E","at":"2026-05-29T08:40:00"},"carrierCode":"AF","number":"1381","aircraft":{"code":"223"},"operating":{"carrierCode":"AF"},"duration":"PT1H25M","id":"204","numberOfStops":0,"blacklistedInEU":false},{"departure":{"iataCode":"CDG","terminal":"2F","at":"2026-05-29T09:40:00"},"arrival":{"iataCode":"AMS","at":"2026-05-29T10:55:00"},"carrierCode":"KL","number":"1404","aircraft":{"code":"73H"},"operating":{"carrierCode":"KL"},"duration":"PT1H15M","id":"205","numberOfStops":0,"blacklistedInEU":false},{"departure":{"iataCode":"AMS","at":"2026-05-29T14:25:00"},"arrival":{"iataCode":"LOS","terminal":"I","at":"2026-05-29T20:05:00"},"carrierCode":"KL","number":"587","aircraft":{"code":"332"},"operating":{"carrierCode":"KL"},"duration":"PT6H40M","id":"206","numberOfStops":0,"blacklistedInEU":false}]}],"price":{"currency":"NGN","total":"2241152.00","base":"1515140.00","fees":[{"amount":"0.00","type":"SUPPLIER"},{"amount":"0.00","type":"TICKETING"}],"grandTotal":"2241152.00"},"pricingOptions":{"fareType":["PUBLISHED"],"includedCheckedBagsOnly":true},"validatingAirlineCodes":["KL"],"travelerPricings":[{"travelerId":"1","fareOption":"STANDARD","travelerType":"ADULT","price":{"currency":"NGN","total":"2241152.00","base":"1515140.00"},"fareDetailsBySegment":[{"segmentId":"204","cabin":"ECONOMY","fareBasis":"UGL0BBRA","class":"Y","includedCheckedBags":{"quantity":1},"includedCabinBags":{"quantity":1}},{"segmentId":"205","cabin":"ECONOMY","fareBasis":"UGL0BBRA","class":"Y","includedCheckedBags":{"quantity":1},"includedCabinBags":{"quantity":1}},{"segmentId":"206","cabin":"ECONOMY","fareBasis":"UGL0BBRA","class":"U","includedCheckedBags":{"quantity":1},"includedCabinBags":{"quantity":1}}]}]},{"type":"flight-offer","id":"54","source":"GDS","instantTicketingRequired":false,"nonHomogeneous":false,"oneWay":false,"isUpsellOffer":false,"lastTicketingDate":"2026-05-29","lastTicketingDateTime":"2026-05-29","numberOfBookableSeats":9,"itineraries":[{"duration":"PT13H50M","segments":[{"departure":{"iataCode":"LHR","terminal":"4","at":"2026-05-29T06:15:00"},"arrival":{"iataCode":"CDG","terminal":"2E","at":"2026-05-29T08:40:00"},"carrierCode":"AF","number":"1381","aircraft":{"code":"223"},"operating":{"carrierCode":"AF"},"duration":"PT1H25M","id":"207","numberOfStops":0,"blacklistedInEU":false},{"departure":{"iataCode":"CDG","terminal":"2F","at":"2026-05-29T10:15:00"},"arrival":{"iataCode":"AMS","at":"2026-05-29T11:30:00"},"carrierCode":"AF","number":"8382","aircraft":{"code":"73W"},"operating":{"carrierCode":"KL"},"duration":"PT1H15M","id":"208","numberOfStops":0,"blacklistedInEU":false},{"departure":{"iataCode":"AMS","at":"2026-05-29T14:25:00"},"arrival":{"iataCode":"LOS","terminal":"I","at":"2026-05-29T20:05:00"},"carrierCode":"KL","number":"587","aircraft":{"code":"332"},"operating":{"carrierCode":"KL"},"duration":"PT6H40M","id":"209","numberOfStops":0,"blacklistedInEU":false}]}],"price":{"currency":"NGN","total":"2241152.00","base":"1515140.00","fees":[{"amount":"0.00","type":"SUPPLIER"},{"amount":"0.00","type":"TICKETING"}],"grandTotal":"2241152.00"},"pricingOptions":{"fareType":["PUBLISHED"],"includedCheckedBagsOnly":true},"validatingAirlineCodes":["KL"],"travelerPricings":[{"travelerId":"1","fareOption":"STANDARD","travelerType":"ADULT","price":{"currency":"NGN","total":"2241152.00","base":"1515140.00"},"fareDetailsBySegment":[{"segmentId":"207","cabin":"ECONOMY","fareBasis":"UGL0BBRA","class":"Y","includedCheckedBags":{"quantity":1},"includedCabinBags":{"quantity":1}},{"segmentId":"208","cabin":"ECONOMY","fareBasis":"UGL0BBRA","class":"Y","includedCheckedBags":{"quantity":1},"includedCabinBags":{"quantity":1}},{"segmentId":"209","cabin":"ECONOMY","fareBasis":"UGL0BBRA","class":"U","includedCheckedBags":{"quantity":1},"includedCabinBags":{"quantity":1}}]}]},{"type":"flight-offer","id":"55","source":"GDS","instantTicketingRequired":false,"nonHomogeneous":false,"oneWay":false,"isUpsellOffer":false,"lastTicketingDate":"2026-05-29","lastTicketingDateTime":"2026-05-29","numberOfBookableSeats":9,"itineraries":[{"duration":"PT13H50M","segments":[{"departure":{"iataCode":"LHR","terminal":"4","at":"2026-05-29T06:15:00"},"arrival":{"iataCode":"CDG","terminal":"2E","at":"2026-05-29T08:40:00"},"carrierCode":"AF","number":"1381","aircraft":{"code":"223"},"operating":{"carrierCode":"AF"},"duration":"PT1H25M","id":"210","numberOfStops":0,"blacklistedInEU":false},{"departure":{"iataCode":"CDG","terminal":"2F","at":"2026-05-29T10:15:00"},"arrival":{"iataCode":"AMS","at":"2026-05-29T11:30:00"},"carrierCode":"KL","number":"1406","aircraft":{"code":"73W"},"operating":{"carrierCode":"KL"},"duration":"PT1H15M","id":"211","numberOfStops":0,"blacklistedInEU":false},{"departure":{"iataCode":"AMS","at":"2026-05-29T14:25:00"},"arrival":{"iataCode":"LOS","terminal":"I","at":"2026-05-29T20:05:00"},"carrierCode":"KL","number":"587","aircraft":{"code":"332"},"operating":{"carrierCode":"KL"},"duration":"PT6H40M","id":"212","numberOfStops":0,"blacklistedInEU":false}]}],"price":{"currency":"NGN","total":"2241152.00","base":"1515140.00","fees":[{"amount":"0.00","type":"SUPPLIER"},{"amount":"0.00","type":"TICKETING"}],"grandTotal":"2241152.00"},"pricingOptions":{"fareType":["PUBLISHED"],"includedCheckedBagsOnly":true},"validatingAirlineCodes":["KL"],"travelerPricings":[{"travelerId":"1","fareOption":"STANDARD","travelerType":"ADULT","price":{"currency":"NGN","total":"2241152.00","base":"1515140.00"},"fareDetailsBySegment":[{"segmentId":"210","cabin":"ECONOMY","fareBasis":"UGL0BBRA","class":"Y","includedCheckedBags":{"quantity":1},"includedCabinBags":{"quantity":1}},{"segmentId":"211","cabin":"ECONOMY","fareBasis":"UGL0BBRA","class":"Y","includedCheckedBags":{"quantity":1},"includedCabinBags":{"quantity":1}},{"segmentId":"212","cabin":"ECONOMY","fareBasis":"UGL0BBRA","class":"U","includedCheckedBags":{"quantity":1},"includedCabinBags":{"quantity":1}}]}]},{"type":"flight-offer","id":"56","source":"GDS","instantTicketingRequired":false,"nonHomogeneous":false,"oneWay":false,"isUpsellOffer":false,"lastTicketingDate":"2026-05-29","lastTicketingDateTime":"2026-05-29","numberOfBookableSeats":9,"itineraries":[{"duration":"PT12H50M","segments":[{"departure":{"iataCode":"LHR","terminal":"4","at":"2026-05-29T08:40:00"},"arrival":{"iataCode":"AMS","at":"2026-05-29T11:00:00"},"carrierCode":"KL","number":"1002","aircraft":{"code":"32Q"},"operating":{"carrierCode":"KL"},"duration":"PT1H20M","id":"186","numberOfStops":0,"blacklistedInEU":false},{"departure":{"iataCode":"AMS","at":"2026-05-29T12:30:00"},"arrival":{"iataCode":"CDG","terminal":"2F","at":"2026-05-29T13:40:00"},"carrierCode":"AF","number":"5474","aircraft":{"code":"73H"},"operating":{"carrierCode":"KL"},"duration":"PT1H10M","id":"187","numberOfStops":0,"blacklistedInEU":false},{"departure":{"iataCode":"CDG","terminal":"2E","at":"2026-05-29T15:35:00"},"arrival":{"iataCode":"LOS","terminal":"1I","at":"2026-05-29T21:30:00"},"carrierCode":"AF","number":"132","aircraft":{"code":"772"},"operating":{"carrierCode":"AF"},"duration":"PT6H55M","id":"188","numberOfStops":0,"blacklistedInEU":false}]}],"price":{"currency":"NGN","total":"2254832.00","base":"1515140.00","fees":[{"amount":"0.00","type":"SUPPLIER"},{"amount":"0.00","type":"TICKETING"}],"grandTotal":"2254832.00"},"pricingOptions":{"fareType":["PUBLISHED"],"includedCheckedBagsOnly":true},"validatingAirlineCodes":["AF"],"travelerPricings":[{"travelerId":"1","fareOption":"STANDARD","travelerType":"ADULT","price":{"currency":"NGN","total":"2254832.00","base":"1515140.00"},"fareDetailsBySegment":[{"segmentId":"186","cabin":"ECONOMY","fareBasis":"UGL0BBRA","class":"Y","includedCheckedBags":{"quantity":1},"includedCabinBags":{"quantity":1}},{"segmentId":"187","cabin":"ECONOMY","fareBasis":"UGL0BBRA","class":"Y","includedCheckedBags":{"quantity":1},"includedCabinBags":{"quantity":1}},{"segmentId":"188","cabin":"ECONOMY","fareBasis":"UGL0BBRA","class":"U","includedCheckedBags":{"quantity":1},"includedCabinBags":{"quantity":1}}]}]},{"type":"flight-offer","id":"57","source":"GDS","instantTicketingRequired":false,"nonHomogeneous":false,"oneWay":false,"isUpsellOffer":false,"lastTicketingDate":"2026-05-29","lastTicketingDateTime":"2026-05-29","numberOfBookableSeats":9,"itineraries":[{"duration":"PT12H50M","segments":[{"departure":{"iataCode":"LHR","terminal":"4","at":"2026-05-29T08:40:00"},"arrival":{"iataCode":"AMS","at":"2026-05-29T11:00:00"},"carrierCode":"KL","number":"1002","aircraft":{"code":"32Q"},"operating":{"carrierCode":"KL"},"duration":"PT1H20M","id":"189","numberOfStops":0,"blacklistedInEU":false},{"departure":{"iataCode":"AMS","at":"2026-05-29T12:30:00"},"arrival":{"iataCode":"CDG","terminal":"2F","at":"2026-05-29T13:40:00"},"carrierCode":"KL","number":"1407","aircraft":{"code":"73H"},"operating":{"carrierCode":"KL"},"duration":"PT1H10M","id":"190","numberOfStops":0,"blacklistedInEU":false},{"departure":{"iataCode":"CDG","terminal":"2E","at":"2026-05-29T15:35:00"},"arrival":{"iataCode":"LOS","terminal":"1I","at":"2026-05-29T21:30:00"},"carrierCode":"AF","number":"132","aircraft":{"code":"772"},"operating":{"carrierCode":"AF"},"duration":"PT6H55M","id":"191","numberOfStops":0,"blacklistedInEU":false}]}],"price":{"currency":"NGN","total":"2254832.00","base":"1515140.00","fees":[{"amount":"0.00","type":"SUPPLIER"},{"amount":"0.00","type":"TICKETING"}],"grandTotal":"2254832.00"},"pricingOptions":{"fareType":["PUBLISHED"],"includedCheckedBagsOnly":true},"validatingAirlineCodes":["AF"],"travelerPricings":[{"travelerId":"1","fareOption":"STANDARD","travelerType":"ADULT","price":{"currency":"NGN","total":"2254832.00","base":"1515140.00"},"fareDetailsBySegment":[{"segmentId":"189","cabin":"ECONOMY","fareBasis":"UGL0BBRA","class":"Y","includedCheckedBags":{"quantity":1},"includedCabinBags":{"quantity":1}},{"segmentId":"190","cabin":"ECONOMY","fareBasis":"UGL0BBRA","class":"Y","includedCheckedBags":{"quantity":1},"includedCabinBags":{"quantity":1}},{"segmentId":"191","cabin":"ECONOMY","fareBasis":"UGL0BBRA","class":"U","includedCheckedBags":{"quantity":1},"includedCabinBags":{"quantity":1}}]}]},{"type":"flight-offer","id":"58","source":"GDS","instantTicketingRequired":false,"nonHomogeneous":false,"oneWay":false,"isUpsellOffer":false,"lastTicketingDate":"2026-05-29","lastTicketingDateTime":"2026-05-29","numberOfBookableSeats":9,"itineraries":[{"duration":"PT15H","segments":[{"departure":{"iataCode":"LHR","terminal":"4","at":"2026-05-29T06:30:00"},"arrival":{"iataCode":"AMS","at":"2026-05-29T08:50:00"},"carrierCode":"KL","number":"1000","aircraft":{"code":"32Q"},"operating":{"carrierCode":"KL"},"duration":"PT1H20M","id":"18","numberOfStops":0,"blacklistedInEU":false},{"departure":{"iataCode":"AMS","at":"2026-05-29T09:35:00"},"arrival":{"iataCode":"CDG","terminal":"2F","at":"2026-05-29T10:55:00"},"carrierCode":"AF","number":"1241","aircraft":{"code":"320"},"operating":{"carrierCode":"AF"},"duration":"PT1H20M","id":"19","numberOfStops":0,"blacklistedInEU":false},{"departure":{"iataCode":"CDG","terminal":"2E","at":"2026-05-29T15:35:00"},"arrival":{"iataCode":"LOS","terminal":"1I","at":"2026-05-29T21:30:00"},"carrierCode":"AF","number":"132","aircraft":{"code":"772"},"operating":{"carrierCode":"AF"},"duration":"PT6H55M","id":"20","numberOfStops":0,"blacklistedInEU":false}]}],"price":{"currency":"NGN","total":"2254832.00","base":"1515140.00","fees":[{"amount":"0.00","type":"SUPPLIER"},{"amount":"0.00","type":"TICKETING"}],"grandTotal":"2254832.00"},"pricingOptions":{"fareType":["PUBLISHED"],"includedCheckedBagsOnly":true},"validatingAirlineCodes":["AF"],"travelerPricings":[{"travelerId":"1","fareOption":"STANDARD","travelerType":"ADULT","price":{"currency":"NGN","total":"2254832.00","base":"1515140.00"},"fareDetailsBySegment":[{"segmentId":"18","cabin":"ECONOMY","fareBasis":"UGL0BBRA","class":"Y","includedCheckedBags":{"quantity":1},"includedCabinBags":{"quantity":1}},{"segmentId":"19","cabin":"ECONOMY","fareBasis":"UGL0BBRA","class":"Y","includedCheckedBags":{"quantity":1},"includedCabinBags":{"quantity":1}},{"segmentId":"20","cabin":"ECONOMY","fareBasis":"UGL0BBRA","class":"U","includedCheckedBags":{"quantity":1},"includedCabinBags":{"quantity":1}}]}]},{"type":"flight-offer","id":"59","source":"GDS","instantTicketingRequired":false,"nonHomogeneous":false,"oneWay":false,"isUpsellOffer":false,"lastTicketingDate":"2026-05-29","lastTicketingDateTime":"2026-05-29","numberOfBookableSeats":9,"itineraries":[{"duration":"PT15H","segments":[{"departure":{"iataCode":"LHR","terminal":"4","at":"2026-05-29T06:30:00"},"arrival":{"iataCode":"AMS","at":"2026-05-29T08:50:00"},"carrierCode":"KL","number":"1000","aircraft":{"code":"32Q"},"operating":{"carrierCode":"KL"},"duration":"PT1H20M","id":"21","numberOfStops":0,"blacklistedInEU":false},{"departure":{"iataCode":"AMS","at":"2026-05-29T10:40:00"},"arrival":{"iataCode":"CDG","terminal":"2F","at":"2026-05-29T12:00:00"},"carrierCode":"AF","number":"1341","aircraft":{"code":"223"},"operating":{"carrierCode":"AF"},"duration":"PT1H20M","id":"22","numberOfStops":0,"blacklistedInEU":false},{"departure":{"iataCode":"CDG","terminal":"2E","at":"2026-05-29T15:35:00"},"arrival":{"iataCode":"LOS","terminal":"1I","at":"2026-05-29T21:30:00"},"carrierCode":"AF","number":"132","aircraft":{"code":"772"},"operating":{"carrierCode":"AF"},"duration":"PT6H55M","id":"23","numberOfStops":0,"blacklistedInEU":false}]}],"price":{"currency":"NGN","total":"2254832.00","base":"1515140.00","fees":[{"amount":"0.00","type":"SUPPLIER"},{"amount":"0.00","type":"TICKETING"}],"grandTotal":"2254832.00"},"pricingOptions":{"fareType":["PUBLISHED"],"includedCheckedBagsOnly":true},"validatingAirlineCodes":["AF"],"travelerPricings":[{"travelerId":"1","fareOption":"STANDARD","travelerType":"ADULT","price":{"currency":"NGN","total":"2254832.00","base":"1515140.00"},"fareDetailsBySegment":[{"segmentId":"21","cabin":"ECONOMY","fareBasis":"UGL0BBRA","class":"Y","includedCheckedBags":{"quantity":1},"includedCabinBags":{"quantity":1}},{"segmentId":"22","cabin":"ECONOMY","fareBasis":"UGL0BBRA","class":"Y","includedCheckedBags":{"quantity":1},"includedCabinBags":{"quantity":1}},{"segmentId":"23","cabin":"ECONOMY","fareBasis":"UGL0BBRA","class":"U","includedCheckedBags":{"quantity":1},"includedCabinBags":{"quantity":1}}]}]},{"type":"flight-offer","id":"60","source":"GDS","instantTicketingRequired":false,"nonHomogeneous":false,"oneWay":false,"isUpsellOffer":false,"lastTicketingDate":"2026-05-29","lastTicketingDateTime":"2026-05-29","numberOfBookableSeats":9,"itineraries":[{"duration":"PT15H","segments":[{"departure":{"iataCode":"LHR","terminal":"4","at":"2026-05-29T06:30:00"},"arrival":{"iataCode":"AMS","at":"2026-05-29T08:50:00"},"carrierCode":"KL","number":"1000","aircraft":{"code":"32Q"},"operating":{"carrierCode":"KL"},"duration":"PT1H20M","id":"24","numberOfStops":0,"blacklistedInEU":false},{"departure":{"iataCode":"AMS","at":"2026-05-29T10:40:00"},"arrival":{"iataCode":"CDG","terminal":"2F","at":"2026-05-29T12:00:00"},"carrierCode":"KL","number":"2007","aircraft":{"code":"223"},"operating":{"carrierCode":"AF"},"duration":"PT1H20M","id":"25","numberOfStops":0,"blacklistedInEU":false},{"departure":{"iataCode":"CDG","terminal":"2E","at":"2026-05-29T15:35:00"},"arrival":{"iataCode":"LOS","terminal":"1I","at":"2026-05-29T21:30:00"},"carrierCode":"AF","number":"132","aircraft":{"code":"772"},"operating":{"carrierCode":"AF"},"duration":"PT6H55M","id":"26","numberOfStops":0,"blacklistedInEU":false}]}],"price":{"currency":"NGN","total":"2254832.00","base":"1515140.00","fees":[{"amount":"0.00","type":"SUPPLIER"},{"amount":"0.00","type":"TICKETING"}],"grandTotal":"2254832.00"},"pricingOptions":{"fareType":["PUBLISHED"],"includedCheckedBagsOnly":true},"validatingAirlineCodes":["AF"],"travelerPricings":[{"travelerId":"1","fareOption":"STANDARD","travelerType":"ADULT","price":{"currency":"NGN","total":"2254832.00","base":"1515140.00"},"fareDetailsBySegment":[{"segmentId":"24","cabin":"ECONOMY","fareBasis":"UGL0BBRA","class":"Y","includedCheckedBags":{"quantity":1},"includedCabinBags":{"quantity":1}},{"segmentId":"25","cabin":"ECONOMY","fareBasis":"UGL0BBRA","class":"Y","includedCheckedBags":{"quantity":1},"includedCabinBags":{"quantity":1}},{"segmentId":"26","cabin":"ECONOMY","fareBasis":"UGL0BBRA","class":"U","includedCheckedBags":{"quantity":1},"includedCabinBags":{"quantity":1}}]}]},{"type":"flight-offer","id":"61","source":"GDS","instantTicketingRequired":false,"nonHomogeneous":false,"oneWay":false,"isUpsellOffer":false,"lastTicketingDate":"2026-05-29","lastTicketingDateTime":"2026-05-29","numberOfBookableSeats":9,"itineraries":[{"duration":"PT15H","segments":[{"departure":{"iataCode":"LHR","terminal":"4","at":"2026-05-29T06:30:00"},"arrival":{"iataCode":"AMS","at":"2026-05-29T08:50:00"},"carrierCode":"KL","number":"1000","aircraft":{"code":"32Q"},"operating":{"carrierCode":"KL"},"duration":"PT1H20M","id":"27","numberOfStops":0,"blacklistedInEU":false},{"departure":{"iataCode":"AMS","at":"2026-05-29T12:30:00"},"arrival":{"iataCode":"CDG","terminal":"2F","at":"2026-05-29T13:40:00"},"carrierCode":"AF","number":"5474","aircraft":{"code":"73H"},"operating":{"carrierCode":"KL"},"duration":"PT1H10M","id":"28","numberOfStops":0,"blacklistedInEU":false},{"departure":{"iataCode":"CDG","terminal":"2E","at":"2026-05-29T15:35:00"},"arrival":{"iataCode":"LOS","terminal":"1I","at":"2026-05-29T21:30:00"},"carrierCode":"AF","number":"132","aircraft":{"code":"772"},"operating":{"carrierCode":"AF"},"duration":"PT6H55M","id":"29","numberOfStops":0,"blacklistedInEU":false}]}],"price":{"currency":"NGN","total":"2254832.00","base":"1515140.00","fees":[{"amount":"0.00","type":"SUPPLIER"},{"amount":"0.00","type":"TICKETING"}],"grandTotal":"2254832.00"},"pricingOptions":{"fareType":["PUBLISHED"],"includedCheckedBagsOnly":true},"validatingAirlineCodes":["AF"],"travelerPricings":[{"travelerId":"1","fareOption":"STANDARD","travelerType":"ADULT","price":{"currency":"NGN","total":"2254832.00","base":"1515140.00"},"fareDetailsBySegment":[{"segmentId":"27","cabin":"ECONOMY","fareBasis":"UGL0BBRA","class":"Y","includedCheckedBags":{"quantity":1},"includedCabinBags":{"quantity":1}},{"segmentId":"28","cabin":"ECONOMY","fareBasis":"UGL0BBRA","class":"Y","includedCheckedBags":{"quantity":1},"includedCabinBags":{"quantity":1}},{"segmentId":"29","cabin":"ECONOMY","fareBasis":"UGL0BBRA","class":"U","includedCheckedBags":{"quantity":1},"includedCabinBags":{"quantity":1}}]}]},{"type":"flight-offer","id":"62","source":"GDS","instantTicketingRequired":false,"nonHomogeneous":false,"oneWay":false,"isUpsellOffer":false,"lastTicketingDate":"2026-05-29","lastTicketingDateTime":"2026-05-29","numberOfBookableSeats":9,"itineraries":[{"duration":"PT15H","segments":[{"departure":{"iataCode":"LHR","terminal":"4","at":"2026-05-29T06:30:00"},"arrival":{"iataCode":"AMS","at":"2026-05-29T08:50:00"},"carrierCode":"KL","number":"1000","aircraft":{"code":"32Q"},"operating":{"carrierCode":"KL"},"duration":"PT1H20M","id":"30","numberOfStops":0,"blacklistedInEU":false},{"departure":{"iataCode":"AMS","at":"2026-05-29T12:30:00"},"arrival":{"iataCode":"CDG","terminal":"2F","at":"2026-05-29T13:40:00"},"carrierCode":"KL","number":"1407","aircraft":{"code":"73H"},"operating":{"carrierCode":"KL"},"duration":"PT1H10M","id":"31","numberOfStops":0,"blacklistedInEU":false},{"departure":{"iataCode":"CDG","terminal":"2E","at":"2026-05-29T15:35:00"},"arrival":{"iataCode":"LOS","terminal":"1I","at":"2026-05-29T21:30:00"},"carrierCode":"AF","number":"132","aircraft":{"code":"772"},"operating":{"carrierCode":"AF"},"duration":"PT6H55M","id":"32","numberOfStops":0,"blacklistedInEU":false}]}],"price":{"currency":"NGN","total":"2254832.00","base":"1515140.00","fees":[{"amount":"0.00","type":"SUPPLIER"},{"amount":"0.00","type":"TICKETING"}],"grandTotal":"2254832.00"},"pricingOptions":{"fareType":["PUBLISHED"],"includedCheckedBagsOnly":true},"validatingAirlineCodes":["AF"],"travelerPricings":[{"travelerId":"1","fareOption":"STANDARD","travelerType":"ADULT","price":{"currency":"NGN","total":"2254832.00","base":"1515140.00"},"fareDetailsBySegment":[{"segmentId":"30","cabin":"ECONOMY","fareBasis":"UGL0BBRA","class":"Y","includedCheckedBags":{"quantity":1},"includedCabinBags":{"quantity":1}},{"segmentId":"31","cabin":"ECONOMY","fareBasis":"UGL0BBRA","class":"Y","includedCheckedBags":{"quantity":1},"includedCabinBags":{"quantity":1}},{"segmentId":"32","cabin":"ECONOMY","fareBasis":"UGL0BBRA","class":"U","includedCheckedBags":{"quantity":1},"includedCabinBags":{"quantity":1}}]}]},{"type":"flight-offer","id":"63","source":"GDS","instantTicketingRequired":false,"nonHomogeneous":false,"oneWay":false,"isUpsellOffer":false,"lastTicketingDate":"2026-05-29","lastTicketingDateTime":"2026-05-29","numberOfBookableSeats":9,"itineraries":[{"duration":"PT15H","segments":[{"departure":{"iataCode":"LHR","terminal":"4","at":"2026-05-29T06:30:00"},"arrival":{"iataCode":"AMS","at":"2026-05-29T08:50:00"},"carrierCode":"KL","number":"146","aircraft":{"code":"32Q"},"operating":{"carrierCode":"KL"},"duration":"PT1H20M","id":"33","numberOfStops":0,"blacklistedInEU":false},{"departure":{"iataCode":"AMS","at":"2026-05-29T09:35:00"},"arrival":{"iataCode":"CDG","terminal":"2F","at":"2026-05-29T10:55:00"},"carrierCode":"AF","number":"1241","aircraft":{"code":"320"},"operating":{"carrierCode":"AF"},"duration":"PT1H20M","id":"34","numberOfStops":0,"blacklistedInEU":false},{"departure":{"iataCode":"CDG","terminal":"2E","at":"2026-05-29T15:35:00"},"arrival":{"iataCode":"LOS","terminal":"1I","at":"2026-05-29T21:30:00"},"carrierCode":"AF","number":"132","aircraft":{"code":"772"},"operating":{"carrierCode":"AF"},"duration":"PT6H55M","id":"35","numberOfStops":0,"blacklistedInEU":false}]}],"price":{"currency":"NGN","total":"2254832.00","base":"1515140.00","fees":[{"amount":"0.00","type":"SUPPLIER"},{"amount":"0.00","type":"TICKETING"}],"grandTotal":"2254832.00"},"pricingOptions":{"fareType":["PUBLISHED"],"includedCheckedBagsOnly":true},"validatingAirlineCodes":["AF"],"travelerPricings":[{"travelerId":"1","fareOption":"STANDARD","travelerType":"ADULT","price":{"currency":"NGN","total":"2254832.00","base":"1515140.00"},"fareDetailsBySegment":[{"segmentId":"33","cabin":"ECONOMY","fareBasis":"UGL0BBRA","class":"Y","includedCheckedBags":{"quantity":1},"includedCabinBags":{"quantity":1}},{"segmentId":"34","cabin":"ECONOMY","fareBasis":"UGL0BBRA","class":"Y","includedCheckedBags":{"quantity":1},"includedCabinBags":{"quantity":1}},{"segmentId":"35","cabin":"ECONOMY","fareBasis":"UGL0BBRA","class":"U","includedCheckedBags":{"quantity":1},"includedCabinBags":{"quantity":1}}]}]},{"type":"flight-offer","id":"64","source":"GDS","instantTicketingRequired":false,"nonHomogeneous":false,"oneWay":false,"isUpsellOffer":false,"lastTicketingDate":"2026-05-29","lastTicketingDateTime":"2026-05-29","numberOfBookableSeats":9,"itineraries":[{"duration":"PT15H","segments":[{"departure":{"iataCode":"LHR","terminal":"4","at":"2026-05-29T06:30:00"},"arrival":{"iataCode":"AMS","at":"2026-05-29T08:50:00"},"carrierCode":"KL","number":"146","aircraft":{"code":"32Q"},"operating":{"carrierCode":"KL"},"duration":"PT1H20M","id":"36","numberOfStops":0,"blacklistedInEU":false},{"departure":{"iataCode":"AMS","at":"2026-05-29T10:40:00"},"arrival":{"iataCode":"CDG","terminal":"2F","at":"2026-05-29T12:00:00"},"carrierCode":"AF","number":"1341","aircraft":{"code":"223"},"operating":{"carrierCode":"AF"},"duration":"PT1H20M","id":"37","numberOfStops":0,"blacklistedInEU":false},{"departure":{"iataCode":"CDG","terminal":"2E","at":"2026-05-29T15:35:00"},"arrival":{"iataCode":"LOS","terminal":"1I","at":"2026-05-29T21:30:00"},"carrierCode":"AF","number":"132","aircraft":{"code":"772"},"operating":{"carrierCode":"AF"},"duration":"PT6H55M","id":"38","numberOfStops":0,"blacklistedInEU":false}]}],"price":{"currency":"NGN","total":"2254832.00","base":"1515140.00","fees":[{"amount":"0.00","type":"SUPPLIER"},{"amount":"0.00","type":"TICKETING"}],"grandTotal":"2254832.00"},"pricingOptions":{"fareType":["PUBLISHED"],"includedCheckedBagsOnly":true},"validatingAirlineCodes":["AF"],"travelerPricings":[{"travelerId":"1","fareOption":"STANDARD","travelerType":"ADULT","price":{"currency":"NGN","total":"2254832.00","base":"1515140.00"},"fareDetailsBySegment":[{"segmentId":"36","cabin":"ECONOMY","fareBasis":"UGL0BBRA","class":"Y","includedCheckedBags":{"quantity":1},"includedCabinBags":{"quantity":1}},{"segmentId":"37","cabin":"ECONOMY","fareBasis":"UGL0BBRA","class":"Y","includedCheckedBags":{"quantity":1},"includedCabinBags":{"quantity":1}},{"segmentId":"38","cabin":"ECONOMY","fareBasis":"UGL0BBRA","class":"U","includedCheckedBags":{"quantity":1},"includedCabinBags":{"quantity":1}}]}]},{"type":"flight-offer","id":"65","source":"GDS","instantTicketingRequired":false,"nonHomogeneous":false,"oneWay":false,"isUpsellOffer":false,"lastTicketingDate":"2026-05-29","lastTicketingDateTime":"2026-05-29","numberOfBookableSeats":9,"itineraries":[{"duration":"PT15H","segments":[{"departure":{"iataCode":"LHR","terminal":"4","at":"2026-05-29T06:30:00"},"arrival":{"iataCode":"AMS","at":"2026-05-29T08:50:00"},"carrierCode":"KL","number":"146","aircraft":{"code":"32Q"},"operating":{"carrierCode":"KL"},"duration":"PT1H20M","id":"39","numberOfStops":0,"blacklistedInEU":false},{"departure":{"iataCode":"AMS","at":"2026-05-29T10:40:00"},"arrival":{"iataCode":"CDG","terminal":"2F","at":"2026-05-29T12:00:00"},"carrierCode":"KL","number":"2007","aircraft":{"code":"223"},"operating":{"carrierCode":"AF"},"duration":"PT1H20M","id":"40","numberOfStops":0,"blacklistedInEU":false},{"departure":{"iataCode":"CDG","terminal":"2E","at":"2026-05-29T15:35:00"},"arrival":{"iataCode":"LOS","terminal":"1I","at":"2026-05-29T21:30:00"},"carrierCode":"AF","number":"132","aircraft":{"code":"772"},"operating":{"carrierCode":"AF"},"duration":"PT6H55M","id":"41","numberOfStops":0,"blacklistedInEU":false}]}],"price":{"currency":"NGN","total":"2254832.00","base":"1515140.00","fees":[{"amount":"0.00","type":"SUPPLIER"},{"amount":"0.00","type":"TICKETING"}],"grandTotal":"2254832.00"},"pricingOptions":{"fareType":["PUBLISHED"],"includedCheckedBagsOnly":true},"validatingAirlineCodes":["AF"],"travelerPricings":[{"travelerId":"1","fareOption":"STANDARD","travelerType":"ADULT","price":{"currency":"NGN","total":"2254832.00","base":"1515140.00"},"fareDetailsBySegment":[{"segmentId":"39","cabin":"ECONOMY","fareBasis":"UGL0BBRA","class":"Y","includedCheckedBags":{"quantity":1},"includedCabinBags":{"quantity":1}},{"segmentId":"40","cabin":"ECONOMY","fareBasis":"UGL0BBRA","class":"Y","includedCheckedBags":{"quantity":1},"includedCabinBags":{"quantity":1}},{"segmentId":"41","cabin":"ECONOMY","fareBasis":"UGL0BBRA","class":"U","includedCheckedBags":{"quantity":1},"includedCabinBags":{"quantity":1}}]}]},{"type":"flight-offer","id":"66","source":"GDS","instantTicketingRequired":false,"nonHomogeneous":false,"oneWay":false,"isUpsellOffer":false,"lastTicketingDate":"2026-05-29","lastTicketingDateTime":"2026-05-29","numberOfBookableSeats":9,"itineraries":[{"duration":"PT15H","segments":[{"departure":{"iataCode":"LHR","terminal":"4","at":"2026-05-29T06:30:00"},"arrival":{"iataCode":"AMS","at":"2026-05-29T08:50:00"},"carrierCode":"KL","number":"146","aircraft":{"code":"32Q"},"operating":{"carrierCode":"KL"},"duration":"PT1H20M","id":"42","numberOfStops":0,"blacklistedInEU":false},{"departure":{"iataCode":"AMS","at":"2026-05-29T12:30:00"},"arrival":{"iataCode":"CDG","terminal":"2F","at":"2026-05-29T13:40:00"},"carrierCode":"AF","number":"5474","aircraft":{"code":"73H"},"operating":{"carrierCode":"KL"},"duration":"PT1H10M","id":"43","numberOfStops":0,"blacklistedInEU":false},{"departure":{"iataCode":"CDG","terminal":"2E","at":"2026-05-29T15:35:00"},"arrival":{"iataCode":"LOS","terminal":"1I","at":"2026-05-29T21:30:00"},"carrierCode":"AF","number":"132","aircraft":{"code":"772"},"operating":{"carrierCode":"AF"},"duration":"PT6H55M","id":"44","numberOfStops":0,"blacklistedInEU":false}]}],"price":{"currency":"NGN","total":"2254832.00","base":"1515140.00","fees":[{"amount":"0.00","type":"SUPPLIER"},{"amount":"0.00","type":"TICKETING"}],"grandTotal":"2254832.00"},"pricingOptions":{"fareType":["PUBLISHED"],"includedCheckedBagsOnly":true},"validatingAirlineCodes":["AF"],"travelerPricings":[{"travelerId":"1","fareOption":"STANDARD","travelerType":"ADULT","price":{"currency":"NGN","total":"2254832.00","base":"1515140.00"},"fareDetailsBySegment":[{"segmentId":"42","cabin":"ECONOMY","fareBasis":"UGL0BBRA","class":"Y","includedCheckedBags":{"quantity":1},"includedCabinBags":{"quantity":1}},{"segmentId":"43","cabin":"ECONOMY","fareBasis":"UGL0BBRA","class":"Y","includedCheckedBags":{"quantity":1},"includedCabinBags":{"quantity":1}},{"segmentId":"44","cabin":"ECONOMY","fareBasis":"UGL0BBRA","class":"U","includedCheckedBags":{"quantity":1},"includedCabinBags":{"quantity":1}}]}]},{"type":"flight-offer","id":"67","source":"GDS","instantTicketingRequired":false,"nonHomogeneous":false,"oneWay":false,"isUpsellOffer":false,"lastTicketingDate":"2026-05-29","lastTicketingDateTime":"2026-05-29","numberOfBookableSeats":9,"itineraries":[{"duration":"PT15H","segments":[{"departure":{"iataCode":"LHR","terminal":"4","at":"2026-05-29T06:30:00"},"arrival":{"iataCode":"AMS","at":"2026-05-29T08:50:00"},"carrierCode":"KL","number":"146","aircraft":{"code":"32Q"},"operating":{"carrierCode":"KL"},"duration":"PT1H20M","id":"45","numberOfStops":0,"blacklistedInEU":false},{"departure":{"iataCode":"AMS","at":"2026-05-29T12:30:00"},"arrival":{"iataCode":"CDG","terminal":"2F","at":"2026-05-29T13:40:00"},"carrierCode":"KL","number":"1407","aircraft":{"code":"73H"},"operating":{"carrierCode":"KL"},"duration":"PT1H10M","id":"46","numberOfStops":0,"blacklistedInEU":false},{"departure":{"iataCode":"CDG","terminal":"2E","at":"2026-05-29T15:35:00"},"arrival":{"iataCode":"LOS","terminal":"1I","at":"2026-05-29T21:30:00"},"carrierCode":"AF","number":"132","aircraft":{"code":"772"},"operating":{"carrierCode":"AF"},"duration":"PT6H55M","id":"47","numberOfStops":0,"blacklistedInEU":false}]}],"price":{"currency":"NGN","total":"2254832.00","base":"1515140.00","fees":[{"amount":"0.00","type":"SUPPLIER"},{"amount":"0.00","type":"TICKETING"}],"grandTotal":"2254832.00"},"pricingOptions":{"fareType":["PUBLISHED"],"includedCheckedBagsOnly":true},"validatingAirlineCodes":["AF"],"travelerPricings":[{"travelerId":"1","fareOption":"STANDARD","travelerType":"ADULT","price":{"currency":"NGN","total":"2254832.00","base":"1515140.00"},"fareDetailsBySegment":[{"segmentId":"45","cabin":"ECONOMY","fareBasis":"UGL0BBRA","class":"Y","includedCheckedBags":{"quantity":1},"includedCabinBags":{"quantity":1}},{"segmentId":"46","cabin":"ECONOMY","fareBasis":"UGL0BBRA","class":"Y","includedCheckedBags":{"quantity":1},"includedCabinBags":{"quantity":1}},{"segmentId":"47","cabin":"ECONOMY","fareBasis":"UGL0BBRA","class":"U","includedCheckedBags":{"quantity":1},"includedCabinBags":{"quantity":1}}]}]},{"type":"flight-offer","id":"68","source":"GDS","instantTicketingRequired":false,"nonHomogeneous":false,"oneWay":false,"isUpsellOffer":false,"lastTicketingDate":"2026-05-29","lastTicketingDateTime":"2026-05-29","numberOfBookableSeats":9,"itineraries":[{"duration":"PT21H15M","segments":[{"departure":{"iataCode":"LHR","terminal":"2","at":"2026-05-29T19:30:00"},"arrival":{"iataCode":"FRA","terminal":"1","at":"2026-05-29T22:05:00"},"carrierCode":"LH","number":"919","aircraft":{"code":"32N"},"operating":{"carrierCode":"LH"},"duration":"PT1H35M","id":"101","numberOfStops":0,"blacklistedInEU":false},{"departure":{"iataCode":"FRA","terminal":"1","at":"2026-05-30T11:25:00"},"arrival":{"iataCode":"LOS","terminal":"1I","at":"2026-05-30T16:45:00"},"carrierCode":"LH","number":"568","aircraft":{"code":"789"},"operating":{"carrierCode":"LH"},"duration":"PT6H20M","id":"102","numberOfStops":0,"blacklistedInEU":false}]}],"price":{"currency":"NGN","total":"2521481.00","base":"1884189.00","fees":[{"amount":"0.00","type":"SUPPLIER"},{"amount":"0.00","type":"TICKETING"}],"grandTotal":"2521481.00"},"pricingOptions":{"fareType":["PUBLISHED"],"includedCheckedBagsOnly":true},"validatingAirlineCodes":["LH"],"travelerPricings":[{"travelerId":"1","fareOption":"STANDARD","travelerType":"ADULT","price":{"currency":"NGN","total":"2521481.00","base":"1884189.00"},"fareDetailsBySegment":[{"segmentId":"101","cabin":"ECONOMY","fareBasis":"UXOXJYNC","class":"U","includedCheckedBags":{"quantity":1},"includedCabinBags":{"quantity":1}},{"segmentId":"102","cabin":"ECONOMY","fareBasis":"UXOXJYNC","class":"U","includedCheckedBags":{"quantity":1},"includedCabinBags":{"quantity":1}}]}]},{"type":"flight-offer","id":"69","source":"GDS","instantTicketingRequired":false,"nonHomogeneous":false,"oneWay":false,"isUpsellOffer":false,"lastTicketingDate":"2026-05-29","lastTicketingDateTime":"2026-05-29","numberOfBookableSeats":2,"itineraries":[{"duration":"PT17H5M","segments":[{"departure":{"iataCode":"LHR","terminal":"4","at":"2026-05-29T18:25:00"},"arrival":{"iataCode":"NBO","terminal":"1A","at":"2026-05-30T05:00:00"},"carrierCode":"KQ","number":"101","aircraft":{"code":"788"},"operating":{"carrierCode":"KQ"},"duration":"PT8H35M","id":"58","numberOfStops":0,"blacklistedInEU":false},{"departure":{"iataCode":"NBO","terminal":"1A","at":"2026-05-30T08:15:00"},"arrival":{"iataCode":"LOS","terminal":"2I","at":"2026-05-30T11:30:00"},"carrierCode":"KQ","number":"532","aircraft":{"code":"788"},"operating":{"carrierCode":"KQ"},"duration":"PT5H15M","id":"59","numberOfStops":0,"blacklistedInEU":false}]}],"price":{"currency":"NGN","total":"2523566.00","base":"1822990.00","fees":[{"amount":"0.00","type":"SUPPLIER"},{"amount":"0.00","type":"TICKETING"}],"grandTotal":"2523566.00"},"pricingOptions":{"fareType":["PUBLISHED"],"includedCheckedBagsOnly":true},"validatingAirlineCodes":["KQ"],"travelerPricings":[{"travelerId":"1","fareOption":"STANDARD","travelerType":"ADULT","price":{"currency":"NGN","total":"2523566.00","base":"1822990.00"},"fareDetailsBySegment":[{"segmentId":"58","cabin":"ECONOMY","fareBasis":"NLSRWGB","class":"N","includedCheckedBags":{"quantity":2},"includedCabinBags":{"quantity":1}},{"segmentId":"59","cabin":"ECONOMY","fareBasis":"NLSRWGB","class":"N","includedCheckedBags":{"quantity":2},"includedCabinBags":{"quantity":1}}]}]},{"type":"flight-offer","id":"70","source":"GDS","instantTicketingRequired":false,"nonHomogeneous":false,"oneWay":false,"isUpsellOffer":false,"lastTicketingDate":"2026-05-29","lastTicketingDateTime":"2026-05-29","numberOfBookableSeats":9,"itineraries":[{"duration":"PT27H20M","segments":[{"departure":{"iataCode":"LHR","terminal":"4","at":"2026-05-29T18:25:00"},"arrival":{"iataCode":"NBO","terminal":"1A","at":"2026-05-30T05:00:00"},"carrierCode":"KQ","number":"101","aircraft":{"code":"788"},"operating":{"carrierCode":"KQ"},"duration":"PT8H35M","id":"120","numberOfStops":0,"blacklistedInEU":false},{"departure":{"iataCode":"NBO","terminal":"1A","at":"2026-05-30T18:30:00"},"arrival":{"iataCode":"LOS","terminal":"2I","at":"2026-05-30T21:45:00"},"carrierCode":"KQ","number":"534","aircraft":{"code":"788"},"operating":{"carrierCode":"KQ"},"duration":"PT5H15M","id":"121","numberOfStops":0,"blacklistedInEU":false}]}],"price":{"currency":"NGN","total":"2523566.00","base":"1822990.00","fees":[{"amount":"0.00","type":"SUPPLIER"},{"amount":"0.00","type":"TICKETING"}],"grandTotal":"2523566.00"},"pricingOptions":{"fareType":["PUBLISHED"],"includedCheckedBagsOnly":true},"validatingAirlineCodes":["KQ"],"travelerPricings":[{"travelerId":"1","fareOption":"STANDARD","travelerType":"ADULT","price":{"currency":"NGN","total":"2523566.00","base":"1822990.00"},"fareDetailsBySegment":[{"segmentId":"120","cabin":"ECONOMY","fareBasis":"NLSRWGB","class":"N","includedCheckedBags":{"quantity":2},"includedCabinBags":{"quantity":1}},{"segmentId":"121","cabin":"ECONOMY","fareBasis":"NLSRWGB","class":"N","includedCheckedBags":{"quantity":2},"includedCabinBags":{"quantity":1}}]}]},{"type":"flight-offer","id":"71","source":"GDS","instantTicketingRequired":false,"nonHomogeneous":false,"oneWay":false,"isUpsellOffer":false,"lastTicketingDate":"2026-05-29","lastTicketingDateTime":"2026-05-29","numberOfBookableSeats":9,"itineraries":[{"duration":"PT23H45M","segments":[{"departure":{"iataCode":"LHR","terminal":"4","at":"2026-05-29T11:45:00"},"arrival":{"iataCode":"AMS","at":"2026-05-29T14:05:00"},"carrierCode":"KQ","number":"1018","aircraft":{"code":"32Q"},"operating":{"carrierCode":"KL"},"duration":"PT1H20M","id":"180","numberOfStops":0,"blacklistedInEU":false},{"departure":{"iataCode":"AMS","at":"2026-05-29T20:35:00"},"arrival":{"iataCode":"NBO","terminal":"1A","at":"2026-05-30T06:10:00"},"carrierCode":"KQ","number":"117","aircraft":{"code":"788"},"operating":{"carrierCode":"KQ"},"duration":"PT8H35M","id":"181","numberOfStops":0,"blacklistedInEU":false},{"departure":{"iataCode":"NBO","terminal":"1A","at":"2026-05-30T08:15:00"},"arrival":{"iataCode":"LOS","terminal":"2I","at":"2026-05-30T11:30:00"},"carrierCode":"KQ","number":"532","aircraft":{"code":"788"},"operating":{"carrierCode":"KQ"},"duration":"PT5H15M","id":"182","numberOfStops":0,"blacklistedInEU":false}]}],"price":{"currency":"NGN","total":"2975300.00","base":"2245819.00","fees":[{"amount":"0.00","type":"SUPPLIER"},{"amount":"0.00","type":"TICKETING"}],"grandTotal":"2975300.00"},"pricingOptions":{"fareType":["PUBLISHED"],"includedCheckedBagsOnly":true},"validatingAirlineCodes":["KQ"],"travelerPricings":[{"travelerId":"1","fareOption":"STANDARD","travelerType":"ADULT","price":{"currency":"NGN","total":"2975300.00","base":"2245819.00"},"fareDetailsBySegment":[{"segmentId":"180","cabin":"ECONOMY","fareBasis":"LLSFWGB","class":"L","includedCheckedBags":{"quantity":2},"includedCabinBags":{"quantity":1}},{"segmentId":"181","cabin":"ECONOMY","fareBasis":"LLSFWGB","class":"L","includedCheckedBags":{"quantity":2},"includedCabinBags":{"quantity":1}},{"segmentId":"182","cabin":"ECONOMY","fareBasis":"LLSFWGB","class":"L","includedCheckedBags":{"quantity":2},"includedCabinBags":{"quantity":1}}]}]},{"type":"flight-offer","id":"72","source":"GDS","instantTicketingRequired":false,"nonHomogeneous":false,"oneWay":false,"isUpsellOffer":false,"lastTicketingDate":"2026-05-29","lastTicketingDateTime":"2026-05-29","numberOfBookableSeats":9,"itineraries":[{"duration":"PT28H10M","segments":[{"departure":{"iataCode":"LHR","terminal":"4","at":"2026-05-29T17:35:00"},"arrival":{"iataCode":"CDG","terminal":"2E","at":"2026-05-29T19:55:00"},"carrierCode":"KQ","number":"3081","aircraft":{"code":"223"},"operating":{"carrierCode":"AF"},"duration":"PT1H20M","id":"84","numberOfStops":0,"blacklistedInEU":false},{"departure":{"iataCode":"CDG","terminal":"2C","at":"2026-05-29T22:40:00"},"arrival":{"iataCode":"NBO","terminal":"1A","at":"2026-05-30T08:05:00"},"carrierCode":"KQ","number":"115","aircraft":{"code":"788"},"operating":{"carrierCode":"KQ"},"duration":"PT8H25M","id":"85","numberOfStops":0,"blacklistedInEU":false},{"departure":{"iataCode":"NBO","terminal":"1A","at":"2026-05-30T18:30:00"},"arrival":{"iataCode":"LOS","terminal":"2I","at":"2026-05-30T21:45:00"},"carrierCode":"KQ","number":"534","aircraft":{"code":"788"},"operating":{"carrierCode":"KQ"},"duration":"PT5H15M","id":"86","numberOfStops":0,"blacklistedInEU":false}]}],"price":{"currency":"NGN","total":"2975525.00","base":"2245819.00","fees":[{"amount":"0.00","type":"SUPPLIER"},{"amount":"0.00","type":"TICKETING"}],"grandTotal":"2975525.00"},"pricingOptions":{"fareType":["PUBLISHED"],"includedCheckedBagsOnly":true},"validatingAirlineCodes":["KQ"],"travelerPricings":[{"travelerId":"1","fareOption":"STANDARD","travelerType":"ADULT","price":{"currency":"NGN","total":"2975525.00","base":"2245819.00"},"fareDetailsBySegment":[{"segmentId":"84","cabin":"ECONOMY","fareBasis":"LLSFWGB","class":"L","includedCheckedBags":{"quantity":2},"includedCabinBags":{"quantity":1}},{"segmentId":"85","cabin":"ECONOMY","fareBasis":"LLSFWGB","class":"L","includedCheckedBags":{"quantity":2},"includedCabinBags":{"quantity":1}},{"segmentId":"86","cabin":"ECONOMY","fareBasis":"LLSFWGB","class":"L","includedCheckedBags":{"quantity":2},"includedCabinBags":{"quantity":1}}]}]},{"type":"flight-offer","id":"73","source":"GDS","instantTicketingRequired":false,"nonHomogeneous":false,"oneWay":false,"isUpsellOffer":false,"lastTicketingDate":"2026-05-29","lastTicketingDateTime":"2026-05-29","numberOfBookableSeats":9,"itineraries":[{"duration":"PT30H25M","segments":[{"departure":{"iataCode":"LHR","terminal":"4","at":"2026-05-29T15:20:00"},"arrival":{"iataCode":"CDG","terminal":"2E","at":"2026-05-29T17:40:00"},"carrierCode":"KQ","number":"3905","aircraft":{"code":"223"},"operating":{"carrierCode":"AF"},"duration":"PT1H20M","id":"135","numberOfStops":0,"blacklistedInEU":false},{"departure":{"iataCode":"CDG","terminal":"2C","at":"2026-05-29T22:40:00"},"arrival":{"iataCode":"NBO","terminal":"1A","at":"2026-05-30T08:05:00"},"carrierCode":"KQ","number":"115","aircraft":{"code":"788"},"operating":{"carrierCode":"KQ"},"duration":"PT8H25M","id":"136","numberOfStops":0,"blacklistedInEU":false},{"departure":{"iataCode":"NBO","terminal":"1A","at":"2026-05-30T18:30:00"},"arrival":{"iataCode":"LOS","terminal":"2I","at":"2026-05-30T21:45:00"},"carrierCode":"KQ","number":"534","aircraft":{"code":"788"},"operating":{"carrierCode":"KQ"},"duration":"PT5H15M","id":"137","numberOfStops":0,"blacklistedInEU":false}]}],"price":{"currency":"NGN","total":"2975525.00","base":"2245819.00","fees":[{"amount":"0.00","type":"SUPPLIER"},{"amount":"0.00","type":"TICKETING"}],"grandTotal":"2975525.00"},"pricingOptions":{"fareType":["PUBLISHED"],"includedCheckedBagsOnly":true},"validatingAirlineCodes":["KQ"],"travelerPricings":[{"travelerId":"1","fareOption":"STANDARD","travelerType":"ADULT","price":{"currency":"NGN","total":"2975525.00","base":"2245819.00"},"fareDetailsBySegment":[{"segmentId":"135","cabin":"ECONOMY","fareBasis":"LLSFWGB","class":"L","includedCheckedBags":{"quantity":2},"includedCabinBags":{"quantity":1}},{"segmentId":"136","cabin":"ECONOMY","fareBasis":"LLSFWGB","class":"L","includedCheckedBags":{"quantity":2},"includedCabinBags":{"quantity":1}},{"segmentId":"137","cabin":"ECONOMY","fareBasis":"LLSFWGB","class":"L","includedCheckedBags":{"quantity":2},"includedCabinBags":{"quantity":1}}]}]},{"type":"flight-offer","id":"74","source":"GDS","instantTicketingRequired":false,"nonHomogeneous":false,"oneWay":false,"isUpsellOffer":false,"lastTicketingDate":"2026-05-29","lastTicketingDateTime":"2026-05-29","numberOfBookableSeats":9,"itineraries":[{"duration":"PT12H25M","segments":[{"departure":{"iataCode":"LHR","terminal":"5","at":"2026-05-29T07:40:00"},"arrival":{"iataCode":"DUS","at":"2026-05-29T10:05:00"},"carrierCode":"BA","number":"918","aircraft":{"code":"320"},"operating":{"carrierCode":"BA"},"duration":"PT1H25M","id":"127","numberOfStops":0,"blacklistedInEU":false},{"departure":{"iataCode":"DUS","at":"2026-05-29T12:25:00"},"arrival":{"iataCode":"AMS","at":"2026-05-29T13:15:00"},"carrierCode":"KL","number":"1800","aircraft":{"code":"E7W"},"operating":{"carrierCode":"KL"},"duration":"PT50M","id":"128","numberOfStops":0,"blacklistedInEU":false},{"departure":{"iataCode":"AMS","at":"2026-05-29T14:25:00"},"arrival":{"iataCode":"LOS","terminal":"I","at":"2026-05-29T20:05:00"},"carrierCode":"KL","number":"587","aircraft":{"code":"332"},"operating":{"carrierCode":"KL"},"duration":"PT6H40M","id":"129","numberOfStops":0,"blacklistedInEU":false}]}],"price":{"currency":"NGN","total":"5419487.00","base":"4532438.00","fees":[{"amount":"0.00","type":"SUPPLIER"},{"amount":"0.00","type":"TICKETING"}],"grandTotal":"5419487.00"},"pricingOptions":{"fareType":["PUBLISHED"],"includedCheckedBagsOnly":true},"validatingAirlineCodes":["KL"],"travelerPricings":[{"travelerId":"1","fareOption":"STANDARD","travelerType":"ADULT","price":{"currency":"NGN","total":"5419487.00","base":"4532438.00"},"fareDetailsBySegment":[{"segmentId":"127","cabin":"ECONOMY","fareBasis":"YGS0BFNN","class":"B","includedCheckedBags":{"quantity":2},"includedCabinBags":{"quantity":2}},{"segmentId":"128","cabin":"ECONOMY","fareBasis":"YGS0BFNN","class":"Y","includedCheckedBags":{"quantity":2},"includedCabinBags":{"quantity":1}},{"segmentId":"129","cabin":"ECONOMY","fareBasis":"YGS0BFNN","class":"Y","includedCheckedBags":{"quantity":2},"includedCabinBags":{"quantity":1}}]}]},{"type":"flight-offer","id":"75","source":"GDS","instantTicketingRequired":false,"nonHomogeneous":false,"oneWay":false,"isUpsellOffer":false,"lastTicketingDate":"2026-05-29","lastTicketingDateTime":"2026-05-29","numberOfBookableSeats":9,"itineraries":[{"duration":"PT12H45M","segments":[{"departure":{"iataCode":"LHR","terminal":"5","at":"2026-05-29T07:20:00"},"arrival":{"iataCode":"NCL","at":"2026-05-29T08:30:00"},"carrierCode":"BA","number":"1326","aircraft":{"code":"32N"},"operating":{"carrierCode":"BA"},"duration":"PT1H10M","id":"171","numberOfStops":0,"blacklistedInEU":false},{"departure":{"iataCode":"NCL","at":"2026-05-29T09:25:00"},"arrival":{"iataCode":"AMS","at":"2026-05-29T11:45:00"},"carrierCode":"KL","number":"954","aircraft":{"code":"E90"},"operating":{"carrierCode":"KL"},"duration":"PT1H20M","id":"172","numberOfStops":0,"blacklistedInEU":false},{"departure":{"iataCode":"AMS","at":"2026-05-29T14:25:00"},"arrival":{"iataCode":"LOS","terminal":"I","at":"2026-05-29T20:05:00"},"carrierCode":"KL","number":"587","aircraft":{"code":"332"},"operating":{"carrierCode":"KL"},"duration":"PT6H40M","id":"173","numberOfStops":0,"blacklistedInEU":false}]}],"price":{"currency":"NGN","total":"5423732.00","base":"4532438.00","fees":[{"amount":"0.00","type":"SUPPLIER"},{"amount":"0.00","type":"TICKETING"}],"grandTotal":"5423732.00"},"pricingOptions":{"fareType":["PUBLISHED"],"includedCheckedBagsOnly":true},"validatingAirlineCodes":["KL"],"travelerPricings":[{"travelerId":"1","fareOption":"STANDARD","travelerType":"ADULT","price":{"currency":"NGN","total":"5423732.00","base":"4532438.00"},"fareDetailsBySegment":[{"segmentId":"171","cabin":"ECONOMY","fareBasis":"YGS0BFNN","class":"B","includedCheckedBags":{"quantity":2},"includedCabinBags":{"quantity":2}},{"segmentId":"172","cabin":"ECONOMY","fareBasis":"YGS0BFNN","class":"Y","includedCheckedBags":{"quantity":2},"includedCabinBags":{"quantity":1}},{"segmentId":"173","cabin":"ECONOMY","fareBasis":"YGS0BFNN","class":"Y","includedCheckedBags":{"quantity":2},"includedCabinBags":{"quantity":1}}]}]},{"type":"flight-offer","id":"76","source":"GDS","instantTicketingRequired":false,"nonHomogeneous":false,"oneWay":false,"isUpsellOffer":false,"lastTicketingDate":"2026-05-29","lastTicketingDateTime":"2026-05-29","numberOfBookableSeats":9,"itineraries":[{"duration":"PT12H45M","segments":[{"departure":{"iataCode":"LHR","terminal":"5","at":"2026-05-29T07:20:00"},"arrival":{"iataCode":"CDG","terminal":"2C","at":"2026-05-29T09:35:00"},"carrierCode":"BA","number":"300","aircraft":{"code":"32Q"},"operating":{"carrierCode":"BA"},"duration":"PT1H15M","id":"174","numberOfStops":0,"blacklistedInEU":false},{"departure":{"iataCode":"CDG","terminal":"2F","at":"2026-05-29T11:45:00"},"arrival":{"iataCode":"AMS","at":"2026-05-29T13:10:00"},"carrierCode":"KL","number":"2008","aircraft":{"code":"320"},"operating":{"carrierCode":"AF"},"duration":"PT1H25M","id":"175","numberOfStops":0,"blacklistedInEU":false},{"departure":{"iataCode":"AMS","at":"2026-05-29T14:25:00"},"arrival":{"iataCode":"LOS","terminal":"I","at":"2026-05-29T20:05:00"},"carrierCode":"KL","number":"587","aircraft":{"code":"332"},"operating":{"carrierCode":"KL"},"duration":"PT6H40M","id":"176","numberOfStops":0,"blacklistedInEU":false}]}],"price":{"currency":"NGN","total":"5426240.00","base":"4534292.00","fees":[{"amount":"0.00","type":"SUPPLIER"},{"amount":"0.00","type":"TICKETING"}],"grandTotal":"5426240.00"},"pricingOptions":{"fareType":["PUBLISHED"],"includedCheckedBagsOnly":true},"validatingAirlineCodes":["KL"],"travelerPricings":[{"travelerId":"1","fareOption":"STANDARD","travelerType":"ADULT","price":{"currency":"NGN","total":"5426240.00","base":"4534292.00"},"fareDetailsBySegment":[{"segmentId":"174","cabin":"ECONOMY","fareBasis":"YGS0BFNN","class":"B","includedCheckedBags":{"quantity":2},"includedCabinBags":{"quantity":2}},{"segmentId":"175","cabin":"ECONOMY","fareBasis":"YGS0BFNN","class":"Y","includedCheckedBags":{"quantity":2},"includedCabinBags":{"quantity":1}},{"segmentId":"176","cabin":"ECONOMY","fareBasis":"YGS0BFNN","class":"Y","includedCheckedBags":{"quantity":2},"includedCabinBags":{"quantity":1}}]}]},{"type":"flight-offer","id":"77","source":"GDS","instantTicketingRequired":false,"nonHomogeneous":false,"oneWay":false,"isUpsellOffer":false,"lastTicketingDate":"2026-05-29","lastTicketingDateTime":"2026-05-29","numberOfBookableSeats":9,"itineraries":[{"duration":"PT13H20M","segments":[{"departure":{"iataCode":"LHR","terminal":"5","at":"2026-05-29T06:45:00"},"arrival":{"iataCode":"MAN","terminal":"2","at":"2026-05-29T07:45:00"},"carrierCode":"BA","number":"1358","aircraft":{"code":"32A"},"operating":{"carrierCode":"BA"},"duration":"PT1H","id":"108","numberOfStops":0,"blacklistedInEU":false},{"departure":{"iataCode":"MAN","terminal":"2","at":"2026-05-29T11:10:00"},"arrival":{"iataCode":"AMS","at":"2026-05-29T13:30:00"},"carrierCode":"KL","number":"1032","aircraft":{"code":"32Q"},"operating":{"carrierCode":"KL"},"duration":"PT1H20M","id":"109","numberOfStops":0,"blacklistedInEU":false},{"departure":{"iataCode":"AMS","at":"2026-05-29T14:25:00"},"arrival":{"iataCode":"LOS","terminal":"I","at":"2026-05-29T20:05:00"},"carrierCode":"KL","number":"587","aircraft":{"code":"332"},"operating":{"carrierCode":"KL"},"duration":"PT6H40M","id":"110","numberOfStops":0,"blacklistedInEU":false}]}],"price":{"currency":"NGN","total":"5451327.00","base":"4532438.00","fees":[{"amount":"0.00","type":"SUPPLIER"},{"amount":"0.00","type":"TICKETING"}],"grandTotal":"5451327.00"},"pricingOptions":{"fareType":["PUBLISHED"],"includedCheckedBagsOnly":true},"validatingAirlineCodes":["KL"],"travelerPricings":[{"travelerId":"1","fareOption":"STANDARD","travelerType":"ADULT","price":{"currency":"NGN","total":"5451327.00","base":"4532438.00"},"fareDetailsBySegment":[{"segmentId":"108","cabin":"ECONOMY","fareBasis":"YGS0BFNN","class":"B","includedCheckedBags":{"quantity":2},"includedCabinBags":{"quantity":2}},{"segmentId":"109","cabin":"ECONOMY","fareBasis":"YGS0BFNN","class":"Y","includedCheckedBags":{"quantity":2},"includedCabinBags":{"quantity":1}},{"segmentId":"110","cabin":"ECONOMY","fareBasis":"YGS0BFNN","class":"Y","includedCheckedBags":{"quantity":2},"includedCabinBags":{"quantity":1}}]}]},{"type":"flight-offer","id":"78","source":"GDS","instantTicketingRequired":false,"nonHomogeneous":false,"oneWay":false,"isUpsellOffer":false,"lastTicketingDate":"2026-05-29","lastTicketingDateTime":"2026-05-29","numberOfBookableSeats":9,"itineraries":[{"duration":"PT12H35M","segments":[{"departure":{"iataCode":"LHR","terminal":"2","at":"2026-05-29T07:30:00"},"arrival":{"iataCode":"FRA","terminal":"1","at":"2026-05-29T10:05:00"},"carrierCode":"LH","number":"923","aircraft":{"code":"32N"},"operating":{"carrierCode":"LH"},"duration":"PT1H35M","id":"154","numberOfStops":0,"blacklistedInEU":false},{"departure":{"iataCode":"FRA","terminal":"2","at":"2026-05-29T11:45:00"},"arrival":{"iataCode":"AMS","at":"2026-05-29T13:00:00"},"carrierCode":"KL","number":"1818","aircraft":{"code":"E7W"},"operating":{"carrierCode":"KL"},"duration":"PT1H15M","id":"155","numberOfStops":0,"blacklistedInEU":false},{"departure":{"iataCode":"AMS","at":"2026-05-29T14:25:00"},"arrival":{"iataCode":"LOS","terminal":"I","at":"2026-05-29T20:05:00"},"carrierCode":"KL","number":"587","aircraft":{"code":"332"},"operating":{"carrierCode":"KL"},"duration":"PT6H40M","id":"156","numberOfStops":0,"blacklistedInEU":false}]}],"price":{"currency":"NGN","total":"5723965.00","base":"4758689.00","fees":[{"amount":"0.00","type":"SUPPLIER"},{"amount":"0.00","type":"TICKETING"}],"grandTotal":"5723965.00"},"pricingOptions":{"fareType":["PUBLISHED"],"includedCheckedBagsOnly":true},"validatingAirlineCodes":["KL"],"travelerPricings":[{"travelerId":"1","fareOption":"STANDARD","travelerType":"ADULT","price":{"currency":"NGN","total":"5723965.00","base":"4758689.00"},"fareDetailsBySegment":[{"segmentId":"154","cabin":"ECONOMY","fareBasis":"YGS0BFNN","class":"M","includedCheckedBags":{"quantity":2},"includedCabinBags":{"quantity":1}},{"segmentId":"155","cabin":"ECONOMY","fareBasis":"YGS0BFNN","class":"Y","includedCheckedBags":{"quantity":2},"includedCabinBags":{"quantity":1}},{"segmentId":"156","cabin":"ECONOMY","fareBasis":"YGS0BFNN","class":"Y","includedCheckedBags":{"quantity":2},"includedCabinBags":{"quantity":1}}]}]},{"type":"flight-offer","id":"79","source":"GDS","instantTicketingRequired":false,"nonHomogeneous":false,"oneWay":false,"isUpsellOffer":false,"lastTicketingDate":"2026-05-29","lastTicketingDateTime":"2026-05-29","numberOfBookableSeats":9,"itineraries":[{"duration":"PT13H15M","segments":[{"departure":{"iataCode":"LHR","terminal":"2","at":"2026-05-29T06:50:00"},"arrival":{"iataCode":"BRU","at":"2026-05-29T08:55:00"},"carrierCode":"SN","number":"2104","aircraft":{"code":"32N"},"operating":{"carrierCode":"SN"},"duration":"PT1H5M","id":"89","numberOfStops":0,"blacklistedInEU":false},{"departure":{"iataCode":"BRU","at":"2026-05-29T10:25:00"},"arrival":{"iataCode":"AMS","at":"2026-05-29T11:20:00"},"carrierCode":"KL","number":"1704","aircraft":{"code":"295"},"operating":{"carrierCode":"KL"},"duration":"PT55M","id":"90","numberOfStops":0,"blacklistedInEU":false},{"departure":{"iataCode":"AMS","at":"2026-05-29T14:25:00"},"arrival":{"iataCode":"LOS","terminal":"I","at":"2026-05-29T20:05:00"},"carrierCode":"KL","number":"587","aircraft":{"code":"332"},"operating":{"carrierCode":"KL"},"duration":"PT6H40M","id":"91","numberOfStops":0,"blacklistedInEU":false}]}],"price":{"currency":"NGN","total":"6051008.00","base":"5094356.00","fees":[{"amount":"0.00","type":"SUPPLIER"},{"amount":"0.00","type":"TICKETING"}],"grandTotal":"6051008.00"},"pricingOptions":{"fareType":["PUBLISHED"],"includedCheckedBagsOnly":true},"validatingAirlineCodes":["KL"],"travelerPricings":[{"travelerId":"1","fareOption":"STANDARD","travelerType":"ADULT","price":{"currency":"NGN","total":"6051008.00","base":"5094356.00"},"fareDetailsBySegment":[{"segmentId":"89","cabin":"ECONOMY","fareBasis":"YFF77WW","class":"Y","includedCheckedBags":{"quantity":2},"includedCabinBags":{"quantity":1}},{"segmentId":"90","cabin":"ECONOMY","fareBasis":"YGS0AFNN","class":"Y","includedCheckedBags":{"quantity":2},"includedCabinBags":{"quantity":1}},{"segmentId":"91","cabin":"ECONOMY","fareBasis":"YGS0AFNN","class":"Y","includedCheckedBags":{"quantity":2},"includedCabinBags":{"quantity":1}}]}]},{"type":"flight-offer","id":"80","source":"GDS","instantTicketingRequired":false,"nonHomogeneous":false,"oneWay":false,"isUpsellOffer":false,"lastTicketingDate":"2026-05-29","lastTicketingDateTime":"2026-05-29","numberOfBookableSeats":9,"itineraries":[{"duration":"PT14H","segments":[{"departure":{"iataCode":"LHR","terminal":"2","at":"2026-05-29T07:30:00"},"arrival":{"iataCode":"FRA","terminal":"1","at":"2026-05-29T10:05:00"},"carrierCode":"LH","number":"923","aircraft":{"code":"32N"},"operating":{"carrierCode":"LH"},"duration":"PT1H35M","id":"3","numberOfStops":0,"blacklistedInEU":false},{"departure":{"iataCode":"FRA","terminal":"2","at":"2026-05-29T12:10:00"},"arrival":{"iataCode":"CDG","terminal":"2G","at":"2026-05-29T13:40:00"},"carrierCode":"AF","number":"1619","aircraft":{"code":"E90"},"operating":{"carrierCode":"A5"},"duration":"PT1H30M","id":"4","numberOfStops":0,"blacklistedInEU":false},{"departure":{"iataCode":"CDG","terminal":"2E","at":"2026-05-29T15:35:00"},"arrival":{"iataCode":"LOS","terminal":"1I","at":"2026-05-29T21:30:00"},"carrierCode":"AF","number":"132","aircraft":{"code":"772"},"operating":{"carrierCode":"AF"},"duration":"PT6H55M","id":"5","numberOfStops":0,"blacklistedInEU":false}]}],"price":{"currency":"NGN","total":"6497180.00","base":"5494932.00","fees":[{"amount":"0.00","type":"SUPPLIER"},{"amount":"0.00","type":"TICKETING"}],"grandTotal":"6497180.00"},"pricingOptions":{"fareType":["PUBLISHED"],"includedCheckedBagsOnly":true},"validatingAirlineCodes":["AF"],"travelerPricings":[{"travelerId":"1","fareOption":"STANDARD","travelerType":"ADULT","price":{"currency":"NGN","total":"6497180.00","base":"5494932.00"},"fareDetailsBySegment":[{"segmentId":"3","cabin":"ECONOMY","fareBasis":"YFF77WW","class":"Y","includedCheckedBags":{"quantity":2},"includedCabinBags":{"quantity":1}},{"segmentId":"4","cabin":"ECONOMY","fareBasis":"YGS0AFNN","class":"Y","includedCheckedBags":{"quantity":2},"includedCabinBags":{"quantity":1}},{"segmentId":"5","cabin":"ECONOMY","fareBasis":"YGS0AFNN","class":"Y","includedCheckedBags":{"quantity":2},"includedCabinBags":{"quantity":1}}]}]},{"type":"flight-offer","id":"81","source":"GDS","instantTicketingRequired":false,"nonHomogeneous":false,"oneWay":false,"isUpsellOffer":false,"lastTicketingDate":"2026-05-29","lastTicketingDateTime":"2026-05-29","numberOfBookableSeats":9,"itineraries":[{"duration":"PT14H30M","segments":[{"departure":{"iataCode":"LHR","terminal":"2","at":"2026-05-29T07:00:00"},"arrival":{"iataCode":"GVA","terminal":"1","at":"2026-05-29T09:35:00"},"carrierCode":"LX","number":"359","aircraft":{"code":"223"},"operating":{"carrierCode":"LX"},"duration":"PT1H35M","id":"138","numberOfStops":0,"blacklistedInEU":false},{"departure":{"iataCode":"GVA","terminal":"1","at":"2026-05-29T12:00:00"},"arrival":{"iataCode":"CDG","terminal":"2F","at":"2026-05-29T13:15:00"},"carrierCode":"AF","number":"1843","aircraft":{"code":"223"},"operating":{"carrierCode":"AF"},"duration":"PT1H15M","id":"139","numberOfStops":0,"blacklistedInEU":false},{"departure":{"iataCode":"CDG","terminal":"2E","at":"2026-05-29T15:35:00"},"arrival":{"iataCode":"LOS","terminal":"1I","at":"2026-05-29T21:30:00"},"carrierCode":"AF","number":"132","aircraft":{"code":"772"},"operating":{"carrierCode":"AF"},"duration":"PT6H55M","id":"140","numberOfStops":0,"blacklistedInEU":false}]}],"price":{"currency":"NGN","total":"7307598.00","base":"6281247.00","fees":[{"amount":"0.00","type":"SUPPLIER"},{"amount":"0.00","type":"TICKETING"}],"grandTotal":"7307598.00"},"pricingOptions":{"fareType":["PUBLISHED"],"includedCheckedBagsOnly":true},"validatingAirlineCodes":["AF"],"travelerPricings":[{"travelerId":"1","fareOption":"STANDARD","travelerType":"ADULT","price":{"currency":"NGN","total":"7307598.00","base":"6281247.00"},"fareDetailsBySegment":[{"segmentId":"138","cabin":"ECONOMY","fareBasis":"YFF77WW","class":"Y","includedCheckedBags":{"quantity":2},"includedCabinBags":{"quantity":1}},{"segmentId":"139","cabin":"ECONOMY","fareBasis":"YGS0AFNN","class":"Y","includedCheckedBags":{"quantity":2},"includedCabinBags":{"quantity":1}},{"segmentId":"140","cabin":"ECONOMY","fareBasis":"YGS0AFNN","class":"Y","includedCheckedBags":{"quantity":2},"includedCabinBags":{"quantity":1}}]}]},{"type":"flight-offer","id":"82","source":"GDS","instantTicketingRequired":false,"nonHomogeneous":false,"oneWay":false,"isUpsellOffer":false,"lastTicketingDate":"2026-05-29","lastTicketingDateTime":"2026-05-29","numberOfBookableSeats":9,"itineraries":[{"duration":"PT15H30M","segments":[{"departure":{"iataCode":"LHR","terminal":"2","at":"2026-05-29T06:00:00"},"arrival":{"iataCode":"ZRH","at":"2026-05-29T08:40:00"},"carrierCode":"LX","number":"345","aircraft":{"code":"223"},"operating":{"carrierCode":"BT"},"duration":"PT1H40M","id":"141","numberOfStops":0,"blacklistedInEU":false},{"departure":{"iataCode":"ZRH","at":"2026-05-29T10:55:00"},"arrival":{"iataCode":"CDG","terminal":"2F","at":"2026-05-29T12:20:00"},"carrierCode":"AF","number":"1115","aircraft":{"code":"223"},"operating":{"carrierCode":"AF"},"duration":"PT1H25M","id":"142","numberOfStops":0,"blacklistedInEU":false},{"departure":{"iataCode":"CDG","terminal":"2E","at":"2026-05-29T15:35:00"},"arrival":{"iataCode":"LOS","terminal":"1I","at":"2026-05-29T21:30:00"},"carrierCode":"AF","number":"132","aircraft":{"code":"772"},"operating":{"carrierCode":"AF"},"duration":"PT6H55M","id":"143","numberOfStops":0,"blacklistedInEU":false}]}],"price":{"currency":"NGN","total":"7500280.00","base":"6483389.00","fees":[{"amount":"0.00","type":"SUPPLIER"},{"amount":"0.00","type":"TICKETING"}],"grandTotal":"7500280.00"},"pricingOptions":{"fareType":["PUBLISHED"],"includedCheckedBagsOnly":true},"validatingAirlineCodes":["AF"],"travelerPricings":[{"travelerId":"1","fareOption":"STANDARD","travelerType":"ADULT","price":{"currency":"NGN","total":"7500280.00","base":"6483389.00"},"fareDetailsBySegment":[{"segmentId":"141","cabin":"ECONOMY","fareBasis":"YFF77WW","class":"Y","includedCheckedBags":{"quantity":2},"includedCabinBags":{"quantity":1}},{"segmentId":"142","cabin":"ECONOMY","fareBasis":"YGS0AFNN","class":"Y","includedCheckedBags":{"quantity":2},"includedCabinBags":{"quantity":1}},{"segmentId":"143","cabin":"ECONOMY","fareBasis":"YGS0AFNN","class":"Y","includedCheckedBags":{"quantity":2},"includedCabinBags":{"quantity":1}}]}]}]}}
2026-05-28 08:57:14 - GeoTravelGlobalLogger - INFO     - [logger.py:345] - SUCCESS: ✅ Verified user can search flights
2026-05-28 08:57:14 - GeoTravelGlobalLogger - INFO     - [logger.py:345] - 📊 Flight search returned 82 offers, tag: flights:one_way:1:0:0:ECONOMY:LHR:LOS:2026-05-29
2026-05-28 08:57:14 - GeoTravelGlobalLogger - INFO     - [logger.py:345] - ✅ Saved test-specific logs: reports/logs/src_tests_partners_api_tests_test_partners_flight.py_TestPartnersFlightFunctionality_test_verified_user_can_search_flights_085714.log
2026-05-28 08:57:14 - GeoTravelGlobalLogger - INFO     - [logger.py:345] - Test result added: src/tests/partners_api_tests/test_partners_flight.py::TestPartnersFlightFunctionality::test_verified_user_can_search_flights - PASS (Duration: 11.25s)
2026-05-28 08:57:14 - GeoTravelGlobalLogger - INFO     - [logger.py:345] - Added test result to PARTNERS API SMOKE TEST: src/tests/partners_api_tests/test_partners_flight.py::TestPartnersFlightFunctionality::test_verified_user_can_search_flights - PASS
2026-05-28 08:57:14 - GeoTravelGlobalLogger - INFO     - [logger.py:345] - VerifiedUserHelper initialized
2026-05-28 08:57:14 - GeoTravelGlobalLogger - INFO     - [logger.py:345] - Obtaining access token from verified account
2026-05-28 08:57:14 - GeoTravelGlobalLogger - INFO     - [logger.py:345] - Partners API Request: POST https://sandbox.api.developers.gowithgeo.com/api/auth/login
2026-05-28 08:57:15 - GeoTravelGlobalLogger - INFO     - [logger.py:345] - Partners API Response: 200
2026-05-28 08:57:15 - GeoTravelGlobalLogger - INFO     - [logger.py:345] - Found JWT token in cookie: corporate_access_token
2026-05-28 08:57:15 - GeoTravelGlobalLogger - INFO     - [logger.py:345] - Token extracted via cookies (length: 232, valid)
2026-05-28 08:57:15 - GeoTravelGlobalLogger - INFO     - [logger.py:345] - ✅ Auth token set (length: 232)
2026-05-28 08:57:15 - GeoTravelGlobalLogger - INFO     - [logger.py:345] - SUCCESS: ✅ Login successful - token set via cookies
2026-05-28 08:57:15 - GeoTravelGlobalLogger - INFO     - [logger.py:345] - Found JWT token in cookie: corporate_access_token
2026-05-28 08:57:15 - GeoTravelGlobalLogger - INFO     - [logger.py:345] - Access token obtained from cookies and validated
2026-05-28 08:57:15 - GeoTravelGlobalLogger - INFO     - [logger.py:345] - ✅ Auth token set (length: 232)
2026-05-28 08:57:15 - GeoTravelGlobalLogger - INFO     - [logger.py:345] - Initializing API credentials...
2026-05-28 08:57:15 - GeoTravelGlobalLogger - INFO     - [logger.py:345] - Obtaining access token from verified account
2026-05-28 08:57:15 - GeoTravelGlobalLogger - INFO     - [logger.py:345] - Partners API Request: POST https://sandbox.api.developers.gowithgeo.com/api/auth/login
2026-05-28 08:57:15 - GeoTravelGlobalLogger - INFO     - [logger.py:345] - Partners API Response: 200
2026-05-28 08:57:15 - GeoTravelGlobalLogger - INFO     - [logger.py:345] - Found JWT token in cookie: corporate_access_token
2026-05-28 08:57:15 - GeoTravelGlobalLogger - INFO     - [logger.py:345] - Token extracted via cookies (length: 232, valid)
2026-05-28 08:57:15 - GeoTravelGlobalLogger - INFO     - [logger.py:345] - ✅ Auth token set (length: 232)
2026-05-28 08:57:15 - GeoTravelGlobalLogger - INFO     - [logger.py:345] - SUCCESS: ✅ Login successful - token set via cookies
2026-05-28 08:57:15 - GeoTravelGlobalLogger - INFO     - [logger.py:345] - Found JWT token in cookie: corporate_access_token
2026-05-28 08:57:15 - GeoTravelGlobalLogger - INFO     - [logger.py:345] - Access token obtained from cookies and validated
2026-05-28 08:57:15 - GeoTravelGlobalLogger - INFO     - [logger.py:345] - ✅ Auth token set (length: 232)
2026-05-28 08:57:15 - GeoTravelGlobalLogger - INFO     - [logger.py:345] - Partners API Request: GET https://sandbox.api.developers.gowithgeo.com/api/org/profile
2026-05-28 08:57:15 - GeoTravelGlobalLogger - INFO     - [logger.py:345] - Partners API Response: 200
2026-05-28 08:57:15 - GeoTravelGlobalLogger - INFO     - [logger.py:345] - Partners API Request: GET https://sandbox.api.developers.gowithgeo.com/api/org/reset-api-keys
2026-05-28 08:57:16 - GeoTravelGlobalLogger - INFO     - [logger.py:345] - Partners API Response: 201
2026-05-28 08:57:16 - GeoTravelGlobalLogger - INFO     - [logger.py:345] - TEST API credentials updated
2026-05-28 08:57:16 - GeoTravelGlobalLogger - INFO     - [logger.py:345] - API credentials initialized successfully
2026-05-28 08:57:16 - GeoTravelGlobalLogger - INFO     - [logger.py:345] - Creating flight API with test credentials
2026-05-28 08:57:16 - GeoTravelGlobalLogger - INFO     - [logger.py:345] - 🔵 VERIFIED USER - Searching for flight to book
2026-05-28 08:57:16 - GeoTravelGlobalLogger - INFO     - [logger.py:345] - Flight API Headers: {'Content-Type': 'application/json', 'Accept': 'application/json', 'x-api-key': 'pk_test_046342a0b37d7e26156c63fa7d2accc2', 'x-api-secret': 'sk_test_3f41b291977ea267f20540cdc651b1ccb34e4ffcdead5b6f984b6360ffda0cb1_geo', 'x-app-id': 'dfea3391-1897-4b62-af68-8226c6e62e69'}
2026-05-28 08:57:16 - GeoTravelGlobalLogger - INFO     - [logger.py:345] - 🔍 SENDING THESE HEADERS: {'Content-Type': 'application/json', 'Accept': 'application/json', 'x-api-key': 'pk_test_046342a0b37d7e26156c63fa7d2accc2', 'x-api-secret': 'sk_test_3f41b291977ea267f20540cdc651b1ccb34e4ffcdead5b6f984b6360ffda0cb1_geo', 'x-app-id': 'dfea3391-1897-4b62-af68-8226c6e62e69'}
2026-05-28 08:57:16 - GeoTravelGlobalLogger - INFO     - [logger.py:345] - Partners API Request: POST https://sandbox.api.developers.gowithgeo.com/api/flight/search
2026-05-28 08:57:16 - GeoTravelGlobalLogger - INFO     - [logger.py:345] - Partners API Response: 200
2026-05-28 08:57:16 - GeoTravelGlobalLogger - INFO     - [logger.py:345] - 🔵 VERIFIED USER - Attempting flight booking: 1
2026-05-28 08:57:16 - GeoTravelGlobalLogger - INFO     - [logger.py:345] - 🔍 DEBUG - Booking payload being sent:
2026-05-28 08:57:16 - GeoTravelGlobalLogger - INFO     - [logger.py:345] - {
  "flightTag": "flights:one_way:1:0:0:ECONOMY:LHR:LOS:2026-05-29",
  "flightId": "1",
  "passengers": [
    {
      "email": "testflight2786@yopmail.com",
      "title": "Mr",
      "firstName": "GEO",
      "middleName": "QA",
      "lastName": "Bot",
      "dob": "1990-01-01",
      "gender": "male",
      "phoneCode": "234",
      "phoneNumber": "1234562786",
      "number": "P776845615",
      "issuingDate": "2024-01-01",
      "expiryDate": "2028-01-01",
      "issuingCountry": "NG",
      "nationalityCountry": "NG",
      "documentType": "passport",
      "holder": true
    }
  ]
}
2026-05-28 08:57:16 - GeoTravelGlobalLogger - INFO     - [logger.py:345] - 🔍 DEBUG - Flight API base URL: https://sandbox.api.developers.gowithgeo.com
2026-05-28 08:57:16 - GeoTravelGlobalLogger - INFO     - [logger.py:345] - 🔍 DEBUG - Flight API headers: {'Content-Type': 'application/json', 'Accept': 'application/json', 'X-Client-Type': 'corporate'}
2026-05-28 08:57:16 - GeoTravelGlobalLogger - INFO     - [logger.py:345] - Flight API Headers: {'Content-Type': 'application/json', 'Accept': 'application/json', 'x-api-key': 'pk_test_046342a0b37d7e26156c63fa7d2accc2', 'x-api-secret': 'sk_test_3f41b291977ea267f20540cdc651b1ccb34e4ffcdead5b6f984b6360ffda0cb1_geo', 'x-app-id': 'dfea3391-1897-4b62-af68-8226c6e62e69'}
2026-05-28 08:57:16 - GeoTravelGlobalLogger - INFO     - [logger.py:345] - 🔍 SENDING THESE HEADERS: {'Content-Type': 'application/json', 'Accept': 'application/json', 'x-api-key': 'pk_test_046342a0b37d7e26156c63fa7d2accc2', 'x-api-secret': 'sk_test_3f41b291977ea267f20540cdc651b1ccb34e4ffcdead5b6f984b6360ffda0cb1_geo', 'x-app-id': 'dfea3391-1897-4b62-af68-8226c6e62e69'}
2026-05-28 08:57:16 - GeoTravelGlobalLogger - INFO     - [logger.py:345] - Partners API Request: POST https://sandbox.api.developers.gowithgeo.com/api/flight/book
2026-05-28 08:57:17 - GeoTravelGlobalLogger - INFO     - [logger.py:345] - Partners API Response: 500
2026-05-28 08:57:17 - GeoTravelGlobalLogger - WARNING  - [logger.py:360] - Partners API Error: 500 - saved dump: reports/failed_responses/20260528_085717_500_api_flight_book.txt
2026-05-28 08:57:17 - GeoTravelGlobalLogger - INFO     - [logger.py:345] - Booking Response Status: 500
2026-05-28 08:57:17 - GeoTravelGlobalLogger - INFO     - [logger.py:345] - Booking Response Body: {"statusCode":500,"message":"Internal server error"}
2026-05-28 08:57:17 - GeoTravelGlobalLogger - WARNING  - [logger.py:360] - ⚠️ Flight booking not available in sandbox environment - skipping
2026-05-28 08:57:17 - GeoTravelGlobalLogger - INFO     - [logger.py:345] - ✅ Saved test-specific logs: reports/logs/src_tests_partners_api_tests_test_partners_flight.py_TestPartnersFlightFunctionality_test_verified_user_can_book_flight_085717.log
2026-05-28 08:57:17 - GeoTravelGlobalLogger - INFO     - [logger.py:345] - Test result added: src/tests/partners_api_tests/test_partners_flight.py::TestPartnersFlightFunctionality::test_verified_user_can_book_flight - SKIP (Duration: 1.90s)
2026-05-28 08:57:17 - GeoTravelGlobalLogger - INFO     - [logger.py:345] - Added test result to PARTNERS API SMOKE TEST: src/tests/partners_api_tests/test_partners_flight.py::TestPartnersFlightFunctionality::test_verified_user_can_book_flight - SKIP
2026-05-28 08:57:17 - GeoTravelGlobalLogger - INFO     - [logger.py:345] - VerifiedUserHelper initialized
2026-05-28 08:57:17 - GeoTravelGlobalLogger - INFO     - [logger.py:345] - Obtaining access token from verified account
2026-05-28 08:57:17 - GeoTravelGlobalLogger - INFO     - [logger.py:345] - Partners API Request: POST https://sandbox.api.developers.gowithgeo.com/api/auth/login
2026-05-28 08:57:17 - GeoTravelGlobalLogger - INFO     - [logger.py:345] - Partners API Response: 200
2026-05-28 08:57:17 - GeoTravelGlobalLogger - INFO     - [logger.py:345] - Found JWT token in cookie: corporate_access_token
2026-05-28 08:57:17 - GeoTravelGlobalLogger - INFO     - [logger.py:345] - Token extracted via cookies (length: 232, valid)
2026-05-28 08:57:17 - GeoTravelGlobalLogger - INFO     - [logger.py:345] - ✅ Auth token set (length: 232)
2026-05-28 08:57:17 - GeoTravelGlobalLogger - INFO     - [logger.py:345] - SUCCESS: ✅ Login successful - token set via cookies
2026-05-28 08:57:17 - GeoTravelGlobalLogger - INFO     - [logger.py:345] - Found JWT token in cookie: corporate_access_token
2026-05-28 08:57:17 - GeoTravelGlobalLogger - INFO     - [logger.py:345] - Access token obtained from cookies and validated
2026-05-28 08:57:17 - GeoTravelGlobalLogger - INFO     - [logger.py:345] - ✅ Auth token set (length: 232)
2026-05-28 08:57:17 - GeoTravelGlobalLogger - INFO     - [logger.py:345] - 🔵 GETTING BASELINE USAGE FOR FLIGHT SEARCHES
2026-05-28 08:57:17 - GeoTravelGlobalLogger - INFO     - [logger.py:345] - Partners API Request: GET https://sandbox.api.developers.gowithgeo.com/api/org/usage
2026-05-28 08:57:17 - GeoTravelGlobalLogger - INFO     - [logger.py:345] - Partners API Response: 200
2026-05-28 08:57:17 - GeoTravelGlobalLogger - INFO     - [logger.py:345] - {"message":"Organization usage records fetched successfully","data":{"records":[{"id":"3ef6739b-2c20-42ff-8759-4ab4f2ea584d","orgId":"dfea3391-1897-4b62-af68-8226c6e62e69","date":"2026-05-28","flightSearches":2,"flightBookings":0,"packageBookings":0,"flightTags":["flights:one_way:1:0:0:ECONOMY:LHR:LOS:2026-05-29"],"apiMode":"test","createdAt":"2026-05-28T08:57:14.494Z","updatedAt":"2026-05-28T08:57:16.684Z"},{"id":"53e7c97a-e7a6-4b74-9696-8c04a9a63a68","orgId":"dfea3391-1897-4b62-af68-8226c6e62e69","date":"2026-05-27","flightSearches":5,"flightBookings":0,"packageBookings":7,"flightTags":["flights:one_way:1:0:0:ECONOMY:LHR:LOS:2026-05-28","flights:one_way:1:undefined:undefined:ECONOMY:LHR:LOS:2026-05-28"],"apiMode":"test","createdAt":"2026-05-27T08:52:50.053Z","updatedAt":"2026-05-27T08:53:55.474Z"},{"id":"0e3fb740-1d32-4bc2-848d-353108ca7488","orgId":"dfea3391-1897-4b62-af68-8226c6e62e69","date":"2026-05-26","flightSearches":5,"flightBookings":0,"packageBookings":7,"flightTags":["flights:one_way:1:0:0:ECONOMY:LHR:LOS:2026-05-27","flights:one_way:1:undefined:undefined:ECONOMY:LHR:LOS:2026-05-27"],"apiMode":"test","createdAt":"2026-05-26T08:45:55.198Z","updatedAt":"2026-05-26T08:46:59.909Z"},{"id":"5b4f9314-0b50-49a9-93f0-b52925eb885e","orgId":"dfea3391-1897-4b62-af68-8226c6e62e69","date":"2026-05-25","flightSearches":5,"flightBookings":0,"packageBookings":7,"flightTags":["flights:one_way:1:0:0:ECONOMY:LHR:LOS:2026-05-26","flights:one_way:1:undefined:undefined:ECONOMY:LHR:LOS:2026-05-26"],"apiMode":"test","createdAt":"2026-05-25T09:11:38.141Z","updatedAt":"2026-05-25T09:12:43.857Z"},{"id":"4ee9310f-9b29-4a32-a9c1-38b9660a69b2","orgId":"dfea3391-1897-4b62-af68-8226c6e62e69","date":"2026-05-24","flightSearches":5,"flightBookings":0,"packageBookings":7,"flightTags":["flights:one_way:1:0:0:ECONOMY:LHR:LOS:2026-05-25","flights:one_way:1:undefined:undefined:ECONOMY:LHR:LOS:2026-05-25"],"apiMode":"test","createdAt":"2026-05-24T08:04:51.030Z","updatedAt":"2026-05-24T08:06:16.917Z"},{"id":"2dba752d-eb28-4b68-a006-ce14215dcd0a","orgId":"dfea3391-1897-4b62-af68-8226c6e62e69","date":"2026-05-23","flightSearches":5,"flightBookings":0,"packageBookings":7,"flightTags":["flights:one_way:1:0:0:ECONOMY:LHR:LOS:2026-05-24","flights:one_way:1:undefined:undefined:ECONOMY:LHR:LOS:2026-05-24"],"apiMode":"test","createdAt":"2026-05-23T07:48:07.461Z","updatedAt":"2026-05-23T07:49:35.851Z"},{"id":"e31eed11-65a2-44d7-96cd-3adfa55e2fe1","orgId":"dfea3391-1897-4b62-af68-8226c6e62e69","date":"2026-05-22","flightSearches":5,"flightBookings":0,"packageBookings":7,"flightTags":["flights:one_way:1:0:0:ECONOMY:LHR:LOS:2026-05-23","flights:one_way:1:undefined:undefined:ECONOMY:LHR:LOS:2026-05-23"],"apiMode":"test","createdAt":"2026-05-22T08:35:50.113Z","updatedAt":"2026-05-22T08:36:55.472Z"},{"id":"8373178e-5117-48df-880b-fc838c9ee12c","orgId":"dfea3391-1897-4b62-af68-8226c6e62e69","date":"2026-05-21","flightSearches":4,"flightBookings":0,"packageBookings":7,"flightTags":["flights:one_way:1:0:0:ECONOMY:LHR:LOS:2026-05-22","flights:one_way:1:undefined:undefined:ECONOMY:LHR:LOS:2026-05-22"],"apiMode":"test","createdAt":"2026-05-21T08:46:57.381Z","updatedAt":"2026-05-21T08:47:58.460Z"},{"id":"cebab376-98f0-41ea-b3f5-e56b31404456","orgId":"dfea3391-1897-4b62-af68-8226c6e62e69","date":"2026-05-20","flightSearches":5,"flightBookings":0,"packageBookings":7,"flightTags":["flights:one_way:1:0:0:ECONOMY:LHR:LOS:2026-05-21","flights:one_way:1:undefined:undefined:ECONOMY:LHR:LOS:2026-05-21"],"apiMode":"test","createdAt":"2026-05-20T08:40:40.546Z","updatedAt":"2026-05-20T08:41:45.513Z"},{"id":"86ef7683-4c69-453a-8470-f6fa577a3c4a","orgId":"dfea3391-1897-4b62-af68-8226c6e62e69","date":"2026-05-19","flightSearches":5,"flightBookings":0,"packageBookings":7,"flightTags":["flights:one_way:1:0:0:ECONOMY:LHR:LOS:2026-05-20","flights:one_way:1:undefined:undefined:ECONOMY:LHR:LOS:2026-05-20"],"apiMode":"test","createdAt":"2026-05-19T08:42:18.560Z","updatedAt":"2026-05-19T08:43:27.983Z"},{"id":"e86f051f-de57-439e-a235-45a35feb7561","orgId":"dfea3391-1897-4b62-af68-8226c6e62e69","date":"2026-05-18","flightSearches":5,"flightBookings":0,"packageBookings":7,"flightTags":["flights:one_way:1:0:0:ECONOMY:LHR:LOS:2026-05-19","flights:one_way:1:undefined:undefined:ECONOMY:LHR:LOS:2026-05-19"],"apiMode":"test","createdAt":"2026-05-18T08:59:16.221Z","updatedAt":"2026-05-18T09:00:23.011Z"},{"id":"0331c47e-6605-4519-b0e6-6b111fc067be","orgId":"dfea3391-1897-4b62-af68-8226c6e62e69","date":"2026-05-17","flightSearches":5,"flightBookings":0,"packageBookings":6,"flightTags":["flights:one_way:1:0:0:ECONOMY:LHR:LOS:2026-05-18","flights:one_way:1:undefined:undefined:ECONOMY:LHR:LOS:2026-05-18"],"apiMode":"test","createdAt":"2026-05-17T07:48:11.054Z","updatedAt":"2026-05-17T07:49:27.410Z"},{"id":"bd5b25ff-8a8d-49b0-9657-57d03fe56c1b","orgId":"dfea3391-1897-4b62-af68-8226c6e62e69","date":"2026-05-16","flightSearches":5,"flightBookings":0,"packageBookings":6,"flightTags":["flights:one_way:1:0:0:ECONOMY:LHR:LOS:2026-05-17","flights:one_way:1:undefined:undefined:ECONOMY:LHR:LOS:2026-05-17"],"apiMode":"test","createdAt":"2026-05-16T07:28:50.984Z","updatedAt":"2026-05-16T07:29:49.315Z"},{"id":"dc3a48b6-03c8-44c7-9e53-397bc0260584","orgId":"dfea3391-1897-4b62-af68-8226c6e62e69","date":"2026-05-14","flightSearches":5,"flightBookings":0,"packageBookings":6,"flightTags":["flights:one_way:1:0:0:ECONOMY:LHR:LOS:2026-05-15","flights:one_way:1:undefined:undefined:ECONOMY:LHR:LOS:2026-05-15"],"apiMode":"test","createdAt":"2026-05-14T07:56:27.125Z","updatedAt":"2026-05-14T07:57:25.605Z"},{"id":"e77fdad3-c3d1-46b1-a3d9-3dfcd66ef491","orgId":"dfea3391-1897-4b62-af68-8226c6e62e69","date":"2026-05-13","flightSearches":5,"flightBookings":0,"packageBookings":6,"flightTags":["flights:one_way:1:0:0:ECONOMY:LHR:LOS:2026-05-14","flights:one_way:1:undefined:undefined:ECONOMY:LHR:LOS:2026-05-14"],"apiMode":"test","createdAt":"2026-05-13T08:04:24.844Z","updatedAt":"2026-05-13T08:06:08.714Z"},{"id":"e61d12ea-d462-47a8-82c0-c8b4a1716290","orgId":"dfea3391-1897-4b62-af68-8226c6e62e69","date":"2026-05-12","flightSearches":10,"flightBookings":0,"packageBookings":11,"flightTags":["flights:one_way:1:0:0:ECONOMY:LHR:LOS:2026-05-13","flights:one_way:1:undefined:undefined:ECONOMY:LHR:LOS:2026-05-13"],"apiMode":"test","createdAt":"2026-05-12T07:58:38.428Z","updatedAt":"2026-05-12T10:30:55.359Z"},{"id":"e009bf6e-d597-4e37-a135-b353cc828ea2","orgId":"dfea3391-1897-4b62-af68-8226c6e62e69","date":"2026-05-11","flightSearches":5,"flightBookings":0,"packageBookings":0,"flightTags":["flights:one_way:1:0:0:ECONOMY:LHR:LOS:2026-05-12","flights:one_way:1:undefined:undefined:ECONOMY:LHR:LOS:2026-05-12"],"apiMode":"test","createdAt":"2026-05-11T08:39:11.200Z","updatedAt":"2026-05-11T08:39:34.624Z"},{"id":"ec15ef65-6d40-4078-b435-f92bd0b19223","orgId":"dfea3391-1897-4b62-af68-8226c6e62e69","date":"2026-05-10","flightSearches":14,"flightBookings":0,"packageBookings":0,"flightTags":["flights:one_way:1:0:0:ECONOMY:LHR:LOS:2026-05-11","flights:one_way:1:undefined:undefined:ECONOMY:LHR:LOS:2026-05-11"],"apiMode":"test","createdAt":"2026-05-10T07:39:57.390Z","updatedAt":"2026-05-10T15:25:42.712Z"},{"id":"b7598288-c509-4d8a-8014-3c5737750e52","orgId":"dfea3391-1897-4b62-af68-8226c6e62e69","date":"2026-05-09","flightSearches":5,"flightBookings":0,"packageBookings":0,"flightTags":["flights:one_way:1:0:0:ECONOMY:LHR:LOS:2026-05-10","flights:one_way:1:undefined:undefined:ECONOMY:LHR:LOS:2026-05-10"],"apiMode":"test","createdAt":"2026-05-09T07:22:39.779Z","updatedAt":"2026-05-09T07:23:02.840Z"},{"id":"30689e8e-cd3a-4f01-b230-b6462f3bf651","orgId":"dfea3391-1897-4b62-af68-8226c6e62e69","date":"2026-05-08","flightSearches":5,"flightBookings":0,"packageBookings":0,"flightTags":["flights:one_way:1:0:0:ECONOMY:LHR:LOS:2026-05-09","flights:one_way:1:undefined:undefined:ECONOMY:LHR:LOS:2026-05-09"],"apiMode":"test","createdAt":"2026-05-08T07:07:05.810Z","updatedAt":"2026-05-08T07:07:31.197Z"}],"pagination":{"currentPage":1,"totalItems":106,"totalPages":6,"itemsPerPage":20}}}
2026-05-28 08:57:17 - GeoTravelGlobalLogger - INFO     - [logger.py:345] - 📊 Initial flight searches: 110
2026-05-28 08:57:17 - GeoTravelGlobalLogger - INFO     - [logger.py:345] - Initializing API credentials...
2026-05-28 08:57:17 - GeoTravelGlobalLogger - INFO     - [logger.py:345] - Obtaining access token from verified account
2026-05-28 08:57:17 - GeoTravelGlobalLogger - INFO     - [logger.py:345] - Partners API Request: POST https://sandbox.api.developers.gowithgeo.com/api/auth/login
2026-05-28 08:57:17 - GeoTravelGlobalLogger - INFO     - [logger.py:345] - Partners API Response: 200
2026-05-28 08:57:17 - GeoTravelGlobalLogger - INFO     - [logger.py:345] - Found JWT token in cookie: corporate_access_token
2026-05-28 08:57:17 - GeoTravelGlobalLogger - INFO     - [logger.py:345] - Token extracted via cookies (length: 232, valid)
2026-05-28 08:57:17 - GeoTravelGlobalLogger - INFO     - [logger.py:345] - ✅ Auth token set (length: 232)
2026-05-28 08:57:17 - GeoTravelGlobalLogger - INFO     - [logger.py:345] - SUCCESS: ✅ Login successful - token set via cookies
2026-05-28 08:57:17 - GeoTravelGlobalLogger - INFO     - [logger.py:345] - Found JWT token in cookie: corporate_access_token
2026-05-28 08:57:17 - GeoTravelGlobalLogger - INFO     - [logger.py:345] - Access token obtained from cookies and validated
2026-05-28 08:57:17 - GeoTravelGlobalLogger - INFO     - [logger.py:345] - ✅ Auth token set (length: 232)
2026-05-28 08:57:17 - GeoTravelGlobalLogger - INFO     - [logger.py:345] - Partners API Request: GET https://sandbox.api.developers.gowithgeo.com/api/org/profile
2026-05-28 08:57:18 - GeoTravelGlobalLogger - INFO     - [logger.py:345] - Partners API Response: 200
2026-05-28 08:57:18 - GeoTravelGlobalLogger - INFO     - [logger.py:345] - Partners API Request: GET https://sandbox.api.developers.gowithgeo.com/api/org/reset-api-keys
2026-05-28 08:57:18 - GeoTravelGlobalLogger - INFO     - [logger.py:345] - Partners API Response: 201
2026-05-28 08:57:18 - GeoTravelGlobalLogger - INFO     - [logger.py:345] - TEST API credentials updated
2026-05-28 08:57:18 - GeoTravelGlobalLogger - INFO     - [logger.py:345] - API credentials initialized successfully
2026-05-28 08:57:18 - GeoTravelGlobalLogger - INFO     - [logger.py:345] - Creating flight API with test credentials
2026-05-28 08:57:18 - GeoTravelGlobalLogger - INFO     - [logger.py:345] - 🔵 PERFORMING FLIGHT SEARCH FOR USAGE COUNTING
2026-05-28 08:57:18 - GeoTravelGlobalLogger - INFO     - [logger.py:345] - Flight API Headers: {'Content-Type': 'application/json', 'Accept': 'application/json', 'x-api-key': 'pk_test_fab8ad197d681c28a67b2fdbe12fc35e', 'x-api-secret': 'sk_test_bf936695e65dbe83c9e4be489e718d91c4c2efa7a9e9747b967f52bd04afb0a2_geo', 'x-app-id': 'dfea3391-1897-4b62-af68-8226c6e62e69'}
2026-05-28 08:57:18 - GeoTravelGlobalLogger - INFO     - [logger.py:345] - 🔍 SENDING THESE HEADERS: {'Content-Type': 'application/json', 'Accept': 'application/json', 'x-api-key': 'pk_test_fab8ad197d681c28a67b2fdbe12fc35e', 'x-api-secret': 'sk_test_bf936695e65dbe83c9e4be489e718d91c4c2efa7a9e9747b967f52bd04afb0a2_geo', 'x-app-id': 'dfea3391-1897-4b62-af68-8226c6e62e69'}
2026-05-28 08:57:18 - GeoTravelGlobalLogger - INFO     - [logger.py:345] - Partners API Request: POST https://sandbox.api.developers.gowithgeo.com/api/flight/search
2026-05-28 08:57:19 - GeoTravelGlobalLogger - INFO     - [logger.py:345] - Partners API Response: 200
2026-05-28 08:57:21 - GeoTravelGlobalLogger - INFO     - [logger.py:345] - 🔵 CHECKING UPDATED USAGE METRICS
2026-05-28 08:57:21 - GeoTravelGlobalLogger - INFO     - [logger.py:345] - Partners API Request: GET https://sandbox.api.developers.gowithgeo.com/api/org/usage
2026-05-28 08:57:21 - GeoTravelGlobalLogger - INFO     - [logger.py:345] - Partners API Response: 200
2026-05-28 08:57:21 - GeoTravelGlobalLogger - INFO     - [logger.py:345] - {"message":"Organization usage records fetched successfully","data":{"records":[{"id":"3ef6739b-2c20-42ff-8759-4ab4f2ea584d","orgId":"dfea3391-1897-4b62-af68-8226c6e62e69","date":"2026-05-28","flightSearches":3,"flightBookings":0,"packageBookings":0,"flightTags":["flights:one_way:1:0:0:ECONOMY:LHR:LOS:2026-05-29"],"apiMode":"test","createdAt":"2026-05-28T08:57:14.494Z","updatedAt":"2026-05-28T08:57:19.249Z"},{"id":"53e7c97a-e7a6-4b74-9696-8c04a9a63a68","orgId":"dfea3391-1897-4b62-af68-8226c6e62e69","date":"2026-05-27","flightSearches":5,"flightBookings":0,"packageBookings":7,"flightTags":["flights:one_way:1:0:0:ECONOMY:LHR:LOS:2026-05-28","flights:one_way:1:undefined:undefined:ECONOMY:LHR:LOS:2026-05-28"],"apiMode":"test","createdAt":"2026-05-27T08:52:50.053Z","updatedAt":"2026-05-27T08:53:55.474Z"},{"id":"0e3fb740-1d32-4bc2-848d-353108ca7488","orgId":"dfea3391-1897-4b62-af68-8226c6e62e69","date":"2026-05-26","flightSearches":5,"flightBookings":0,"packageBookings":7,"flightTags":["flights:one_way:1:0:0:ECONOMY:LHR:LOS:2026-05-27","flights:one_way:1:undefined:undefined:ECONOMY:LHR:LOS:2026-05-27"],"apiMode":"test","createdAt":"2026-05-26T08:45:55.198Z","updatedAt":"2026-05-26T08:46:59.909Z"},{"id":"5b4f9314-0b50-49a9-93f0-b52925eb885e","orgId":"dfea3391-1897-4b62-af68-8226c6e62e69","date":"2026-05-25","flightSearches":5,"flightBookings":0,"packageBookings":7,"flightTags":["flights:one_way:1:0:0:ECONOMY:LHR:LOS:2026-05-26","flights:one_way:1:undefined:undefined:ECONOMY:LHR:LOS:2026-05-26"],"apiMode":"test","createdAt":"2026-05-25T09:11:38.141Z","updatedAt":"2026-05-25T09:12:43.857Z"},{"id":"4ee9310f-9b29-4a32-a9c1-38b9660a69b2","orgId":"dfea3391-1897-4b62-af68-8226c6e62e69","date":"2026-05-24","flightSearches":5,"flightBookings":0,"packageBookings":7,"flightTags":["flights:one_way:1:0:0:ECONOMY:LHR:LOS:2026-05-25","flights:one_way:1:undefined:undefined:ECONOMY:LHR:LOS:2026-05-25"],"apiMode":"test","createdAt":"2026-05-24T08:04:51.030Z","updatedAt":"2026-05-24T08:06:16.917Z"},{"id":"2dba752d-eb28-4b68-a006-ce14215dcd0a","orgId":"dfea3391-1897-4b62-af68-8226c6e62e69","date":"2026-05-23","flightSearches":5,"flightBookings":0,"packageBookings":7,"flightTags":["flights:one_way:1:0:0:ECONOMY:LHR:LOS:2026-05-24","flights:one_way:1:undefined:undefined:ECONOMY:LHR:LOS:2026-05-24"],"apiMode":"test","createdAt":"2026-05-23T07:48:07.461Z","updatedAt":"2026-05-23T07:49:35.851Z"},{"id":"e31eed11-65a2-44d7-96cd-3adfa55e2fe1","orgId":"dfea3391-1897-4b62-af68-8226c6e62e69","date":"2026-05-22","flightSearches":5,"flightBookings":0,"packageBookings":7,"flightTags":["flights:one_way:1:0:0:ECONOMY:LHR:LOS:2026-05-23","flights:one_way:1:undefined:undefined:ECONOMY:LHR:LOS:2026-05-23"],"apiMode":"test","createdAt":"2026-05-22T08:35:50.113Z","updatedAt":"2026-05-22T08:36:55.472Z"},{"id":"8373178e-5117-48df-880b-fc838c9ee12c","orgId":"dfea3391-1897-4b62-af68-8226c6e62e69","date":"2026-05-21","flightSearches":4,"flightBookings":0,"packageBookings":7,"flightTags":["flights:one_way:1:0:0:ECONOMY:LHR:LOS:2026-05-22","flights:one_way:1:undefined:undefined:ECONOMY:LHR:LOS:2026-05-22"],"apiMode":"test","createdAt":"2026-05-21T08:46:57.381Z","updatedAt":"2026-05-21T08:47:58.460Z"},{"id":"cebab376-98f0-41ea-b3f5-e56b31404456","orgId":"dfea3391-1897-4b62-af68-8226c6e62e69","date":"2026-05-20","flightSearches":5,"flightBookings":0,"packageBookings":7,"flightTags":["flights:one_way:1:0:0:ECONOMY:LHR:LOS:2026-05-21","flights:one_way:1:undefined:undefined:ECONOMY:LHR:LOS:2026-05-21"],"apiMode":"test","createdAt":"2026-05-20T08:40:40.546Z","updatedAt":"2026-05-20T08:41:45.513Z"},{"id":"86ef7683-4c69-453a-8470-f6fa577a3c4a","orgId":"dfea3391-1897-4b62-af68-8226c6e62e69","date":"2026-05-19","flightSearches":5,"flightBookings":0,"packageBookings":7,"flightTags":["flights:one_way:1:0:0:ECONOMY:LHR:LOS:2026-05-20","flights:one_way:1:undefined:undefined:ECONOMY:LHR:LOS:2026-05-20"],"apiMode":"test","createdAt":"2026-05-19T08:42:18.560Z","updatedAt":"2026-05-19T08:43:27.983Z"},{"id":"e86f051f-de57-439e-a235-45a35feb7561","orgId":"dfea3391-1897-4b62-af68-8226c6e62e69","date":"2026-05-18","flightSearches":5,"flightBookings":0,"packageBookings":7,"flightTags":["flights:one_way:1:0:0:ECONOMY:LHR:LOS:2026-05-19","flights:one_way:1:undefined:undefined:ECONOMY:LHR:LOS:2026-05-19"],"apiMode":"test","createdAt":"2026-05-18T08:59:16.221Z","updatedAt":"2026-05-18T09:00:23.011Z"},{"id":"0331c47e-6605-4519-b0e6-6b111fc067be","orgId":"dfea3391-1897-4b62-af68-8226c6e62e69","date":"2026-05-17","flightSearches":5,"flightBookings":0,"packageBookings":6,"flightTags":["flights:one_way:1:0:0:ECONOMY:LHR:LOS:2026-05-18","flights:one_way:1:undefined:undefined:ECONOMY:LHR:LOS:2026-05-18"],"apiMode":"test","createdAt":"2026-05-17T07:48:11.054Z","updatedAt":"2026-05-17T07:49:27.410Z"},{"id":"bd5b25ff-8a8d-49b0-9657-57d03fe56c1b","orgId":"dfea3391-1897-4b62-af68-8226c6e62e69","date":"2026-05-16","flightSearches":5,"flightBookings":0,"packageBookings":6,"flightTags":["flights:one_way:1:0:0:ECONOMY:LHR:LOS:2026-05-17","flights:one_way:1:undefined:undefined:ECONOMY:LHR:LOS:2026-05-17"],"apiMode":"test","createdAt":"2026-05-16T07:28:50.984Z","updatedAt":"2026-05-16T07:29:49.315Z"},{"id":"dc3a48b6-03c8-44c7-9e53-397bc0260584","orgId":"dfea3391-1897-4b62-af68-8226c6e62e69","date":"2026-05-14","flightSearches":5,"flightBookings":0,"packageBookings":6,"flightTags":["flights:one_way:1:0:0:ECONOMY:LHR:LOS:2026-05-15","flights:one_way:1:undefined:undefined:ECONOMY:LHR:LOS:2026-05-15"],"apiMode":"test","createdAt":"2026-05-14T07:56:27.125Z","updatedAt":"2026-05-14T07:57:25.605Z"},{"id":"e77fdad3-c3d1-46b1-a3d9-3dfcd66ef491","orgId":"dfea3391-1897-4b62-af68-8226c6e62e69","date":"2026-05-13","flightSearches":5,"flightBookings":0,"packageBookings":6,"flightTags":["flights:one_way:1:0:0:ECONOMY:LHR:LOS:2026-05-14","flights:one_way:1:undefined:undefined:ECONOMY:LHR:LOS:2026-05-14"],"apiMode":"test","createdAt":"2026-05-13T08:04:24.844Z","updatedAt":"2026-05-13T08:06:08.714Z"},{"id":"e61d12ea-d462-47a8-82c0-c8b4a1716290","orgId":"dfea3391-1897-4b62-af68-8226c6e62e69","date":"2026-05-12","flightSearches":10,"flightBookings":0,"packageBookings":11,"flightTags":["flights:one_way:1:0:0:ECONOMY:LHR:LOS:2026-05-13","flights:one_way:1:undefined:undefined:ECONOMY:LHR:LOS:2026-05-13"],"apiMode":"test","createdAt":"2026-05-12T07:58:38.428Z","updatedAt":"2026-05-12T10:30:55.359Z"},{"id":"e009bf6e-d597-4e37-a135-b353cc828ea2","orgId":"dfea3391-1897-4b62-af68-8226c6e62e69","date":"2026-05-11","flightSearches":5,"flightBookings":0,"packageBookings":0,"flightTags":["flights:one_way:1:0:0:ECONOMY:LHR:LOS:2026-05-12","flights:one_way:1:undefined:undefined:ECONOMY:LHR:LOS:2026-05-12"],"apiMode":"test","createdAt":"2026-05-11T08:39:11.200Z","updatedAt":"2026-05-11T08:39:34.624Z"},{"id":"ec15ef65-6d40-4078-b435-f92bd0b19223","orgId":"dfea3391-1897-4b62-af68-8226c6e62e69","date":"2026-05-10","flightSearches":14,"flightBookings":0,"packageBookings":0,"flightTags":["flights:one_way:1:0:0:ECONOMY:LHR:LOS:2026-05-11","flights:one_way:1:undefined:undefined:ECONOMY:LHR:LOS:2026-05-11"],"apiMode":"test","createdAt":"2026-05-10T07:39:57.390Z","updatedAt":"2026-05-10T15:25:42.712Z"},{"id":"b7598288-c509-4d8a-8014-3c5737750e52","orgId":"dfea3391-1897-4b62-af68-8226c6e62e69","date":"2026-05-09","flightSearches":5,"flightBookings":0,"packageBookings":0,"flightTags":["flights:one_way:1:0:0:ECONOMY:LHR:LOS:2026-05-10","flights:one_way:1:undefined:undefined:ECONOMY:LHR:LOS:2026-05-10"],"apiMode":"test","createdAt":"2026-05-09T07:22:39.779Z","updatedAt":"2026-05-09T07:23:02.840Z"},{"id":"30689e8e-cd3a-4f01-b230-b6462f3bf651","orgId":"dfea3391-1897-4b62-af68-8226c6e62e69","date":"2026-05-08","flightSearches":5,"flightBookings":0,"packageBookings":0,"flightTags":["flights:one_way:1:0:0:ECONOMY:LHR:LOS:2026-05-09","flights:one_way:1:undefined:undefined:ECONOMY:LHR:LOS:2026-05-09"],"apiMode":"test","createdAt":"2026-05-08T07:07:05.810Z","updatedAt":"2026-05-08T07:07:31.197Z"}],"pagination":{"currentPage":1,"totalItems":106,"totalPages":6,"itemsPerPage":20}}}
2026-05-28 08:57:21 - GeoTravelGlobalLogger - INFO     - [logger.py:345] - 📊 Final flight searches: 111
2026-05-28 08:57:21 - GeoTravelGlobalLogger - INFO     - [logger.py:345] - 📊 Flight tag found in usage: True
2026-05-28 08:57:21 - GeoTravelGlobalLogger - INFO     - [logger.py:345] - SUCCESS: ✅ Flight search correctly counted - increased from 110 to 111
2026-05-28 08:57:21 - GeoTravelGlobalLogger - INFO     - [logger.py:345] - ✅ Saved test-specific logs: reports/logs/src_tests_partners_api_tests_test_partners_flight.py_TestPartnersFlightFunctionality_test_flight_search_counted_in_usage_085721.log
2026-05-28 08:57:21 - GeoTravelGlobalLogger - INFO     - [logger.py:345] - Test result added: src/tests/partners_api_tests/test_partners_flight.py::TestPartnersFlightFunctionality::test_flight_search_counted_in_usage - PASS (Duration: 4.47s)
2026-05-28 08:57:21 - GeoTravelGlobalLogger - INFO     - [logger.py:345] - Added test result to PARTNERS API SMOKE TEST: src/tests/partners_api_tests/test_partners_flight.py::TestPartnersFlightFunctionality::test_flight_search_counted_in_usage - PASS
2026-05-28 08:57:21 - GeoTravelGlobalLogger - INFO     - [logger.py:345] - VerifiedUserHelper initialized
2026-05-28 08:57:21 - GeoTravelGlobalLogger - INFO     - [logger.py:345] - Obtaining access token from verified account
2026-05-28 08:57:21 - GeoTravelGlobalLogger - INFO     - [logger.py:345] - Partners API Request: POST https://sandbox.api.developers.gowithgeo.com/api/auth/login
2026-05-28 08:57:21 - GeoTravelGlobalLogger - INFO     - [logger.py:345] - Partners API Response: 200
2026-05-28 08:57:21 - GeoTravelGlobalLogger - INFO     - [logger.py:345] - Found JWT token in cookie: corporate_access_token
2026-05-28 08:57:21 - GeoTravelGlobalLogger - INFO     - [logger.py:345] - Token extracted via cookies (length: 232, valid)
2026-05-28 08:57:21 - GeoTravelGlobalLogger - INFO     - [logger.py:345] - ✅ Auth token set (length: 232)
2026-05-28 08:57:21 - GeoTravelGlobalLogger - INFO     - [logger.py:345] - SUCCESS: ✅ Login successful - token set via cookies
2026-05-28 08:57:21 - GeoTravelGlobalLogger - INFO     - [logger.py:345] - Found JWT token in cookie: corporate_access_token
2026-05-28 08:57:21 - GeoTravelGlobalLogger - INFO     - [logger.py:345] - Access token obtained from cookies and validated
2026-05-28 08:57:21 - GeoTravelGlobalLogger - INFO     - [logger.py:345] - ✅ Auth token set (length: 232)
2026-05-28 08:57:21 - GeoTravelGlobalLogger - INFO     - [logger.py:345] - 🔵 GETTING BASELINE USAGE FOR FLIGHT BOOKINGS
2026-05-28 08:57:21 - GeoTravelGlobalLogger - INFO     - [logger.py:345] - Partners API Request: GET https://sandbox.api.developers.gowithgeo.com/api/org/usage
2026-05-28 08:57:22 - GeoTravelGlobalLogger - INFO     - [logger.py:345] - Partners API Response: 200
2026-05-28 08:57:22 - GeoTravelGlobalLogger - INFO     - [logger.py:345] - 📊 Initial flight bookings: 0
2026-05-28 08:57:22 - GeoTravelGlobalLogger - INFO     - [logger.py:345] - Initializing API credentials...
2026-05-28 08:57:22 - GeoTravelGlobalLogger - INFO     - [logger.py:345] - Obtaining access token from verified account
2026-05-28 08:57:22 - GeoTravelGlobalLogger - INFO     - [logger.py:345] - Partners API Request: POST https://sandbox.api.developers.gowithgeo.com/api/auth/login
2026-05-28 08:57:22 - GeoTravelGlobalLogger - INFO     - [logger.py:345] - Partners API Response: 200
2026-05-28 08:57:22 - GeoTravelGlobalLogger - INFO     - [logger.py:345] - Found JWT token in cookie: corporate_access_token
2026-05-28 08:57:22 - GeoTravelGlobalLogger - INFO     - [logger.py:345] - Token extracted via cookies (length: 232, valid)
2026-05-28 08:57:22 - GeoTravelGlobalLogger - INFO     - [logger.py:345] - ✅ Auth token set (length: 232)
2026-05-28 08:57:22 - GeoTravelGlobalLogger - INFO     - [logger.py:345] - SUCCESS: ✅ Login successful - token set via cookies
2026-05-28 08:57:22 - GeoTravelGlobalLogger - INFO     - [logger.py:345] - Found JWT token in cookie: corporate_access_token
2026-05-28 08:57:22 - GeoTravelGlobalLogger - INFO     - [logger.py:345] - Access token obtained from cookies and validated
2026-05-28 08:57:22 - GeoTravelGlobalLogger - INFO     - [logger.py:345] - ✅ Auth token set (length: 232)
2026-05-28 08:57:22 - GeoTravelGlobalLogger - INFO     - [logger.py:345] - Partners API Request: GET https://sandbox.api.developers.gowithgeo.com/api/org/profile
2026-05-28 08:57:22 - GeoTravelGlobalLogger - INFO     - [logger.py:345] - Partners API Response: 200
2026-05-28 08:57:22 - GeoTravelGlobalLogger - INFO     - [logger.py:345] - Partners API Request: GET https://sandbox.api.developers.gowithgeo.com/api/org/reset-api-keys
2026-05-28 08:57:23 - GeoTravelGlobalLogger - INFO     - [logger.py:345] - Partners API Response: 201
2026-05-28 08:57:23 - GeoTravelGlobalLogger - INFO     - [logger.py:345] - TEST API credentials updated
2026-05-28 08:57:23 - GeoTravelGlobalLogger - INFO     - [logger.py:345] - API credentials initialized successfully
2026-05-28 08:57:23 - GeoTravelGlobalLogger - INFO     - [logger.py:345] - Creating flight API with test credentials
2026-05-28 08:57:23 - GeoTravelGlobalLogger - INFO     - [logger.py:345] - Flight API Headers: {'Content-Type': 'application/json', 'Accept': 'application/json', 'x-api-key': 'pk_test_c489b77ab5645d1884f6a7a69bab5317', 'x-api-secret': 'sk_test_ddcb570f8900694c85c9b930ccfb9e1e95f2938c70ee1771c41ae3054051d762_geo', 'x-app-id': 'dfea3391-1897-4b62-af68-8226c6e62e69'}
2026-05-28 08:57:23 - GeoTravelGlobalLogger - INFO     - [logger.py:345] - 🔍 SENDING THESE HEADERS: {'Content-Type': 'application/json', 'Accept': 'application/json', 'x-api-key': 'pk_test_c489b77ab5645d1884f6a7a69bab5317', 'x-api-secret': 'sk_test_ddcb570f8900694c85c9b930ccfb9e1e95f2938c70ee1771c41ae3054051d762_geo', 'x-app-id': 'dfea3391-1897-4b62-af68-8226c6e62e69'}
2026-05-28 08:57:23 - GeoTravelGlobalLogger - INFO     - [logger.py:345] - Partners API Request: POST https://sandbox.api.developers.gowithgeo.com/api/flight/search
2026-05-28 08:57:24 - GeoTravelGlobalLogger - INFO     - [logger.py:345] - Partners API Response: 200
2026-05-28 08:57:24 - GeoTravelGlobalLogger - INFO     - [logger.py:345] - 🔵 ATTEMPTING FLIGHT BOOKING WITH ID: 1
2026-05-28 08:57:24 - GeoTravelGlobalLogger - INFO     - [logger.py:345] - Flight API Headers: {'Content-Type': 'application/json', 'Accept': 'application/json', 'x-api-key': 'pk_test_c489b77ab5645d1884f6a7a69bab5317', 'x-api-secret': 'sk_test_ddcb570f8900694c85c9b930ccfb9e1e95f2938c70ee1771c41ae3054051d762_geo', 'x-app-id': 'dfea3391-1897-4b62-af68-8226c6e62e69'}
2026-05-28 08:57:24 - GeoTravelGlobalLogger - INFO     - [logger.py:345] - 🔍 SENDING THESE HEADERS: {'Content-Type': 'application/json', 'Accept': 'application/json', 'x-api-key': 'pk_test_c489b77ab5645d1884f6a7a69bab5317', 'x-api-secret': 'sk_test_ddcb570f8900694c85c9b930ccfb9e1e95f2938c70ee1771c41ae3054051d762_geo', 'x-app-id': 'dfea3391-1897-4b62-af68-8226c6e62e69'}
2026-05-28 08:57:24 - GeoTravelGlobalLogger - INFO     - [logger.py:345] - Partners API Request: POST https://sandbox.api.developers.gowithgeo.com/api/flight/book
2026-05-28 08:57:24 - GeoTravelGlobalLogger - INFO     - [logger.py:345] - Partners API Response: 500
2026-05-28 08:57:24 - GeoTravelGlobalLogger - WARNING  - [logger.py:360] - Partners API Error: 500 - saved dump: reports/failed_responses/20260528_085724_500_api_flight_book.txt
2026-05-28 08:57:24 - GeoTravelGlobalLogger - WARNING  - [logger.py:360] - ⚠️ Flight booking not available in sandbox environment - skipping
2026-05-28 08:57:24 - GeoTravelGlobalLogger - INFO     - [logger.py:345] - ✅ Saved test-specific logs: reports/logs/src_tests_partners_api_tests_test_partners_flight.py_TestPartnersFlightFunctionality_test_flight_booking_counted_in_usage_085724.log
2026-05-28 08:57:24 - GeoTravelGlobalLogger - INFO     - [logger.py:345] - Test result added: src/tests/partners_api_tests/test_partners_flight.py::TestPartnersFlightFunctionality::test_flight_booking_counted_in_usage - SKIP (Duration: 2.25s)
2026-05-28 08:57:24 - GeoTravelGlobalLogger - INFO     - [logger.py:345] - Added test result to PARTNERS API SMOKE TEST: src/tests/partners_api_tests/test_partners_flight.py::TestPartnersFlightFunctionality::test_flight_booking_counted_in_usage - SKIP
2026-05-28 08:57:24 - GeoTravelGlobalLogger - INFO     - [logger.py:345] - VerifiedUserHelper initialized
2026-05-28 08:57:24 - GeoTravelGlobalLogger - INFO     - [logger.py:345] - Obtaining access token from verified account
2026-05-28 08:57:24 - GeoTravelGlobalLogger - INFO     - [logger.py:345] - Partners API Request: POST https://sandbox.api.developers.gowithgeo.com/api/auth/login
2026-05-28 08:57:24 - GeoTravelGlobalLogger - INFO     - [logger.py:345] - Partners API Response: 200
2026-05-28 08:57:24 - GeoTravelGlobalLogger - INFO     - [logger.py:345] - Found JWT token in cookie: corporate_access_token
2026-05-28 08:57:24 - GeoTravelGlobalLogger - INFO     - [logger.py:345] - Token extracted via cookies (length: 232, valid)
2026-05-28 08:57:24 - GeoTravelGlobalLogger - INFO     - [logger.py:345] - ✅ Auth token set (length: 232)
2026-05-28 08:57:24 - GeoTravelGlobalLogger - INFO     - [logger.py:345] - SUCCESS: ✅ Login successful - token set via cookies
2026-05-28 08:57:24 - GeoTravelGlobalLogger - INFO     - [logger.py:345] - Found JWT token in cookie: corporate_access_token
2026-05-28 08:57:24 - GeoTravelGlobalLogger - INFO     - [logger.py:345] - Access token obtained from cookies and validated
2026-05-28 08:57:24 - GeoTravelGlobalLogger - INFO     - [logger.py:345] - ✅ Auth token set (length: 232)
2026-05-28 08:57:24 - GeoTravelGlobalLogger - INFO     - [logger.py:345] - 🔵 CHECKING USAGE RANGE FOR FLIGHT DATA
2026-05-28 08:57:24 - GeoTravelGlobalLogger - INFO     - [logger.py:345] - Partners API Request: GET https://sandbox.api.developers.gowithgeo.com/api/org/usage/range
2026-05-28 08:57:24 - GeoTravelGlobalLogger - INFO     - [logger.py:345] - Partners API Response: 200
2026-05-28 08:57:24 - GeoTravelGlobalLogger - INFO     - [logger.py:345] - 📊 Usage Range - Flight Searches: 326
2026-05-28 08:57:24 - GeoTravelGlobalLogger - INFO     - [logger.py:345] - 📊 Usage Range - Flight Bookings: 103
2026-05-28 08:57:24 - GeoTravelGlobalLogger - INFO     - [logger.py:345] - SUCCESS: ✅ Flight usage data correctly reflected in usage range
2026-05-28 08:57:24 - GeoTravelGlobalLogger - INFO     - [logger.py:345] - ✅ Saved test-specific logs: reports/logs/src_tests_partners_api_tests_test_partners_flight.py_TestPartnersFlightFunctionality_test_flight_usage_reflected_in_range_endpoint_085724.log
2026-05-28 08:57:24 - GeoTravelGlobalLogger - INFO     - [logger.py:345] - Test result added: src/tests/partners_api_tests/test_partners_flight.py::TestPartnersFlightFunctionality::test_flight_usage_reflected_in_range_endpoint - PASS (Duration: 0.35s)
2026-05-28 08:57:24 - GeoTravelGlobalLogger - INFO     - [logger.py:345] - Added test result to PARTNERS API SMOKE TEST: src/tests/partners_api_tests/test_partners_flight.py::TestPartnersFlightFunctionality::test_flight_usage_reflected_in_range_endpoint - PASS
2026-05-28 08:57:24 - GeoTravelGlobalLogger - INFO     - [logger.py:345] - 🔵 CREATING USER: geopartners66105@yopmail.com
2026-05-28 08:57:24 - GeoTravelGlobalLogger - INFO     - [logger.py:345] - Partners API Request: POST https://sandbox.api.developers.gowithgeo.com/api/auth/signup
2026-05-28 08:57:25 - GeoTravelGlobalLogger - INFO     - [logger.py:345] - Partners API Response: 201
2026-05-28 08:57:25 - GeoTravelGlobalLogger - INFO     - [logger.py:345] - 🔵 LOGIN ATTEMPT: geopartners66105@yopmail.com
2026-05-28 08:57:25 - GeoTravelGlobalLogger - INFO     - [logger.py:345] - Partners API Request: POST https://sandbox.api.developers.gowithgeo.com/api/auth/login
2026-05-28 08:57:25 - GeoTravelGlobalLogger - INFO     - [logger.py:345] - Partners API Response: 200
2026-05-28 08:57:25 - GeoTravelGlobalLogger - INFO     - [logger.py:345] - 🔵 TESTING ORG ENDPOINTS FOR: geopartners66105@yopmail.com
2026-05-28 08:57:25 - GeoTravelGlobalLogger - INFO     - [logger.py:345] - Partners API Request: GET https://sandbox.api.developers.gowithgeo.com/api/org/profile
2026-05-28 08:57:25 - GeoTravelGlobalLogger - INFO     - [logger.py:345] - Partners API Response: 401
2026-05-28 08:57:25 - GeoTravelGlobalLogger - WARNING  - [logger.py:360] - Partners API Error: 401 - saved dump: reports/failed_responses/20260528_085725_401_api_org_profile.txt
2026-05-28 08:57:25 - GeoTravelGlobalLogger - INFO     - [logger.py:345] - SUCCESS: ✅ Get Profile correctly blocked unverified user: geopartners66105@yopmail.com
2026-05-28 08:57:25 - GeoTravelGlobalLogger - INFO     - [logger.py:345] - Partners API Request: GET https://sandbox.api.developers.gowithgeo.com/api/org/reset-api-keys
2026-05-28 08:57:25 - GeoTravelGlobalLogger - INFO     - [logger.py:345] - Partners API Response: 401
2026-05-28 08:57:25 - GeoTravelGlobalLogger - WARNING  - [logger.py:360] - Partners API Error: 401 - saved dump: reports/failed_responses/20260528_085725_401_api_org_reset-api-keys.txt
2026-05-28 08:57:25 - GeoTravelGlobalLogger - INFO     - [logger.py:345] - SUCCESS: ✅ Reset API Keys correctly blocked unverified user: geopartners66105@yopmail.com
2026-05-28 08:57:25 - GeoTravelGlobalLogger - INFO     - [logger.py:345] - Partners API Request: GET https://sandbox.api.developers.gowithgeo.com/api/org/usage
2026-05-28 08:57:25 - GeoTravelGlobalLogger - INFO     - [logger.py:345] - Partners API Response: 401
2026-05-28 08:57:25 - GeoTravelGlobalLogger - WARNING  - [logger.py:360] - Partners API Error: 401 - saved dump: reports/failed_responses/20260528_085725_401_api_org_usage.txt
2026-05-28 08:57:25 - GeoTravelGlobalLogger - INFO     - [logger.py:345] - SUCCESS: ✅ Get Usage correctly blocked unverified user: geopartners66105@yopmail.com
2026-05-28 08:57:25 - GeoTravelGlobalLogger - INFO     - [logger.py:345] - Partners API Request: GET https://sandbox.api.developers.gowithgeo.com/api/org/usage/daily
2026-05-28 08:57:25 - GeoTravelGlobalLogger - INFO     - [logger.py:345] - Partners API Response: 401
2026-05-28 08:57:25 - GeoTravelGlobalLogger - WARNING  - [logger.py:360] - Partners API Error: 401 - saved dump: reports/failed_responses/20260528_085725_401_api_org_usage_daily.txt
2026-05-28 08:57:25 - GeoTravelGlobalLogger - INFO     - [logger.py:345] - SUCCESS: ✅ Get Daily Usage correctly blocked unverified user: geopartners66105@yopmail.com
2026-05-28 08:57:25 - GeoTravelGlobalLogger - INFO     - [logger.py:345] - Partners API Request: GET https://sandbox.api.developers.gowithgeo.com/api/org/usage/range
2026-05-28 08:57:25 - GeoTravelGlobalLogger - INFO     - [logger.py:345] - Partners API Response: 401
2026-05-28 08:57:25 - GeoTravelGlobalLogger - WARNING  - [logger.py:360] - Partners API Error: 401 - saved dump: reports/failed_responses/20260528_085725_401_api_org_usage_range.txt
2026-05-28 08:57:25 - GeoTravelGlobalLogger - INFO     - [logger.py:345] - SUCCESS: ✅ Get Usage Range correctly blocked unverified user: geopartners66105@yopmail.com
2026-05-28 08:57:25 - GeoTravelGlobalLogger - INFO     - [logger.py:345] - ✅ Saved test-specific logs: reports/logs/src_tests_partners_api_tests_test_partners_organization.py_TestPartnersOrganizationSecurity_test_unverified_user_blocked_from_all_organization_endpoints_085725.log
2026-05-28 08:57:25 - GeoTravelGlobalLogger - INFO     - [logger.py:345] - Test result added: src/tests/partners_api_tests/test_partners_organization.py::TestPartnersOrganizationSecurity::test_unverified_user_blocked_from_all_organization_endpoints - PASS (Duration: 0.90s)
2026-05-28 08:57:25 - GeoTravelGlobalLogger - INFO     - [logger.py:345] - Added test result to PARTNERS API SMOKE TEST: src/tests/partners_api_tests/test_partners_organization.py::TestPartnersOrganizationSecurity::test_unverified_user_blocked_from_all_organization_endpoints - PASS
2026-05-28 08:57:25 - GeoTravelGlobalLogger - INFO     - [logger.py:345] - 🔵 CREATING USER: geopartners16020@yopmail.com
2026-05-28 08:57:25 - GeoTravelGlobalLogger - INFO     - [logger.py:345] - Partners API Request: POST https://sandbox.api.developers.gowithgeo.com/api/auth/signup
2026-05-28 08:57:26 - GeoTravelGlobalLogger - INFO     - [logger.py:345] - Partners API Response: 201
2026-05-28 08:57:26 - GeoTravelGlobalLogger - INFO     - [logger.py:345] - 🔵 LOGIN ATTEMPT: geopartners16020@yopmail.com
2026-05-28 08:57:26 - GeoTravelGlobalLogger - INFO     - [logger.py:345] - Partners API Request: POST https://sandbox.api.developers.gowithgeo.com/api/auth/login
2026-05-28 08:57:26 - GeoTravelGlobalLogger - INFO     - [logger.py:345] - Partners API Response: 200
2026-05-28 08:57:26 - GeoTravelGlobalLogger - INFO     - [logger.py:345] - SUCCESS: ✅ Unverified user correctly denied access token: geopartners16020@yopmail.com
2026-05-28 08:57:26 - GeoTravelGlobalLogger - INFO     - [logger.py:345] - ✅ Saved test-specific logs: reports/logs/src_tests_partners_api_tests_test_partners_organization.py_TestPartnersOrganizationSecurity_test_unverified_login_returns_no_token_085726.log
2026-05-28 08:57:26 - GeoTravelGlobalLogger - INFO     - [logger.py:345] - Test result added: src/tests/partners_api_tests/test_partners_organization.py::TestPartnersOrganizationSecurity::test_unverified_login_returns_no_token - PASS (Duration: 0.85s)
2026-05-28 08:57:26 - GeoTravelGlobalLogger - INFO     - [logger.py:345] - Added test result to PARTNERS API SMOKE TEST: src/tests/partners_api_tests/test_partners_organization.py::TestPartnersOrganizationSecurity::test_unverified_login_returns_no_token - PASS
2026-05-28 08:57:26 - GeoTravelGlobalLogger - INFO     - [logger.py:345] - ✅ Auth token set (length: 17)
2026-05-28 08:57:26 - GeoTravelGlobalLogger - INFO     - [logger.py:345] - Partners API Request: GET https://sandbox.api.developers.gowithgeo.com/api/org/profile
2026-05-28 08:57:26 - GeoTravelGlobalLogger - INFO     - [logger.py:345] - Partners API Response: 401
2026-05-28 08:57:26 - GeoTravelGlobalLogger - WARNING  - [logger.py:360] - Partners API Error: 401 - saved dump: reports/failed_responses/20260528_085726_401_api_org_profile.txt
2026-05-28 08:57:26 - GeoTravelGlobalLogger - INFO     - [logger.py:345] - SUCCESS: ✅ Invalid token correctly rejected
2026-05-28 08:57:26 - GeoTravelGlobalLogger - INFO     - [logger.py:345] - ✅ Saved test-specific logs: reports/logs/src_tests_partners_api_tests_test_partners_organization.py_TestPartnersOrganizationSecurity_test_malformed_token_returns_401_085726.log
2026-05-28 08:57:26 - GeoTravelGlobalLogger - INFO     - [logger.py:345] - Test result added: src/tests/partners_api_tests/test_partners_organization.py::TestPartnersOrganizationSecurity::test_malformed_token_returns_401 - PASS (Duration: 0.05s)
2026-05-28 08:57:26 - GeoTravelGlobalLogger - INFO     - [logger.py:345] - Added test result to PARTNERS API SMOKE TEST: src/tests/partners_api_tests/test_partners_organization.py::TestPartnersOrganizationSecurity::test_malformed_token_returns_401 - PASS
2026-05-28 08:57:26 - GeoTravelGlobalLogger - INFO     - [logger.py:345] - ✅ Auth token set (length: 50)
2026-05-28 08:57:26 - GeoTravelGlobalLogger - INFO     - [logger.py:345] - Partners API Request: GET https://sandbox.api.developers.gowithgeo.com/api/org/profile
2026-05-28 08:57:26 - GeoTravelGlobalLogger - INFO     - [logger.py:345] - Partners API Response: 401
2026-05-28 08:57:26 - GeoTravelGlobalLogger - WARNING  - [logger.py:360] - Partners API Error: 401 - saved dump: reports/failed_responses/20260528_085726_401_api_org_profile.txt
2026-05-28 08:57:26 - GeoTravelGlobalLogger - INFO     - [logger.py:345] - SUCCESS: ✅ Expired token correctly rejected
2026-05-28 08:57:26 - GeoTravelGlobalLogger - INFO     - [logger.py:345] - ✅ Saved test-specific logs: reports/logs/src_tests_partners_api_tests_test_partners_organization.py_TestPartnersOrganizationSecurity_test_expired_token_returns_401_085726.log
2026-05-28 08:57:26 - GeoTravelGlobalLogger - INFO     - [logger.py:345] - Test result added: src/tests/partners_api_tests/test_partners_organization.py::TestPartnersOrganizationSecurity::test_expired_token_returns_401 - PASS (Duration: 0.06s)
2026-05-28 08:57:26 - GeoTravelGlobalLogger - INFO     - [logger.py:345] - Added test result to PARTNERS API SMOKE TEST: src/tests/partners_api_tests/test_partners_organization.py::TestPartnersOrganizationSecurity::test_expired_token_returns_401 - PASS
2026-05-28 08:57:26 - GeoTravelGlobalLogger - INFO     - [logger.py:345] - VerifiedUserHelper initialized
2026-05-28 08:57:26 - GeoTravelGlobalLogger - INFO     - [logger.py:345] - Obtaining access token from verified account
2026-05-28 08:57:26 - GeoTravelGlobalLogger - INFO     - [logger.py:345] - Partners API Request: POST https://sandbox.api.developers.gowithgeo.com/api/auth/login
2026-05-28 08:57:26 - GeoTravelGlobalLogger - INFO     - [logger.py:345] - Partners API Response: 200
2026-05-28 08:57:26 - GeoTravelGlobalLogger - INFO     - [logger.py:345] - Found JWT token in cookie: corporate_access_token
2026-05-28 08:57:26 - GeoTravelGlobalLogger - INFO     - [logger.py:345] - Token extracted via cookies (length: 232, valid)
2026-05-28 08:57:26 - GeoTravelGlobalLogger - INFO     - [logger.py:345] - ✅ Auth token set (length: 232)
2026-05-28 08:57:26 - GeoTravelGlobalLogger - INFO     - [logger.py:345] - SUCCESS: ✅ Login successful - token set via cookies
2026-05-28 08:57:26 - GeoTravelGlobalLogger - INFO     - [logger.py:345] - Found JWT token in cookie: corporate_access_token
2026-05-28 08:57:26 - GeoTravelGlobalLogger - INFO     - [logger.py:345] - Access token obtained from cookies and validated
2026-05-28 08:57:26 - GeoTravelGlobalLogger - INFO     - [logger.py:345] - ✅ Auth token set (length: 232)
2026-05-28 08:57:26 - GeoTravelGlobalLogger - INFO     - [logger.py:345] - Partners API Request: GET https://sandbox.api.developers.gowithgeo.com/api/org/profile
2026-05-28 08:57:27 - GeoTravelGlobalLogger - INFO     - [logger.py:345] - Partners API Response: 200
2026-05-28 08:57:27 - GeoTravelGlobalLogger - INFO     - [logger.py:345] - SUCCESS: ✅ Verified user can access profile
2026-05-28 08:57:27 - GeoTravelGlobalLogger - INFO     - [logger.py:345] - ✅ Saved test-specific logs: reports/logs/src_tests_partners_api_tests_test_partners_organization.py_TestPartnersOrganizationFunctionality_test_verified_user_can_access_profile_085727.log
2026-05-28 08:57:27 - GeoTravelGlobalLogger - INFO     - [logger.py:345] - Test result added: src/tests/partners_api_tests/test_partners_organization.py::TestPartnersOrganizationFunctionality::test_verified_user_can_access_profile - PASS (Duration: 0.46s)
2026-05-28 08:57:27 - GeoTravelGlobalLogger - INFO     - [logger.py:345] - Added test result to PARTNERS API SMOKE TEST: src/tests/partners_api_tests/test_partners_organization.py::TestPartnersOrganizationFunctionality::test_verified_user_can_access_profile - PASS
2026-05-28 08:57:27 - GeoTravelGlobalLogger - INFO     - [logger.py:345] - VerifiedUserHelper initialized
2026-05-28 08:57:27 - GeoTravelGlobalLogger - INFO     - [logger.py:345] - Obtaining access token from verified account
2026-05-28 08:57:27 - GeoTravelGlobalLogger - INFO     - [logger.py:345] - Partners API Request: POST https://sandbox.api.developers.gowithgeo.com/api/auth/login
2026-05-28 08:57:27 - GeoTravelGlobalLogger - INFO     - [logger.py:345] - Partners API Response: 200
2026-05-28 08:57:27 - GeoTravelGlobalLogger - INFO     - [logger.py:345] - Found JWT token in cookie: corporate_access_token
2026-05-28 08:57:27 - GeoTravelGlobalLogger - INFO     - [logger.py:345] - Token extracted via cookies (length: 232, valid)
2026-05-28 08:57:27 - GeoTravelGlobalLogger - INFO     - [logger.py:345] - ✅ Auth token set (length: 232)
2026-05-28 08:57:27 - GeoTravelGlobalLogger - INFO     - [logger.py:345] - SUCCESS: ✅ Login successful - token set via cookies
2026-05-28 08:57:27 - GeoTravelGlobalLogger - INFO     - [logger.py:345] - Found JWT token in cookie: corporate_access_token
2026-05-28 08:57:27 - GeoTravelGlobalLogger - INFO     - [logger.py:345] - Access token obtained from cookies and validated
2026-05-28 08:57:27 - GeoTravelGlobalLogger - INFO     - [logger.py:345] - ✅ Auth token set (length: 232)
2026-05-28 08:57:27 - GeoTravelGlobalLogger - INFO     - [logger.py:345] - Partners API Request: GET https://sandbox.api.developers.gowithgeo.com/api/org/reset-api-keys
2026-05-28 08:57:27 - GeoTravelGlobalLogger - INFO     - [logger.py:345] - Partners API Response: 201
2026-05-28 08:57:27 - GeoTravelGlobalLogger - INFO     - [logger.py:345] - TEST API credentials updated
2026-05-28 08:57:27 - GeoTravelGlobalLogger - INFO     - [logger.py:345] - Initializing API credentials...
2026-05-28 08:57:27 - GeoTravelGlobalLogger - INFO     - [logger.py:345] - Obtaining access token from verified account
2026-05-28 08:57:27 - GeoTravelGlobalLogger - INFO     - [logger.py:345] - Partners API Request: POST https://sandbox.api.developers.gowithgeo.com/api/auth/login
2026-05-28 08:57:28 - GeoTravelGlobalLogger - INFO     - [logger.py:345] - Partners API Response: 200
2026-05-28 08:57:28 - GeoTravelGlobalLogger - INFO     - [logger.py:345] - Found JWT token in cookie: corporate_access_token
2026-05-28 08:57:28 - GeoTravelGlobalLogger - INFO     - [logger.py:345] - Token extracted via cookies (length: 232, valid)
2026-05-28 08:57:28 - GeoTravelGlobalLogger - INFO     - [logger.py:345] - ✅ Auth token set (length: 232)
2026-05-28 08:57:28 - GeoTravelGlobalLogger - INFO     - [logger.py:345] - SUCCESS: ✅ Login successful - token set via cookies
2026-05-28 08:57:28 - GeoTravelGlobalLogger - INFO     - [logger.py:345] - Found JWT token in cookie: corporate_access_token
2026-05-28 08:57:28 - GeoTravelGlobalLogger - INFO     - [logger.py:345] - Access token obtained from cookies and validated
2026-05-28 08:57:28 - GeoTravelGlobalLogger - INFO     - [logger.py:345] - ✅ Auth token set (length: 232)
2026-05-28 08:57:28 - GeoTravelGlobalLogger - INFO     - [logger.py:345] - Partners API Request: GET https://sandbox.api.developers.gowithgeo.com/api/org/profile
2026-05-28 08:57:28 - GeoTravelGlobalLogger - INFO     - [logger.py:345] - Partners API Response: 200
2026-05-28 08:57:28 - GeoTravelGlobalLogger - INFO     - [logger.py:345] - Partners API Request: GET https://sandbox.api.developers.gowithgeo.com/api/org/reset-api-keys
2026-05-28 08:57:29 - GeoTravelGlobalLogger - INFO     - [logger.py:345] - Partners API Response: 201
2026-05-28 08:57:29 - GeoTravelGlobalLogger - INFO     - [logger.py:345] - TEST API credentials updated
2026-05-28 08:57:29 - GeoTravelGlobalLogger - INFO     - [logger.py:345] - API credentials initialized successfully
2026-05-28 08:57:29 - GeoTravelGlobalLogger - INFO     - [logger.py:345] - Creating flight API with test credentials
2026-05-28 08:57:29 - GeoTravelGlobalLogger - INFO     - [logger.py:345] - Flight API Headers: {'Content-Type': 'application/json', 'Accept': 'application/json', 'x-api-key': 'pk_test_0529e10b6f5f961b419c8d30ffa50a27', 'x-api-secret': 'sk_test_8007979f7651ae166f3c2e6c68a459db770b76ba99ec271e53d12e3909c9be0e_geo', 'x-app-id': 'dfea3391-1897-4b62-af68-8226c6e62e69'}
2026-05-28 08:57:29 - GeoTravelGlobalLogger - INFO     - [logger.py:345] - 🔍 SENDING THESE HEADERS: {'Content-Type': 'application/json', 'Accept': 'application/json', 'x-api-key': 'pk_test_0529e10b6f5f961b419c8d30ffa50a27', 'x-api-secret': 'sk_test_8007979f7651ae166f3c2e6c68a459db770b76ba99ec271e53d12e3909c9be0e_geo', 'x-app-id': 'dfea3391-1897-4b62-af68-8226c6e62e69'}
2026-05-28 08:57:29 - GeoTravelGlobalLogger - INFO     - [logger.py:345] - Partners API Request: POST https://sandbox.api.developers.gowithgeo.com/api/flight/search
2026-05-28 08:57:38 - GeoTravelGlobalLogger - INFO     - [logger.py:345] - Partners API Response: 200
2026-05-28 08:57:38 - GeoTravelGlobalLogger - INFO     - [logger.py:345] - SUCCESS: ✅ New credentials work for flight search
2026-05-28 08:57:38 - GeoTravelGlobalLogger - INFO     - [logger.py:345] - ✅ Saved test-specific logs: reports/logs/src_tests_partners_api_tests_test_partners_organization.py_TestPartnersOrganizationFunctionality_test_verified_user_can_reset_api_keys_085738.log
2026-05-28 08:57:38 - GeoTravelGlobalLogger - INFO     - [logger.py:345] - Test result added: src/tests/partners_api_tests/test_partners_organization.py::TestPartnersOrganizationFunctionality::test_verified_user_can_reset_api_keys - PASS (Duration: 11.80s)
2026-05-28 08:57:38 - GeoTravelGlobalLogger - INFO     - [logger.py:345] - Added test result to PARTNERS API SMOKE TEST: src/tests/partners_api_tests/test_partners_organization.py::TestPartnersOrganizationFunctionality::test_verified_user_can_reset_api_keys - PASS
2026-05-28 08:57:38 - GeoTravelGlobalLogger - INFO     - [logger.py:345] - VerifiedUserHelper initialized
2026-05-28 08:57:38 - GeoTravelGlobalLogger - INFO     - [logger.py:345] - Obtaining access token from verified account
2026-05-28 08:57:38 - GeoTravelGlobalLogger - INFO     - [logger.py:345] - Partners API Request: POST https://sandbox.api.developers.gowithgeo.com/api/auth/login
2026-05-28 08:57:39 - GeoTravelGlobalLogger - INFO     - [logger.py:345] - Partners API Response: 200
2026-05-28 08:57:39 - GeoTravelGlobalLogger - INFO     - [logger.py:345] - Found JWT token in cookie: corporate_access_token
2026-05-28 08:57:39 - GeoTravelGlobalLogger - INFO     - [logger.py:345] - Token extracted via cookies (length: 232, valid)
2026-05-28 08:57:39 - GeoTravelGlobalLogger - INFO     - [logger.py:345] - ✅ Auth token set (length: 232)
2026-05-28 08:57:39 - GeoTravelGlobalLogger - INFO     - [logger.py:345] - SUCCESS: ✅ Login successful - token set via cookies
2026-05-28 08:57:39 - GeoTravelGlobalLogger - INFO     - [logger.py:345] - Found JWT token in cookie: corporate_access_token
2026-05-28 08:57:39 - GeoTravelGlobalLogger - INFO     - [logger.py:345] - Access token obtained from cookies and validated
2026-05-28 08:57:39 - GeoTravelGlobalLogger - INFO     - [logger.py:345] - ✅ Auth token set (length: 232)
2026-05-28 08:57:39 - GeoTravelGlobalLogger - INFO     - [logger.py:345] - Partners API Request: GET https://sandbox.api.developers.gowithgeo.com/api/org/usage
2026-05-28 08:57:39 - GeoTravelGlobalLogger - INFO     - [logger.py:345] - Partners API Response: 200
2026-05-28 08:57:39 - GeoTravelGlobalLogger - INFO     - [logger.py:345] - SUCCESS: ✅ Verified user can access usage data
2026-05-28 08:57:39 - GeoTravelGlobalLogger - INFO     - [logger.py:345] - ✅ Saved test-specific logs: reports/logs/src_tests_partners_api_tests_test_partners_organization.py_TestPartnersOrganizationFunctionality_test_verified_user_can_access_usage_data_085739.log
2026-05-28 08:57:39 - GeoTravelGlobalLogger - INFO     - [logger.py:345] - Test result added: src/tests/partners_api_tests/test_partners_organization.py::TestPartnersOrganizationFunctionality::test_verified_user_can_access_usage_data - PASS (Duration: 0.65s)
2026-05-28 08:57:39 - GeoTravelGlobalLogger - INFO     - [logger.py:345] - Added test result to PARTNERS API SMOKE TEST: src/tests/partners_api_tests/test_partners_organization.py::TestPartnersOrganizationFunctionality::test_verified_user_can_access_usage_data - PASS
2026-05-28 08:57:39 - GeoTravelGlobalLogger - INFO     - [logger.py:345] - VerifiedUserHelper initialized
2026-05-28 08:57:39 - GeoTravelGlobalLogger - INFO     - [logger.py:345] - Obtaining access token from verified account
2026-05-28 08:57:39 - GeoTravelGlobalLogger - INFO     - [logger.py:345] - Partners API Request: POST https://sandbox.api.developers.gowithgeo.com/api/auth/login
2026-05-28 08:57:39 - GeoTravelGlobalLogger - INFO     - [logger.py:345] - Partners API Response: 200
2026-05-28 08:57:39 - GeoTravelGlobalLogger - INFO     - [logger.py:345] - Found JWT token in cookie: corporate_access_token
2026-05-28 08:57:39 - GeoTravelGlobalLogger - INFO     - [logger.py:345] - Token extracted via cookies (length: 232, valid)
2026-05-28 08:57:39 - GeoTravelGlobalLogger - INFO     - [logger.py:345] - ✅ Auth token set (length: 232)
2026-05-28 08:57:39 - GeoTravelGlobalLogger - INFO     - [logger.py:345] - SUCCESS: ✅ Login successful - token set via cookies
2026-05-28 08:57:39 - GeoTravelGlobalLogger - INFO     - [logger.py:345] - Found JWT token in cookie: corporate_access_token
2026-05-28 08:57:39 - GeoTravelGlobalLogger - INFO     - [logger.py:345] - Access token obtained from cookies and validated
2026-05-28 08:57:39 - GeoTravelGlobalLogger - INFO     - [logger.py:345] - ✅ Auth token set (length: 232)
2026-05-28 08:57:39 - GeoTravelGlobalLogger - INFO     - [logger.py:345] - Partners API Request: GET https://sandbox.api.developers.gowithgeo.com/api/org/profile
2026-05-28 08:57:40 - GeoTravelGlobalLogger - INFO     - [logger.py:345] - Partners API Response: 200
2026-05-28 08:57:40 - GeoTravelGlobalLogger - INFO     - [logger.py:345] - Verified account can access protected endpoints
2026-05-28 08:57:40 - GeoTravelGlobalLogger - INFO     - [logger.py:345] - SUCCESS: ✅ Verified account validation passed
2026-05-28 08:57:40 - GeoTravelGlobalLogger - INFO     - [logger.py:345] - ✅ Saved test-specific logs: reports/logs/src_tests_partners_api_tests_test_partners_organization.py_TestPartnersOrganizationFunctionality_test_verified_account_status_085740.log
2026-05-28 08:57:40 - GeoTravelGlobalLogger - INFO     - [logger.py:345] - Test result added: src/tests/partners_api_tests/test_partners_organization.py::TestPartnersOrganizationFunctionality::test_verified_account_status - PASS (Duration: 0.47s)
2026-05-28 08:57:40 - GeoTravelGlobalLogger - INFO     - [logger.py:345] - Added test result to PARTNERS API SMOKE TEST: src/tests/partners_api_tests/test_partners_organization.py::TestPartnersOrganizationFunctionality::test_verified_account_status - PASS
2026-05-28 08:57:40 - GeoTravelGlobalLogger - INFO     - [logger.py:345] - VerifiedUserHelper initialized
2026-05-28 08:57:40 - GeoTravelGlobalLogger - INFO     - [logger.py:345] - Obtaining access token from verified account
2026-05-28 08:57:40 - GeoTravelGlobalLogger - INFO     - [logger.py:345] - Partners API Request: POST https://sandbox.api.developers.gowithgeo.com/api/auth/login
2026-05-28 08:57:40 - GeoTravelGlobalLogger - INFO     - [logger.py:345] - Partners API Response: 200
2026-05-28 08:57:40 - GeoTravelGlobalLogger - INFO     - [logger.py:345] - Found JWT token in cookie: corporate_access_token
2026-05-28 08:57:40 - GeoTravelGlobalLogger - INFO     - [logger.py:345] - Token extracted via cookies (length: 232, valid)
2026-05-28 08:57:40 - GeoTravelGlobalLogger - INFO     - [logger.py:345] - ✅ Auth token set (length: 232)
2026-05-28 08:57:40 - GeoTravelGlobalLogger - INFO     - [logger.py:345] - SUCCESS: ✅ Login successful - token set via cookies
2026-05-28 08:57:40 - GeoTravelGlobalLogger - INFO     - [logger.py:345] - Found JWT token in cookie: corporate_access_token
2026-05-28 08:57:40 - GeoTravelGlobalLogger - INFO     - [logger.py:345] - Access token obtained from cookies and validated
2026-05-28 08:57:40 - GeoTravelGlobalLogger - INFO     - [logger.py:345] - ✅ Auth token set (length: 232)
2026-05-28 08:57:40 - GeoTravelGlobalLogger - INFO     - [logger.py:345] - Partners API Request: GET https://sandbox.api.developers.gowithgeo.com/api/org/usage
2026-05-28 08:57:40 - GeoTravelGlobalLogger - INFO     - [logger.py:345] - Partners API Response: 200
2026-05-28 08:57:40 - GeoTravelGlobalLogger - INFO     - [logger.py:345] - SUCCESS: ✅ Usage records correctly contain flight data
2026-05-28 08:57:40 - GeoTravelGlobalLogger - INFO     - [logger.py:345] - ✅ Saved test-specific logs: reports/logs/src_tests_partners_api_tests_test_partners_organization.py_TestPartnersOrganizationFunctionality_test_usage_records_contain_flight_data_085740.log
2026-05-28 08:57:40 - GeoTravelGlobalLogger - INFO     - [logger.py:345] - Test result added: src/tests/partners_api_tests/test_partners_organization.py::TestPartnersOrganizationFunctionality::test_usage_records_contain_flight_data - PASS (Duration: 0.57s)
2026-05-28 08:57:40 - GeoTravelGlobalLogger - INFO     - [logger.py:345] - Added test result to PARTNERS API SMOKE TEST: src/tests/partners_api_tests/test_partners_organization.py::TestPartnersOrganizationFunctionality::test_usage_records_contain_flight_data - PASS
2026-05-28 08:57:40 - GeoTravelGlobalLogger - INFO     - [logger.py:345] - VerifiedUserHelper initialized
2026-05-28 08:57:40 - GeoTravelGlobalLogger - INFO     - [logger.py:345] - Obtaining access token from verified account
2026-05-28 08:57:40 - GeoTravelGlobalLogger - INFO     - [logger.py:345] - Partners API Request: POST https://sandbox.api.developers.gowithgeo.com/api/auth/login
2026-05-28 08:57:40 - GeoTravelGlobalLogger - INFO     - [logger.py:345] - Partners API Response: 200
2026-05-28 08:57:40 - GeoTravelGlobalLogger - INFO     - [logger.py:345] - Found JWT token in cookie: corporate_access_token
2026-05-28 08:57:40 - GeoTravelGlobalLogger - INFO     - [logger.py:345] - Token extracted via cookies (length: 232, valid)
2026-05-28 08:57:40 - GeoTravelGlobalLogger - INFO     - [logger.py:345] - ✅ Auth token set (length: 232)
2026-05-28 08:57:40 - GeoTravelGlobalLogger - INFO     - [logger.py:345] - SUCCESS: ✅ Login successful - token set via cookies
2026-05-28 08:57:40 - GeoTravelGlobalLogger - INFO     - [logger.py:345] - Found JWT token in cookie: corporate_access_token
2026-05-28 08:57:40 - GeoTravelGlobalLogger - INFO     - [logger.py:345] - Access token obtained from cookies and validated
2026-05-28 08:57:40 - GeoTravelGlobalLogger - INFO     - [logger.py:345] - ✅ Auth token set (length: 232)
2026-05-28 08:57:40 - GeoTravelGlobalLogger - INFO     - [logger.py:345] - Partners API Request: GET https://sandbox.api.developers.gowithgeo.com/api/org/usage
2026-05-28 08:57:41 - GeoTravelGlobalLogger - INFO     - [logger.py:345] - Partners API Response: 200
2026-05-28 08:57:41 - GeoTravelGlobalLogger - INFO     - [logger.py:345] - SUCCESS: ✅ Usage records correctly contain package data
2026-05-28 08:57:41 - GeoTravelGlobalLogger - INFO     - [logger.py:345] - ✅ Saved test-specific logs: reports/logs/src_tests_partners_api_tests_test_partners_organization.py_TestPartnersOrganizationFunctionality_test_usage_records_contain_package_data_085741.log
2026-05-28 08:57:41 - GeoTravelGlobalLogger - INFO     - [logger.py:345] - Test result added: src/tests/partners_api_tests/test_partners_organization.py::TestPartnersOrganizationFunctionality::test_usage_records_contain_package_data - PASS (Duration: 0.56s)
2026-05-28 08:57:41 - GeoTravelGlobalLogger - INFO     - [logger.py:345] - Added test result to PARTNERS API SMOKE TEST: src/tests/partners_api_tests/test_partners_organization.py::TestPartnersOrganizationFunctionality::test_usage_records_contain_package_data - PASS
2026-05-28 08:57:41 - GeoTravelGlobalLogger - INFO     - [logger.py:345] - VerifiedUserHelper initialized
2026-05-28 08:57:41 - GeoTravelGlobalLogger - INFO     - [logger.py:345] - Obtaining access token from verified account
2026-05-28 08:57:41 - GeoTravelGlobalLogger - INFO     - [logger.py:345] - Partners API Request: POST https://sandbox.api.developers.gowithgeo.com/api/auth/login
2026-05-28 08:57:41 - GeoTravelGlobalLogger - INFO     - [logger.py:345] - Partners API Response: 200
2026-05-28 08:57:41 - GeoTravelGlobalLogger - INFO     - [logger.py:345] - Found JWT token in cookie: corporate_access_token
2026-05-28 08:57:41 - GeoTravelGlobalLogger - INFO     - [logger.py:345] - Token extracted via cookies (length: 232, valid)
2026-05-28 08:57:41 - GeoTravelGlobalLogger - INFO     - [logger.py:345] - ✅ Auth token set (length: 232)
2026-05-28 08:57:41 - GeoTravelGlobalLogger - INFO     - [logger.py:345] - SUCCESS: ✅ Login successful - token set via cookies
2026-05-28 08:57:41 - GeoTravelGlobalLogger - INFO     - [logger.py:345] - Found JWT token in cookie: corporate_access_token
2026-05-28 08:57:41 - GeoTravelGlobalLogger - INFO     - [logger.py:345] - Access token obtained from cookies and validated
2026-05-28 08:57:41 - GeoTravelGlobalLogger - INFO     - [logger.py:345] - ✅ Auth token set (length: 232)
2026-05-28 08:57:41 - GeoTravelGlobalLogger - INFO     - [logger.py:345] - Partners API Request: GET https://sandbox.api.developers.gowithgeo.com/api/org/usage/range
2026-05-28 08:57:41 - GeoTravelGlobalLogger - INFO     - [logger.py:345] - Partners API Response: 200
2026-05-28 08:57:41 - GeoTravelGlobalLogger - INFO     - [logger.py:345] - SUCCESS: ✅ Usage range correctly shows cumulative data
2026-05-28 08:57:41 - GeoTravelGlobalLogger - INFO     - [logger.py:345] - ✅ Saved test-specific logs: reports/logs/src_tests_partners_api_tests_test_partners_organization.py_TestPartnersOrganizationFunctionality_test_usage_range_shows_cumulative_data_085741.log
2026-05-28 08:57:41 - GeoTravelGlobalLogger - INFO     - [logger.py:345] - Test result added: src/tests/partners_api_tests/test_partners_organization.py::TestPartnersOrganizationFunctionality::test_usage_range_shows_cumulative_data - PASS (Duration: 0.56s)
2026-05-28 08:57:41 - GeoTravelGlobalLogger - INFO     - [logger.py:345] - Added test result to PARTNERS API SMOKE TEST: src/tests/partners_api_tests/test_partners_organization.py::TestPartnersOrganizationFunctionality::test_usage_range_shows_cumulative_data - PASS
2026-05-28 08:57:41 - GeoTravelGlobalLogger - INFO     - [logger.py:345] - VerifiedUserHelper initialized
2026-05-28 08:57:41 - GeoTravelGlobalLogger - INFO     - [logger.py:345] - 🔵 DEBUG - Testing credential initialization
2026-05-28 08:57:41 - GeoTravelGlobalLogger - INFO     - [logger.py:345] - Initializing API credentials...
2026-05-28 08:57:41 - GeoTravelGlobalLogger - INFO     - [logger.py:345] - Obtaining access token from verified account
2026-05-28 08:57:41 - GeoTravelGlobalLogger - INFO     - [logger.py:345] - Partners API Request: POST https://sandbox.api.developers.gowithgeo.com/api/auth/login
2026-05-28 08:57:41 - GeoTravelGlobalLogger - INFO     - [logger.py:345] - Partners API Response: 200
2026-05-28 08:57:41 - GeoTravelGlobalLogger - INFO     - [logger.py:345] - Found JWT token in cookie: corporate_access_token
2026-05-28 08:57:41 - GeoTravelGlobalLogger - INFO     - [logger.py:345] - Token extracted via cookies (length: 232, valid)
2026-05-28 08:57:41 - GeoTravelGlobalLogger - INFO     - [logger.py:345] - ✅ Auth token set (length: 232)
2026-05-28 08:57:41 - GeoTravelGlobalLogger - INFO     - [logger.py:345] - SUCCESS: ✅ Login successful - token set via cookies
2026-05-28 08:57:41 - GeoTravelGlobalLogger - INFO     - [logger.py:345] - Found JWT token in cookie: corporate_access_token
2026-05-28 08:57:41 - GeoTravelGlobalLogger - INFO     - [logger.py:345] - Access token obtained from cookies and validated
2026-05-28 08:57:41 - GeoTravelGlobalLogger - INFO     - [logger.py:345] - ✅ Auth token set (length: 232)
2026-05-28 08:57:41 - GeoTravelGlobalLogger - INFO     - [logger.py:345] - Partners API Request: GET https://sandbox.api.developers.gowithgeo.com/api/org/profile
2026-05-28 08:57:42 - GeoTravelGlobalLogger - INFO     - [logger.py:345] - Partners API Response: 200
2026-05-28 08:57:42 - GeoTravelGlobalLogger - INFO     - [logger.py:345] - Partners API Request: GET https://sandbox.api.developers.gowithgeo.com/api/org/reset-api-keys
2026-05-28 08:57:42 - GeoTravelGlobalLogger - INFO     - [logger.py:345] - Partners API Response: 201
2026-05-28 08:57:42 - GeoTravelGlobalLogger - INFO     - [logger.py:345] - TEST API credentials updated
2026-05-28 08:57:42 - GeoTravelGlobalLogger - INFO     - [logger.py:345] - API credentials initialized successfully
2026-05-28 08:57:42 - GeoTravelGlobalLogger - INFO     - [logger.py:345] - ✅ Test API Key: pk_test_4cfc4d4487bd3c6493c245519f897b56
2026-05-28 08:57:42 - GeoTravelGlobalLogger - INFO     - [logger.py:345] - ✅ Org ID: dfea3391-1897-4b62-af68-8226c6e62e69
2026-05-28 08:57:42 - GeoTravelGlobalLogger - INFO     - [logger.py:345] - Creating flight API with test credentials
2026-05-28 08:57:42 - GeoTravelGlobalLogger - INFO     - [logger.py:345] - SUCCESS: ✅ Credential initialization flow works correctly
2026-05-28 08:57:42 - GeoTravelGlobalLogger - INFO     - [logger.py:345] - ✅ Saved test-specific logs: reports/logs/src_tests_partners_api_tests_test_partners_organization.py_TestPartnersOrganizationFunctionality_test_credential_initialization_flow_085742.log
2026-05-28 08:57:42 - GeoTravelGlobalLogger - INFO     - [logger.py:345] - Test result added: src/tests/partners_api_tests/test_partners_organization.py::TestPartnersOrganizationFunctionality::test_credential_initialization_flow - PASS (Duration: 1.06s)
2026-05-28 08:57:42 - GeoTravelGlobalLogger - INFO     - [logger.py:345] - Added test result to PARTNERS API SMOKE TEST: src/tests/partners_api_tests/test_partners_organization.py::TestPartnersOrganizationFunctionality::test_credential_initialization_flow - PASS
2026-05-28 08:57:42 - GeoTravelGlobalLogger - INFO     - [logger.py:345] - 🔵 CREATING UNVERIFIED USER: packagetest86764@yopmail.com
2026-05-28 08:57:42 - GeoTravelGlobalLogger - INFO     - [logger.py:345] - Partners API Request: POST https://sandbox.api.developers.gowithgeo.com/api/auth/signup
2026-05-28 08:57:43 - GeoTravelGlobalLogger - INFO     - [logger.py:345] - Partners API Response: 201
2026-05-28 08:57:43 - GeoTravelGlobalLogger - INFO     - [logger.py:345] - 🔵 ATTEMPTING PACKAGE LISTING: packagetest86764@yopmail.com
2026-05-28 08:57:43 - GeoTravelGlobalLogger - INFO     - [logger.py:345] - Partners API Request: GET https://sandbox.api.developers.gowithgeo.com/api/package/all
2026-05-28 08:57:43 - GeoTravelGlobalLogger - INFO     - [logger.py:345] - Partners API Response: 401
2026-05-28 08:57:43 - GeoTravelGlobalLogger - WARNING  - [logger.py:360] - Partners API Error: 401 - saved dump: reports/failed_responses/20260528_085743_401_api_package_all.txt
2026-05-28 08:57:43 - GeoTravelGlobalLogger - INFO     - [logger.py:345] - SUCCESS: ✅ Unverified user correctly blocked from package listing: packagetest86764@yopmail.com
2026-05-28 08:57:43 - GeoTravelGlobalLogger - INFO     - [logger.py:345] - ✅ Saved test-specific logs: reports/logs/src_tests_partners_api_tests_test_partners_package.py_TestPartnersPackageSecurity_test_unverified_user_blocked_from_package_listing_085743.log
2026-05-28 08:57:43 - GeoTravelGlobalLogger - INFO     - [logger.py:345] - Test result added: src/tests/partners_api_tests/test_partners_package.py::TestPartnersPackageSecurity::test_unverified_user_blocked_from_package_listing - PASS (Duration: 0.71s)
2026-05-28 08:57:43 - GeoTravelGlobalLogger - INFO     - [logger.py:345] - Added test result to PARTNERS API SMOKE TEST: src/tests/partners_api_tests/test_partners_package.py::TestPartnersPackageSecurity::test_unverified_user_blocked_from_package_listing - PASS
2026-05-28 08:57:43 - GeoTravelGlobalLogger - INFO     - [logger.py:345] - 🔵 CREATING UNVERIFIED USER: packagetest91591@yopmail.com
2026-05-28 08:57:43 - GeoTravelGlobalLogger - INFO     - [logger.py:345] - Partners API Request: POST https://sandbox.api.developers.gowithgeo.com/api/auth/signup
2026-05-28 08:57:44 - GeoTravelGlobalLogger - INFO     - [logger.py:345] - Partners API Response: 201
2026-05-28 08:57:44 - GeoTravelGlobalLogger - INFO     - [logger.py:345] - 🔵 ATTEMPTING PACKAGE COUNTRIES: packagetest91591@yopmail.com
2026-05-28 08:57:44 - GeoTravelGlobalLogger - INFO     - [logger.py:345] - Partners API Request: GET https://sandbox.api.developers.gowithgeo.com/api/package/countries
2026-05-28 08:57:44 - GeoTravelGlobalLogger - INFO     - [logger.py:345] - Partners API Response: 401
2026-05-28 08:57:44 - GeoTravelGlobalLogger - WARNING  - [logger.py:360] - Partners API Error: 401 - saved dump: reports/failed_responses/20260528_085744_401_api_package_countries.txt
2026-05-28 08:57:44 - GeoTravelGlobalLogger - INFO     - [logger.py:345] - SUCCESS: ✅ Unverified user correctly blocked from package countries: packagetest91591@yopmail.com
2026-05-28 08:57:44 - GeoTravelGlobalLogger - INFO     - [logger.py:345] - ✅ Saved test-specific logs: reports/logs/src_tests_partners_api_tests_test_partners_package.py_TestPartnersPackageSecurity_test_unverified_user_blocked_from_package_countries_085744.log
2026-05-28 08:57:44 - GeoTravelGlobalLogger - INFO     - [logger.py:345] - Test result added: src/tests/partners_api_tests/test_partners_package.py::TestPartnersPackageSecurity::test_unverified_user_blocked_from_package_countries - PASS (Duration: 0.72s)
2026-05-28 08:57:44 - GeoTravelGlobalLogger - INFO     - [logger.py:345] - Added test result to PARTNERS API SMOKE TEST: src/tests/partners_api_tests/test_partners_package.py::TestPartnersPackageSecurity::test_unverified_user_blocked_from_package_countries - PASS
2026-05-28 08:57:44 - GeoTravelGlobalLogger - INFO     - [logger.py:345] - 🔵 CREATING UNVERIFIED USER: packagetest98239@yopmail.com
2026-05-28 08:57:44 - GeoTravelGlobalLogger - INFO     - [logger.py:345] - Partners API Request: POST https://sandbox.api.developers.gowithgeo.com/api/auth/signup
2026-05-28 08:57:44 - GeoTravelGlobalLogger - INFO     - [logger.py:345] - Partners API Response: 201
2026-05-28 08:57:44 - GeoTravelGlobalLogger - INFO     - [logger.py:345] - 🔵 ATTEMPTING PACKAGE BOOKING: packagetest98239@yopmail.com
2026-05-28 08:57:44 - GeoTravelGlobalLogger - INFO     - [logger.py:345] - Partners API Request: POST https://sandbox.api.developers.gowithgeo.com/api/package/book
2026-05-28 08:57:44 - GeoTravelGlobalLogger - INFO     - [logger.py:345] - Partners API Response: 401
2026-05-28 08:57:44 - GeoTravelGlobalLogger - WARNING  - [logger.py:360] - Partners API Error: 401 - saved dump: reports/failed_responses/20260528_085744_401_api_package_book.txt
2026-05-28 08:57:44 - GeoTravelGlobalLogger - INFO     - [logger.py:345] - SUCCESS: ✅ Unverified user correctly blocked from package booking: packagetest98239@yopmail.com
2026-05-28 08:57:44 - GeoTravelGlobalLogger - INFO     - [logger.py:345] - ✅ Saved test-specific logs: reports/logs/src_tests_partners_api_tests_test_partners_package.py_TestPartnersPackageSecurity_test_unverified_user_blocked_from_package_booking_085744.log
2026-05-28 08:57:44 - GeoTravelGlobalLogger - INFO     - [logger.py:345] - Test result added: src/tests/partners_api_tests/test_partners_package.py::TestPartnersPackageSecurity::test_unverified_user_blocked_from_package_booking - PASS (Duration: 0.72s)
2026-05-28 08:57:44 - GeoTravelGlobalLogger - INFO     - [logger.py:345] - Added test result to PARTNERS API SMOKE TEST: src/tests/partners_api_tests/test_partners_package.py::TestPartnersPackageSecurity::test_unverified_user_blocked_from_package_booking - PASS
2026-05-28 08:57:44 - GeoTravelGlobalLogger - INFO     - [logger.py:345] - VerifiedUserHelper initialized
2026-05-28 08:57:44 - GeoTravelGlobalLogger - INFO     - [logger.py:345] - Obtaining access token from verified account
2026-05-28 08:57:44 - GeoTravelGlobalLogger - INFO     - [logger.py:345] - Partners API Request: POST https://sandbox.api.developers.gowithgeo.com/api/auth/login
2026-05-28 08:57:45 - GeoTravelGlobalLogger - INFO     - [logger.py:345] - Partners API Response: 200
2026-05-28 08:57:45 - GeoTravelGlobalLogger - INFO     - [logger.py:345] - Found JWT token in cookie: corporate_access_token
2026-05-28 08:57:45 - GeoTravelGlobalLogger - INFO     - [logger.py:345] - Token extracted via cookies (length: 232, valid)
2026-05-28 08:57:45 - GeoTravelGlobalLogger - INFO     - [logger.py:345] - ✅ Auth token set (length: 232)
2026-05-28 08:57:45 - GeoTravelGlobalLogger - INFO     - [logger.py:345] - SUCCESS: ✅ Login successful - token set via cookies
2026-05-28 08:57:45 - GeoTravelGlobalLogger - INFO     - [logger.py:345] - Found JWT token in cookie: corporate_access_token
2026-05-28 08:57:45 - GeoTravelGlobalLogger - INFO     - [logger.py:345] - Access token obtained from cookies and validated
2026-05-28 08:57:45 - GeoTravelGlobalLogger - INFO     - [logger.py:345] - ✅ Auth token set (length: 232)
2026-05-28 08:57:45 - GeoTravelGlobalLogger - WARNING  - [logger.py:360] - Credentials not initialized, initializing now...
2026-05-28 08:57:45 - GeoTravelGlobalLogger - INFO     - [logger.py:345] - Initializing API credentials...
2026-05-28 08:57:45 - GeoTravelGlobalLogger - INFO     - [logger.py:345] - Obtaining access token from verified account
2026-05-28 08:57:45 - GeoTravelGlobalLogger - INFO     - [logger.py:345] - Partners API Request: POST https://sandbox.api.developers.gowithgeo.com/api/auth/login
2026-05-28 08:57:45 - GeoTravelGlobalLogger - INFO     - [logger.py:345] - Partners API Response: 200
2026-05-28 08:57:45 - GeoTravelGlobalLogger - INFO     - [logger.py:345] - Found JWT token in cookie: corporate_access_token
2026-05-28 08:57:45 - GeoTravelGlobalLogger - INFO     - [logger.py:345] - Token extracted via cookies (length: 232, valid)
2026-05-28 08:57:45 - GeoTravelGlobalLogger - INFO     - [logger.py:345] - ✅ Auth token set (length: 232)
2026-05-28 08:57:45 - GeoTravelGlobalLogger - INFO     - [logger.py:345] - SUCCESS: ✅ Login successful - token set via cookies
2026-05-28 08:57:45 - GeoTravelGlobalLogger - INFO     - [logger.py:345] - Found JWT token in cookie: corporate_access_token
2026-05-28 08:57:45 - GeoTravelGlobalLogger - INFO     - [logger.py:345] - Access token obtained from cookies and validated
2026-05-28 08:57:45 - GeoTravelGlobalLogger - INFO     - [logger.py:345] - ✅ Auth token set (length: 232)
2026-05-28 08:57:45 - GeoTravelGlobalLogger - INFO     - [logger.py:345] - Partners API Request: GET https://sandbox.api.developers.gowithgeo.com/api/org/profile
2026-05-28 08:57:45 - GeoTravelGlobalLogger - INFO     - [logger.py:345] - Partners API Response: 200
2026-05-28 08:57:45 - GeoTravelGlobalLogger - INFO     - [logger.py:345] - Partners API Request: GET https://sandbox.api.developers.gowithgeo.com/api/org/reset-api-keys
2026-05-28 08:57:46 - GeoTravelGlobalLogger - INFO     - [logger.py:345] - Partners API Response: 201
2026-05-28 08:57:46 - GeoTravelGlobalLogger - INFO     - [logger.py:345] - TEST API credentials updated
2026-05-28 08:57:46 - GeoTravelGlobalLogger - INFO     - [logger.py:345] - API credentials initialized successfully
2026-05-28 08:57:46 - GeoTravelGlobalLogger - INFO     - [logger.py:345] - Creating package API with test credentials
2026-05-28 08:57:46 - GeoTravelGlobalLogger - INFO     - [logger.py:345] - 🔵 VERIFIED USER - Getting package listings
2026-05-28 08:57:46 - GeoTravelGlobalLogger - INFO     - [logger.py:345] - Partners API Request: GET https://sandbox.api.developers.gowithgeo.com/api/package/all
2026-05-28 08:57:47 - GeoTravelGlobalLogger - INFO     - [logger.py:345] - Partners API Response: 200
2026-05-28 08:57:47 - GeoTravelGlobalLogger - INFO     - [logger.py:345] - SUCCESS: ✅ Verified user can get packages - found 5 packages
2026-05-28 08:57:47 - GeoTravelGlobalLogger - INFO     - [logger.py:345] - ✅ Saved test-specific logs: reports/logs/src_tests_partners_api_tests_test_partners_package.py_TestPartnersPackageFunctionality_test_verified_user_can_get_packages_085747.log
2026-05-28 08:57:47 - GeoTravelGlobalLogger - INFO     - [logger.py:345] - Test result added: src/tests/partners_api_tests/test_partners_package.py::TestPartnersPackageFunctionality::test_verified_user_can_get_packages - PASS (Duration: 2.04s)
2026-05-28 08:57:47 - GeoTravelGlobalLogger - INFO     - [logger.py:345] - Added test result to PARTNERS API SMOKE TEST: src/tests/partners_api_tests/test_partners_package.py::TestPartnersPackageFunctionality::test_verified_user_can_get_packages - PASS
2026-05-28 08:57:47 - GeoTravelGlobalLogger - INFO     - [logger.py:345] - VerifiedUserHelper initialized
2026-05-28 08:57:47 - GeoTravelGlobalLogger - INFO     - [logger.py:345] - Obtaining access token from verified account
2026-05-28 08:57:47 - GeoTravelGlobalLogger - INFO     - [logger.py:345] - Partners API Request: POST https://sandbox.api.developers.gowithgeo.com/api/auth/login
2026-05-28 08:57:47 - GeoTravelGlobalLogger - INFO     - [logger.py:345] - Partners API Response: 200
2026-05-28 08:57:47 - GeoTravelGlobalLogger - INFO     - [logger.py:345] - Found JWT token in cookie: corporate_access_token
2026-05-28 08:57:47 - GeoTravelGlobalLogger - INFO     - [logger.py:345] - Token extracted via cookies (length: 232, valid)
2026-05-28 08:57:47 - GeoTravelGlobalLogger - INFO     - [logger.py:345] - ✅ Auth token set (length: 232)
2026-05-28 08:57:47 - GeoTravelGlobalLogger - INFO     - [logger.py:345] - SUCCESS: ✅ Login successful - token set via cookies
2026-05-28 08:57:47 - GeoTravelGlobalLogger - INFO     - [logger.py:345] - Found JWT token in cookie: corporate_access_token
2026-05-28 08:57:47 - GeoTravelGlobalLogger - INFO     - [logger.py:345] - Access token obtained from cookies and validated
2026-05-28 08:57:47 - GeoTravelGlobalLogger - INFO     - [logger.py:345] - ✅ Auth token set (length: 232)
2026-05-28 08:57:47 - GeoTravelGlobalLogger - WARNING  - [logger.py:360] - Credentials not initialized, initializing now...
2026-05-28 08:57:47 - GeoTravelGlobalLogger - INFO     - [logger.py:345] - Initializing API credentials...
2026-05-28 08:57:47 - GeoTravelGlobalLogger - INFO     - [logger.py:345] - Obtaining access token from verified account
2026-05-28 08:57:47 - GeoTravelGlobalLogger - INFO     - [logger.py:345] - Partners API Request: POST https://sandbox.api.developers.gowithgeo.com/api/auth/login
2026-05-28 08:57:47 - GeoTravelGlobalLogger - INFO     - [logger.py:345] - Partners API Response: 200
2026-05-28 08:57:47 - GeoTravelGlobalLogger - INFO     - [logger.py:345] - Found JWT token in cookie: corporate_access_token
2026-05-28 08:57:47 - GeoTravelGlobalLogger - INFO     - [logger.py:345] - Token extracted via cookies (length: 232, valid)
2026-05-28 08:57:47 - GeoTravelGlobalLogger - INFO     - [logger.py:345] - ✅ Auth token set (length: 232)
2026-05-28 08:57:47 - GeoTravelGlobalLogger - INFO     - [logger.py:345] - SUCCESS: ✅ Login successful - token set via cookies
2026-05-28 08:57:47 - GeoTravelGlobalLogger - INFO     - [logger.py:345] - Found JWT token in cookie: corporate_access_token
2026-05-28 08:57:47 - GeoTravelGlobalLogger - INFO     - [logger.py:345] - Access token obtained from cookies and validated
2026-05-28 08:57:47 - GeoTravelGlobalLogger - INFO     - [logger.py:345] - ✅ Auth token set (length: 232)
2026-05-28 08:57:47 - GeoTravelGlobalLogger - INFO     - [logger.py:345] - Partners API Request: GET https://sandbox.api.developers.gowithgeo.com/api/org/profile
2026-05-28 08:57:47 - GeoTravelGlobalLogger - INFO     - [logger.py:345] - Partners API Response: 200
2026-05-28 08:57:47 - GeoTravelGlobalLogger - INFO     - [logger.py:345] - Partners API Request: GET https://sandbox.api.developers.gowithgeo.com/api/org/reset-api-keys
2026-05-28 08:57:48 - GeoTravelGlobalLogger - INFO     - [logger.py:345] - Partners API Response: 201
2026-05-28 08:57:48 - GeoTravelGlobalLogger - INFO     - [logger.py:345] - TEST API credentials updated
2026-05-28 08:57:48 - GeoTravelGlobalLogger - INFO     - [logger.py:345] - API credentials initialized successfully
2026-05-28 08:57:48 - GeoTravelGlobalLogger - INFO     - [logger.py:345] - Creating package API with test credentials
2026-05-28 08:57:48 - GeoTravelGlobalLogger - INFO     - [logger.py:345] - 🔵 VERIFIED USER - Getting package countries
2026-05-28 08:57:48 - GeoTravelGlobalLogger - INFO     - [logger.py:345] - Partners API Request: GET https://sandbox.api.developers.gowithgeo.com/api/package/countries
2026-05-28 08:57:48 - GeoTravelGlobalLogger - INFO     - [logger.py:345] - Partners API Response: 200
2026-05-28 08:57:48 - GeoTravelGlobalLogger - INFO     - [logger.py:345] - SUCCESS: ✅ Verified user can get package countries - 4 countries, 5 cities
2026-05-28 08:57:48 - GeoTravelGlobalLogger - INFO     - [logger.py:345] - ✅ Saved test-specific logs: reports/logs/src_tests_partners_api_tests_test_partners_package.py_TestPartnersPackageFunctionality_test_verified_user_can_get_package_countries_085748.log
2026-05-28 08:57:48 - GeoTravelGlobalLogger - INFO     - [logger.py:345] - Test result added: src/tests/partners_api_tests/test_partners_package.py::TestPartnersPackageFunctionality::test_verified_user_can_get_package_countries - PASS (Duration: 1.36s)
2026-05-28 08:57:48 - GeoTravelGlobalLogger - INFO     - [logger.py:345] - Added test result to PARTNERS API SMOKE TEST: src/tests/partners_api_tests/test_partners_package.py::TestPartnersPackageFunctionality::test_verified_user_can_get_package_countries - PASS
2026-05-28 08:57:48 - GeoTravelGlobalLogger - INFO     - [logger.py:345] - VerifiedUserHelper initialized
2026-05-28 08:57:48 - GeoTravelGlobalLogger - INFO     - [logger.py:345] - Obtaining access token from verified account
2026-05-28 08:57:48 - GeoTravelGlobalLogger - INFO     - [logger.py:345] - Partners API Request: POST https://sandbox.api.developers.gowithgeo.com/api/auth/login
2026-05-28 08:57:48 - GeoTravelGlobalLogger - INFO     - [logger.py:345] - Partners API Response: 200
2026-05-28 08:57:48 - GeoTravelGlobalLogger - INFO     - [logger.py:345] - Found JWT token in cookie: corporate_access_token
2026-05-28 08:57:48 - GeoTravelGlobalLogger - INFO     - [logger.py:345] - Token extracted via cookies (length: 232, valid)
2026-05-28 08:57:48 - GeoTravelGlobalLogger - INFO     - [logger.py:345] - ✅ Auth token set (length: 232)
2026-05-28 08:57:48 - GeoTravelGlobalLogger - INFO     - [logger.py:345] - SUCCESS: ✅ Login successful - token set via cookies
2026-05-28 08:57:48 - GeoTravelGlobalLogger - INFO     - [logger.py:345] - Found JWT token in cookie: corporate_access_token
2026-05-28 08:57:48 - GeoTravelGlobalLogger - INFO     - [logger.py:345] - Access token obtained from cookies and validated
2026-05-28 08:57:48 - GeoTravelGlobalLogger - INFO     - [logger.py:345] - ✅ Auth token set (length: 232)
2026-05-28 08:57:48 - GeoTravelGlobalLogger - INFO     - [logger.py:345] - === Testing GROUP Package - Full Payment ===
2026-05-28 08:57:48 - GeoTravelGlobalLogger - WARNING  - [logger.py:360] - Credentials not initialized, initializing now...
2026-05-28 08:57:48 - GeoTravelGlobalLogger - INFO     - [logger.py:345] - Initializing API credentials...
2026-05-28 08:57:48 - GeoTravelGlobalLogger - INFO     - [logger.py:345] - Obtaining access token from verified account
2026-05-28 08:57:48 - GeoTravelGlobalLogger - INFO     - [logger.py:345] - Partners API Request: POST https://sandbox.api.developers.gowithgeo.com/api/auth/login
2026-05-28 08:57:49 - GeoTravelGlobalLogger - INFO     - [logger.py:345] - Partners API Response: 200
2026-05-28 08:57:49 - GeoTravelGlobalLogger - INFO     - [logger.py:345] - Found JWT token in cookie: corporate_access_token
2026-05-28 08:57:49 - GeoTravelGlobalLogger - INFO     - [logger.py:345] - Token extracted via cookies (length: 232, valid)
2026-05-28 08:57:49 - GeoTravelGlobalLogger - INFO     - [logger.py:345] - ✅ Auth token set (length: 232)
2026-05-28 08:57:49 - GeoTravelGlobalLogger - INFO     - [logger.py:345] - SUCCESS: ✅ Login successful - token set via cookies
2026-05-28 08:57:49 - GeoTravelGlobalLogger - INFO     - [logger.py:345] - Found JWT token in cookie: corporate_access_token
2026-05-28 08:57:49 - GeoTravelGlobalLogger - INFO     - [logger.py:345] - Access token obtained from cookies and validated
2026-05-28 08:57:49 - GeoTravelGlobalLogger - INFO     - [logger.py:345] - ✅ Auth token set (length: 232)
2026-05-28 08:57:49 - GeoTravelGlobalLogger - INFO     - [logger.py:345] - Partners API Request: GET https://sandbox.api.developers.gowithgeo.com/api/org/profile
2026-05-28 08:57:49 - GeoTravelGlobalLogger - INFO     - [logger.py:345] - Partners API Response: 200
2026-05-28 08:57:49 - GeoTravelGlobalLogger - INFO     - [logger.py:345] - Partners API Request: GET https://sandbox.api.developers.gowithgeo.com/api/org/reset-api-keys
2026-05-28 08:57:50 - GeoTravelGlobalLogger - INFO     - [logger.py:345] - Partners API Response: 201
2026-05-28 08:57:50 - GeoTravelGlobalLogger - INFO     - [logger.py:345] - TEST API credentials updated
2026-05-28 08:57:50 - GeoTravelGlobalLogger - INFO     - [logger.py:345] - API credentials initialized successfully
2026-05-28 08:57:50 - GeoTravelGlobalLogger - INFO     - [logger.py:345] - Creating package API with test credentials
2026-05-28 08:57:50 - GeoTravelGlobalLogger - INFO     - [logger.py:345] - Partners API Request: GET https://sandbox.api.developers.gowithgeo.com/api/package/all
2026-05-28 08:57:50 - GeoTravelGlobalLogger - INFO     - [logger.py:345] - Partners API Response: 200
2026-05-28 08:57:50 - GeoTravelGlobalLogger - INFO     - [logger.py:345] - 📦 Selected package: Abuja Grooving (ID: 2)
2026-05-28 08:57:50 - GeoTravelGlobalLogger - INFO     - [logger.py:345] - 💰 Selected pricing: Per person
2026-05-28 08:57:50 - GeoTravelGlobalLogger - INFO     - [logger.py:345] - Partners API Request: GET https://sandbox.api.developers.gowithgeo.com/api/package/bookings
2026-05-28 08:57:50 - GeoTravelGlobalLogger - INFO     - [logger.py:345] - Partners API Response: 200
2026-05-28 08:57:50 - GeoTravelGlobalLogger - INFO     - [logger.py:345] - 📦 Payload: {'package': '2', 'full_name': 'Test User 4484', 'email': 'testuser4484@yopmail.com', 'phone': '+234799402451', 'pricing_text': 'Per person', 'payment_mode': 'FULL_PRICE', 'adults': 3, 'children': 0, 'infants': 0}
2026-05-28 08:57:50 - GeoTravelGlobalLogger - INFO     - [logger.py:345] - Partners API Request: POST https://sandbox.api.developers.gowithgeo.com/api/package/book
2026-05-28 08:57:51 - GeoTravelGlobalLogger - INFO     - [logger.py:345] - Partners API Response: 201
2026-05-28 08:57:51 - GeoTravelGlobalLogger - INFO     - [logger.py:345] - 📦 Booking Response: {'message': 'Package booked successfully'}
2026-05-28 08:57:52 - GeoTravelGlobalLogger - INFO     - [logger.py:345] - Partners API Request: GET https://sandbox.api.developers.gowithgeo.com/api/package/bookings
2026-05-28 08:57:52 - GeoTravelGlobalLogger - INFO     - [logger.py:345] - Partners API Response: 200
2026-05-28 08:57:52 - GeoTravelGlobalLogger - INFO     - [logger.py:345] - SUCCESS: ✅ Bookings increased from 341 to 342
2026-05-28 08:57:52 - GeoTravelGlobalLogger - INFO     - [logger.py:345] - SUCCESS: ✅ GROUP package full payment test passed
2026-05-28 08:57:52 - GeoTravelGlobalLogger - INFO     - [logger.py:345] - ✅ Saved test-specific logs: reports/logs/src_tests_partners_api_tests_test_partners_package.py_TestPartnersPackageFunctionality_test_verified_user_book_group_full_payment_085752.log
2026-05-28 08:57:52 - GeoTravelGlobalLogger - INFO     - [logger.py:345] - Test result added: src/tests/partners_api_tests/test_partners_package.py::TestPartnersPackageFunctionality::test_verified_user_book_group_full_payment - PASS (Duration: 3.93s)
2026-05-28 08:57:52 - GeoTravelGlobalLogger - INFO     - [logger.py:345] - Added test result to PARTNERS API SMOKE TEST: src/tests/partners_api_tests/test_partners_package.py::TestPartnersPackageFunctionality::test_verified_user_book_group_full_payment - PASS
2026-05-28 08:57:52 - GeoTravelGlobalLogger - INFO     - [logger.py:345] - VerifiedUserHelper initialized
2026-05-28 08:57:52 - GeoTravelGlobalLogger - INFO     - [logger.py:345] - Obtaining access token from verified account
2026-05-28 08:57:52 - GeoTravelGlobalLogger - INFO     - [logger.py:345] - Partners API Request: POST https://sandbox.api.developers.gowithgeo.com/api/auth/login
2026-05-28 08:57:53 - GeoTravelGlobalLogger - INFO     - [logger.py:345] - Partners API Response: 200
2026-05-28 08:57:53 - GeoTravelGlobalLogger - INFO     - [logger.py:345] - Found JWT token in cookie: corporate_access_token
2026-05-28 08:57:53 - GeoTravelGlobalLogger - INFO     - [logger.py:345] - Token extracted via cookies (length: 232, valid)
2026-05-28 08:57:53 - GeoTravelGlobalLogger - INFO     - [logger.py:345] - ✅ Auth token set (length: 232)
2026-05-28 08:57:53 - GeoTravelGlobalLogger - INFO     - [logger.py:345] - SUCCESS: ✅ Login successful - token set via cookies
2026-05-28 08:57:53 - GeoTravelGlobalLogger - INFO     - [logger.py:345] - Found JWT token in cookie: corporate_access_token
2026-05-28 08:57:53 - GeoTravelGlobalLogger - INFO     - [logger.py:345] - Access token obtained from cookies and validated
2026-05-28 08:57:53 - GeoTravelGlobalLogger - INFO     - [logger.py:345] - ✅ Auth token set (length: 232)
2026-05-28 08:57:53 - GeoTravelGlobalLogger - INFO     - [logger.py:345] - === Testing GROUP Package - Lockdown Payment ===
2026-05-28 08:57:53 - GeoTravelGlobalLogger - WARNING  - [logger.py:360] - Credentials not initialized, initializing now...
2026-05-28 08:57:53 - GeoTravelGlobalLogger - INFO     - [logger.py:345] - Initializing API credentials...
2026-05-28 08:57:53 - GeoTravelGlobalLogger - INFO     - [logger.py:345] - Obtaining access token from verified account
2026-05-28 08:57:53 - GeoTravelGlobalLogger - INFO     - [logger.py:345] - Partners API Request: POST https://sandbox.api.developers.gowithgeo.com/api/auth/login
2026-05-28 08:57:53 - GeoTravelGlobalLogger - INFO     - [logger.py:345] - Partners API Response: 200
2026-05-28 08:57:53 - GeoTravelGlobalLogger - INFO     - [logger.py:345] - Found JWT token in cookie: corporate_access_token
2026-05-28 08:57:53 - GeoTravelGlobalLogger - INFO     - [logger.py:345] - Token extracted via cookies (length: 232, valid)
2026-05-28 08:57:53 - GeoTravelGlobalLogger - INFO     - [logger.py:345] - ✅ Auth token set (length: 232)
2026-05-28 08:57:53 - GeoTravelGlobalLogger - INFO     - [logger.py:345] - SUCCESS: ✅ Login successful - token set via cookies
2026-05-28 08:57:53 - GeoTravelGlobalLogger - INFO     - [logger.py:345] - Found JWT token in cookie: corporate_access_token
2026-05-28 08:57:53 - GeoTravelGlobalLogger - INFO     - [logger.py:345] - Access token obtained from cookies and validated
2026-05-28 08:57:53 - GeoTravelGlobalLogger - INFO     - [logger.py:345] - ✅ Auth token set (length: 232)
2026-05-28 08:57:53 - GeoTravelGlobalLogger - INFO     - [logger.py:345] - Partners API Request: GET https://sandbox.api.developers.gowithgeo.com/api/org/profile
2026-05-28 08:57:53 - GeoTravelGlobalLogger - INFO     - [logger.py:345] - Partners API Response: 200
2026-05-28 08:57:53 - GeoTravelGlobalLogger - INFO     - [logger.py:345] - Partners API Request: GET https://sandbox.api.developers.gowithgeo.com/api/org/reset-api-keys
2026-05-28 08:57:54 - GeoTravelGlobalLogger - INFO     - [logger.py:345] - Partners API Response: 201
2026-05-28 08:57:54 - GeoTravelGlobalLogger - INFO     - [logger.py:345] - TEST API credentials updated
2026-05-28 08:57:54 - GeoTravelGlobalLogger - INFO     - [logger.py:345] - API credentials initialized successfully
2026-05-28 08:57:54 - GeoTravelGlobalLogger - INFO     - [logger.py:345] - Creating package API with test credentials
2026-05-28 08:57:54 - GeoTravelGlobalLogger - INFO     - [logger.py:345] - Partners API Request: GET https://sandbox.api.developers.gowithgeo.com/api/package/all
2026-05-28 08:57:54 - GeoTravelGlobalLogger - INFO     - [logger.py:345] - Partners API Response: 200
2026-05-28 08:57:54 - GeoTravelGlobalLogger - INFO     - [logger.py:345] - 📦 Selected package: Lagos Group Adventure – Discover Kenya's Heart in 5 Days (ID: 13)
2026-05-28 08:57:54 - GeoTravelGlobalLogger - INFO     - [logger.py:345] - Partners API Request: GET https://sandbox.api.developers.gowithgeo.com/api/package/bookings
2026-05-28 08:57:54 - GeoTravelGlobalLogger - INFO     - [logger.py:345] - Partners API Response: 200
2026-05-28 08:57:54 - GeoTravelGlobalLogger - INFO     - [logger.py:345] - Partners API Request: POST https://sandbox.api.developers.gowithgeo.com/api/package/book
2026-05-28 08:57:55 - GeoTravelGlobalLogger - INFO     - [logger.py:345] - Partners API Response: 201
2026-05-28 08:57:55 - GeoTravelGlobalLogger - INFO     - [logger.py:345] - 📦 Booking Response: {'message': 'Package booked successfully'}
2026-05-28 08:57:56 - GeoTravelGlobalLogger - INFO     - [logger.py:345] - Partners API Request: GET https://sandbox.api.developers.gowithgeo.com/api/package/bookings
2026-05-28 08:57:57 - GeoTravelGlobalLogger - INFO     - [logger.py:345] - Partners API Response: 200
2026-05-28 08:57:57 - GeoTravelGlobalLogger - INFO     - [logger.py:345] - SUCCESS: ✅ Bookings increased from 342 to 343
2026-05-28 08:57:57 - GeoTravelGlobalLogger - INFO     - [logger.py:345] - SUCCESS: ✅ GROUP package lockdown payment test passed
2026-05-28 08:57:57 - GeoTravelGlobalLogger - INFO     - [logger.py:345] - ✅ Saved test-specific logs: reports/logs/src_tests_partners_api_tests_test_partners_package.py_TestPartnersPackageFunctionality_test_verified_user_book_group_lockdown_payment_085757.log
2026-05-28 08:57:57 - GeoTravelGlobalLogger - INFO     - [logger.py:345] - Test result added: src/tests/partners_api_tests/test_partners_package.py::TestPartnersPackageFunctionality::test_verified_user_book_group_lockdown_payment - PASS (Duration: 3.92s)
2026-05-28 08:57:57 - GeoTravelGlobalLogger - INFO     - [logger.py:345] - Added test result to PARTNERS API SMOKE TEST: src/tests/partners_api_tests/test_partners_package.py::TestPartnersPackageFunctionality::test_verified_user_book_group_lockdown_payment - PASS
2026-05-28 08:57:57 - GeoTravelGlobalLogger - INFO     - [logger.py:345] - VerifiedUserHelper initialized
2026-05-28 08:57:57 - GeoTravelGlobalLogger - INFO     - [logger.py:345] - Obtaining access token from verified account
2026-05-28 08:57:57 - GeoTravelGlobalLogger - INFO     - [logger.py:345] - Partners API Request: POST https://sandbox.api.developers.gowithgeo.com/api/auth/login
2026-05-28 08:57:57 - GeoTravelGlobalLogger - INFO     - [logger.py:345] - Partners API Response: 200
2026-05-28 08:57:57 - GeoTravelGlobalLogger - INFO     - [logger.py:345] - Found JWT token in cookie: corporate_access_token
2026-05-28 08:57:57 - GeoTravelGlobalLogger - INFO     - [logger.py:345] - Token extracted via cookies (length: 232, valid)
2026-05-28 08:57:57 - GeoTravelGlobalLogger - INFO     - [logger.py:345] - ✅ Auth token set (length: 232)
2026-05-28 08:57:57 - GeoTravelGlobalLogger - INFO     - [logger.py:345] - SUCCESS: ✅ Login successful - token set via cookies
2026-05-28 08:57:57 - GeoTravelGlobalLogger - INFO     - [logger.py:345] - Found JWT token in cookie: corporate_access_token
2026-05-28 08:57:57 - GeoTravelGlobalLogger - INFO     - [logger.py:345] - Access token obtained from cookies and validated
2026-05-28 08:57:57 - GeoTravelGlobalLogger - INFO     - [logger.py:345] - ✅ Auth token set (length: 232)
2026-05-28 08:57:57 - GeoTravelGlobalLogger - INFO     - [logger.py:345] - === Testing GROUP Package - Deal Price ===
2026-05-28 08:57:57 - GeoTravelGlobalLogger - WARNING  - [logger.py:360] - Credentials not initialized, initializing now...
2026-05-28 08:57:57 - GeoTravelGlobalLogger - INFO     - [logger.py:345] - Initializing API credentials...
2026-05-28 08:57:57 - GeoTravelGlobalLogger - INFO     - [logger.py:345] - Obtaining access token from verified account
2026-05-28 08:57:57 - GeoTravelGlobalLogger - INFO     - [logger.py:345] - Partners API Request: POST https://sandbox.api.developers.gowithgeo.com/api/auth/login
2026-05-28 08:57:57 - GeoTravelGlobalLogger - INFO     - [logger.py:345] - Partners API Response: 200
2026-05-28 08:57:57 - GeoTravelGlobalLogger - INFO     - [logger.py:345] - Found JWT token in cookie: corporate_access_token
2026-05-28 08:57:57 - GeoTravelGlobalLogger - INFO     - [logger.py:345] - Token extracted via cookies (length: 232, valid)
2026-05-28 08:57:57 - GeoTravelGlobalLogger - INFO     - [logger.py:345] - ✅ Auth token set (length: 232)
2026-05-28 08:57:57 - GeoTravelGlobalLogger - INFO     - [logger.py:345] - SUCCESS: ✅ Login successful - token set via cookies
2026-05-28 08:57:57 - GeoTravelGlobalLogger - INFO     - [logger.py:345] - Found JWT token in cookie: corporate_access_token
2026-05-28 08:57:57 - GeoTravelGlobalLogger - INFO     - [logger.py:345] - Access token obtained from cookies and validated
2026-05-28 08:57:57 - GeoTravelGlobalLogger - INFO     - [logger.py:345] - ✅ Auth token set (length: 232)
2026-05-28 08:57:57 - GeoTravelGlobalLogger - INFO     - [logger.py:345] - Partners API Request: GET https://sandbox.api.developers.gowithgeo.com/api/org/profile
2026-05-28 08:57:57 - GeoTravelGlobalLogger - INFO     - [logger.py:345] - Partners API Response: 200
2026-05-28 08:57:57 - GeoTravelGlobalLogger - INFO     - [logger.py:345] - Partners API Request: GET https://sandbox.api.developers.gowithgeo.com/api/org/reset-api-keys
2026-05-28 08:57:58 - GeoTravelGlobalLogger - INFO     - [logger.py:345] - Partners API Response: 201
2026-05-28 08:57:58 - GeoTravelGlobalLogger - INFO     - [logger.py:345] - TEST API credentials updated
2026-05-28 08:57:58 - GeoTravelGlobalLogger - INFO     - [logger.py:345] - API credentials initialized successfully
2026-05-28 08:57:58 - GeoTravelGlobalLogger - INFO     - [logger.py:345] - Creating package API with test credentials
2026-05-28 08:57:58 - GeoTravelGlobalLogger - INFO     - [logger.py:345] - Partners API Request: GET https://sandbox.api.developers.gowithgeo.com/api/package/all
2026-05-28 08:57:58 - GeoTravelGlobalLogger - INFO     - [logger.py:345] - Partners API Response: 200
2026-05-28 08:57:58 - GeoTravelGlobalLogger - INFO     - [logger.py:345] - 📦 Selected package with deal: Lagos Group Adventure – Discover Kenya's Heart in 5 Days (ID: 13)
2026-05-28 08:57:58 - GeoTravelGlobalLogger - INFO     - [logger.py:345] - Partners API Request: GET https://sandbox.api.developers.gowithgeo.com/api/package/bookings
2026-05-28 08:57:58 - GeoTravelGlobalLogger - INFO     - [logger.py:345] - Partners API Response: 200
2026-05-28 08:57:58 - GeoTravelGlobalLogger - INFO     - [logger.py:345] - Partners API Request: POST https://sandbox.api.developers.gowithgeo.com/api/package/book
2026-05-28 08:57:59 - GeoTravelGlobalLogger - INFO     - [logger.py:345] - Partners API Response: 201
2026-05-28 08:57:59 - GeoTravelGlobalLogger - INFO     - [logger.py:345] - 📦 Booking Response: {'message': 'Package booked successfully'}
2026-05-28 08:58:00 - GeoTravelGlobalLogger - INFO     - [logger.py:345] - Partners API Request: GET https://sandbox.api.developers.gowithgeo.com/api/package/bookings
2026-05-28 08:58:01 - GeoTravelGlobalLogger - INFO     - [logger.py:345] - Partners API Response: 200
2026-05-28 08:58:01 - GeoTravelGlobalLogger - INFO     - [logger.py:345] - SUCCESS: ✅ Bookings increased from 343 to 344
2026-05-28 08:58:01 - GeoTravelGlobalLogger - INFO     - [logger.py:345] - SUCCESS: ✅ GROUP package deal price test passed
2026-05-28 08:58:01 - GeoTravelGlobalLogger - INFO     - [logger.py:345] - ✅ Saved test-specific logs: reports/logs/src_tests_partners_api_tests_test_partners_package.py_TestPartnersPackageFunctionality_test_verified_user_book_group_deal_price_085801.log
2026-05-28 08:58:01 - GeoTravelGlobalLogger - INFO     - [logger.py:345] - Test result added: src/tests/partners_api_tests/test_partners_package.py::TestPartnersPackageFunctionality::test_verified_user_book_group_deal_price - PASS (Duration: 3.95s)
2026-05-28 08:58:01 - GeoTravelGlobalLogger - INFO     - [logger.py:345] - Added test result to PARTNERS API SMOKE TEST: src/tests/partners_api_tests/test_partners_package.py::TestPartnersPackageFunctionality::test_verified_user_book_group_deal_price - PASS
2026-05-28 08:58:01 - GeoTravelGlobalLogger - INFO     - [logger.py:345] - VerifiedUserHelper initialized
2026-05-28 08:58:01 - GeoTravelGlobalLogger - INFO     - [logger.py:345] - Obtaining access token from verified account
2026-05-28 08:58:01 - GeoTravelGlobalLogger - INFO     - [logger.py:345] - Partners API Request: POST https://sandbox.api.developers.gowithgeo.com/api/auth/login
2026-05-28 08:58:01 - GeoTravelGlobalLogger - INFO     - [logger.py:345] - Partners API Response: 200
2026-05-28 08:58:01 - GeoTravelGlobalLogger - INFO     - [logger.py:345] - Found JWT token in cookie: corporate_access_token
2026-05-28 08:58:01 - GeoTravelGlobalLogger - INFO     - [logger.py:345] - Token extracted via cookies (length: 232, valid)
2026-05-28 08:58:01 - GeoTravelGlobalLogger - INFO     - [logger.py:345] - ✅ Auth token set (length: 232)
2026-05-28 08:58:01 - GeoTravelGlobalLogger - INFO     - [logger.py:345] - SUCCESS: ✅ Login successful - token set via cookies
2026-05-28 08:58:01 - GeoTravelGlobalLogger - INFO     - [logger.py:345] - Found JWT token in cookie: corporate_access_token
2026-05-28 08:58:01 - GeoTravelGlobalLogger - INFO     - [logger.py:345] - Access token obtained from cookies and validated
2026-05-28 08:58:01 - GeoTravelGlobalLogger - INFO     - [logger.py:345] - ✅ Auth token set (length: 232)
2026-05-28 08:58:01 - GeoTravelGlobalLogger - INFO     - [logger.py:345] - === Testing PRIVATE Package - Future Departure (>30 days) ===
2026-05-28 08:58:01 - GeoTravelGlobalLogger - WARNING  - [logger.py:360] - Credentials not initialized, initializing now...
2026-05-28 08:58:01 - GeoTravelGlobalLogger - INFO     - [logger.py:345] - Initializing API credentials...
2026-05-28 08:58:01 - GeoTravelGlobalLogger - INFO     - [logger.py:345] - Obtaining access token from verified account
2026-05-28 08:58:01 - GeoTravelGlobalLogger - INFO     - [logger.py:345] - Partners API Request: POST https://sandbox.api.developers.gowithgeo.com/api/auth/login
2026-05-28 08:58:01 - GeoTravelGlobalLogger - INFO     - [logger.py:345] - Partners API Response: 200
2026-05-28 08:58:01 - GeoTravelGlobalLogger - INFO     - [logger.py:345] - Found JWT token in cookie: corporate_access_token
2026-05-28 08:58:01 - GeoTravelGlobalLogger - INFO     - [logger.py:345] - Token extracted via cookies (length: 232, valid)
2026-05-28 08:58:01 - GeoTravelGlobalLogger - INFO     - [logger.py:345] - ✅ Auth token set (length: 232)
2026-05-28 08:58:01 - GeoTravelGlobalLogger - INFO     - [logger.py:345] - SUCCESS: ✅ Login successful - token set via cookies
2026-05-28 08:58:01 - GeoTravelGlobalLogger - INFO     - [logger.py:345] - Found JWT token in cookie: corporate_access_token
2026-05-28 08:58:01 - GeoTravelGlobalLogger - INFO     - [logger.py:345] - Access token obtained from cookies and validated
2026-05-28 08:58:01 - GeoTravelGlobalLogger - INFO     - [logger.py:345] - ✅ Auth token set (length: 232)
2026-05-28 08:58:01 - GeoTravelGlobalLogger - INFO     - [logger.py:345] - Partners API Request: GET https://sandbox.api.developers.gowithgeo.com/api/org/profile
2026-05-28 08:58:01 - GeoTravelGlobalLogger - INFO     - [logger.py:345] - Partners API Response: 200
2026-05-28 08:58:01 - GeoTravelGlobalLogger - INFO     - [logger.py:345] - Partners API Request: GET https://sandbox.api.developers.gowithgeo.com/api/org/reset-api-keys
2026-05-28 08:58:02 - GeoTravelGlobalLogger - INFO     - [logger.py:345] - Partners API Response: 201
2026-05-28 08:58:02 - GeoTravelGlobalLogger - INFO     - [logger.py:345] - TEST API credentials updated
2026-05-28 08:58:02 - GeoTravelGlobalLogger - INFO     - [logger.py:345] - API credentials initialized successfully
2026-05-28 08:58:02 - GeoTravelGlobalLogger - INFO     - [logger.py:345] - Creating package API with test credentials
2026-05-28 08:58:02 - GeoTravelGlobalLogger - INFO     - [logger.py:345] - Partners API Request: GET https://sandbox.api.developers.gowithgeo.com/api/package/all
2026-05-28 08:58:02 - GeoTravelGlobalLogger - INFO     - [logger.py:345] - Partners API Response: 200
2026-05-28 08:58:02 - GeoTravelGlobalLogger - INFO     - [logger.py:345] - 📦 Selected package: Christmas Eve (ID: 15)
2026-05-28 08:58:02 - GeoTravelGlobalLogger - INFO     - [logger.py:345] - 📅 Selected departure: 2026-08-11 (75 days away)
2026-05-28 08:58:02 - GeoTravelGlobalLogger - INFO     - [logger.py:345] - Partners API Request: GET https://sandbox.api.developers.gowithgeo.com/api/package/bookings
2026-05-28 08:58:03 - GeoTravelGlobalLogger - INFO     - [logger.py:345] - Partners API Response: 200
2026-05-28 08:58:03 - GeoTravelGlobalLogger - INFO     - [logger.py:345] - 📦 Payload: {'package': '15', 'full_name': 'Test User 8648', 'email': 'testuser8648@yopmail.com', 'phone': '+234778870200', 'pricing_text': 'Personalized', 'payment_mode': 'LOCKDOWN', 'adults': 2, 'children': 0, 'infants': 0, 'departure_date': '2026-08-11', 'return_date': '2026-08-18'}
2026-05-28 08:58:03 - GeoTravelGlobalLogger - INFO     - [logger.py:345] - Partners API Request: POST https://sandbox.api.developers.gowithgeo.com/api/package/book
2026-05-28 08:58:03 - GeoTravelGlobalLogger - INFO     - [logger.py:345] - Partners API Response: 201
2026-05-28 08:58:03 - GeoTravelGlobalLogger - INFO     - [logger.py:345] - 📦 Booking Response: {'message': 'Package booked successfully'}
2026-05-28 08:58:04 - GeoTravelGlobalLogger - INFO     - [logger.py:345] - Partners API Request: GET https://sandbox.api.developers.gowithgeo.com/api/package/bookings
2026-05-28 08:58:05 - GeoTravelGlobalLogger - INFO     - [logger.py:345] - Partners API Response: 200
2026-05-28 08:58:05 - GeoTravelGlobalLogger - INFO     - [logger.py:345] - SUCCESS: ✅ Bookings increased from 344 to 345
2026-05-28 08:58:05 - GeoTravelGlobalLogger - INFO     - [logger.py:345] - SUCCESS: ✅ PRIVATE package future departure test passed
2026-05-28 08:58:05 - GeoTravelGlobalLogger - INFO     - [logger.py:345] - ✅ Saved test-specific logs: reports/logs/src_tests_partners_api_tests_test_partners_package.py_TestPartnersPackageFunctionality_test_verified_user_book_private_future_departure_085805.log
2026-05-28 08:58:05 - GeoTravelGlobalLogger - INFO     - [logger.py:345] - Test result added: src/tests/partners_api_tests/test_partners_package.py::TestPartnersPackageFunctionality::test_verified_user_book_private_future_departure - PASS (Duration: 3.93s)
2026-05-28 08:58:05 - GeoTravelGlobalLogger - INFO     - [logger.py:345] - Added test result to PARTNERS API SMOKE TEST: src/tests/partners_api_tests/test_partners_package.py::TestPartnersPackageFunctionality::test_verified_user_book_private_future_departure - PASS
2026-05-28 08:58:05 - GeoTravelGlobalLogger - INFO     - [logger.py:345] - VerifiedUserHelper initialized
2026-05-28 08:58:05 - GeoTravelGlobalLogger - INFO     - [logger.py:345] - Obtaining access token from verified account
2026-05-28 08:58:05 - GeoTravelGlobalLogger - INFO     - [logger.py:345] - Partners API Request: POST https://sandbox.api.developers.gowithgeo.com/api/auth/login
2026-05-28 08:58:05 - GeoTravelGlobalLogger - INFO     - [logger.py:345] - Partners API Response: 200
2026-05-28 08:58:05 - GeoTravelGlobalLogger - INFO     - [logger.py:345] - Found JWT token in cookie: corporate_access_token
2026-05-28 08:58:05 - GeoTravelGlobalLogger - INFO     - [logger.py:345] - Token extracted via cookies (length: 232, valid)
2026-05-28 08:58:05 - GeoTravelGlobalLogger - INFO     - [logger.py:345] - ✅ Auth token set (length: 232)
2026-05-28 08:58:05 - GeoTravelGlobalLogger - INFO     - [logger.py:345] - SUCCESS: ✅ Login successful - token set via cookies
2026-05-28 08:58:05 - GeoTravelGlobalLogger - INFO     - [logger.py:345] - Found JWT token in cookie: corporate_access_token
2026-05-28 08:58:05 - GeoTravelGlobalLogger - INFO     - [logger.py:345] - Access token obtained from cookies and validated
2026-05-28 08:58:05 - GeoTravelGlobalLogger - INFO     - [logger.py:345] - ✅ Auth token set (length: 232)
2026-05-28 08:58:05 - GeoTravelGlobalLogger - INFO     - [logger.py:345] - === Testing PRIVATE Package - Within 30 Days (Full Payment) ===
2026-05-28 08:58:05 - GeoTravelGlobalLogger - WARNING  - [logger.py:360] - Credentials not initialized, initializing now...
2026-05-28 08:58:05 - GeoTravelGlobalLogger - INFO     - [logger.py:345] - Initializing API credentials...
2026-05-28 08:58:05 - GeoTravelGlobalLogger - INFO     - [logger.py:345] - Obtaining access token from verified account
2026-05-28 08:58:05 - GeoTravelGlobalLogger - INFO     - [logger.py:345] - Partners API Request: POST https://sandbox.api.developers.gowithgeo.com/api/auth/login
2026-05-28 08:58:05 - GeoTravelGlobalLogger - INFO     - [logger.py:345] - Partners API Response: 200
2026-05-28 08:58:05 - GeoTravelGlobalLogger - INFO     - [logger.py:345] - Found JWT token in cookie: corporate_access_token
2026-05-28 08:58:05 - GeoTravelGlobalLogger - INFO     - [logger.py:345] - Token extracted via cookies (length: 232, valid)
2026-05-28 08:58:05 - GeoTravelGlobalLogger - INFO     - [logger.py:345] - ✅ Auth token set (length: 232)
2026-05-28 08:58:05 - GeoTravelGlobalLogger - INFO     - [logger.py:345] - SUCCESS: ✅ Login successful - token set via cookies
2026-05-28 08:58:05 - GeoTravelGlobalLogger - INFO     - [logger.py:345] - Found JWT token in cookie: corporate_access_token
2026-05-28 08:58:05 - GeoTravelGlobalLogger - INFO     - [logger.py:345] - Access token obtained from cookies and validated
2026-05-28 08:58:05 - GeoTravelGlobalLogger - INFO     - [logger.py:345] - ✅ Auth token set (length: 232)
2026-05-28 08:58:05 - GeoTravelGlobalLogger - INFO     - [logger.py:345] - Partners API Request: GET https://sandbox.api.developers.gowithgeo.com/api/org/profile
2026-05-28 08:58:05 - GeoTravelGlobalLogger - INFO     - [logger.py:345] - Partners API Response: 200
2026-05-28 08:58:05 - GeoTravelGlobalLogger - INFO     - [logger.py:345] - Partners API Request: GET https://sandbox.api.developers.gowithgeo.com/api/org/reset-api-keys
2026-05-28 08:58:06 - GeoTravelGlobalLogger - INFO     - [logger.py:345] - Partners API Response: 201
2026-05-28 08:58:06 - GeoTravelGlobalLogger - INFO     - [logger.py:345] - TEST API credentials updated
2026-05-28 08:58:06 - GeoTravelGlobalLogger - INFO     - [logger.py:345] - API credentials initialized successfully
2026-05-28 08:58:06 - GeoTravelGlobalLogger - INFO     - [logger.py:345] - Creating package API with test credentials
2026-05-28 08:58:06 - GeoTravelGlobalLogger - INFO     - [logger.py:345] - Partners API Request: GET https://sandbox.api.developers.gowithgeo.com/api/package/all
2026-05-28 08:58:06 - GeoTravelGlobalLogger - INFO     - [logger.py:345] - Partners API Response: 200
2026-05-28 08:58:06 - GeoTravelGlobalLogger - INFO     - [logger.py:345] - 📦 Selected package: Christmas Eve (ID: 15)
2026-05-28 08:58:06 - GeoTravelGlobalLogger - INFO     - [logger.py:345] - 📅 Departure in 15 days
2026-05-28 08:58:06 - GeoTravelGlobalLogger - INFO     - [logger.py:345] - Partners API Request: GET https://sandbox.api.developers.gowithgeo.com/api/package/bookings
2026-05-28 08:58:07 - GeoTravelGlobalLogger - INFO     - [logger.py:345] - Partners API Response: 200
2026-05-28 08:58:07 - GeoTravelGlobalLogger - INFO     - [logger.py:345] - 📦 Payload: {'package': '15', 'full_name': 'Test User 2332', 'email': 'testuser2332@yopmail.com', 'phone': '+234780590664', 'pricing_text': 'Personalized', 'payment_mode': 'FULL_PRICE', 'adults': 1, 'children': 1, 'infants': 0, 'departure_date': '2026-06-12', 'return_date': '2026-06-19'}
2026-05-28 08:58:07 - GeoTravelGlobalLogger - INFO     - [logger.py:345] - Partners API Request: POST https://sandbox.api.developers.gowithgeo.com/api/package/book
2026-05-28 08:58:08 - GeoTravelGlobalLogger - INFO     - [logger.py:345] - Partners API Response: 201
2026-05-28 08:58:08 - GeoTravelGlobalLogger - INFO     - [logger.py:345] - 📦 Booking Response: {'message': 'Package booked successfully'}
2026-05-28 08:58:09 - GeoTravelGlobalLogger - INFO     - [logger.py:345] - Partners API Request: GET https://sandbox.api.developers.gowithgeo.com/api/package/bookings
2026-05-28 08:58:09 - GeoTravelGlobalLogger - INFO     - [logger.py:345] - Partners API Response: 200
2026-05-28 08:58:09 - GeoTravelGlobalLogger - INFO     - [logger.py:345] - SUCCESS: ✅ Bookings increased from 345 to 346
2026-05-28 08:58:09 - GeoTravelGlobalLogger - INFO     - [logger.py:345] - SUCCESS: ✅ PRIVATE package within 30 days (full payment) test passed
2026-05-28 08:58:09 - GeoTravelGlobalLogger - INFO     - [logger.py:345] - ✅ Saved test-specific logs: reports/logs/src_tests_partners_api_tests_test_partners_package.py_TestPartnersPackageFunctionality_test_verified_user_book_private_within_30_days_full_payment_085809.log
2026-05-28 08:58:09 - GeoTravelGlobalLogger - INFO     - [logger.py:345] - Test result added: src/tests/partners_api_tests/test_partners_package.py::TestPartnersPackageFunctionality::test_verified_user_book_private_within_30_days_full_payment - PASS (Duration: 3.91s)
2026-05-28 08:58:09 - GeoTravelGlobalLogger - INFO     - [logger.py:345] - Added test result to PARTNERS API SMOKE TEST: src/tests/partners_api_tests/test_partners_package.py::TestPartnersPackageFunctionality::test_verified_user_book_private_within_30_days_full_payment - PASS
2026-05-28 08:58:09 - GeoTravelGlobalLogger - INFO     - [logger.py:345] - VerifiedUserHelper initialized
2026-05-28 08:58:09 - GeoTravelGlobalLogger - INFO     - [logger.py:345] - Obtaining access token from verified account
2026-05-28 08:58:09 - GeoTravelGlobalLogger - INFO     - [logger.py:345] - Partners API Request: POST https://sandbox.api.developers.gowithgeo.com/api/auth/login
2026-05-28 08:58:09 - GeoTravelGlobalLogger - INFO     - [logger.py:345] - Partners API Response: 200
2026-05-28 08:58:09 - GeoTravelGlobalLogger - INFO     - [logger.py:345] - Found JWT token in cookie: corporate_access_token
2026-05-28 08:58:09 - GeoTravelGlobalLogger - INFO     - [logger.py:345] - Token extracted via cookies (length: 232, valid)
2026-05-28 08:58:09 - GeoTravelGlobalLogger - INFO     - [logger.py:345] - ✅ Auth token set (length: 232)
2026-05-28 08:58:09 - GeoTravelGlobalLogger - INFO     - [logger.py:345] - SUCCESS: ✅ Login successful - token set via cookies
2026-05-28 08:58:09 - GeoTravelGlobalLogger - INFO     - [logger.py:345] - Found JWT token in cookie: corporate_access_token
2026-05-28 08:58:09 - GeoTravelGlobalLogger - INFO     - [logger.py:345] - Access token obtained from cookies and validated
2026-05-28 08:58:09 - GeoTravelGlobalLogger - INFO     - [logger.py:345] - ✅ Auth token set (length: 232)
2026-05-28 08:58:09 - GeoTravelGlobalLogger - INFO     - [logger.py:345] - === Testing PRIVATE Package - Within 30 Days (Lockdown Should Fail) ===
2026-05-28 08:58:09 - GeoTravelGlobalLogger - WARNING  - [logger.py:360] - Credentials not initialized, initializing now...
2026-05-28 08:58:09 - GeoTravelGlobalLogger - INFO     - [logger.py:345] - Initializing API credentials...
2026-05-28 08:58:09 - GeoTravelGlobalLogger - INFO     - [logger.py:345] - Obtaining access token from verified account
2026-05-28 08:58:09 - GeoTravelGlobalLogger - INFO     - [logger.py:345] - Partners API Request: POST https://sandbox.api.developers.gowithgeo.com/api/auth/login
2026-05-28 08:58:09 - GeoTravelGlobalLogger - INFO     - [logger.py:345] - Partners API Response: 200
2026-05-28 08:58:09 - GeoTravelGlobalLogger - INFO     - [logger.py:345] - Found JWT token in cookie: corporate_access_token
2026-05-28 08:58:09 - GeoTravelGlobalLogger - INFO     - [logger.py:345] - Token extracted via cookies (length: 232, valid)
2026-05-28 08:58:09 - GeoTravelGlobalLogger - INFO     - [logger.py:345] - ✅ Auth token set (length: 232)
2026-05-28 08:58:09 - GeoTravelGlobalLogger - INFO     - [logger.py:345] - SUCCESS: ✅ Login successful - token set via cookies
2026-05-28 08:58:09 - GeoTravelGlobalLogger - INFO     - [logger.py:345] - Found JWT token in cookie: corporate_access_token
2026-05-28 08:58:09 - GeoTravelGlobalLogger - INFO     - [logger.py:345] - Access token obtained from cookies and validated
2026-05-28 08:58:09 - GeoTravelGlobalLogger - INFO     - [logger.py:345] - ✅ Auth token set (length: 232)
2026-05-28 08:58:09 - GeoTravelGlobalLogger - INFO     - [logger.py:345] - Partners API Request: GET https://sandbox.api.developers.gowithgeo.com/api/org/profile
2026-05-28 08:58:10 - GeoTravelGlobalLogger - INFO     - [logger.py:345] - Partners API Response: 200
2026-05-28 08:58:10 - GeoTravelGlobalLogger - INFO     - [logger.py:345] - Partners API Request: GET https://sandbox.api.developers.gowithgeo.com/api/org/reset-api-keys
2026-05-28 08:58:10 - GeoTravelGlobalLogger - INFO     - [logger.py:345] - Partners API Response: 201
2026-05-28 08:58:10 - GeoTravelGlobalLogger - INFO     - [logger.py:345] - TEST API credentials updated
2026-05-28 08:58:10 - GeoTravelGlobalLogger - INFO     - [logger.py:345] - API credentials initialized successfully
2026-05-28 08:58:10 - GeoTravelGlobalLogger - INFO     - [logger.py:345] - Creating package API with test credentials
2026-05-28 08:58:10 - GeoTravelGlobalLogger - INFO     - [logger.py:345] - Partners API Request: GET https://sandbox.api.developers.gowithgeo.com/api/package/all
2026-05-28 08:58:11 - GeoTravelGlobalLogger - INFO     - [logger.py:345] - Partners API Response: 200
2026-05-28 08:58:11 - GeoTravelGlobalLogger - INFO     - [logger.py:345] - 📦 Selected package: Christmas Eve (ID: 15)
2026-05-28 08:58:11 - GeoTravelGlobalLogger - INFO     - [logger.py:345] - 📅 Departure in 27 days
2026-05-28 08:58:11 - GeoTravelGlobalLogger - INFO     - [logger.py:345] - 📦 Attempting lockdown payment (should fail): {'package': '15', 'full_name': 'Test User 3382', 'email': 'testuser3382@yopmail.com', 'phone': '+234752656447', 'pricing_text': 'Personalized', 'payment_mode': 'LOCKDOWN', 'adults': 3, 'children': 0, 'infants': 0, 'departure_date': '2026-06-24', 'return_date': '2026-07-01'}
2026-05-28 08:58:11 - GeoTravelGlobalLogger - INFO     - [logger.py:345] - Partners API Request: POST https://sandbox.api.developers.gowithgeo.com/api/package/book
2026-05-28 08:58:11 - GeoTravelGlobalLogger - INFO     - [logger.py:345] - Partners API Response: 400
2026-05-28 08:58:11 - GeoTravelGlobalLogger - WARNING  - [logger.py:360] - Partners API Error: 400 - saved dump: reports/failed_responses/20260528_085811_400_api_package_book.txt
2026-05-28 08:58:11 - GeoTravelGlobalLogger - INFO     - [logger.py:345] - 📦 Booking Response: {'status': 'error', 'message': 'Full payment is required for departure dates within 30 days.'}
2026-05-28 08:58:11 - GeoTravelGlobalLogger - INFO     - [logger.py:345] - SUCCESS: ✅ Correctly got 400: 'Full payment is required for departure dates within 30 days.'
2026-05-28 08:58:11 - GeoTravelGlobalLogger - INFO     - [logger.py:345] - ✅ Saved test-specific logs: reports/logs/src_tests_partners_api_tests_test_partners_package.py_TestPartnersPackageFunctionality_test_verified_user_book_private_within_30_days_lockdown_fails_085811.log
2026-05-28 08:58:11 - GeoTravelGlobalLogger - INFO     - [logger.py:345] - Test result added: src/tests/partners_api_tests/test_partners_package.py::TestPartnersPackageFunctionality::test_verified_user_book_private_within_30_days_lockdown_fails - PASS (Duration: 1.74s)
2026-05-28 08:58:11 - GeoTravelGlobalLogger - INFO     - [logger.py:345] - Added test result to PARTNERS API SMOKE TEST: src/tests/partners_api_tests/test_partners_package.py::TestPartnersPackageFunctionality::test_verified_user_book_private_within_30_days_lockdown_fails - PASS
2026-05-28 08:58:11 - GeoTravelGlobalLogger - INFO     - [logger.py:345] - VerifiedUserHelper initialized
2026-05-28 08:58:11 - GeoTravelGlobalLogger - INFO     - [logger.py:345] - Obtaining access token from verified account
2026-05-28 08:58:11 - GeoTravelGlobalLogger - INFO     - [logger.py:345] - Partners API Request: POST https://sandbox.api.developers.gowithgeo.com/api/auth/login
2026-05-28 08:58:11 - GeoTravelGlobalLogger - INFO     - [logger.py:345] - Partners API Response: 200
2026-05-28 08:58:11 - GeoTravelGlobalLogger - INFO     - [logger.py:345] - Found JWT token in cookie: corporate_access_token
2026-05-28 08:58:11 - GeoTravelGlobalLogger - INFO     - [logger.py:345] - Token extracted via cookies (length: 232, valid)
2026-05-28 08:58:11 - GeoTravelGlobalLogger - INFO     - [logger.py:345] - ✅ Auth token set (length: 232)
2026-05-28 08:58:11 - GeoTravelGlobalLogger - INFO     - [logger.py:345] - SUCCESS: ✅ Login successful - token set via cookies
2026-05-28 08:58:11 - GeoTravelGlobalLogger - INFO     - [logger.py:345] - Found JWT token in cookie: corporate_access_token
2026-05-28 08:58:11 - GeoTravelGlobalLogger - INFO     - [logger.py:345] - Access token obtained from cookies and validated
2026-05-28 08:58:11 - GeoTravelGlobalLogger - INFO     - [logger.py:345] - ✅ Auth token set (length: 232)
2026-05-28 08:58:11 - GeoTravelGlobalLogger - WARNING  - [logger.py:360] - Credentials not initialized, initializing now...
2026-05-28 08:58:11 - GeoTravelGlobalLogger - INFO     - [logger.py:345] - Initializing API credentials...
2026-05-28 08:58:11 - GeoTravelGlobalLogger - INFO     - [logger.py:345] - Obtaining access token from verified account
2026-05-28 08:58:11 - GeoTravelGlobalLogger - INFO     - [logger.py:345] - Partners API Request: POST https://sandbox.api.developers.gowithgeo.com/api/auth/login
2026-05-28 08:58:11 - GeoTravelGlobalLogger - INFO     - [logger.py:345] - Partners API Response: 200
2026-05-28 08:58:11 - GeoTravelGlobalLogger - INFO     - [logger.py:345] - Found JWT token in cookie: corporate_access_token
2026-05-28 08:58:11 - GeoTravelGlobalLogger - INFO     - [logger.py:345] - Token extracted via cookies (length: 232, valid)
2026-05-28 08:58:11 - GeoTravelGlobalLogger - INFO     - [logger.py:345] - ✅ Auth token set (length: 232)
2026-05-28 08:58:11 - GeoTravelGlobalLogger - INFO     - [logger.py:345] - SUCCESS: ✅ Login successful - token set via cookies
2026-05-28 08:58:11 - GeoTravelGlobalLogger - INFO     - [logger.py:345] - Found JWT token in cookie: corporate_access_token
2026-05-28 08:58:11 - GeoTravelGlobalLogger - INFO     - [logger.py:345] - Access token obtained from cookies and validated
2026-05-28 08:58:11 - GeoTravelGlobalLogger - INFO     - [logger.py:345] - ✅ Auth token set (length: 232)
2026-05-28 08:58:11 - GeoTravelGlobalLogger - INFO     - [logger.py:345] - Partners API Request: GET https://sandbox.api.developers.gowithgeo.com/api/org/profile
2026-05-28 08:58:12 - GeoTravelGlobalLogger - INFO     - [logger.py:345] - Partners API Response: 200
2026-05-28 08:58:12 - GeoTravelGlobalLogger - INFO     - [logger.py:345] - Partners API Request: GET https://sandbox.api.developers.gowithgeo.com/api/org/reset-api-keys
2026-05-28 08:58:12 - GeoTravelGlobalLogger - INFO     - [logger.py:345] - Partners API Response: 201
2026-05-28 08:58:12 - GeoTravelGlobalLogger - INFO     - [logger.py:345] - TEST API credentials updated
2026-05-28 08:58:12 - GeoTravelGlobalLogger - INFO     - [logger.py:345] - API credentials initialized successfully
2026-05-28 08:58:12 - GeoTravelGlobalLogger - INFO     - [logger.py:345] - Creating package API with test credentials
2026-05-28 08:58:12 - GeoTravelGlobalLogger - INFO     - [logger.py:345] - 🔵 CHECKING PACKAGE BOOKINGS LIST
2026-05-28 08:58:12 - GeoTravelGlobalLogger - INFO     - [logger.py:345] - Partners API Request: GET https://sandbox.api.developers.gowithgeo.com/api/package/bookings
2026-05-28 08:58:13 - GeoTravelGlobalLogger - INFO     - [logger.py:345] - Partners API Response: 200
2026-05-28 08:58:13 - GeoTravelGlobalLogger - INFO     - [logger.py:345] - 📊 Total bookings: 346, Page 1/18
2026-05-28 08:58:13 - GeoTravelGlobalLogger - INFO     - [logger.py:345] - SUCCESS: ✅ Package bookings list accessible - total: 346
2026-05-28 08:58:13 - GeoTravelGlobalLogger - INFO     - [logger.py:345] - ✅ Saved test-specific logs: reports/logs/src_tests_partners_api_tests_test_partners_package.py_TestPartnersPackageFunctionality_test_package_booking_appears_in_bookings_list_085813.log
2026-05-28 08:58:13 - GeoTravelGlobalLogger - INFO     - [logger.py:345] - Test result added: src/tests/partners_api_tests/test_partners_package.py::TestPartnersPackageFunctionality::test_package_booking_appears_in_bookings_list - PASS (Duration: 1.43s)
2026-05-28 08:58:13 - GeoTravelGlobalLogger - INFO     - [logger.py:345] - Added test result to PARTNERS API SMOKE TEST: src/tests/partners_api_tests/test_partners_package.py::TestPartnersPackageFunctionality::test_package_booking_appears_in_bookings_list - PASS
2026-05-28 08:58:13 - GeoTravelGlobalLogger - INFO     - [logger.py:345] - VerifiedUserHelper initialized
2026-05-28 08:58:13 - GeoTravelGlobalLogger - INFO     - [logger.py:345] - Obtaining access token from verified account
2026-05-28 08:58:13 - GeoTravelGlobalLogger - INFO     - [logger.py:345] - Partners API Request: POST https://sandbox.api.developers.gowithgeo.com/api/auth/login
2026-05-28 08:58:13 - GeoTravelGlobalLogger - INFO     - [logger.py:345] - Partners API Response: 200
2026-05-28 08:58:13 - GeoTravelGlobalLogger - INFO     - [logger.py:345] - Found JWT token in cookie: corporate_access_token
2026-05-28 08:58:13 - GeoTravelGlobalLogger - INFO     - [logger.py:345] - Token extracted via cookies (length: 232, valid)
2026-05-28 08:58:13 - GeoTravelGlobalLogger - INFO     - [logger.py:345] - ✅ Auth token set (length: 232)
2026-05-28 08:58:13 - GeoTravelGlobalLogger - INFO     - [logger.py:345] - SUCCESS: ✅ Login successful - token set via cookies
2026-05-28 08:58:13 - GeoTravelGlobalLogger - INFO     - [logger.py:345] - Found JWT token in cookie: corporate_access_token
2026-05-28 08:58:13 - GeoTravelGlobalLogger - INFO     - [logger.py:345] - Access token obtained from cookies and validated
2026-05-28 08:58:13 - GeoTravelGlobalLogger - INFO     - [logger.py:345] - ✅ Auth token set (length: 232)
2026-05-28 08:58:13 - GeoTravelGlobalLogger - WARNING  - [logger.py:360] - Credentials not initialized, initializing now...
2026-05-28 08:58:13 - GeoTravelGlobalLogger - INFO     - [logger.py:345] - Initializing API credentials...
2026-05-28 08:58:13 - GeoTravelGlobalLogger - INFO     - [logger.py:345] - Obtaining access token from verified account
2026-05-28 08:58:13 - GeoTravelGlobalLogger - INFO     - [logger.py:345] - Partners API Request: POST https://sandbox.api.developers.gowithgeo.com/api/auth/login
2026-05-28 08:58:13 - GeoTravelGlobalLogger - INFO     - [logger.py:345] - Partners API Response: 200
2026-05-28 08:58:13 - GeoTravelGlobalLogger - INFO     - [logger.py:345] - Found JWT token in cookie: corporate_access_token
2026-05-28 08:58:13 - GeoTravelGlobalLogger - INFO     - [logger.py:345] - Token extracted via cookies (length: 232, valid)
2026-05-28 08:58:13 - GeoTravelGlobalLogger - INFO     - [logger.py:345] - ✅ Auth token set (length: 232)
2026-05-28 08:58:13 - GeoTravelGlobalLogger - INFO     - [logger.py:345] - SUCCESS: ✅ Login successful - token set via cookies
2026-05-28 08:58:13 - GeoTravelGlobalLogger - INFO     - [logger.py:345] - Found JWT token in cookie: corporate_access_token
2026-05-28 08:58:13 - GeoTravelGlobalLogger - INFO     - [logger.py:345] - Access token obtained from cookies and validated
2026-05-28 08:58:13 - GeoTravelGlobalLogger - INFO     - [logger.py:345] - ✅ Auth token set (length: 232)
2026-05-28 08:58:13 - GeoTravelGlobalLogger - INFO     - [logger.py:345] - Partners API Request: GET https://sandbox.api.developers.gowithgeo.com/api/org/profile
2026-05-28 08:58:13 - GeoTravelGlobalLogger - INFO     - [logger.py:345] - Partners API Response: 200
2026-05-28 08:58:13 - GeoTravelGlobalLogger - INFO     - [logger.py:345] - Partners API Request: GET https://sandbox.api.developers.gowithgeo.com/api/org/reset-api-keys
2026-05-28 08:58:14 - GeoTravelGlobalLogger - INFO     - [logger.py:345] - Partners API Response: 201
2026-05-28 08:58:14 - GeoTravelGlobalLogger - INFO     - [logger.py:345] - TEST API credentials updated
2026-05-28 08:58:14 - GeoTravelGlobalLogger - INFO     - [logger.py:345] - API credentials initialized successfully
2026-05-28 08:58:14 - GeoTravelGlobalLogger - INFO     - [logger.py:345] - Creating package API with test credentials
2026-05-28 08:58:14 - GeoTravelGlobalLogger - INFO     - [logger.py:345] - 🔵 GETTING BASELINE USAGE
2026-05-28 08:58:14 - GeoTravelGlobalLogger - INFO     - [logger.py:345] - Partners API Request: GET https://sandbox.api.developers.gowithgeo.com/api/org/usage
2026-05-28 08:58:14 - GeoTravelGlobalLogger - INFO     - [logger.py:345] - Partners API Response: 200
2026-05-28 08:58:14 - GeoTravelGlobalLogger - INFO     - [logger.py:345] - 📊 Initial package bookings: 110
2026-05-28 08:58:14 - GeoTravelGlobalLogger - INFO     - [logger.py:345] - Partners API Request: GET https://sandbox.api.developers.gowithgeo.com/api/package/all
2026-05-28 08:58:15 - GeoTravelGlobalLogger - INFO     - [logger.py:345] - Partners API Response: 200
2026-05-28 08:58:15 - GeoTravelGlobalLogger - INFO     - [logger.py:345] - 🔵 CREATING NEW BOOKING
2026-05-28 08:58:15 - GeoTravelGlobalLogger - INFO     - [logger.py:345] - Partners API Request: POST https://sandbox.api.developers.gowithgeo.com/api/package/book
2026-05-28 08:58:15 - GeoTravelGlobalLogger - INFO     - [logger.py:345] - Partners API Response: 201
2026-05-28 08:58:18 - GeoTravelGlobalLogger - INFO     - [logger.py:345] - 🔵 CHECKING UPDATED USAGE
2026-05-28 08:58:18 - GeoTravelGlobalLogger - INFO     - [logger.py:345] - Partners API Request: GET https://sandbox.api.developers.gowithgeo.com/api/org/usage
2026-05-28 08:58:19 - GeoTravelGlobalLogger - INFO     - [logger.py:345] - Partners API Response: 200
2026-05-28 08:58:19 - GeoTravelGlobalLogger - INFO     - [logger.py:345] - 📊 Final package bookings: 111
2026-05-28 08:58:19 - GeoTravelGlobalLogger - INFO     - [logger.py:345] - SUCCESS: ✅ Package booking correctly counted - increased to 111
2026-05-28 08:58:19 - GeoTravelGlobalLogger - INFO     - [logger.py:345] - ✅ Saved test-specific logs: reports/logs/src_tests_partners_api_tests_test_partners_package.py_TestPartnersPackageFunctionality_test_package_booking_counted_in_usage_085819.log
2026-05-28 08:58:19 - GeoTravelGlobalLogger - INFO     - [logger.py:345] - Test result added: src/tests/partners_api_tests/test_partners_package.py::TestPartnersPackageFunctionality::test_package_booking_counted_in_usage - PASS (Duration: 5.90s)
2026-05-28 08:58:19 - GeoTravelGlobalLogger - INFO     - [logger.py:345] - Added test result to PARTNERS API SMOKE TEST: src/tests/partners_api_tests/test_partners_package.py::TestPartnersPackageFunctionality::test_package_booking_counted_in_usage - PASS
2026-05-28 08:58:19 - GeoTravelGlobalLogger - INFO     - [logger.py:345] - VerifiedUserHelper initialized
2026-05-28 08:58:19 - GeoTravelGlobalLogger - INFO     - [logger.py:345] - Obtaining access token from verified account
2026-05-28 08:58:19 - GeoTravelGlobalLogger - INFO     - [logger.py:345] - Partners API Request: POST https://sandbox.api.developers.gowithgeo.com/api/auth/login
2026-05-28 08:58:19 - GeoTravelGlobalLogger - INFO     - [logger.py:345] - Partners API Response: 200
2026-05-28 08:58:19 - GeoTravelGlobalLogger - INFO     - [logger.py:345] - Found JWT token in cookie: corporate_access_token
2026-05-28 08:58:19 - GeoTravelGlobalLogger - INFO     - [logger.py:345] - Token extracted via cookies (length: 232, valid)
2026-05-28 08:58:19 - GeoTravelGlobalLogger - INFO     - [logger.py:345] - ✅ Auth token set (length: 232)
2026-05-28 08:58:19 - GeoTravelGlobalLogger - INFO     - [logger.py:345] - SUCCESS: ✅ Login successful - token set via cookies
2026-05-28 08:58:19 - GeoTravelGlobalLogger - INFO     - [logger.py:345] - Found JWT token in cookie: corporate_access_token
2026-05-28 08:58:19 - GeoTravelGlobalLogger - INFO     - [logger.py:345] - Access token obtained from cookies and validated
2026-05-28 08:58:19 - GeoTravelGlobalLogger - INFO     - [logger.py:345] - ✅ Auth token set (length: 232)
2026-05-28 08:58:19 - GeoTravelGlobalLogger - INFO     - [logger.py:345] - 🔵 CHECKING USAGE RANGE FOR PACKAGE DATA
2026-05-28 08:58:19 - GeoTravelGlobalLogger - INFO     - [logger.py:345] - Partners API Request: GET https://sandbox.api.developers.gowithgeo.com/api/org/usage/range
2026-05-28 08:58:19 - GeoTravelGlobalLogger - INFO     - [logger.py:345] - Partners API Response: 200
2026-05-28 08:58:19 - GeoTravelGlobalLogger - INFO     - [logger.py:345] - 📊 Usage Range - Package Bookings: 105
2026-05-28 08:58:19 - GeoTravelGlobalLogger - INFO     - [logger.py:345] - SUCCESS: ✅ Package usage data correctly reflected in usage range
2026-05-28 08:58:19 - GeoTravelGlobalLogger - INFO     - [logger.py:345] - ✅ Saved test-specific logs: reports/logs/src_tests_partners_api_tests_test_partners_package.py_TestPartnersPackageFunctionality_test_package_usage_reflected_in_range_endpoint_085819.log
2026-05-28 08:58:19 - GeoTravelGlobalLogger - INFO     - [logger.py:345] - Test result added: src/tests/partners_api_tests/test_partners_package.py::TestPartnersPackageFunctionality::test_package_usage_reflected_in_range_endpoint - PASS (Duration: 0.34s)
2026-05-28 08:58:19 - GeoTravelGlobalLogger - INFO     - [logger.py:345] - Added test result to PARTNERS API SMOKE TEST: src/tests/partners_api_tests/test_partners_package.py::TestPartnersPackageFunctionality::test_package_usage_reflected_in_range_endpoint - PASS
2026-05-28 08:58:19 - GeoTravelGlobalLogger - INFO     - [logger.py:345] - VerifiedUserHelper initialized
2026-05-28 08:58:19 - GeoTravelGlobalLogger - INFO     - [logger.py:345] - Obtaining access token from verified account
2026-05-28 08:58:19 - GeoTravelGlobalLogger - INFO     - [logger.py:345] - Partners API Request: POST https://sandbox.api.developers.gowithgeo.com/api/auth/login
2026-05-28 08:58:19 - GeoTravelGlobalLogger - INFO     - [logger.py:345] - Partners API Response: 200
2026-05-28 08:58:19 - GeoTravelGlobalLogger - INFO     - [logger.py:345] - Found JWT token in cookie: corporate_access_token
2026-05-28 08:58:19 - GeoTravelGlobalLogger - INFO     - [logger.py:345] - Token extracted via cookies (length: 232, valid)
2026-05-28 08:58:19 - GeoTravelGlobalLogger - INFO     - [logger.py:345] - ✅ Auth token set (length: 232)
2026-05-28 08:58:19 - GeoTravelGlobalLogger - INFO     - [logger.py:345] - SUCCESS: ✅ Login successful - token set via cookies
2026-05-28 08:58:19 - GeoTravelGlobalLogger - INFO     - [logger.py:345] - Found JWT token in cookie: corporate_access_token
2026-05-28 08:58:19 - GeoTravelGlobalLogger - INFO     - [logger.py:345] - Access token obtained from cookies and validated
2026-05-28 08:58:19 - GeoTravelGlobalLogger - INFO     - [logger.py:345] - ✅ Auth token set (length: 232)
2026-05-28 08:58:19 - GeoTravelGlobalLogger - WARNING  - [logger.py:360] - Credentials not initialized, initializing now...
2026-05-28 08:58:19 - GeoTravelGlobalLogger - INFO     - [logger.py:345] - Initializing API credentials...
2026-05-28 08:58:19 - GeoTravelGlobalLogger - INFO     - [logger.py:345] - Obtaining access token from verified account
2026-05-28 08:58:19 - GeoTravelGlobalLogger - INFO     - [logger.py:345] - Partners API Request: POST https://sandbox.api.developers.gowithgeo.com/api/auth/login
2026-05-28 08:58:20 - GeoTravelGlobalLogger - INFO     - [logger.py:345] - Partners API Response: 200
2026-05-28 08:58:20 - GeoTravelGlobalLogger - INFO     - [logger.py:345] - Found JWT token in cookie: corporate_access_token
2026-05-28 08:58:20 - GeoTravelGlobalLogger - INFO     - [logger.py:345] - Token extracted via cookies (length: 232, valid)
2026-05-28 08:58:20 - GeoTravelGlobalLogger - INFO     - [logger.py:345] - ✅ Auth token set (length: 232)
2026-05-28 08:58:20 - GeoTravelGlobalLogger - INFO     - [logger.py:345] - SUCCESS: ✅ Login successful - token set via cookies
2026-05-28 08:58:20 - GeoTravelGlobalLogger - INFO     - [logger.py:345] - Found JWT token in cookie: corporate_access_token
2026-05-28 08:58:20 - GeoTravelGlobalLogger - INFO     - [logger.py:345] - Access token obtained from cookies and validated
2026-05-28 08:58:20 - GeoTravelGlobalLogger - INFO     - [logger.py:345] - ✅ Auth token set (length: 232)
2026-05-28 08:58:20 - GeoTravelGlobalLogger - INFO     - [logger.py:345] - Partners API Request: GET https://sandbox.api.developers.gowithgeo.com/api/org/profile
2026-05-28 08:58:20 - GeoTravelGlobalLogger - INFO     - [logger.py:345] - Partners API Response: 200
2026-05-28 08:58:20 - GeoTravelGlobalLogger - INFO     - [logger.py:345] - Partners API Request: GET https://sandbox.api.developers.gowithgeo.com/api/org/reset-api-keys
2026-05-28 08:58:21 - GeoTravelGlobalLogger - INFO     - [logger.py:345] - Partners API Response: 201
2026-05-28 08:58:21 - GeoTravelGlobalLogger - INFO     - [logger.py:345] - TEST API credentials updated
2026-05-28 08:58:21 - GeoTravelGlobalLogger - INFO     - [logger.py:345] - API credentials initialized successfully
2026-05-28 08:58:21 - GeoTravelGlobalLogger - INFO     - [logger.py:345] - Creating package API with test credentials
2026-05-28 08:58:21 - GeoTravelGlobalLogger - INFO     - [logger.py:345] - 🔵 VERIFYING COMPLETE BOOKING RECORD CREATION
2026-05-28 08:58:21 - GeoTravelGlobalLogger - INFO     - [logger.py:345] - Partners API Request: GET https://sandbox.api.developers.gowithgeo.com/api/package/bookings
2026-05-28 08:58:21 - GeoTravelGlobalLogger - INFO     - [logger.py:345] - Partners API Response: 200
2026-05-28 08:58:21 - GeoTravelGlobalLogger - INFO     - [logger.py:345] - 📊 Initial total bookings: 347
2026-05-28 08:58:21 - GeoTravelGlobalLogger - INFO     - [logger.py:345] - Partners API Request: GET https://sandbox.api.developers.gowithgeo.com/api/package/all
2026-05-28 08:58:21 - GeoTravelGlobalLogger - INFO     - [logger.py:345] - Partners API Response: 200
2026-05-28 08:58:21 - GeoTravelGlobalLogger - INFO     - [logger.py:345] - 🔵 CREATING NEW PACKAGE BOOKING
2026-05-28 08:58:21 - GeoTravelGlobalLogger - INFO     - [logger.py:345] - Partners API Request: POST https://sandbox.api.developers.gowithgeo.com/api/package/book
2026-05-28 08:58:22 - GeoTravelGlobalLogger - INFO     - [logger.py:345] - Partners API Response: 201
2026-05-28 08:58:22 - GeoTravelGlobalLogger - INFO     - [logger.py:345] - 📦 Booking Response: {'message': 'Package booked successfully'}
2026-05-28 08:58:23 - GeoTravelGlobalLogger - INFO     - [logger.py:345] - Partners API Request: GET https://sandbox.api.developers.gowithgeo.com/api/package/bookings
2026-05-28 08:58:23 - GeoTravelGlobalLogger - INFO     - [logger.py:345] - Partners API Response: 200
2026-05-28 08:58:23 - GeoTravelGlobalLogger - INFO     - [logger.py:345] - SUCCESS: ✅ Bookings increased from 347 to 348
2026-05-28 08:58:23 - GeoTravelGlobalLogger - INFO     - [logger.py:345] - Partners API Request: GET https://sandbox.api.developers.gowithgeo.com/api/package/bookings
2026-05-28 08:58:24 - GeoTravelGlobalLogger - INFO     - [logger.py:345] - Partners API Response: 200
2026-05-28 08:58:24 - GeoTravelGlobalLogger - INFO     - [logger.py:345] - SUCCESS: ✅ Package booking correctly created and verified
2026-05-28 08:58:24 - GeoTravelGlobalLogger - INFO     - [logger.py:345] - 📋 New booking ID: 1259, Code: GP-MPP9GCFDWLLCUS1J
2026-05-28 08:58:24 - GeoTravelGlobalLogger - INFO     - [logger.py:345] - ✅ Saved test-specific logs: reports/logs/src_tests_partners_api_tests_test_partners_package.py_TestPartnersPackageFunctionality_test_package_booking_creates_complete_record_085824.log
