2026-08-12 06:14:55 - GeoTravelGlobalLogger - INFO     - [logger.py:345] - Git Metadata - Branch: MAIN, Commit: b1d5cb1
2026-08-12 06:14:55 - GeoTravelGlobalLogger - INFO     - [logger.py:345] - Git Metadata - Branch: MAIN, Commit: b1d5cb1
2026-08-12 06:14:55 - GeoTravelGlobalLogger - INFO     - [logger.py:345] - Branch: MAIN
2026-08-12 06:14:55 - GeoTravelGlobalLogger - INFO     - [logger.py:345] - Build ID: #2026.08.12.0614
2026-08-12 06:14:55 - GeoTravelGlobalLogger - INFO     - [logger.py:345] - Browser: CHROME
2026-08-12 06:14:55 - GeoTravelGlobalLogger - INFO     - [logger.py:345] - Environment: STAGING
2026-08-12 06:14:55 - GeoTravelGlobalLogger - INFO     - [logger.py:345] - Starting unified test run for: smoke, api
2026-08-12 06:14:55 - GeoTravelGlobalLogger - INFO     - [logger.py:345] - Slack webhook response: 200
2026-08-12 06:14:55 - GeoTravelGlobalLogger - INFO     - [logger.py:345] - 🚀 Starting SMOKE test suite...
2026-08-12 06:14:55 - GeoTravelGlobalLogger - INFO     - [logger.py:345] - Git Metadata - Branch: MAIN, Commit: b1d5cb1
2026-08-12 06:14:55 - GeoTravelGlobalLogger - INFO     - [logger.py:345] - Branch: MAIN
2026-08-12 06:14:55 - GeoTravelGlobalLogger - INFO     - [logger.py:345] - Build ID: #2026.08.12.0614
2026-08-12 06:14:55 - GeoTravelGlobalLogger - INFO     - [logger.py:345] - Browser: CHROME
2026-08-12 06:14:55 - GeoTravelGlobalLogger - INFO     - [logger.py:345] - Environment: STAGING
2026-08-12 06:14:55 - GeoTravelGlobalLogger - INFO     - [logger.py:345] - Running SMOKE tests from src/tests/smoke_tests/
2026-08-12 06:14:55 - GeoTravelGlobalLogger - INFO     - [logger.py:345] - Checking UI environment availability...
2026-08-12 06:14:55 - GeoTravelGlobalLogger - INFO     - [logger.py:345] - UI environment check attempt 1/3 for https://retail.stg.gowithgeo.com
2026-08-12 06:14:56 - GeoTravelGlobalLogger - INFO     - [logger.py:345] - SUCCESS: UI environment staging is accessible (Status: 200)
2026-08-12 06:14:56 - GeoTravelGlobalLogger - INFO     - [logger.py:345] - SUCCESS: UI environment is accessible - proceeding with tests
2026-08-12 06:14:56 - GeoTravelGlobalLogger - INFO     - [logger.py:345] - Starting test suite: Unified UI Smoke + API TEST REPORT
2026-08-12 06:14:56 - GeoTravelGlobalLogger - INFO     - [logger.py:345] - Environment checks will be performed after test collection
2026-08-12 06:14:56 - GeoTravelGlobalLogger - INFO     - [logger.py:345] - 🔍 Checking required environments based on detected test types...
2026-08-12 06:14:56 - GeoTravelGlobalLogger - INFO     - [logger.py:345] - 🔍 Detected test types: {'ui': True, 'api': False, 'partners_api': False}
2026-08-12 06:14:56 - GeoTravelGlobalLogger - INFO     - [logger.py:345] - UI check attempt 1/3 for https://retail.stg.gowithgeo.com
2026-08-12 06:14:56 - GeoTravelGlobalLogger - INFO     - [logger.py:345] - UI environment check attempt 1/1 for https://retail.stg.gowithgeo.com
2026-08-12 06:14:56 - GeoTravelGlobalLogger - INFO     - [logger.py:345] - SUCCESS: UI environment staging is accessible (Status: 200)
2026-08-12 06:14:56 - GeoTravelGlobalLogger - INFO     - [logger.py:345] - SUCCESS: UI environment is accessible
2026-08-12 06:14:56 - GeoTravelGlobalLogger - INFO     - [logger.py:345] - SUCCESS: ✅ All required environments are accessible: ui
2026-08-12 06:14:56 - GeoTravelGlobalLogger - INFO     - [logger.py:345] - Creating chrome driver...
2026-08-12 06:15:14 - GeoTravelGlobalLogger - INFO     - [logger.py:345] - chrome driver created successfully
2026-08-12 06:15:14 - GeoTravelGlobalLogger - INFO     - [logger.py:345] - === Testing Login Page Accessibility ===
2026-08-12 06:15:14 - GeoTravelGlobalLogger - INFO     - [logger.py:345] - 🔄 STEP 1: Navigating to homepage
2026-08-12 06:15:16 - GeoTravelGlobalLogger - INFO     - [logger.py:345] - Navigated to: https://retail.stg.gowithgeo.com/
2026-08-12 06:15:16 - GeoTravelGlobalLogger - INFO     - [logger.py:345] - 🏁 Warming up site before homepage load...
2026-08-12 06:15:16 - GeoTravelGlobalLogger - INFO     - [logger.py:345] - Navigated to: https://retail.stg.gowithgeo.com/
2026-08-12 06:15:16 - GeoTravelGlobalLogger - INFO     - [logger.py:345] - Warm-up page opened successfully.
2026-08-12 06:15:21 - GeoTravelGlobalLogger - INFO     - [logger.py:345] - 🏠 Waiting for homepage to load (max retries: 3)
2026-08-12 06:15:21 - GeoTravelGlobalLogger - INFO     - [logger.py:345] - Attempt 1/3
2026-08-12 06:15:21 - GeoTravelGlobalLogger - INFO     - [logger.py:345] - Page body loaded
2026-08-12 06:15:21 - GeoTravelGlobalLogger - INFO     - [logger.py:345] - Validating Geo Travel page...
2026-08-12 06:15:21 - GeoTravelGlobalLogger - INFO     - [logger.py:345] - Validating page HTML structure...
2026-08-12 06:15:21 - GeoTravelGlobalLogger - INFO     - [logger.py:345] - Validating page content keywords...
2026-08-12 06:15:22 - GeoTravelGlobalLogger - INFO     - [logger.py:345] - Page validation confidence: 100.0%
2026-08-12 06:15:22 - GeoTravelGlobalLogger - INFO     - [logger.py:345] - Found keywords: ['geo', 'travel', 'destination', 'book', 'tour', 'package', 'hotel', 'flight', 'vacation', 'adventure']
2026-08-12 06:15:22 - GeoTravelGlobalLogger - INFO     - [logger.py:345] - Homepage validation passed! Confidence: 100.0%
2026-08-12 06:15:22 - GeoTravelGlobalLogger - INFO     - [logger.py:345] - 🔄 STEP 2: Navigating to login page
2026-08-12 06:15:22 - GeoTravelGlobalLogger - INFO     - [logger.py:345] - Navigated to: https://retail.stg.gowithgeo.com/auth/login
2026-08-12 06:15:22 - GeoTravelGlobalLogger - INFO     - [logger.py:345] - 🔐 Navigated to login page
2026-08-12 06:15:22 - GeoTravelGlobalLogger - INFO     - [logger.py:345] - 🔄 STEP 3: Verifying login page loads
2026-08-12 06:15:22 - GeoTravelGlobalLogger - INFO     - [logger.py:345] - ⏳ Waiting for login page to load...
2026-08-12 06:15:22 - GeoTravelGlobalLogger - INFO     - [logger.py:345] - Login page loaded successfully
2026-08-12 06:15:22 - GeoTravelGlobalLogger - INFO     - [logger.py:345] - 🔄 STEP 4: Verifying required elements on login page
2026-08-12 06:15:22 - GeoTravelGlobalLogger - INFO     - [logger.py:345] - 🔄 STEP 5: Verifying login page title and content
2026-08-12 06:15:22 - GeoTravelGlobalLogger - INFO     - [logger.py:345] - SUCCESS: Login page accessibility test passed
2026-08-12 06:15:22 - GeoTravelGlobalLogger - INFO     - [logger.py:345] - ✅ Saved test-specific logs: reports/logs/src_tests_smoke_tests_test_auth_flow_smoke.py_TestAuthFlowSmoke_test_login_page_accessibility_061522.log
2026-08-12 06:15:22 - GeoTravelGlobalLogger - INFO     - [logger.py:345] - Test result added: src/tests/smoke_tests/test_auth_flow_smoke.py::TestAuthFlowSmoke::test_login_page_accessibility - PASS (Duration: 8.38s)
2026-08-12 06:15:22 - GeoTravelGlobalLogger - INFO     - [logger.py:345] - Added test result to Unified UI Smoke + API TEST REPORT: src/tests/smoke_tests/test_auth_flow_smoke.py::TestAuthFlowSmoke::test_login_page_accessibility - PASS
2026-08-12 06:15:22 - GeoTravelGlobalLogger - INFO     - [logger.py:345] - Test result added: test_login_page_accessibility - PASS (Duration: 25.78s)
2026-08-12 06:15:22 - GeoTravelGlobalLogger - INFO     - [logger.py:345] - Creating chrome driver...
2026-08-12 06:15:23 - GeoTravelGlobalLogger - INFO     - [logger.py:345] - chrome driver created successfully
2026-08-12 06:15:23 - GeoTravelGlobalLogger - INFO     - [logger.py:345] - === Testing Successful Login and Redirect ===
2026-08-12 06:15:23 - GeoTravelGlobalLogger - INFO     - [logger.py:345] - 🔄 STEP 1: Navigating to login page
2026-08-12 06:15:23 - GeoTravelGlobalLogger - INFO     - [logger.py:345] - Navigated to: https://retail.stg.gowithgeo.com/auth/login
2026-08-12 06:15:23 - GeoTravelGlobalLogger - INFO     - [logger.py:345] - 🔐 Navigated to login page
2026-08-12 06:15:23 - GeoTravelGlobalLogger - INFO     - [logger.py:345] - ⏳ Waiting for login page to load...
2026-08-12 06:15:24 - GeoTravelGlobalLogger - INFO     - [logger.py:345] - Login page loaded successfully
2026-08-12 06:15:24 - GeoTravelGlobalLogger - INFO     - [logger.py:345] - 🔄 STEP 2: Attempting login with valid credentials
2026-08-12 06:15:24 - GeoTravelGlobalLogger - INFO     - [logger.py:345] - Attempting login for user: geo.qa.bot@gmail.com
2026-08-12 06:15:25 - GeoTravelGlobalLogger - INFO     - [logger.py:345] - Login attempt completed
2026-08-12 06:15:25 - GeoTravelGlobalLogger - INFO     - [logger.py:345] - 🔍 Verifying login status...
2026-08-12 06:15:54 - GeoTravelGlobalLogger - INFO     - [logger.py:345] - Getting current URL
2026-08-12 06:15:54 - GeoTravelGlobalLogger - INFO     - [logger.py:345] - Redirected to: https://retail.stg.gowithgeo.com/dashboard/bookings/upcoming
2026-08-12 06:15:54 - GeoTravelGlobalLogger - INFO     - [logger.py:345] - Looking for dashboard indicators...
2026-08-12 06:15:54 - GeoTravelGlobalLogger - INFO     - [logger.py:345] -   Trying indicator 1: ('xpath', "//span[contains(text(),'Bookings')]")
2026-08-12 06:15:54 - GeoTravelGlobalLogger - INFO     - [logger.py:345] - Dashboard found with indicator 1: ('xpath', "//span[contains(text(),'Bookings')]")
2026-08-12 06:15:54 - GeoTravelGlobalLogger - INFO     - [logger.py:345] - SUCCESS: Login confirmed – Dashboard detected.
2026-08-12 06:15:54 - GeoTravelGlobalLogger - INFO     - [logger.py:345] - 🔄 STEP 3: Verifying user is redirected to dashboard
2026-08-12 06:15:54 - GeoTravelGlobalLogger - INFO     - [logger.py:345] - Dashboard verified via UI element: ('xpath', "//span[contains(text(),'Bookings')]")
2026-08-12 06:15:54 - GeoTravelGlobalLogger - INFO     - [logger.py:345] - SUCCESS: Successful login & redirect test passed
2026-08-12 06:15:54 - GeoTravelGlobalLogger - INFO     - [logger.py:345] - ✅ Saved test-specific logs: reports/logs/src_tests_smoke_tests_test_auth_flow_smoke.py_TestAuthFlowSmoke_test_successful_login_and_redirect_061554.log
2026-08-12 06:15:54 - GeoTravelGlobalLogger - INFO     - [logger.py:345] - Test result added: src/tests/smoke_tests/test_auth_flow_smoke.py::TestAuthFlowSmoke::test_successful_login_and_redirect - PASS (Duration: 31.55s)
2026-08-12 06:15:54 - GeoTravelGlobalLogger - INFO     - [logger.py:345] - Added test result to Unified UI Smoke + API TEST REPORT: src/tests/smoke_tests/test_auth_flow_smoke.py::TestAuthFlowSmoke::test_successful_login_and_redirect - PASS
2026-08-12 06:15:55 - GeoTravelGlobalLogger - INFO     - [logger.py:345] - Test result added: test_successful_login_and_redirect - PASS (Duration: 32.25s)
2026-08-12 06:15:55 - GeoTravelGlobalLogger - INFO     - [logger.py:345] - Creating chrome driver...
2026-08-12 06:15:55 - GeoTravelGlobalLogger - INFO     - [logger.py:345] - chrome driver created successfully
2026-08-12 06:15:55 - GeoTravelGlobalLogger - INFO     - [logger.py:345] - === Testing Failed Login with Error Message ===
2026-08-12 06:15:55 - GeoTravelGlobalLogger - INFO     - [logger.py:345] - 🔄 STEP 1: Navigating to login page
2026-08-12 06:15:55 - GeoTravelGlobalLogger - INFO     - [logger.py:345] - Navigated to: https://retail.stg.gowithgeo.com/auth/login
2026-08-12 06:15:55 - GeoTravelGlobalLogger - INFO     - [logger.py:345] - 🔐 Navigated to login page
2026-08-12 06:15:55 - GeoTravelGlobalLogger - INFO     - [logger.py:345] - ⏳ Waiting for login page to load...
2026-08-12 06:15:56 - GeoTravelGlobalLogger - INFO     - [logger.py:345] - Login page loaded successfully
2026-08-12 06:15:56 - GeoTravelGlobalLogger - INFO     - [logger.py:345] - 🔄 STEP 2: Attempting login with invalid credentials
2026-08-12 06:15:56 - GeoTravelGlobalLogger - INFO     - [logger.py:345] - Attempting login for user: invalid_user@example.com
2026-08-12 06:15:56 - GeoTravelGlobalLogger - INFO     - [logger.py:345] - Login attempt completed
2026-08-12 06:15:56 - GeoTravelGlobalLogger - INFO     - [logger.py:345] - 🔍 Verifying login status...
2026-08-12 06:16:26 - GeoTravelGlobalLogger - ERROR    - [logger.py:363] - Login did not reach dashboard: Message: 

2026-08-12 06:16:26 - GeoTravelGlobalLogger - INFO     - [logger.py:345] - 🔄 STEP 3: Fetching error message from toast
2026-08-12 06:16:38 - GeoTravelGlobalLogger - INFO     - [logger.py:345] - Getting current URL
2026-08-12 06:16:38 - GeoTravelGlobalLogger - INFO     - [logger.py:345] - SUCCESS: Failed login confirmed — user remained on login page
2026-08-12 06:16:38 - GeoTravelGlobalLogger - INFO     - [logger.py:345] - ✅ Saved test-specific logs: reports/logs/src_tests_smoke_tests_test_auth_flow_smoke.py_TestAuthFlowSmoke_test_failed_login_with_error_message_061638.log
2026-08-12 06:16:38 - GeoTravelGlobalLogger - INFO     - [logger.py:345] - Test result added: src/tests/smoke_tests/test_auth_flow_smoke.py::TestAuthFlowSmoke::test_failed_login_with_error_message - PASS (Duration: 42.94s)
2026-08-12 06:16:38 - GeoTravelGlobalLogger - INFO     - [logger.py:345] - Added test result to Unified UI Smoke + API TEST REPORT: src/tests/smoke_tests/test_auth_flow_smoke.py::TestAuthFlowSmoke::test_failed_login_with_error_message - PASS
2026-08-12 06:16:38 - GeoTravelGlobalLogger - INFO     - [logger.py:345] - Test result added: test_failed_login_with_error_message - PASS (Duration: 43.59s)
2026-08-12 06:16:38 - GeoTravelGlobalLogger - INFO     - [logger.py:345] - Creating chrome driver...
2026-08-12 06:16:39 - GeoTravelGlobalLogger - INFO     - [logger.py:345] - chrome driver created successfully
2026-08-12 06:16:39 - GeoTravelGlobalLogger - INFO     - [logger.py:345] - === Testing Logout Functionality ===
2026-08-12 06:16:39 - GeoTravelGlobalLogger - INFO     - [logger.py:345] - 🔄 STEP 1: Logging in with valid credentials
2026-08-12 06:16:39 - GeoTravelGlobalLogger - INFO     - [logger.py:345] - Navigated to: https://retail.stg.gowithgeo.com/auth/login
2026-08-12 06:16:39 - GeoTravelGlobalLogger - INFO     - [logger.py:345] - 🔐 Navigated to login page
2026-08-12 06:16:39 - GeoTravelGlobalLogger - INFO     - [logger.py:345] - ⏳ Waiting for login page to load...
2026-08-12 06:16:39 - GeoTravelGlobalLogger - INFO     - [logger.py:345] - Login page loaded successfully
2026-08-12 06:16:39 - GeoTravelGlobalLogger - INFO     - [logger.py:345] - Attempting login for user: geo.qa.bot@gmail.com
2026-08-12 06:16:40 - GeoTravelGlobalLogger - INFO     - [logger.py:345] - Login attempt completed
2026-08-12 06:16:40 - GeoTravelGlobalLogger - INFO     - [logger.py:345] - 🔍 Verifying login status...
2026-08-12 06:16:41 - GeoTravelGlobalLogger - INFO     - [logger.py:345] - Getting current URL
2026-08-12 06:16:41 - GeoTravelGlobalLogger - INFO     - [logger.py:345] - Redirected to: https://retail.stg.gowithgeo.com/dashboard/bookings/upcoming
2026-08-12 06:16:41 - GeoTravelGlobalLogger - INFO     - [logger.py:345] - Looking for dashboard indicators...
2026-08-12 06:16:41 - GeoTravelGlobalLogger - INFO     - [logger.py:345] -   Trying indicator 1: ('xpath', "//span[contains(text(),'Bookings')]")
2026-08-12 06:16:41 - GeoTravelGlobalLogger - INFO     - [logger.py:345] - Dashboard found with indicator 1: ('xpath', "//span[contains(text(),'Bookings')]")
2026-08-12 06:16:41 - GeoTravelGlobalLogger - INFO     - [logger.py:345] - SUCCESS: Login confirmed – Dashboard detected.
2026-08-12 06:16:41 - GeoTravelGlobalLogger - INFO     - [logger.py:345] - 🔄 STEP 2: Verifying user is on dashboard after login
2026-08-12 06:16:41 - GeoTravelGlobalLogger - INFO     - [logger.py:345] - Dashboard verified via UI element: ('xpath', "//span[contains(text(),'Bookings')]")
2026-08-12 06:16:41 - GeoTravelGlobalLogger - INFO     - [logger.py:345] - 🔄 STEP 3: Performing logout
2026-08-12 06:16:41 - GeoTravelGlobalLogger - INFO     - [logger.py:345] - Attempting logout...
2026-08-12 06:16:41 - GeoTravelGlobalLogger - INFO     - [logger.py:345] - Dashboard verified via UI element: ('xpath', "//span[contains(text(),'Bookings')]")
2026-08-12 06:16:46 - GeoTravelGlobalLogger - INFO     - [logger.py:345] - Clicked logout via normal click: ('xpath', "//button[.//*[contains(@class, 'lucide-log-out')]]")
2026-08-12 06:16:49 - GeoTravelGlobalLogger - INFO     - [logger.py:345] - Getting current URL
2026-08-12 06:16:49 - GeoTravelGlobalLogger - INFO     - [logger.py:345] - SUCCESS: Successfully logged out and redirected.
2026-08-12 06:16:49 - GeoTravelGlobalLogger - INFO     - [logger.py:345] - SUCCESS: Logout functionality test passed
2026-08-12 06:16:49 - GeoTravelGlobalLogger - INFO     - [logger.py:345] - ✅ Saved test-specific logs: reports/logs/src_tests_smoke_tests_test_auth_flow_smoke.py_TestAuthFlowSmoke_test_logout_functionality_061649.log
2026-08-12 06:16:49 - GeoTravelGlobalLogger - INFO     - [logger.py:345] - Test result added: src/tests/smoke_tests/test_auth_flow_smoke.py::TestAuthFlowSmoke::test_logout_functionality - PASS (Duration: 10.80s)
2026-08-12 06:16:49 - GeoTravelGlobalLogger - INFO     - [logger.py:345] - Added test result to Unified UI Smoke + API TEST REPORT: src/tests/smoke_tests/test_auth_flow_smoke.py::TestAuthFlowSmoke::test_logout_functionality - PASS
2026-08-12 06:16:50 - GeoTravelGlobalLogger - INFO     - [logger.py:345] - Test result added: test_logout_functionality - PASS (Duration: 11.42s)
2026-08-12 06:16:50 - GeoTravelGlobalLogger - INFO     - [logger.py:345] - Creating chrome driver...
2026-08-12 06:16:50 - GeoTravelGlobalLogger - INFO     - [logger.py:345] - chrome driver created successfully
2026-08-12 06:16:50 - GeoTravelGlobalLogger - INFO     - [logger.py:345] - === Test: Blogs Page Navigation ===
2026-08-12 06:16:50 - GeoTravelGlobalLogger - INFO     - [logger.py:345] - 🔄 STEP 1: Opening homepage
2026-08-12 06:16:51 - GeoTravelGlobalLogger - INFO     - [logger.py:345] - Navigated to: https://retail.stg.gowithgeo.com/
2026-08-12 06:16:51 - GeoTravelGlobalLogger - INFO     - [logger.py:345] - 🏁 Warming up site before homepage load...
2026-08-12 06:16:51 - GeoTravelGlobalLogger - INFO     - [logger.py:345] - Navigated to: https://retail.stg.gowithgeo.com/
2026-08-12 06:16:51 - GeoTravelGlobalLogger - INFO     - [logger.py:345] - Warm-up page opened successfully.
2026-08-12 06:16:56 - GeoTravelGlobalLogger - INFO     - [logger.py:345] - 🏠 Waiting for homepage to load (max retries: 3)
2026-08-12 06:16:56 - GeoTravelGlobalLogger - INFO     - [logger.py:345] - Attempt 1/3
2026-08-12 06:16:56 - GeoTravelGlobalLogger - INFO     - [logger.py:345] - Page body loaded
2026-08-12 06:16:56 - GeoTravelGlobalLogger - INFO     - [logger.py:345] - Validating Geo Travel page...
2026-08-12 06:16:56 - GeoTravelGlobalLogger - INFO     - [logger.py:345] - Validating page HTML structure...
2026-08-12 06:16:57 - GeoTravelGlobalLogger - INFO     - [logger.py:345] - Validating page content keywords...
2026-08-12 06:16:57 - GeoTravelGlobalLogger - INFO     - [logger.py:345] - Page validation confidence: 100.0%
2026-08-12 06:16:57 - GeoTravelGlobalLogger - INFO     - [logger.py:345] - Found keywords: ['geo', 'travel', 'destination', 'book', 'tour', 'package', 'hotel', 'flight', 'vacation', 'adventure']
2026-08-12 06:16:57 - GeoTravelGlobalLogger - INFO     - [logger.py:345] - Homepage validation passed! Confidence: 100.0%
2026-08-12 06:16:57 - GeoTravelGlobalLogger - INFO     - [logger.py:345] - 🔄 STEP 2: Navigating to Blogs
2026-08-12 06:16:57 - GeoTravelGlobalLogger - INFO     - [logger.py:345] - Navigating to Blogs page
2026-08-12 06:16:57 - GeoTravelGlobalLogger - INFO     - [logger.py:345] - Successfully navigated to Blogs page
2026-08-12 06:16:57 - GeoTravelGlobalLogger - INFO     - [logger.py:345] - Blogs page source verified
2026-08-12 06:16:57 - GeoTravelGlobalLogger - INFO     - [logger.py:345] - Successfully navigated to Blogs page
2026-08-12 06:16:57 - GeoTravelGlobalLogger - INFO     - [logger.py:345] - 🔄 STEP 3: Verifying Blogs page
2026-08-12 06:16:57 - GeoTravelGlobalLogger - INFO     - [logger.py:345] - Verifying Blogs page loaded
2026-08-12 06:16:57 - GeoTravelGlobalLogger - INFO     - [logger.py:345] - Blogs header is visible
2026-08-12 06:16:57 - GeoTravelGlobalLogger - INFO     - [logger.py:345] - Blogs container is present
2026-08-12 06:16:57 - GeoTravelGlobalLogger - INFO     - [logger.py:345] - Blogs page verified
2026-08-12 06:16:57 - GeoTravelGlobalLogger - INFO     - [logger.py:345] - SUCCESS: ✅ Blogs page navigation verified
2026-08-12 06:16:57 - GeoTravelGlobalLogger - INFO     - [logger.py:345] - ✅ Saved test-specific logs: reports/logs/src_tests_smoke_tests_test_blogs_smoke.py_TestBlogs_test_blogs_page_navigation_061657.log
2026-08-12 06:16:57 - GeoTravelGlobalLogger - INFO     - [logger.py:345] - Test result added: src/tests/smoke_tests/test_blogs_smoke.py::TestBlogs::test_blogs_page_navigation - PASS (Duration: 6.95s)
2026-08-12 06:16:57 - GeoTravelGlobalLogger - INFO     - [logger.py:345] - Added test result to Unified UI Smoke + API TEST REPORT: src/tests/smoke_tests/test_blogs_smoke.py::TestBlogs::test_blogs_page_navigation - PASS
2026-08-12 06:16:57 - GeoTravelGlobalLogger - INFO     - [logger.py:345] - Test result added: test_blogs_page_navigation - PASS (Duration: 7.55s)
2026-08-12 06:16:57 - GeoTravelGlobalLogger - INFO     - [logger.py:345] - Creating chrome driver...
2026-08-12 06:16:58 - GeoTravelGlobalLogger - INFO     - [logger.py:345] - chrome driver created successfully
2026-08-12 06:16:58 - GeoTravelGlobalLogger - INFO     - [logger.py:345] - === Test: Read Blog ===
2026-08-12 06:16:58 - GeoTravelGlobalLogger - INFO     - [logger.py:345] - 🔄 STEP 1: Navigating to Blogs
2026-08-12 06:16:58 - GeoTravelGlobalLogger - INFO     - [logger.py:345] - Navigated to: https://retail.stg.gowithgeo.com/
2026-08-12 06:16:58 - GeoTravelGlobalLogger - INFO     - [logger.py:345] - 🏁 Warming up site before homepage load...
2026-08-12 06:16:59 - GeoTravelGlobalLogger - INFO     - [logger.py:345] - Navigated to: https://retail.stg.gowithgeo.com/
2026-08-12 06:16:59 - GeoTravelGlobalLogger - INFO     - [logger.py:345] - Warm-up page opened successfully.
2026-08-12 06:17:04 - GeoTravelGlobalLogger - INFO     - [logger.py:345] - 🏠 Waiting for homepage to load (max retries: 3)
2026-08-12 06:17:04 - GeoTravelGlobalLogger - INFO     - [logger.py:345] - Attempt 1/3
2026-08-12 06:17:04 - GeoTravelGlobalLogger - INFO     - [logger.py:345] - Page body loaded
2026-08-12 06:17:04 - GeoTravelGlobalLogger - INFO     - [logger.py:345] - Validating Geo Travel page...
2026-08-12 06:17:04 - GeoTravelGlobalLogger - INFO     - [logger.py:345] - Validating page HTML structure...
2026-08-12 06:17:04 - GeoTravelGlobalLogger - INFO     - [logger.py:345] - Validating page content keywords...
2026-08-12 06:17:04 - GeoTravelGlobalLogger - INFO     - [logger.py:345] - Page validation confidence: 100.0%
2026-08-12 06:17:04 - GeoTravelGlobalLogger - INFO     - [logger.py:345] - Found keywords: ['geo', 'travel', 'destination', 'book', 'tour', 'package', 'hotel', 'flight', 'vacation', 'adventure']
2026-08-12 06:17:04 - GeoTravelGlobalLogger - INFO     - [logger.py:345] - Homepage validation passed! Confidence: 100.0%
2026-08-12 06:17:04 - GeoTravelGlobalLogger - INFO     - [logger.py:345] - Navigating to Blogs page
2026-08-12 06:17:04 - GeoTravelGlobalLogger - INFO     - [logger.py:345] - Successfully navigated to Blogs page
2026-08-12 06:17:04 - GeoTravelGlobalLogger - INFO     - [logger.py:345] - Blogs page source verified
2026-08-12 06:17:04 - GeoTravelGlobalLogger - INFO     - [logger.py:345] - Successfully navigated to Blogs page
2026-08-12 06:17:04 - GeoTravelGlobalLogger - INFO     - [logger.py:345] - 🔄 STEP 2: Clicking on first blog
2026-08-12 06:17:04 - GeoTravelGlobalLogger - INFO     - [logger.py:345] - Clicking on first blog's Read article button
2026-08-12 06:17:12 - GeoTravelGlobalLogger - INFO     - [logger.py:345] - Successfully clicked on first blog's Read article button
2026-08-12 06:17:12 - GeoTravelGlobalLogger - INFO     - [logger.py:345] - 🔄 STEP 3: Waiting for blog detail
2026-08-12 06:17:12 - GeoTravelGlobalLogger - INFO     - [logger.py:345] - Waiting for blog detail to load
2026-08-12 06:17:32 - GeoTravelGlobalLogger - ERROR    - [logger.py:363] - Failed to load blog detail: Message: 
Stacktrace:
#0 0x55c35a90136a <unknown>
#1 0x55c35a274f49 <unknown>
#2 0x55c35a2ca7e2 <unknown>
#3 0x55c35a2caa31 <unknown>
#4 0x55c35a315ed4 <unknown>
#5 0x55c35a3130c3 <unknown>
#6 0x55c35a2bdc92 <unknown>
#7 0x55c35a2beb11 <unknown>
#8 0x55c35a8c68d0 <unknown>
#9 0x55c35a8c4f3a <unknown>
#10 0x55c35a8af9b5 <unknown>
#11 0x55c35a8c5c0a <unknown>
#12 0x55c35a897740 <unknown>
#13 0x55c35a8ec9a8 <unknown>
#14 0x55c35a8ecb45 <unknown>
#15 0x55c35a8fff1e <unknown>
#16 0x7f66dc09cb84 <unknown>
#17 0x7f66dc129d6c <unknown>

2026-08-12 06:17:32 - GeoTravelGlobalLogger - ERROR    - [logger.py:363] - ❌ Test failed: Blog detail should load
assert False
 +  where False = wait_for_blog_detail_load()
 +    where wait_for_blog_detail_load = <src.pages.ui.blogs_flow.BlogsPage object at 0x7fe0b0ea4f10>.wait_for_blog_detail_load
 +      where <src.pages.ui.blogs_flow.BlogsPage object at 0x7fe0b0ea4f10> = <test_blogs_smoke.TestBlogs object at 0x7fe0b1089600>.blogs_page
2026-08-12 06:17:33 - GeoTravelGlobalLogger - INFO     - [logger.py:345] - ✅ Saved test-specific logs: reports/logs/src_tests_smoke_tests_test_blogs_smoke.py_TestBlogs_test_read_blog_061733.log
2026-08-12 06:17:33 - GeoTravelGlobalLogger - INFO     - [logger.py:345] - Test result added: src/tests/smoke_tests/test_blogs_smoke.py::TestBlogs::test_read_blog - FAIL (Duration: 35.12s)
2026-08-12 06:17:33 - GeoTravelGlobalLogger - INFO     - [logger.py:345] - Added test result to Unified UI Smoke + API TEST REPORT: src/tests/smoke_tests/test_blogs_smoke.py::TestBlogs::test_read_blog - FAIL
2026-08-12 06:17:33 - GeoTravelGlobalLogger - INFO     - [logger.py:345] - Test result added: test_read_blog - PASS (Duration: 36.15s)
2026-08-12 06:17:33 - GeoTravelGlobalLogger - INFO     - [logger.py:345] - Creating chrome driver...
2026-08-12 06:17:34 - GeoTravelGlobalLogger - INFO     - [logger.py:345] - chrome driver created successfully
2026-08-12 06:17:34 - GeoTravelGlobalLogger - INFO     - [logger.py:345] - === Test: Comment Flow ===
2026-08-12 06:17:34 - GeoTravelGlobalLogger - INFO     - [logger.py:345] - 🔄 STEP 1: Navigating to blog detail
2026-08-12 06:17:35 - GeoTravelGlobalLogger - INFO     - [logger.py:345] - Navigated to: https://retail.stg.gowithgeo.com/
2026-08-12 06:17:35 - GeoTravelGlobalLogger - INFO     - [logger.py:345] - 🏁 Warming up site before homepage load...
2026-08-12 06:17:35 - GeoTravelGlobalLogger - INFO     - [logger.py:345] - Navigated to: https://retail.stg.gowithgeo.com/
2026-08-12 06:17:35 - GeoTravelGlobalLogger - INFO     - [logger.py:345] - Warm-up page opened successfully.
2026-08-12 06:17:40 - GeoTravelGlobalLogger - INFO     - [logger.py:345] - 🏠 Waiting for homepage to load (max retries: 3)
2026-08-12 06:17:40 - GeoTravelGlobalLogger - INFO     - [logger.py:345] - Attempt 1/3
2026-08-12 06:17:40 - GeoTravelGlobalLogger - INFO     - [logger.py:345] - Page body loaded
2026-08-12 06:17:40 - GeoTravelGlobalLogger - INFO     - [logger.py:345] - Validating Geo Travel page...
2026-08-12 06:17:40 - GeoTravelGlobalLogger - INFO     - [logger.py:345] - Validating page HTML structure...
2026-08-12 06:17:40 - GeoTravelGlobalLogger - INFO     - [logger.py:345] - Validating page content keywords...
2026-08-12 06:17:40 - GeoTravelGlobalLogger - INFO     - [logger.py:345] - Page validation confidence: 100.0%
2026-08-12 06:17:40 - GeoTravelGlobalLogger - INFO     - [logger.py:345] - Found keywords: ['geo', 'travel', 'destination', 'book', 'tour', 'package', 'hotel', 'flight', 'vacation', 'adventure']
2026-08-12 06:17:40 - GeoTravelGlobalLogger - INFO     - [logger.py:345] - Homepage validation passed! Confidence: 100.0%
2026-08-12 06:17:40 - GeoTravelGlobalLogger - INFO     - [logger.py:345] - Navigating to Blogs page
2026-08-12 06:17:41 - GeoTravelGlobalLogger - INFO     - [logger.py:345] - Successfully navigated to Blogs page
2026-08-12 06:17:41 - GeoTravelGlobalLogger - INFO     - [logger.py:345] - Blogs page source verified
2026-08-12 06:17:41 - GeoTravelGlobalLogger - INFO     - [logger.py:345] - Successfully navigated to Blogs page
2026-08-12 06:17:41 - GeoTravelGlobalLogger - INFO     - [logger.py:345] - Clicking on first blog's Read article button
2026-08-12 06:17:48 - GeoTravelGlobalLogger - INFO     - [logger.py:345] - Successfully clicked on first blog's Read article button
2026-08-12 06:17:48 - GeoTravelGlobalLogger - INFO     - [logger.py:345] - Waiting for blog detail to load
2026-08-12 06:18:09 - GeoTravelGlobalLogger - ERROR    - [logger.py:363] - Failed to load blog detail: Message: 
Stacktrace:
#0 0x558c9999e36a <unknown>
#1 0x558c99311f49 <unknown>
#2 0x558c993677e2 <unknown>
#3 0x558c99367a31 <unknown>
#4 0x558c993b2ed4 <unknown>
#5 0x558c993b00c3 <unknown>
#6 0x558c9935ac92 <unknown>
#7 0x558c9935bb11 <unknown>
#8 0x558c999638d0 <unknown>
#9 0x558c99961f3a <unknown>
#10 0x558c9994c9b5 <unknown>
#11 0x558c99962c0a <unknown>
#12 0x558c99934740 <unknown>
#13 0x558c999899a8 <unknown>
#14 0x558c99989b45 <unknown>
#15 0x558c9999cf1e <unknown>
#16 0x7f0bd129cb84 <unknown>
#17 0x7f0bd1329d6c <unknown>

2026-08-12 06:18:09 - GeoTravelGlobalLogger - ERROR    - [logger.py:363] - ❌ Test failed: Blog detail should load
assert False
 +  where False = wait_for_blog_detail_load()
 +    where wait_for_blog_detail_load = <src.pages.ui.blogs_flow.BlogsPage object at 0x7fe0b0f1f070>.wait_for_blog_detail_load
 +      where <src.pages.ui.blogs_flow.BlogsPage object at 0x7fe0b0f1f070> = <test_blogs_smoke.TestBlogs object at 0x7fe0b108b5e0>.blogs_page
2026-08-12 06:18:09 - GeoTravelGlobalLogger - INFO     - [logger.py:345] - ✅ Saved test-specific logs: reports/logs/src_tests_smoke_tests_test_blogs_smoke.py_TestBlogs_test_comment_flow_061809.log
2026-08-12 06:18:10 - GeoTravelGlobalLogger - INFO     - [logger.py:345] - Test result added: src/tests/smoke_tests/test_blogs_smoke.py::TestBlogs::test_comment_flow - FAIL (Duration: 35.32s)
2026-08-12 06:18:10 - GeoTravelGlobalLogger - INFO     - [logger.py:345] - Added test result to Unified UI Smoke + API TEST REPORT: src/tests/smoke_tests/test_blogs_smoke.py::TestBlogs::test_comment_flow - FAIL
2026-08-12 06:18:10 - GeoTravelGlobalLogger - INFO     - [logger.py:345] - Test result added: test_comment_flow - PASS (Duration: 36.35s)
2026-08-12 06:18:10 - GeoTravelGlobalLogger - INFO     - [logger.py:345] - Creating chrome driver...
2026-08-12 06:18:10 - GeoTravelGlobalLogger - INFO     - [logger.py:345] - chrome driver created successfully
2026-08-12 06:18:10 - GeoTravelGlobalLogger - INFO     - [logger.py:345] - === Test: Scroll Functionality ===
2026-08-12 06:18:10 - GeoTravelGlobalLogger - INFO     - [logger.py:345] - 🔄 STEP 1: Navigating to blog detail
2026-08-12 06:18:11 - GeoTravelGlobalLogger - INFO     - [logger.py:345] - Navigated to: https://retail.stg.gowithgeo.com/
2026-08-12 06:18:11 - GeoTravelGlobalLogger - INFO     - [logger.py:345] - 🏁 Warming up site before homepage load...
2026-08-12 06:18:11 - GeoTravelGlobalLogger - INFO     - [logger.py:345] - Navigated to: https://retail.stg.gowithgeo.com/
2026-08-12 06:18:11 - GeoTravelGlobalLogger - INFO     - [logger.py:345] - Warm-up page opened successfully.
2026-08-12 06:18:16 - GeoTravelGlobalLogger - INFO     - [logger.py:345] - 🏠 Waiting for homepage to load (max retries: 3)
2026-08-12 06:18:16 - GeoTravelGlobalLogger - INFO     - [logger.py:345] - Attempt 1/3
2026-08-12 06:18:17 - GeoTravelGlobalLogger - INFO     - [logger.py:345] - Page body loaded
2026-08-12 06:18:17 - GeoTravelGlobalLogger - INFO     - [logger.py:345] - Validating Geo Travel page...
2026-08-12 06:18:17 - GeoTravelGlobalLogger - INFO     - [logger.py:345] - Validating page HTML structure...
2026-08-12 06:18:17 - GeoTravelGlobalLogger - INFO     - [logger.py:345] - Validating page content keywords...
2026-08-12 06:18:17 - GeoTravelGlobalLogger - INFO     - [logger.py:345] - Page validation confidence: 100.0%
2026-08-12 06:18:17 - GeoTravelGlobalLogger - INFO     - [logger.py:345] - Found keywords: ['geo', 'travel', 'destination', 'book', 'tour', 'package', 'hotel', 'flight', 'vacation', 'adventure']
2026-08-12 06:18:17 - GeoTravelGlobalLogger - INFO     - [logger.py:345] - Homepage validation passed! Confidence: 100.0%
2026-08-12 06:18:17 - GeoTravelGlobalLogger - INFO     - [logger.py:345] - Navigating to Blogs page
2026-08-12 06:18:17 - GeoTravelGlobalLogger - INFO     - [logger.py:345] - Successfully navigated to Blogs page
2026-08-12 06:18:17 - GeoTravelGlobalLogger - INFO     - [logger.py:345] - Blogs page source verified
2026-08-12 06:18:17 - GeoTravelGlobalLogger - INFO     - [logger.py:345] - Successfully navigated to Blogs page
2026-08-12 06:18:17 - GeoTravelGlobalLogger - INFO     - [logger.py:345] - Clicking on first blog's Read article button
2026-08-12 06:18:24 - GeoTravelGlobalLogger - INFO     - [logger.py:345] - Successfully clicked on first blog's Read article button
2026-08-12 06:18:24 - GeoTravelGlobalLogger - INFO     - [logger.py:345] - Waiting for blog detail to load
2026-08-12 06:18:45 - GeoTravelGlobalLogger - ERROR    - [logger.py:363] - Failed to load blog detail: Message: 
Stacktrace:
#0 0x555aa018536a <unknown>
#1 0x555a9faf8f49 <unknown>
#2 0x555a9fb4e7e2 <unknown>
#3 0x555a9fb4ea31 <unknown>
#4 0x555a9fb99ed4 <unknown>
#5 0x555a9fb970c3 <unknown>
#6 0x555a9fb41c92 <unknown>
#7 0x555a9fb42b11 <unknown>
#8 0x555aa014a8d0 <unknown>
#9 0x555aa0148f3a <unknown>
#10 0x555aa01339b5 <unknown>
#11 0x555aa0149c0a <unknown>
#12 0x555aa011b740 <unknown>
#13 0x555aa01709a8 <unknown>
#14 0x555aa0170b45 <unknown>
#15 0x555aa0183f1e <unknown>
#16 0x7fc5a6e9cb84 <unknown>
#17 0x7fc5a6f29d6c <unknown>

2026-08-12 06:18:45 - GeoTravelGlobalLogger - ERROR    - [logger.py:363] - ❌ Test failed: Blog detail should load
assert False
 +  where False = wait_for_blog_detail_load()
 +    where wait_for_blog_detail_load = <src.pages.ui.blogs_flow.BlogsPage object at 0x7fe0b106ca00>.wait_for_blog_detail_load
 +      where <src.pages.ui.blogs_flow.BlogsPage object at 0x7fe0b106ca00> = <test_blogs_smoke.TestBlogs object at 0x7fe0b1089a50>.blogs_page
2026-08-12 06:18:45 - GeoTravelGlobalLogger - INFO     - [logger.py:345] - ✅ Saved test-specific logs: reports/logs/src_tests_smoke_tests_test_blogs_smoke.py_TestBlogs_test_scroll_functionality_061845.log
2026-08-12 06:18:46 - GeoTravelGlobalLogger - INFO     - [logger.py:345] - Test result added: src/tests/smoke_tests/test_blogs_smoke.py::TestBlogs::test_scroll_functionality - FAIL (Duration: 35.24s)
2026-08-12 06:18:46 - GeoTravelGlobalLogger - INFO     - [logger.py:345] - Added test result to Unified UI Smoke + API TEST REPORT: src/tests/smoke_tests/test_blogs_smoke.py::TestBlogs::test_scroll_functionality - FAIL
2026-08-12 06:18:46 - GeoTravelGlobalLogger - INFO     - [logger.py:345] - Test result added: test_scroll_functionality - PASS (Duration: 36.28s)
2026-08-12 06:18:46 - GeoTravelGlobalLogger - INFO     - [logger.py:345] - Creating chrome driver...
2026-08-12 06:18:46 - GeoTravelGlobalLogger - INFO     - [logger.py:345] - chrome driver created successfully
2026-08-12 06:18:46 - GeoTravelGlobalLogger - INFO     - [logger.py:345] - === Test: More Like This ===
2026-08-12 06:18:46 - GeoTravelGlobalLogger - INFO     - [logger.py:345] - 🔄 STEP 1: Navigating to blog detail
2026-08-12 06:18:48 - GeoTravelGlobalLogger - INFO     - [logger.py:345] - Navigated to: https://retail.stg.gowithgeo.com/
2026-08-12 06:18:48 - GeoTravelGlobalLogger - INFO     - [logger.py:345] - 🏁 Warming up site before homepage load...
2026-08-12 06:18:48 - GeoTravelGlobalLogger - INFO     - [logger.py:345] - Navigated to: https://retail.stg.gowithgeo.com/
2026-08-12 06:18:48 - GeoTravelGlobalLogger - INFO     - [logger.py:345] - Warm-up page opened successfully.
2026-08-12 06:18:53 - GeoTravelGlobalLogger - INFO     - [logger.py:345] - 🏠 Waiting for homepage to load (max retries: 3)
2026-08-12 06:18:53 - GeoTravelGlobalLogger - INFO     - [logger.py:345] - Attempt 1/3
2026-08-12 06:18:53 - GeoTravelGlobalLogger - INFO     - [logger.py:345] - Page body loaded
2026-08-12 06:18:53 - GeoTravelGlobalLogger - INFO     - [logger.py:345] - Validating Geo Travel page...
2026-08-12 06:18:53 - GeoTravelGlobalLogger - INFO     - [logger.py:345] - Validating page HTML structure...
2026-08-12 06:18:53 - GeoTravelGlobalLogger - INFO     - [logger.py:345] - Validating page content keywords...
2026-08-12 06:18:53 - GeoTravelGlobalLogger - INFO     - [logger.py:345] - Page validation confidence: 100.0%
2026-08-12 06:18:53 - GeoTravelGlobalLogger - INFO     - [logger.py:345] - Found keywords: ['geo', 'travel', 'destination', 'book', 'tour', 'package', 'hotel', 'flight', 'vacation', 'adventure']
2026-08-12 06:18:53 - GeoTravelGlobalLogger - INFO     - [logger.py:345] - Homepage validation passed! Confidence: 100.0%
2026-08-12 06:18:53 - GeoTravelGlobalLogger - INFO     - [logger.py:345] - Navigating to Blogs page
2026-08-12 06:18:53 - GeoTravelGlobalLogger - INFO     - [logger.py:345] - Successfully navigated to Blogs page
2026-08-12 06:18:53 - GeoTravelGlobalLogger - INFO     - [logger.py:345] - Blogs page source verified
2026-08-12 06:18:53 - GeoTravelGlobalLogger - INFO     - [logger.py:345] - Successfully navigated to Blogs page
2026-08-12 06:18:53 - GeoTravelGlobalLogger - INFO     - [logger.py:345] - Clicking on first blog's Read article button
2026-08-12 06:19:01 - GeoTravelGlobalLogger - INFO     - [logger.py:345] - Successfully clicked on first blog's Read article button
2026-08-12 06:19:01 - GeoTravelGlobalLogger - INFO     - [logger.py:345] - Waiting for blog detail to load
2026-08-12 06:19:21 - GeoTravelGlobalLogger - ERROR    - [logger.py:363] - Failed to load blog detail: Message: 
Stacktrace:
#0 0x559b9a88a36a <unknown>
#1 0x559b9a1fdf49 <unknown>
#2 0x559b9a2537e2 <unknown>
#3 0x559b9a253a31 <unknown>
#4 0x559b9a29eed4 <unknown>
#5 0x559b9a29c0c3 <unknown>
#6 0x559b9a246c92 <unknown>
#7 0x559b9a247b11 <unknown>
#8 0x559b9a84f8d0 <unknown>
#9 0x559b9a84df3a <unknown>
#10 0x559b9a8389b5 <unknown>
#11 0x559b9a84ec0a <unknown>
#12 0x559b9a820740 <unknown>
#13 0x559b9a8759a8 <unknown>
#14 0x559b9a875b45 <unknown>
#15 0x559b9a888f1e <unknown>
#16 0x7ff332c9cb84 <unknown>
#17 0x7ff332d29d6c <unknown>

2026-08-12 06:19:21 - GeoTravelGlobalLogger - ERROR    - [logger.py:363] - ❌ Test failed: Blog detail should load
assert False
 +  where False = wait_for_blog_detail_load()
 +    where wait_for_blog_detail_load = <src.pages.ui.blogs_flow.BlogsPage object at 0x7fe0b0e00d60>.wait_for_blog_detail_load
 +      where <src.pages.ui.blogs_flow.BlogsPage object at 0x7fe0b0e00d60> = <test_blogs_smoke.TestBlogs object at 0x7fe0b1089d20>.blogs_page
2026-08-12 06:19:22 - GeoTravelGlobalLogger - INFO     - [logger.py:345] - ✅ Saved test-specific logs: reports/logs/src_tests_smoke_tests_test_blogs_smoke.py_TestBlogs_test_more_like_this_061922.log
2026-08-12 06:19:22 - GeoTravelGlobalLogger - INFO     - [logger.py:345] - Test result added: src/tests/smoke_tests/test_blogs_smoke.py::TestBlogs::test_more_like_this - FAIL (Duration: 35.31s)
2026-08-12 06:19:22 - GeoTravelGlobalLogger - INFO     - [logger.py:345] - Added test result to Unified UI Smoke + API TEST REPORT: src/tests/smoke_tests/test_blogs_smoke.py::TestBlogs::test_more_like_this - FAIL
2026-08-12 06:19:22 - GeoTravelGlobalLogger - INFO     - [logger.py:345] - Test result added: test_more_like_this - PASS (Duration: 36.34s)
2026-08-12 06:19:22 - GeoTravelGlobalLogger - INFO     - [logger.py:345] - Creating chrome driver...
2026-08-12 06:19:23 - GeoTravelGlobalLogger - INFO     - [logger.py:345] - chrome driver created successfully
2026-08-12 06:19:23 - GeoTravelGlobalLogger - INFO     - [logger.py:345] - === Comprehensive Test: Complete Blog Flow ===
2026-08-12 06:19:23 - GeoTravelGlobalLogger - INFO     - [logger.py:345] - 🔄 STEP 1: Navigating to Blogs
2026-08-12 06:19:23 - GeoTravelGlobalLogger - INFO     - [logger.py:345] - Navigated to: https://retail.stg.gowithgeo.com/
2026-08-12 06:19:23 - GeoTravelGlobalLogger - INFO     - [logger.py:345] - 🏁 Warming up site before homepage load...
2026-08-12 06:19:24 - GeoTravelGlobalLogger - INFO     - [logger.py:345] - Navigated to: https://retail.stg.gowithgeo.com/
2026-08-12 06:19:24 - GeoTravelGlobalLogger - INFO     - [logger.py:345] - Warm-up page opened successfully.
2026-08-12 06:19:29 - GeoTravelGlobalLogger - INFO     - [logger.py:345] - 🏠 Waiting for homepage to load (max retries: 3)
2026-08-12 06:19:29 - GeoTravelGlobalLogger - INFO     - [logger.py:345] - Attempt 1/3
2026-08-12 06:19:29 - GeoTravelGlobalLogger - INFO     - [logger.py:345] - Page body loaded
2026-08-12 06:19:29 - GeoTravelGlobalLogger - INFO     - [logger.py:345] - Validating Geo Travel page...
2026-08-12 06:19:29 - GeoTravelGlobalLogger - INFO     - [logger.py:345] - Validating page HTML structure...
2026-08-12 06:19:29 - GeoTravelGlobalLogger - INFO     - [logger.py:345] - Validating page content keywords...
2026-08-12 06:19:29 - GeoTravelGlobalLogger - INFO     - [logger.py:345] - Page validation confidence: 100.0%
2026-08-12 06:19:29 - GeoTravelGlobalLogger - INFO     - [logger.py:345] - Found keywords: ['geo', 'travel', 'destination', 'book', 'tour', 'package', 'hotel', 'flight', 'vacation', 'adventure']
2026-08-12 06:19:29 - GeoTravelGlobalLogger - INFO     - [logger.py:345] - Homepage validation passed! Confidence: 100.0%
2026-08-12 06:19:29 - GeoTravelGlobalLogger - INFO     - [logger.py:345] - Navigating to Blogs page
2026-08-12 06:19:30 - GeoTravelGlobalLogger - INFO     - [logger.py:345] - Successfully navigated to Blogs page
2026-08-12 06:19:30 - GeoTravelGlobalLogger - INFO     - [logger.py:345] - Blogs page source verified
2026-08-12 06:19:30 - GeoTravelGlobalLogger - INFO     - [logger.py:345] - Successfully navigated to Blogs page
2026-08-12 06:19:30 - GeoTravelGlobalLogger - INFO     - [logger.py:345] - 🔄 STEP 3: Clicking first blog
2026-08-12 06:19:30 - GeoTravelGlobalLogger - INFO     - [logger.py:345] - Clicking on first blog's Read article button
2026-08-12 06:19:37 - GeoTravelGlobalLogger - INFO     - [logger.py:345] - Successfully clicked on first blog's Read article button
2026-08-12 06:19:37 - GeoTravelGlobalLogger - INFO     - [logger.py:345] - Waiting for blog detail to load
2026-08-12 06:19:58 - GeoTravelGlobalLogger - ERROR    - [logger.py:363] - Failed to load blog detail: Message: 
Stacktrace:
#0 0x55a0eeaa736a <unknown>
#1 0x55a0ee41af49 <unknown>
#2 0x55a0ee4707e2 <unknown>
#3 0x55a0ee470a31 <unknown>
#4 0x55a0ee4bbed4 <unknown>
#5 0x55a0ee4b90c3 <unknown>
#6 0x55a0ee463c92 <unknown>
#7 0x55a0ee464b11 <unknown>
#8 0x55a0eea6c8d0 <unknown>
#9 0x55a0eea6af3a <unknown>
#10 0x55a0eea559b5 <unknown>
#11 0x55a0eea6bc0a <unknown>
#12 0x55a0eea3d740 <unknown>
#13 0x55a0eea929a8 <unknown>
#14 0x55a0eea92b45 <unknown>
#15 0x55a0eeaa5f1e <unknown>
#16 0x7f7ee749cb84 <unknown>
#17 0x7f7ee7529d6c <unknown>

2026-08-12 06:19:58 - GeoTravelGlobalLogger - ERROR    - [logger.py:363] - ❌ Test failed: Blog detail should load
assert False
 +  where False = wait_for_blog_detail_load()
 +    where wait_for_blog_detail_load = <src.pages.ui.blogs_flow.BlogsPage object at 0x7fe0b1000730>.wait_for_blog_detail_load
 +      where <src.pages.ui.blogs_flow.BlogsPage object at 0x7fe0b1000730> = <test_blogs_smoke.TestBlogs object at 0x7fe0b108a8c0>.blogs_page
2026-08-12 06:19:58 - GeoTravelGlobalLogger - INFO     - [logger.py:345] - ✅ Saved test-specific logs: reports/logs/src_tests_smoke_tests_test_blogs_smoke.py_TestBlogs_test_complete_blog_flow_061958.log
2026-08-12 06:19:59 - GeoTravelGlobalLogger - INFO     - [logger.py:345] - Test result added: src/tests/smoke_tests/test_blogs_smoke.py::TestBlogs::test_complete_blog_flow - FAIL (Duration: 35.33s)
2026-08-12 06:19:59 - GeoTravelGlobalLogger - INFO     - [logger.py:345] - Added test result to Unified UI Smoke + API TEST REPORT: src/tests/smoke_tests/test_blogs_smoke.py::TestBlogs::test_complete_blog_flow - FAIL
2026-08-12 06:19:59 - GeoTravelGlobalLogger - INFO     - [logger.py:345] - Test result added: test_complete_blog_flow - PASS (Duration: 36.36s)
2026-08-12 06:19:59 - GeoTravelGlobalLogger - INFO     - [logger.py:345] - Creating chrome driver...
2026-08-12 06:19:59 - GeoTravelGlobalLogger - INFO     - [logger.py:345] - chrome driver created successfully
2026-08-12 06:19:59 - GeoTravelGlobalLogger - INFO     - [logger.py:345] - === Test: Contact Page Navigation ===
2026-08-12 06:19:59 - GeoTravelGlobalLogger - INFO     - [logger.py:345] - 🔄 STEP 1: Opening homepage
2026-08-12 06:20:00 - GeoTravelGlobalLogger - INFO     - [logger.py:345] - Navigated to: https://retail.stg.gowithgeo.com/
2026-08-12 06:20:00 - GeoTravelGlobalLogger - INFO     - [logger.py:345] - 🏁 Warming up site before homepage load...
2026-08-12 06:20:00 - GeoTravelGlobalLogger - INFO     - [logger.py:345] - Navigated to: https://retail.stg.gowithgeo.com/
2026-08-12 06:20:00 - GeoTravelGlobalLogger - INFO     - [logger.py:345] - Warm-up page opened successfully.
2026-08-12 06:20:05 - GeoTravelGlobalLogger - INFO     - [logger.py:345] - 🏠 Waiting for homepage to load (max retries: 3)
2026-08-12 06:20:05 - GeoTravelGlobalLogger - INFO     - [logger.py:345] - Attempt 1/3
2026-08-12 06:20:05 - GeoTravelGlobalLogger - INFO     - [logger.py:345] - Page body loaded
2026-08-12 06:20:05 - GeoTravelGlobalLogger - INFO     - [logger.py:345] - Validating Geo Travel page...
2026-08-12 06:20:05 - GeoTravelGlobalLogger - INFO     - [logger.py:345] - Validating page HTML structure...
2026-08-12 06:20:05 - GeoTravelGlobalLogger - INFO     - [logger.py:345] - Validating page content keywords...
2026-08-12 06:20:05 - GeoTravelGlobalLogger - INFO     - [logger.py:345] - Page validation confidence: 100.0%
2026-08-12 06:20:05 - GeoTravelGlobalLogger - INFO     - [logger.py:345] - Found keywords: ['geo', 'travel', 'destination', 'book', 'tour', 'package', 'hotel', 'flight', 'vacation', 'adventure']
2026-08-12 06:20:05 - GeoTravelGlobalLogger - INFO     - [logger.py:345] - Homepage validation passed! Confidence: 100.0%
2026-08-12 06:20:05 - GeoTravelGlobalLogger - INFO     - [logger.py:345] - 🔄 STEP 2: Navigating to Contact
2026-08-12 06:20:05 - GeoTravelGlobalLogger - INFO     - [logger.py:345] - Navigating to Contact page
2026-08-12 06:20:05 - GeoTravelGlobalLogger - INFO     - [logger.py:345] - Successfully navigated to Contact page
2026-08-12 06:20:05 - GeoTravelGlobalLogger - INFO     - [logger.py:345] - 🔄 STEP 3: Verifying Contact page
2026-08-12 06:20:05 - GeoTravelGlobalLogger - INFO     - [logger.py:345] - SUCCESS: ✅ Contact page navigation verified
2026-08-12 06:20:05 - GeoTravelGlobalLogger - INFO     - [logger.py:345] - ✅ Saved test-specific logs: reports/logs/src_tests_smoke_tests_test_contact_us_smoke.py_TestContact_test_contact_page_navigation_062005.log
2026-08-12 06:20:05 - GeoTravelGlobalLogger - INFO     - [logger.py:345] - Test result added: src/tests/smoke_tests/test_contact_us_smoke.py::TestContact::test_contact_page_navigation - PASS (Duration: 6.35s)
2026-08-12 06:20:05 - GeoTravelGlobalLogger - INFO     - [logger.py:345] - Added test result to Unified UI Smoke + API TEST REPORT: src/tests/smoke_tests/test_contact_us_smoke.py::TestContact::test_contact_page_navigation - PASS
2026-08-12 06:20:06 - GeoTravelGlobalLogger - INFO     - [logger.py:345] - Test result added: test_contact_page_navigation - PASS (Duration: 6.97s)
2026-08-12 06:20:06 - GeoTravelGlobalLogger - INFO     - [logger.py:345] - Creating chrome driver...
2026-08-12 06:20:06 - GeoTravelGlobalLogger - INFO     - [logger.py:345] - chrome driver created successfully
2026-08-12 06:20:06 - GeoTravelGlobalLogger - INFO     - [logger.py:345] - === Test: Submit Contact Form ===
2026-08-12 06:20:06 - GeoTravelGlobalLogger - INFO     - [logger.py:345] - 🔄 STEP 1: Navigating to Contact
2026-08-12 06:20:07 - GeoTravelGlobalLogger - INFO     - [logger.py:345] - Navigated to: https://retail.stg.gowithgeo.com/
2026-08-12 06:20:07 - GeoTravelGlobalLogger - INFO     - [logger.py:345] - 🏁 Warming up site before homepage load...
2026-08-12 06:20:07 - GeoTravelGlobalLogger - INFO     - [logger.py:345] - Navigated to: https://retail.stg.gowithgeo.com/
2026-08-12 06:20:07 - GeoTravelGlobalLogger - INFO     - [logger.py:345] - Warm-up page opened successfully.
2026-08-12 06:20:12 - GeoTravelGlobalLogger - INFO     - [logger.py:345] - 🏠 Waiting for homepage to load (max retries: 3)
2026-08-12 06:20:12 - GeoTravelGlobalLogger - INFO     - [logger.py:345] - Attempt 1/3
2026-08-12 06:20:12 - GeoTravelGlobalLogger - INFO     - [logger.py:345] - Page body loaded
2026-08-12 06:20:12 - GeoTravelGlobalLogger - INFO     - [logger.py:345] - Validating Geo Travel page...
2026-08-12 06:20:12 - GeoTravelGlobalLogger - INFO     - [logger.py:345] - Validating page HTML structure...
2026-08-12 06:20:12 - GeoTravelGlobalLogger - INFO     - [logger.py:345] - Validating page content keywords...
2026-08-12 06:20:12 - GeoTravelGlobalLogger - INFO     - [logger.py:345] - Page validation confidence: 100.0%
2026-08-12 06:20:12 - GeoTravelGlobalLogger - INFO     - [logger.py:345] - Found keywords: ['geo', 'travel', 'destination', 'book', 'tour', 'package', 'hotel', 'flight', 'vacation', 'adventure']
2026-08-12 06:20:12 - GeoTravelGlobalLogger - INFO     - [logger.py:345] - Homepage validation passed! Confidence: 100.0%
2026-08-12 06:20:12 - GeoTravelGlobalLogger - INFO     - [logger.py:345] - Navigating to Contact page
2026-08-12 06:20:13 - GeoTravelGlobalLogger - INFO     - [logger.py:345] - Successfully navigated to Contact page
2026-08-12 06:20:13 - GeoTravelGlobalLogger - INFO     - [logger.py:345] - 🔄 STEP 2: Filling contact form
2026-08-12 06:20:13 - GeoTravelGlobalLogger - INFO     - [logger.py:345] - Filling contact form with name: Geo QA Bot
2026-08-12 06:20:13 - GeoTravelGlobalLogger - INFO     - [logger.py:345] - Filled name input
2026-08-12 06:20:13 - GeoTravelGlobalLogger - INFO     - [logger.py:345] - Filled email input
2026-08-12 06:20:13 - GeoTravelGlobalLogger - INFO     - [logger.py:345] - Filled phone input
2026-08-12 06:20:13 - GeoTravelGlobalLogger - INFO     - [logger.py:345] - Selecting support type: technical support
2026-08-12 06:20:25 - GeoTravelGlobalLogger - ERROR    - [logger.py:363] - Failed to fill contact form: Message: 
Stacktrace:
#0 0x55f7ffe2936a <unknown>
#1 0x55f7ff79cf49 <unknown>
#2 0x55f7ff7f27e2 <unknown>
#3 0x55f7ff7f2a31 <unknown>
#4 0x55f7ff83ded4 <unknown>
#5 0x55f7ff83b0c3 <unknown>
#6 0x55f7ff7e5c92 <unknown>
#7 0x55f7ff7e6b11 <unknown>
#8 0x55f7ffdee8d0 <unknown>
#9 0x55f7ffdecf3a <unknown>
#10 0x55f7ffdd79b5 <unknown>
#11 0x55f7ffdedc0a <unknown>
#12 0x55f7ffdbf740 <unknown>
#13 0x55f7ffe149a8 <unknown>
#14 0x55f7ffe14b45 <unknown>
#15 0x55f7ffe27f1e <unknown>
#16 0x7f317ae9cb84 <unknown>
#17 0x7f317af29d6c <unknown>

2026-08-12 06:20:25 - GeoTravelGlobalLogger - ERROR    - [logger.py:363] - ❌ Test failed: Message: 
Stacktrace:
#0 0x55f7ffe2936a <unknown>
#1 0x55f7ff79cf49 <unknown>
#2 0x55f7ff7f27e2 <unknown>
#3 0x55f7ff7f2a31 <unknown>
#4 0x55f7ff83ded4 <unknown>
#5 0x55f7ff83b0c3 <unknown>
#6 0x55f7ff7e5c92 <unknown>
#7 0x55f7ff7e6b11 <unknown>
#8 0x55f7ffdee8d0 <unknown>
#9 0x55f7ffdecf3a <unknown>
#10 0x55f7ffdd79b5 <unknown>
#11 0x55f7ffdedc0a <unknown>
#12 0x55f7ffdbf740 <unknown>
#13 0x55f7ffe149a8 <unknown>
#14 0x55f7ffe14b45 <unknown>
#15 0x55f7ffe27f1e <unknown>
#16 0x7f317ae9cb84 <unknown>
#17 0x7f317af29d6c <unknown>

2026-08-12 06:20:25 - GeoTravelGlobalLogger - INFO     - [logger.py:345] - ✅ Saved test-specific logs: reports/logs/src_tests_smoke_tests_test_contact_us_smoke.py_TestContact_test_submit_contact_form_062025.log
2026-08-12 06:20:25 - GeoTravelGlobalLogger - INFO     - [logger.py:345] - Test result added: src/tests/smoke_tests/test_contact_us_smoke.py::TestContact::test_submit_contact_form - FAIL (Duration: 19.04s)
2026-08-12 06:20:25 - GeoTravelGlobalLogger - INFO     - [logger.py:345] - Added test result to Unified UI Smoke + API TEST REPORT: src/tests/smoke_tests/test_contact_us_smoke.py::TestContact::test_submit_contact_form - FAIL
2026-08-12 06:20:25 - GeoTravelGlobalLogger - INFO     - [logger.py:345] - Test result added: test_submit_contact_form - PASS (Duration: 19.76s)
2026-08-12 06:20:25 - GeoTravelGlobalLogger - INFO     - [logger.py:345] - Creating chrome driver...
2026-08-12 06:20:26 - GeoTravelGlobalLogger - INFO     - [logger.py:345] - chrome driver created successfully
2026-08-12 06:20:26 - GeoTravelGlobalLogger - INFO     - [logger.py:345] - === Test: Read FAQs ===
2026-08-12 06:20:26 - GeoTravelGlobalLogger - INFO     - [logger.py:345] - 🔄 STEP 1: Navigating to Contact
2026-08-12 06:20:27 - GeoTravelGlobalLogger - INFO     - [logger.py:345] - Navigated to: https://retail.stg.gowithgeo.com/
2026-08-12 06:20:27 - GeoTravelGlobalLogger - INFO     - [logger.py:345] - 🏁 Warming up site before homepage load...
2026-08-12 06:20:27 - GeoTravelGlobalLogger - INFO     - [logger.py:345] - Navigated to: https://retail.stg.gowithgeo.com/
2026-08-12 06:20:27 - GeoTravelGlobalLogger - INFO     - [logger.py:345] - Warm-up page opened successfully.
2026-08-12 06:20:32 - GeoTravelGlobalLogger - INFO     - [logger.py:345] - 🏠 Waiting for homepage to load (max retries: 3)
2026-08-12 06:20:32 - GeoTravelGlobalLogger - INFO     - [logger.py:345] - Attempt 1/3
2026-08-12 06:20:32 - GeoTravelGlobalLogger - INFO     - [logger.py:345] - Page body loaded
2026-08-12 06:20:32 - GeoTravelGlobalLogger - INFO     - [logger.py:345] - Validating Geo Travel page...
2026-08-12 06:20:32 - GeoTravelGlobalLogger - INFO     - [logger.py:345] - Validating page HTML structure...
2026-08-12 06:20:32 - GeoTravelGlobalLogger - INFO     - [logger.py:345] - Validating page content keywords...
2026-08-12 06:20:32 - GeoTravelGlobalLogger - INFO     - [logger.py:345] - Page validation confidence: 100.0%
2026-08-12 06:20:32 - GeoTravelGlobalLogger - INFO     - [logger.py:345] - Found keywords: ['geo', 'travel', 'destination', 'book', 'tour', 'package', 'hotel', 'flight', 'vacation', 'adventure']
2026-08-12 06:20:32 - GeoTravelGlobalLogger - INFO     - [logger.py:345] - Homepage validation passed! Confidence: 100.0%
2026-08-12 06:20:32 - GeoTravelGlobalLogger - INFO     - [logger.py:345] - Navigating to Contact page
2026-08-12 06:20:32 - GeoTravelGlobalLogger - INFO     - [logger.py:345] - Successfully navigated to Contact page
2026-08-12 06:20:32 - GeoTravelGlobalLogger - INFO     - [logger.py:345] - 🔄 STEP 2: Clicking Read FAQs
2026-08-12 06:20:32 - GeoTravelGlobalLogger - INFO     - [logger.py:345] - Clicking Read FAQs
2026-08-12 06:20:37 - GeoTravelGlobalLogger - INFO     - [logger.py:345] - Clicked Read FAQs
2026-08-12 06:20:37 - GeoTravelGlobalLogger - INFO     - [logger.py:345] - 🔄 STEP 3: Verifying FAQ page
2026-08-12 06:20:37 - GeoTravelGlobalLogger - INFO     - [logger.py:345] - Verifying FAQ page loaded
2026-08-12 06:20:37 - GeoTravelGlobalLogger - INFO     - [logger.py:345] - SUCCESS: ✅ Read FAQs verified
2026-08-12 06:20:37 - GeoTravelGlobalLogger - INFO     - [logger.py:345] - ✅ Saved test-specific logs: reports/logs/src_tests_smoke_tests_test_contact_us_smoke.py_TestContact_test_read_faqs_062037.log
2026-08-12 06:20:37 - GeoTravelGlobalLogger - INFO     - [logger.py:345] - Test result added: src/tests/smoke_tests/test_contact_us_smoke.py::TestContact::test_read_faqs - PASS (Duration: 10.99s)
2026-08-12 06:20:37 - GeoTravelGlobalLogger - INFO     - [logger.py:345] - Added test result to Unified UI Smoke + API TEST REPORT: src/tests/smoke_tests/test_contact_us_smoke.py::TestContact::test_read_faqs - PASS
2026-08-12 06:20:37 - GeoTravelGlobalLogger - INFO     - [logger.py:345] - Test result added: test_read_faqs - PASS (Duration: 11.58s)
2026-08-12 06:20:37 - GeoTravelGlobalLogger - INFO     - [logger.py:345] - Creating chrome driver...
2026-08-12 06:20:37 - GeoTravelGlobalLogger - INFO     - [logger.py:345] - chrome driver created successfully
2026-08-12 06:20:37 - GeoTravelGlobalLogger - INFO     - [logger.py:345] - === Test: Privacy Statement ===
2026-08-12 06:20:37 - GeoTravelGlobalLogger - INFO     - [logger.py:345] - 🔄 STEP 1: Navigating to Contact
2026-08-12 06:20:38 - GeoTravelGlobalLogger - INFO     - [logger.py:345] - Navigated to: https://retail.stg.gowithgeo.com/
2026-08-12 06:20:38 - GeoTravelGlobalLogger - INFO     - [logger.py:345] - 🏁 Warming up site before homepage load...
2026-08-12 06:20:39 - GeoTravelGlobalLogger - INFO     - [logger.py:345] - Navigated to: https://retail.stg.gowithgeo.com/
2026-08-12 06:20:39 - GeoTravelGlobalLogger - INFO     - [logger.py:345] - Warm-up page opened successfully.
2026-08-12 06:20:44 - GeoTravelGlobalLogger - INFO     - [logger.py:345] - 🏠 Waiting for homepage to load (max retries: 3)
2026-08-12 06:20:44 - GeoTravelGlobalLogger - INFO     - [logger.py:345] - Attempt 1/3
2026-08-12 06:20:44 - GeoTravelGlobalLogger - INFO     - [logger.py:345] - Page body loaded
2026-08-12 06:20:44 - GeoTravelGlobalLogger - INFO     - [logger.py:345] - Validating Geo Travel page...
2026-08-12 06:20:44 - GeoTravelGlobalLogger - INFO     - [logger.py:345] - Validating page HTML structure...
2026-08-12 06:20:44 - GeoTravelGlobalLogger - INFO     - [logger.py:345] - Validating page content keywords...
2026-08-12 06:20:44 - GeoTravelGlobalLogger - INFO     - [logger.py:345] - Page validation confidence: 100.0%
2026-08-12 06:20:44 - GeoTravelGlobalLogger - INFO     - [logger.py:345] - Found keywords: ['geo', 'travel', 'destination', 'book', 'tour', 'package', 'hotel', 'flight', 'vacation', 'adventure']
2026-08-12 06:20:44 - GeoTravelGlobalLogger - INFO     - [logger.py:345] - Homepage validation passed! Confidence: 100.0%
2026-08-12 06:20:44 - GeoTravelGlobalLogger - INFO     - [logger.py:345] - Navigating to Contact page
2026-08-12 06:20:44 - GeoTravelGlobalLogger - INFO     - [logger.py:345] - Successfully navigated to Contact page
2026-08-12 06:20:44 - GeoTravelGlobalLogger - INFO     - [logger.py:345] - 🔄 STEP 2: Clicking Privacy Statement
2026-08-12 06:20:44 - GeoTravelGlobalLogger - INFO     - [logger.py:345] - Clicking Privacy Statement
2026-08-12 06:20:48 - GeoTravelGlobalLogger - INFO     - [logger.py:345] - Clicked Privacy Statement
2026-08-12 06:20:48 - GeoTravelGlobalLogger - INFO     - [logger.py:345] - 🔄 STEP 3: Switching to new tab
2026-08-12 06:20:48 - GeoTravelGlobalLogger - INFO     - [logger.py:345] - 🔄 STEP 4: Verifying privacy page
2026-08-12 06:20:48 - GeoTravelGlobalLogger - INFO     - [logger.py:345] - SUCCESS: ✅ Privacy Statement verified
2026-08-12 06:20:48 - GeoTravelGlobalLogger - INFO     - [logger.py:345] - ✅ Saved test-specific logs: reports/logs/src_tests_smoke_tests_test_contact_us_smoke.py_TestContact_test_privacy_statement_link_062048.log
2026-08-12 06:20:48 - GeoTravelGlobalLogger - INFO     - [logger.py:345] - Test result added: src/tests/smoke_tests/test_contact_us_smoke.py::TestContact::test_privacy_statement_link - PASS (Duration: 10.95s)
2026-08-12 06:20:48 - GeoTravelGlobalLogger - INFO     - [logger.py:345] - Added test result to Unified UI Smoke + API TEST REPORT: src/tests/smoke_tests/test_contact_us_smoke.py::TestContact::test_privacy_statement_link - PASS
2026-08-12 06:20:48 - GeoTravelGlobalLogger - INFO     - [logger.py:345] - Test result added: test_privacy_statement_link - PASS (Duration: 11.58s)
2026-08-12 06:20:48 - GeoTravelGlobalLogger - INFO     - [logger.py:345] - Creating chrome driver...
2026-08-12 06:20:49 - GeoTravelGlobalLogger - INFO     - [logger.py:345] - chrome driver created successfully
2026-08-12 06:20:49 - GeoTravelGlobalLogger - INFO     - [logger.py:345] - === Comprehensive Test: Complete Contact Flow ===
2026-08-12 06:20:49 - GeoTravelGlobalLogger - INFO     - [logger.py:345] - 🔄 STEP 1: Navigating to Contact
2026-08-12 06:20:50 - GeoTravelGlobalLogger - INFO     - [logger.py:345] - Navigated to: https://retail.stg.gowithgeo.com/
2026-08-12 06:20:50 - GeoTravelGlobalLogger - INFO     - [logger.py:345] - 🏁 Warming up site before homepage load...
2026-08-12 06:20:50 - GeoTravelGlobalLogger - INFO     - [logger.py:345] - Navigated to: https://retail.stg.gowithgeo.com/
2026-08-12 06:20:50 - GeoTravelGlobalLogger - INFO     - [logger.py:345] - Warm-up page opened successfully.
2026-08-12 06:20:55 - GeoTravelGlobalLogger - INFO     - [logger.py:345] - 🏠 Waiting for homepage to load (max retries: 3)
2026-08-12 06:20:55 - GeoTravelGlobalLogger - INFO     - [logger.py:345] - Attempt 1/3
2026-08-12 06:20:55 - GeoTravelGlobalLogger - INFO     - [logger.py:345] - Page body loaded
2026-08-12 06:20:55 - GeoTravelGlobalLogger - INFO     - [logger.py:345] - Validating Geo Travel page...
2026-08-12 06:20:55 - GeoTravelGlobalLogger - INFO     - [logger.py:345] - Validating page HTML structure...
2026-08-12 06:20:55 - GeoTravelGlobalLogger - INFO     - [logger.py:345] - Validating page content keywords...
2026-08-12 06:20:55 - GeoTravelGlobalLogger - INFO     - [logger.py:345] - Page validation confidence: 100.0%
2026-08-12 06:20:55 - GeoTravelGlobalLogger - INFO     - [logger.py:345] - Found keywords: ['geo', 'travel', 'destination', 'book', 'tour', 'package', 'hotel', 'flight', 'vacation', 'adventure']
2026-08-12 06:20:55 - GeoTravelGlobalLogger - INFO     - [logger.py:345] - Homepage validation passed! Confidence: 100.0%
2026-08-12 06:20:55 - GeoTravelGlobalLogger - INFO     - [logger.py:345] - Navigating to Contact page
2026-08-12 06:20:56 - GeoTravelGlobalLogger - INFO     - [logger.py:345] - Successfully navigated to Contact page
2026-08-12 06:20:56 - GeoTravelGlobalLogger - INFO     - [logger.py:345] - 🔄 STEP 2: Filling and submitting form
2026-08-12 06:20:56 - GeoTravelGlobalLogger - INFO     - [logger.py:345] - Filling contact form with name: Geo QA Bot
2026-08-12 06:20:56 - GeoTravelGlobalLogger - INFO     - [logger.py:345] - Filled name input
2026-08-12 06:20:56 - GeoTravelGlobalLogger - INFO     - [logger.py:345] - Filled email input
2026-08-12 06:20:56 - GeoTravelGlobalLogger - INFO     - [logger.py:345] - Filled phone input
2026-08-12 06:20:56 - GeoTravelGlobalLogger - INFO     - [logger.py:345] - Selecting support type: technical support
2026-08-12 06:21:08 - GeoTravelGlobalLogger - ERROR    - [logger.py:363] - Failed to fill contact form: Message: 
Stacktrace:
#0 0x55d9567fd36a <unknown>
#1 0x55d956170f49 <unknown>
#2 0x55d9561c67e2 <unknown>
#3 0x55d9561c6a31 <unknown>
#4 0x55d956211ed4 <unknown>
#5 0x55d95620f0c3 <unknown>
#6 0x55d9561b9c92 <unknown>
#7 0x55d9561bab11 <unknown>
#8 0x55d9567c28d0 <unknown>
#9 0x55d9567c0f3a <unknown>
#10 0x55d9567ab9b5 <unknown>
#11 0x55d9567c1c0a <unknown>
#12 0x55d956793740 <unknown>
#13 0x55d9567e89a8 <unknown>
#14 0x55d9567e8b45 <unknown>
#15 0x55d9567fbf1e <unknown>
#16 0x7fc775e9cb84 <unknown>
#17 0x7fc775f29d6c <unknown>

2026-08-12 06:21:08 - GeoTravelGlobalLogger - ERROR    - [logger.py:363] - ❌ Test failed: Message: 
Stacktrace:
#0 0x55d9567fd36a <unknown>
#1 0x55d956170f49 <unknown>
#2 0x55d9561c67e2 <unknown>
#3 0x55d9561c6a31 <unknown>
#4 0x55d956211ed4 <unknown>
#5 0x55d95620f0c3 <unknown>
#6 0x55d9561b9c92 <unknown>
#7 0x55d9561bab11 <unknown>
#8 0x55d9567c28d0 <unknown>
#9 0x55d9567c0f3a <unknown>
#10 0x55d9567ab9b5 <unknown>
#11 0x55d9567c1c0a <unknown>
#12 0x55d956793740 <unknown>
#13 0x55d9567e89a8 <unknown>
#14 0x55d9567e8b45 <unknown>
#15 0x55d9567fbf1e <unknown>
#16 0x7fc775e9cb84 <unknown>
#17 0x7fc775f29d6c <unknown>

2026-08-12 06:21:08 - GeoTravelGlobalLogger - INFO     - [logger.py:345] - ✅ Saved test-specific logs: reports/logs/src_tests_smoke_tests_test_contact_us_smoke.py_TestContact_test_complete_contact_flow_062108.log
2026-08-12 06:21:08 - GeoTravelGlobalLogger - INFO     - [logger.py:345] - Test result added: src/tests/smoke_tests/test_contact_us_smoke.py::TestContact::test_complete_contact_flow - FAIL (Duration: 19.14s)
2026-08-12 06:21:08 - GeoTravelGlobalLogger - INFO     - [logger.py:345] - Added test result to Unified UI Smoke + API TEST REPORT: src/tests/smoke_tests/test_contact_us_smoke.py::TestContact::test_complete_contact_flow - FAIL
2026-08-12 06:21:08 - GeoTravelGlobalLogger - INFO     - [logger.py:345] - Test result added: test_complete_contact_flow - PASS (Duration: 19.82s)
2026-08-12 06:21:08 - GeoTravelGlobalLogger - INFO     - [logger.py:345] - Creating chrome driver...
2026-08-12 06:21:09 - GeoTravelGlobalLogger - INFO     - [logger.py:345] - chrome driver created successfully
2026-08-12 06:21:09 - GeoTravelGlobalLogger - INFO     - [logger.py:345] - === Testing Homepage Loads Successfully ===
2026-08-12 06:21:09 - GeoTravelGlobalLogger - INFO     - [logger.py:345] - 🔄 STEP 1: Opening homepage
2026-08-12 06:21:10 - GeoTravelGlobalLogger - INFO     - [logger.py:345] - Navigated to: https://retail.stg.gowithgeo.com/
2026-08-12 06:21:10 - GeoTravelGlobalLogger - INFO     - [logger.py:345] - 🏁 Warming up site before homepage load...
2026-08-12 06:21:10 - GeoTravelGlobalLogger - INFO     - [logger.py:345] - Navigated to: https://retail.stg.gowithgeo.com/
2026-08-12 06:21:10 - GeoTravelGlobalLogger - INFO     - [logger.py:345] - Warm-up page opened successfully.
2026-08-12 06:21:15 - GeoTravelGlobalLogger - INFO     - [logger.py:345] - 🏠 Waiting for homepage to load (max retries: 3)
2026-08-12 06:21:15 - GeoTravelGlobalLogger - INFO     - [logger.py:345] - Attempt 1/3
2026-08-12 06:21:15 - GeoTravelGlobalLogger - INFO     - [logger.py:345] - Page body loaded
2026-08-12 06:21:15 - GeoTravelGlobalLogger - INFO     - [logger.py:345] - Validating Geo Travel page...
2026-08-12 06:21:15 - GeoTravelGlobalLogger - INFO     - [logger.py:345] - Validating page HTML structure...
2026-08-12 06:21:15 - GeoTravelGlobalLogger - INFO     - [logger.py:345] - Validating page content keywords...
2026-08-12 06:21:15 - GeoTravelGlobalLogger - INFO     - [logger.py:345] - Page validation confidence: 100.0%
2026-08-12 06:21:15 - GeoTravelGlobalLogger - INFO     - [logger.py:345] - Found keywords: ['geo', 'travel', 'destination', 'book', 'tour', 'package', 'hotel', 'flight', 'vacation', 'adventure']
2026-08-12 06:21:15 - GeoTravelGlobalLogger - INFO     - [logger.py:345] - Homepage validation passed! Confidence: 100.0%
2026-08-12 06:21:15 - GeoTravelGlobalLogger - INFO     - [logger.py:345] - 🔄 STEP 2: Verifying page title
2026-08-12 06:21:15 - GeoTravelGlobalLogger - INFO     - [logger.py:345] - 🔄 STEP 3: Checking current URL
2026-08-12 06:21:15 - GeoTravelGlobalLogger - INFO     - [logger.py:345] - Getting current URL
2026-08-12 06:21:15 - GeoTravelGlobalLogger - INFO     - [logger.py:345] - SUCCESS: Homepage loaded successfully
2026-08-12 06:21:15 - GeoTravelGlobalLogger - INFO     - [logger.py:345] - ✅ Saved test-specific logs: reports/logs/src_tests_smoke_tests_test_flight_booking_smoke.py_TestFlightBookingSmoke_test_homepage_loads_successfully_062115.log
2026-08-12 06:21:15 - GeoTravelGlobalLogger - INFO     - [logger.py:345] - Test result added: src/tests/smoke_tests/test_flight_booking_smoke.py::TestFlightBookingSmoke::test_homepage_loads_successfully - PASS (Duration: 6.47s)
2026-08-12 06:21:15 - GeoTravelGlobalLogger - INFO     - [logger.py:345] - Added test result to Unified UI Smoke + API TEST REPORT: src/tests/smoke_tests/test_flight_booking_smoke.py::TestFlightBookingSmoke::test_homepage_loads_successfully - PASS
2026-08-12 06:21:15 - GeoTravelGlobalLogger - INFO     - [logger.py:345] - Test result added: test_homepage_loads_successfully - PASS (Duration: 7.09s)
2026-08-12 06:21:15 - GeoTravelGlobalLogger - INFO     - [logger.py:345] - Creating chrome driver...
2026-08-12 06:21:16 - GeoTravelGlobalLogger - INFO     - [logger.py:345] - chrome driver created successfully
2026-08-12 06:21:16 - GeoTravelGlobalLogger - INFO     - [logger.py:345] - === Testing Flight Search Form Visibility ===
2026-08-12 06:21:16 - GeoTravelGlobalLogger - INFO     - [logger.py:345] - 🔄 STEP 1: Opening homepage
2026-08-12 06:21:17 - GeoTravelGlobalLogger - INFO     - [logger.py:345] - Navigated to: https://retail.stg.gowithgeo.com/
2026-08-12 06:21:17 - GeoTravelGlobalLogger - INFO     - [logger.py:345] - 🏁 Warming up site before homepage load...
2026-08-12 06:21:17 - GeoTravelGlobalLogger - INFO     - [logger.py:345] - Navigated to: https://retail.stg.gowithgeo.com/
2026-08-12 06:21:17 - GeoTravelGlobalLogger - INFO     - [logger.py:345] - Warm-up page opened successfully.
2026-08-12 06:21:22 - GeoTravelGlobalLogger - INFO     - [logger.py:345] - 🏠 Waiting for homepage to load (max retries: 3)
2026-08-12 06:21:22 - GeoTravelGlobalLogger - INFO     - [logger.py:345] - Attempt 1/3
2026-08-12 06:21:22 - GeoTravelGlobalLogger - INFO     - [logger.py:345] - Page body loaded
2026-08-12 06:21:22 - GeoTravelGlobalLogger - INFO     - [logger.py:345] - Validating Geo Travel page...
2026-08-12 06:21:22 - GeoTravelGlobalLogger - INFO     - [logger.py:345] - Validating page HTML structure...
2026-08-12 06:21:22 - GeoTravelGlobalLogger - INFO     - [logger.py:345] - Validating page content keywords...
2026-08-12 06:21:22 - GeoTravelGlobalLogger - INFO     - [logger.py:345] - Page validation confidence: 100.0%
2026-08-12 06:21:22 - GeoTravelGlobalLogger - INFO     - [logger.py:345] - Found keywords: ['geo', 'travel', 'destination', 'book', 'tour', 'package', 'hotel', 'flight', 'vacation', 'adventure']
2026-08-12 06:21:22 - GeoTravelGlobalLogger - INFO     - [logger.py:345] - Homepage validation passed! Confidence: 100.0%
2026-08-12 06:21:22 - GeoTravelGlobalLogger - INFO     - [logger.py:345] - 🔄 STEP 2: Checking flight search form visibility
2026-08-12 06:21:32 - GeoTravelGlobalLogger - INFO     - [logger.py:345] - ✅ Saved test-specific logs: reports/logs/src_tests_smoke_tests_test_flight_booking_smoke.py_TestFlightBookingSmoke_test_flight_search_form_visible_062132.log
2026-08-12 06:21:33 - GeoTravelGlobalLogger - INFO     - [logger.py:345] - Test result added: src/tests/smoke_tests/test_flight_booking_smoke.py::TestFlightBookingSmoke::test_flight_search_form_visible - FAIL (Duration: 16.53s)
2026-08-12 06:21:33 - GeoTravelGlobalLogger - INFO     - [logger.py:345] - Added test result to Unified UI Smoke + API TEST REPORT: src/tests/smoke_tests/test_flight_booking_smoke.py::TestFlightBookingSmoke::test_flight_search_form_visible - FAIL
2026-08-12 06:21:33 - GeoTravelGlobalLogger - INFO     - [logger.py:345] - Test result added: test_flight_search_form_visible - PASS (Duration: 17.48s)
2026-08-12 06:21:33 - GeoTravelGlobalLogger - INFO     - [logger.py:345] - Creating chrome driver...
2026-08-12 06:21:33 - GeoTravelGlobalLogger - INFO     - [logger.py:345] - chrome driver created successfully
2026-08-12 06:21:33 - GeoTravelGlobalLogger - INFO     - [logger.py:345] - === Testing Error Handling ===
2026-08-12 06:21:33 - GeoTravelGlobalLogger - INFO     - [logger.py:345] - 🔄 STEP 1: Opening homepage
2026-08-12 06:21:34 - GeoTravelGlobalLogger - INFO     - [logger.py:345] - Navigated to: https://retail.stg.gowithgeo.com/
2026-08-12 06:21:34 - GeoTravelGlobalLogger - INFO     - [logger.py:345] - 🏁 Warming up site before homepage load...
2026-08-12 06:21:35 - GeoTravelGlobalLogger - INFO     - [logger.py:345] - Navigated to: https://retail.stg.gowithgeo.com/
2026-08-12 06:21:35 - GeoTravelGlobalLogger - INFO     - [logger.py:345] - Warm-up page opened successfully.
2026-08-12 06:21:40 - GeoTravelGlobalLogger - INFO     - [logger.py:345] - 🏠 Waiting for homepage to load (max retries: 3)
2026-08-12 06:21:40 - GeoTravelGlobalLogger - INFO     - [logger.py:345] - Attempt 1/3
2026-08-12 06:21:40 - GeoTravelGlobalLogger - INFO     - [logger.py:345] - Page body loaded
2026-08-12 06:21:40 - GeoTravelGlobalLogger - INFO     - [logger.py:345] - Validating Geo Travel page...
2026-08-12 06:21:40 - GeoTravelGlobalLogger - INFO     - [logger.py:345] - Validating page HTML structure...
2026-08-12 06:21:40 - GeoTravelGlobalLogger - INFO     - [logger.py:345] - Validating page content keywords...
2026-08-12 06:21:40 - GeoTravelGlobalLogger - INFO     - [logger.py:345] - Page validation confidence: 100.0%
2026-08-12 06:21:40 - GeoTravelGlobalLogger - INFO     - [logger.py:345] - Found keywords: ['geo', 'travel', 'destination', 'book', 'tour', 'package', 'hotel', 'flight', 'vacation', 'adventure']
2026-08-12 06:21:40 - GeoTravelGlobalLogger - INFO     - [logger.py:345] - Homepage validation passed! Confidence: 100.0%
2026-08-12 06:21:40 - GeoTravelGlobalLogger - INFO     - [logger.py:345] - 🔄 STEP 2: Testing error handling with non-existent elements
2026-08-12 06:21:50 - GeoTravelGlobalLogger - INFO     - [logger.py:345] - 🔄 STEP 3: Verifying error handling works
2026-08-12 06:21:50 - GeoTravelGlobalLogger - INFO     - [logger.py:345] - SUCCESS: Error handling works correctly
2026-08-12 06:21:50 - GeoTravelGlobalLogger - INFO     - [logger.py:345] - ✅ Saved test-specific logs: reports/logs/src_tests_smoke_tests_test_flight_booking_smoke.py_TestFlightBookingSmoke_test_error_handling_062150.log
2026-08-12 06:21:50 - GeoTravelGlobalLogger - INFO     - [logger.py:345] - Test result added: src/tests/smoke_tests/test_flight_booking_smoke.py::TestFlightBookingSmoke::test_error_handling - PASS (Duration: 16.50s)
2026-08-12 06:21:50 - GeoTravelGlobalLogger - INFO     - [logger.py:345] - Added test result to Unified UI Smoke + API TEST REPORT: src/tests/smoke_tests/test_flight_booking_smoke.py::TestFlightBookingSmoke::test_error_handling - PASS
2026-08-12 06:21:50 - GeoTravelGlobalLogger - INFO     - [logger.py:345] - Test result added: test_error_handling - PASS (Duration: 17.09s)
2026-08-12 06:21:50 - GeoTravelGlobalLogger - INFO     - [logger.py:345] - Creating chrome driver...
2026-08-12 06:21:50 - GeoTravelGlobalLogger - INFO     - [logger.py:345] - chrome driver created successfully
2026-08-12 06:21:51 - GeoTravelGlobalLogger - INFO     - [logger.py:345] - === Testing Homepage Loads Successfully ===
2026-08-12 06:21:51 - GeoTravelGlobalLogger - INFO     - [logger.py:345] - 🔄 STEP 1: Opening homepage
2026-08-12 06:21:51 - GeoTravelGlobalLogger - INFO     - [logger.py:345] - Navigated to: https://retail.stg.gowithgeo.com/
2026-08-12 06:21:51 - GeoTravelGlobalLogger - INFO     - [logger.py:345] - 🏁 Warming up site before homepage load...
2026-08-12 06:21:52 - GeoTravelGlobalLogger - INFO     - [logger.py:345] - Navigated to: https://retail.stg.gowithgeo.com/
2026-08-12 06:21:52 - GeoTravelGlobalLogger - INFO     - [logger.py:345] - Warm-up page opened successfully.
2026-08-12 06:21:57 - GeoTravelGlobalLogger - INFO     - [logger.py:345] - 🏠 Waiting for homepage to load (max retries: 3)
2026-08-12 06:21:57 - GeoTravelGlobalLogger - INFO     - [logger.py:345] - Attempt 1/3
2026-08-12 06:21:57 - GeoTravelGlobalLogger - INFO     - [logger.py:345] - Page body loaded
2026-08-12 06:21:57 - GeoTravelGlobalLogger - INFO     - [logger.py:345] - Validating Geo Travel page...
2026-08-12 06:21:57 - GeoTravelGlobalLogger - INFO     - [logger.py:345] - Validating page HTML structure...
2026-08-12 06:21:57 - GeoTravelGlobalLogger - INFO     - [logger.py:345] - Validating page content keywords...
2026-08-12 06:21:57 - GeoTravelGlobalLogger - INFO     - [logger.py:345] - Page validation confidence: 100.0%
2026-08-12 06:21:57 - GeoTravelGlobalLogger - INFO     - [logger.py:345] - Found keywords: ['geo', 'travel', 'destination', 'book', 'tour', 'package', 'hotel', 'flight', 'vacation', 'adventure']
2026-08-12 06:21:57 - GeoTravelGlobalLogger - INFO     - [logger.py:345] - Homepage validation passed! Confidence: 100.0%
2026-08-12 06:21:57 - GeoTravelGlobalLogger - INFO     - [logger.py:345] - 🔄 STEP 2: Checking page title
2026-08-12 06:21:57 - GeoTravelGlobalLogger - INFO     - [logger.py:345] - 🔄 STEP 3: Checking current URL
2026-08-12 06:21:57 - GeoTravelGlobalLogger - INFO     - [logger.py:345] - SUCCESS: Homepage loaded successfully
2026-08-12 06:21:57 - GeoTravelGlobalLogger - INFO     - [logger.py:345] - ✅ Saved test-specific logs: reports/logs/src_tests_smoke_tests_test_homepage_smoke.py_TestHomePageSmoke_test_homepage_loads_successfully_062157.log
2026-08-12 06:21:57 - GeoTravelGlobalLogger - INFO     - [logger.py:345] - Test result added: src/tests/smoke_tests/test_homepage_smoke.py::TestHomePageSmoke::test_homepage_loads_successfully - PASS (Duration: 6.37s)
2026-08-12 06:21:57 - GeoTravelGlobalLogger - INFO     - [logger.py:345] - Added test result to Unified UI Smoke + API TEST REPORT: src/tests/smoke_tests/test_homepage_smoke.py::TestHomePageSmoke::test_homepage_loads_successfully - PASS
2026-08-12 06:21:57 - GeoTravelGlobalLogger - INFO     - [logger.py:345] - Test result added: test_homepage_loads_successfully - PASS (Duration: 6.98s)
2026-08-12 06:21:57 - GeoTravelGlobalLogger - INFO     - [logger.py:345] - Creating chrome driver...
2026-08-12 06:21:57 - GeoTravelGlobalLogger - INFO     - [logger.py:345] - chrome driver created successfully
2026-08-12 06:21:57 - GeoTravelGlobalLogger - INFO     - [logger.py:345] - === Testing Basic Homepage Elements Exist ===
2026-08-12 06:21:57 - GeoTravelGlobalLogger - INFO     - [logger.py:345] - 🔄 STEP 1: Opening homepage
2026-08-12 06:21:58 - GeoTravelGlobalLogger - INFO     - [logger.py:345] - Navigated to: https://retail.stg.gowithgeo.com/
2026-08-12 06:21:58 - GeoTravelGlobalLogger - INFO     - [logger.py:345] - 🏁 Warming up site before homepage load...
2026-08-12 06:21:59 - GeoTravelGlobalLogger - INFO     - [logger.py:345] - Navigated to: https://retail.stg.gowithgeo.com/
2026-08-12 06:21:59 - GeoTravelGlobalLogger - INFO     - [logger.py:345] - Warm-up page opened successfully.
2026-08-12 06:22:04 - GeoTravelGlobalLogger - INFO     - [logger.py:345] - 🏠 Waiting for homepage to load (max retries: 3)
2026-08-12 06:22:04 - GeoTravelGlobalLogger - INFO     - [logger.py:345] - Attempt 1/3
2026-08-12 06:22:04 - GeoTravelGlobalLogger - INFO     - [logger.py:345] - Page body loaded
2026-08-12 06:22:04 - GeoTravelGlobalLogger - INFO     - [logger.py:345] - Validating Geo Travel page...
2026-08-12 06:22:04 - GeoTravelGlobalLogger - INFO     - [logger.py:345] - Validating page HTML structure...
2026-08-12 06:22:04 - GeoTravelGlobalLogger - INFO     - [logger.py:345] - Validating page content keywords...
2026-08-12 06:22:04 - GeoTravelGlobalLogger - INFO     - [logger.py:345] - Page validation confidence: 100.0%
2026-08-12 06:22:04 - GeoTravelGlobalLogger - INFO     - [logger.py:345] - Found keywords: ['geo', 'travel', 'destination', 'book', 'tour', 'package', 'hotel', 'flight', 'vacation', 'adventure']
2026-08-12 06:22:04 - GeoTravelGlobalLogger - INFO     - [logger.py:345] - Homepage validation passed! Confidence: 100.0%
2026-08-12 06:22:04 - GeoTravelGlobalLogger - INFO     - [logger.py:345] - 🔄 STEP 2: Checking page source and structure
2026-08-12 06:22:04 - GeoTravelGlobalLogger - INFO     - [logger.py:345] - 🔄 STEP 3: Checking for headings and links
2026-08-12 06:22:04 - GeoTravelGlobalLogger - INFO     - [logger.py:345] - Element present (('tag name', 'h1')): True
2026-08-12 06:22:04 - GeoTravelGlobalLogger - INFO     - [logger.py:345] - Element present (('tag name', 'a')): True
2026-08-12 06:22:04 - GeoTravelGlobalLogger - INFO     - [logger.py:345] - SUCCESS: Basic page elements check passed
2026-08-12 06:22:04 - GeoTravelGlobalLogger - INFO     - [logger.py:345] - ✅ Saved test-specific logs: reports/logs/src_tests_smoke_tests_test_homepage_smoke.py_TestHomePageSmoke_test_basic_homepage_elements_exist_062204.log
2026-08-12 06:22:04 - GeoTravelGlobalLogger - INFO     - [logger.py:345] - Test result added: src/tests/smoke_tests/test_homepage_smoke.py::TestHomePageSmoke::test_basic_homepage_elements_exist - PASS (Duration: 6.57s)
2026-08-12 06:22:04 - GeoTravelGlobalLogger - INFO     - [logger.py:345] - Added test result to Unified UI Smoke + API TEST REPORT: src/tests/smoke_tests/test_homepage_smoke.py::TestHomePageSmoke::test_basic_homepage_elements_exist - PASS
2026-08-12 06:22:04 - GeoTravelGlobalLogger - INFO     - [logger.py:345] - Test result added: test_basic_homepage_elements_exist - PASS (Duration: 7.14s)
2026-08-12 06:22:04 - GeoTravelGlobalLogger - INFO     - [logger.py:345] - Creating chrome driver...
2026-08-12 06:22:05 - GeoTravelGlobalLogger - INFO     - [logger.py:345] - chrome driver created successfully
2026-08-12 06:22:05 - GeoTravelGlobalLogger - INFO     - [logger.py:345] - === Testing Homepage Navigation Works ===
2026-08-12 06:22:05 - GeoTravelGlobalLogger - INFO     - [logger.py:345] - 🔄 STEP 1: Opening and validating homepage
2026-08-12 06:22:05 - GeoTravelGlobalLogger - INFO     - [logger.py:345] - Navigated to: https://retail.stg.gowithgeo.com/
2026-08-12 06:22:05 - GeoTravelGlobalLogger - INFO     - [logger.py:345] - 🏁 Warming up site before homepage load...
2026-08-12 06:22:06 - GeoTravelGlobalLogger - INFO     - [logger.py:345] - Navigated to: https://retail.stg.gowithgeo.com/
2026-08-12 06:22:06 - GeoTravelGlobalLogger - INFO     - [logger.py:345] - Warm-up page opened successfully.
2026-08-12 06:22:11 - GeoTravelGlobalLogger - INFO     - [logger.py:345] - 🏠 Waiting for homepage to load (max retries: 3)
2026-08-12 06:22:11 - GeoTravelGlobalLogger - INFO     - [logger.py:345] - Attempt 1/3
2026-08-12 06:22:11 - GeoTravelGlobalLogger - INFO     - [logger.py:345] - Page body loaded
2026-08-12 06:22:11 - GeoTravelGlobalLogger - INFO     - [logger.py:345] - Validating Geo Travel page...
2026-08-12 06:22:11 - GeoTravelGlobalLogger - INFO     - [logger.py:345] - Validating page HTML structure...
2026-08-12 06:22:11 - GeoTravelGlobalLogger - INFO     - [logger.py:345] - Validating page content keywords...
2026-08-12 06:22:11 - GeoTravelGlobalLogger - INFO     - [logger.py:345] - Page validation confidence: 100.0%
2026-08-12 06:22:11 - GeoTravelGlobalLogger - INFO     - [logger.py:345] - Found keywords: ['geo', 'travel', 'destination', 'book', 'tour', 'package', 'hotel', 'flight', 'vacation', 'adventure']
2026-08-12 06:22:11 - GeoTravelGlobalLogger - INFO     - [logger.py:345] - Homepage validation passed! Confidence: 100.0%
2026-08-12 06:22:11 - GeoTravelGlobalLogger - INFO     - [logger.py:345] - 🔄 STEP 2: Testing navigation functionality
2026-08-12 06:22:11 - GeoTravelGlobalLogger - INFO     - [logger.py:345] - === Testing Navigation Functionality ===
2026-08-12 06:22:11 - GeoTravelGlobalLogger - INFO     - [logger.py:345] - Finding navigation links
2026-08-12 06:22:11 - GeoTravelGlobalLogger - INFO     - [logger.py:345] - Found 3 clickable links out of 29 total
2026-08-12 06:22:11 - GeoTravelGlobalLogger - INFO     - [logger.py:345] - Attempt 1/3: Testing link to https://retail.stg.gowithgeo.com/
2026-08-12 06:22:11 - GeoTravelGlobalLogger - INFO     - [logger.py:345] - Clicking navigation link: https://retail.stg.gowithgeo.com/
2026-08-12 06:22:14 - GeoTravelGlobalLogger - INFO     - [logger.py:345] - Getting current URL
2026-08-12 06:22:14 - GeoTravelGlobalLogger - INFO     - [logger.py:345] - SUCCESS: Navigation successful: https://retail.stg.gowithgeo.com/ -> https://retail.stg.gowithgeo.com/
2026-08-12 06:22:14 - GeoTravelGlobalLogger - INFO     - [logger.py:345] - SUCCESS: Navigation verified: <bound method NavigationUtils.get_current_url of <src.utils.navigation.NavigationUtils object at 0x7fe0b119eec0>> → https://retail.stg.gowithgeo.com/
2026-08-12 06:22:14 - GeoTravelGlobalLogger - INFO     - [logger.py:345] - SUCCESS: Navigation test passed: Successfully navigated to https://retail.stg.gowithgeo.com/
2026-08-12 06:22:14 - GeoTravelGlobalLogger - INFO     - [logger.py:345] - ✅ Saved test-specific logs: reports/logs/src_tests_smoke_tests_test_homepage_smoke.py_TestHomePageSmoke_test_homepage_navigation_works_062214.log
2026-08-12 06:22:14 - GeoTravelGlobalLogger - INFO     - [logger.py:345] - Test result added: src/tests/smoke_tests/test_homepage_smoke.py::TestHomePageSmoke::test_homepage_navigation_works - PASS (Duration: 9.53s)
2026-08-12 06:22:14 - GeoTravelGlobalLogger - INFO     - [logger.py:345] - Added test result to Unified UI Smoke + API TEST REPORT: src/tests/smoke_tests/test_homepage_smoke.py::TestHomePageSmoke::test_homepage_navigation_works - PASS
2026-08-12 06:22:14 - GeoTravelGlobalLogger - INFO     - [logger.py:345] - Test result added: test_homepage_navigation_works - PASS (Duration: 10.15s)
2026-08-12 06:22:14 - GeoTravelGlobalLogger - INFO     - [logger.py:345] - Creating chrome driver...
2026-08-12 06:22:15 - GeoTravelGlobalLogger - INFO     - [logger.py:345] - chrome driver created successfully
2026-08-12 06:22:15 - GeoTravelGlobalLogger - INFO     - [logger.py:345] - === Testing Page Health Check ===
2026-08-12 06:22:15 - GeoTravelGlobalLogger - INFO     - [logger.py:345] - 🔄 STEP 1: Opening homepage
2026-08-12 06:22:16 - GeoTravelGlobalLogger - INFO     - [logger.py:345] - Navigated to: https://retail.stg.gowithgeo.com/
2026-08-12 06:22:16 - GeoTravelGlobalLogger - INFO     - [logger.py:345] - 🏁 Warming up site before homepage load...
2026-08-12 06:22:16 - GeoTravelGlobalLogger - INFO     - [logger.py:345] - Navigated to: https://retail.stg.gowithgeo.com/
2026-08-12 06:22:16 - GeoTravelGlobalLogger - INFO     - [logger.py:345] - Warm-up page opened successfully.
2026-08-12 06:22:21 - GeoTravelGlobalLogger - INFO     - [logger.py:345] - 🏠 Waiting for homepage to load (max retries: 3)
2026-08-12 06:22:21 - GeoTravelGlobalLogger - INFO     - [logger.py:345] - Attempt 1/3
2026-08-12 06:22:21 - GeoTravelGlobalLogger - INFO     - [logger.py:345] - Page body loaded
2026-08-12 06:22:21 - GeoTravelGlobalLogger - INFO     - [logger.py:345] - Validating Geo Travel page...
2026-08-12 06:22:21 - GeoTravelGlobalLogger - INFO     - [logger.py:345] - Validating page HTML structure...
2026-08-12 06:22:21 - GeoTravelGlobalLogger - INFO     - [logger.py:345] - Validating page content keywords...
2026-08-12 06:22:21 - GeoTravelGlobalLogger - INFO     - [logger.py:345] - Page validation confidence: 100.0%
2026-08-12 06:22:21 - GeoTravelGlobalLogger - INFO     - [logger.py:345] - Found keywords: ['geo', 'travel', 'destination', 'book', 'tour', 'package', 'hotel', 'flight', 'vacation', 'adventure']
2026-08-12 06:22:21 - GeoTravelGlobalLogger - INFO     - [logger.py:345] - Homepage validation passed! Confidence: 100.0%
2026-08-12 06:22:21 - GeoTravelGlobalLogger - INFO     - [logger.py:345] - 🔄 STEP 2: Performing comprehensive health check
2026-08-12 06:22:21 - GeoTravelGlobalLogger - INFO     - [logger.py:345] - Performing page health check
2026-08-12 06:23:22 - GeoTravelGlobalLogger - INFO     - [logger.py:345] - Health check - page_has_title: PASS
2026-08-12 06:23:22 - GeoTravelGlobalLogger - INFO     - [logger.py:345] - Health check - page_has_body: PASS
2026-08-12 06:23:22 - GeoTravelGlobalLogger - INFO     - [logger.py:345] - Health check - not_error_page: PASS
2026-08-12 06:23:22 - GeoTravelGlobalLogger - INFO     - [logger.py:345] - Health check - has_react_content: PASS
2026-08-12 06:23:22 - GeoTravelGlobalLogger - INFO     - [logger.py:345] - Health check - has_interactive_elements: PASS
2026-08-12 06:23:22 - GeoTravelGlobalLogger - INFO     - [logger.py:345] - Health check - has_navigation: PASS
2026-08-12 06:23:22 - GeoTravelGlobalLogger - INFO     - [logger.py:345] - Page health check overall: PASS
2026-08-12 06:23:22 - GeoTravelGlobalLogger - INFO     - [logger.py:345] - 🔄 STEP 3: Verifying critical health checks
2026-08-12 06:23:22 - GeoTravelGlobalLogger - INFO     - [logger.py:345] - 🔄 STEP 4: Checking logo visibility
2026-08-12 06:23:42 - GeoTravelGlobalLogger - WARNING  - [logger.py:360] - Element not visible within 15s: ('xpath', "//div[contains(@class,'w-28') and contains(@class,'h-12') and contains(@class,'relative')]//img[@alt='GeoTravel']")
2026-08-12 06:23:42 - GeoTravelGlobalLogger - WARNING  - [logger.py:360] - Primary logo selector failed, trying next option... | Message: 
Stacktrace:
#0 0x56416c26f36a <unknown>
#1 0x56416bbe2f49 <unknown>
#2 0x56416bc387e2 <unknown>
#3 0x56416bc38a31 <unknown>
#4 0x56416bc83ed4 <unknown>
#5 0x56416bc810c3 <unknown>
#6 0x56416bc2bc92 <unknown>
#7 0x56416bc2cb11 <unknown>
#8 0x56416c2348d0 <unknown>
#9 0x56416c232f3a <unknown>
#10 0x56416c21d9b5 <unknown>
#11 0x56416c233c0a <unknown>
#12 0x56416c205740 <unknown>
#13 0x56416c25a9a8 <unknown>
#14 0x56416c25ab45 <unknown>
#15 0x56416c26df1e <unknown>
#16 0x7ff9f709cb84 <unknown>
#17 0x7ff9f7129d6c <unknown>

2026-08-12 06:23:42 - GeoTravelGlobalLogger - INFO     - [logger.py:345] - Logo visible (Fallback): True
2026-08-12 06:23:42 - GeoTravelGlobalLogger - INFO     - [logger.py:345] - SUCCESS: Homepage health check passed
2026-08-12 06:23:42 - GeoTravelGlobalLogger - INFO     - [logger.py:345] - ✅ Saved test-specific logs: reports/logs/src_tests_smoke_tests_test_homepage_smoke.py_TestHomePageSmoke_test_homepage_health_check_062342.log
2026-08-12 06:23:42 - GeoTravelGlobalLogger - INFO     - [logger.py:345] - Test result added: src/tests/smoke_tests/test_homepage_smoke.py::TestHomePageSmoke::test_homepage_health_check - PASS (Duration: 87.42s)
2026-08-12 06:23:42 - GeoTravelGlobalLogger - INFO     - [logger.py:345] - Added test result to Unified UI Smoke + API TEST REPORT: src/tests/smoke_tests/test_homepage_smoke.py::TestHomePageSmoke::test_homepage_health_check - PASS
2026-08-12 06:23:42 - GeoTravelGlobalLogger - INFO     - [logger.py:345] - Test result added: test_homepage_health_check - PASS (Duration: 88.02s)
2026-08-12 06:23:42 - GeoTravelGlobalLogger - INFO     - [logger.py:345] - Creating chrome driver...
2026-08-12 06:23:43 - GeoTravelGlobalLogger - INFO     - [logger.py:345] - chrome driver created successfully
2026-08-12 06:23:43 - GeoTravelGlobalLogger - INFO     - [logger.py:345] - === Quick Smoke Test: Homepage Load ===
2026-08-12 06:23:43 - GeoTravelGlobalLogger - INFO     - [logger.py:345] - Step 1: Opening homepage
2026-08-12 06:23:43 - GeoTravelGlobalLogger - INFO     - [logger.py:345] - Navigated to: https://retail.stg.gowithgeo.com/
2026-08-12 06:23:43 - GeoTravelGlobalLogger - INFO     - [logger.py:345] - 🏁 Warming up site before homepage load...
2026-08-12 06:23:44 - GeoTravelGlobalLogger - INFO     - [logger.py:345] - Navigated to: https://retail.stg.gowithgeo.com/
2026-08-12 06:23:44 - GeoTravelGlobalLogger - INFO     - [logger.py:345] - Warm-up page opened successfully.
2026-08-12 06:23:49 - GeoTravelGlobalLogger - INFO     - [logger.py:345] - 🏠 Waiting for homepage to load (max retries: 3)
2026-08-12 06:23:49 - GeoTravelGlobalLogger - INFO     - [logger.py:345] - Attempt 1/3
2026-08-12 06:23:49 - GeoTravelGlobalLogger - INFO     - [logger.py:345] - Page body loaded
2026-08-12 06:23:49 - GeoTravelGlobalLogger - INFO     - [logger.py:345] - Validating Geo Travel page...
2026-08-12 06:23:49 - GeoTravelGlobalLogger - INFO     - [logger.py:345] - Validating page HTML structure...
2026-08-12 06:23:49 - GeoTravelGlobalLogger - INFO     - [logger.py:345] - Validating page content keywords...
2026-08-12 06:23:49 - GeoTravelGlobalLogger - INFO     - [logger.py:345] - Page validation confidence: 100.0%
2026-08-12 06:23:49 - GeoTravelGlobalLogger - INFO     - [logger.py:345] - Found keywords: ['geo', 'travel', 'destination', 'book', 'tour', 'package', 'hotel', 'flight', 'vacation', 'adventure']
2026-08-12 06:23:49 - GeoTravelGlobalLogger - INFO     - [logger.py:345] - Homepage validation passed! Confidence: 100.0%
2026-08-12 06:23:49 - GeoTravelGlobalLogger - INFO     - [logger.py:345] - Step 2: Verifying page title
2026-08-12 06:23:49 - GeoTravelGlobalLogger - INFO     - [logger.py:345] - SUCCESS: ✅ Homepage loaded successfully - Basic navigation works
2026-08-12 06:23:49 - GeoTravelGlobalLogger - INFO     - [logger.py:345] - ✅ Saved test-specific logs: reports/logs/src_tests_smoke_tests_test_package_booking_smoke.py_TestPackageBookingSmoke_test_homepage_loads_successfully_062349.log
2026-08-12 06:23:49 - GeoTravelGlobalLogger - INFO     - [logger.py:345] - Test result added: src/tests/smoke_tests/test_package_booking_smoke.py::TestPackageBookingSmoke::test_homepage_loads_successfully - PASS (Duration: 6.50s)
2026-08-12 06:23:49 - GeoTravelGlobalLogger - INFO     - [logger.py:345] - Added test result to Unified UI Smoke + API TEST REPORT: src/tests/smoke_tests/test_package_booking_smoke.py::TestPackageBookingSmoke::test_homepage_loads_successfully - PASS
2026-08-12 06:23:49 - GeoTravelGlobalLogger - INFO     - [logger.py:345] - Test result added: test_homepage_loads_successfully - PASS (Duration: 7.09s)
2026-08-12 06:23:49 - GeoTravelGlobalLogger - INFO     - [logger.py:345] - Creating chrome driver...
2026-08-12 06:23:50 - GeoTravelGlobalLogger - INFO     - [logger.py:345] - chrome driver created successfully
2026-08-12 06:23:50 - GeoTravelGlobalLogger - INFO     - [logger.py:345] - === Quick Smoke Test: Booking Form ===
2026-08-12 06:23:50 - GeoTravelGlobalLogger - INFO     - [logger.py:345] - Step 1: Quick navigation to trigger booking form
2026-08-12 06:23:51 - GeoTravelGlobalLogger - INFO     - [logger.py:345] - Navigated to: https://retail.stg.gowithgeo.com/
2026-08-12 06:23:51 - GeoTravelGlobalLogger - INFO     - [logger.py:345] - Clicking Package button
2026-08-12 06:23:54 - GeoTravelGlobalLogger - INFO     - [logger.py:345] - SUCCESS: ✅ Booking form basic navigation verified
2026-08-12 06:23:54 - GeoTravelGlobalLogger - INFO     - [logger.py:345] - ✅ Saved test-specific logs: reports/logs/src_tests_smoke_tests_test_package_booking_smoke.py_TestPackageBookingSmoke_test_booking_form_navigation_on_homepage_062354.log
2026-08-12 06:23:54 - GeoTravelGlobalLogger - INFO     - [logger.py:345] - Test result added: src/tests/smoke_tests/test_package_booking_smoke.py::TestPackageBookingSmoke::test_booking_form_navigation_on_homepage - PASS (Duration: 4.23s)
2026-08-12 06:23:54 - GeoTravelGlobalLogger - INFO     - [logger.py:345] - Added test result to Unified UI Smoke + API TEST REPORT: src/tests/smoke_tests/test_package_booking_smoke.py::TestPackageBookingSmoke::test_booking_form_navigation_on_homepage - PASS
2026-08-12 06:23:54 - GeoTravelGlobalLogger - INFO     - [logger.py:345] - Test result added: test_booking_form_navigation_on_homepage - PASS (Duration: 4.81s)
2026-08-12 06:23:54 - GeoTravelGlobalLogger - INFO     - [logger.py:345] - Creating chrome driver...
2026-08-12 06:23:55 - GeoTravelGlobalLogger - INFO     - [logger.py:345] - chrome driver created successfully
2026-08-12 06:23:55 - GeoTravelGlobalLogger - INFO     - [logger.py:345] - === Quick Smoke Test: Package Search ===
2026-08-12 06:23:55 - GeoTravelGlobalLogger - INFO     - [logger.py:345] - Step 1: Opening homepage and navigating to packages
2026-08-12 06:23:55 - GeoTravelGlobalLogger - INFO     - [logger.py:345] - Navigated to: https://retail.stg.gowithgeo.com/
2026-08-12 06:23:56 - GeoTravelGlobalLogger - INFO     - [logger.py:345] - Clicking Package button
2026-08-12 06:23:57 - GeoTravelGlobalLogger - INFO     - [logger.py:345] - Step 3: Selecting trip type
2026-08-12 06:23:57 - GeoTravelGlobalLogger - INFO     - [logger.py:345] - Selecting trip type as 'group'
2026-08-12 06:24:07 - GeoTravelGlobalLogger - ERROR    - [logger.py:363] - Failed to select trip type: Message: 
Stacktrace:
#0 0x55e74e0e536a <unknown>
#1 0x55e74da58f49 <unknown>
#2 0x55e74daae7e2 <unknown>
#3 0x55e74daaea31 <unknown>
#4 0x55e74daf9ed4 <unknown>
#5 0x55e74daf70c3 <unknown>
#6 0x55e74daa1c92 <unknown>
#7 0x55e74daa2b11 <unknown>
#8 0x55e74e0aa8d0 <unknown>
#9 0x55e74e0a8f3a <unknown>
#10 0x55e74e0939b5 <unknown>
#11 0x55e74e0a9c0a <unknown>
#12 0x55e74e07b740 <unknown>
#13 0x55e74e0d09a8 <unknown>
#14 0x55e74e0d0b45 <unknown>
#15 0x55e74e0e3f1e <unknown>
#16 0x7fd4f849cb84 <unknown>
#17 0x7fd4f8529d6c <unknown>

2026-08-12 06:24:07 - GeoTravelGlobalLogger - ERROR    - [logger.py:363] - Package search test failed: Message: 
Stacktrace:
#0 0x55e74e0e536a <unknown>
#1 0x55e74da58f49 <unknown>
#2 0x55e74daae7e2 <unknown>
#3 0x55e74daaea31 <unknown>
#4 0x55e74daf9ed4 <unknown>
#5 0x55e74daf70c3 <unknown>
#6 0x55e74daa1c92 <unknown>
#7 0x55e74daa2b11 <unknown>
#8 0x55e74e0aa8d0 <unknown>
#9 0x55e74e0a8f3a <unknown>
#10 0x55e74e0939b5 <unknown>
#11 0x55e74e0a9c0a <unknown>
#12 0x55e74e07b740 <unknown>
#13 0x55e74e0d09a8 <unknown>
#14 0x55e74e0d0b45 <unknown>
#15 0x55e74e0e3f1e <unknown>
#16 0x7fd4f849cb84 <unknown>
#17 0x7fd4f8529d6c <unknown>

2026-08-12 06:24:08 - GeoTravelGlobalLogger - INFO     - [logger.py:345] - ✅ Saved test-specific logs: reports/logs/src_tests_smoke_tests_test_package_booking_smoke.py_TestPackageBookingSmoke_test_package_search_functionality_062408.log
2026-08-12 06:24:08 - GeoTravelGlobalLogger - INFO     - [logger.py:345] - Test result added: src/tests/smoke_tests/test_package_booking_smoke.py::TestPackageBookingSmoke::test_package_search_functionality - FAIL (Duration: 12.94s)
2026-08-12 06:24:08 - GeoTravelGlobalLogger - INFO     - [logger.py:345] - Added test result to Unified UI Smoke + API TEST REPORT: src/tests/smoke_tests/test_package_booking_smoke.py::TestPackageBookingSmoke::test_package_search_functionality - FAIL
2026-08-12 06:24:08 - GeoTravelGlobalLogger - INFO     - [logger.py:345] - Test result added: test_package_search_functionality - PASS (Duration: 13.85s)
2026-08-12 06:24:08 - GeoTravelGlobalLogger - INFO     - [logger.py:345] - Creating chrome driver...
2026-08-12 06:24:09 - GeoTravelGlobalLogger - INFO     - [logger.py:345] - chrome driver created successfully
2026-08-12 06:24:09 - GeoTravelGlobalLogger - INFO     - [logger.py:345] - === TEST: All Packages Booking Flow ===
2026-08-12 06:24:09 - GeoTravelGlobalLogger - INFO     - [logger.py:345] - 🔄 STEP 1: Opening homepage
2026-08-12 06:24:10 - GeoTravelGlobalLogger - INFO     - [logger.py:345] - Navigated to: https://retail.stg.gowithgeo.com/
2026-08-12 06:24:10 - GeoTravelGlobalLogger - INFO     - [logger.py:345] - 🏁 Warming up site before homepage load...
2026-08-12 06:24:10 - GeoTravelGlobalLogger - INFO     - [logger.py:345] - Navigated to: https://retail.stg.gowithgeo.com/
2026-08-12 06:24:10 - GeoTravelGlobalLogger - INFO     - [logger.py:345] - Warm-up page opened successfully.
2026-08-12 06:24:15 - GeoTravelGlobalLogger - INFO     - [logger.py:345] - 🏠 Waiting for homepage to load (max retries: 3)
2026-08-12 06:24:15 - GeoTravelGlobalLogger - INFO     - [logger.py:345] - Attempt 1/3
2026-08-12 06:24:15 - GeoTravelGlobalLogger - INFO     - [logger.py:345] - Page body loaded
2026-08-12 06:24:15 - GeoTravelGlobalLogger - INFO     - [logger.py:345] - Validating Geo Travel page...
2026-08-12 06:24:15 - GeoTravelGlobalLogger - INFO     - [logger.py:345] - Validating page HTML structure...
2026-08-12 06:24:15 - GeoTravelGlobalLogger - INFO     - [logger.py:345] - Validating page content keywords...
2026-08-12 06:24:15 - GeoTravelGlobalLogger - INFO     - [logger.py:345] - Page validation confidence: 100.0%
2026-08-12 06:24:15 - GeoTravelGlobalLogger - INFO     - [logger.py:345] - Found keywords: ['geo', 'travel', 'destination', 'book', 'tour', 'package', 'hotel', 'flight', 'vacation', 'adventure']
2026-08-12 06:24:15 - GeoTravelGlobalLogger - INFO     - [logger.py:345] - Homepage validation passed! Confidence: 100.0%
2026-08-12 06:24:15 - GeoTravelGlobalLogger - INFO     - [logger.py:345] - 🔄 STEP 2: Clicking Packages in nav bar
2026-08-12 06:24:15 - GeoTravelGlobalLogger - INFO     - [logger.py:345] - Clicking 'Packages' link in navigation
2026-08-12 06:24:15 - GeoTravelGlobalLogger - INFO     - [logger.py:345] - 🔄 STEP 3: Verifying All Packages page
2026-08-12 06:24:15 - GeoTravelGlobalLogger - INFO     - [logger.py:345] - Verifying All Packages page loaded
2026-08-12 06:24:15 - GeoTravelGlobalLogger - INFO     - [logger.py:345] - ✅ Successfully loaded All Packages page
2026-08-12 06:24:15 - GeoTravelGlobalLogger - INFO     - [logger.py:345] - 🔄 STEP 4: Selecting first package
2026-08-12 06:24:15 - GeoTravelGlobalLogger - INFO     - [logger.py:345] - Clicking View Package button
2026-08-12 06:24:22 - GeoTravelGlobalLogger - INFO     - [logger.py:345] - 🔄 STEP 5: Verifying pricing option
2026-08-12 06:24:32 - GeoTravelGlobalLogger - ERROR    - [logger.py:363] - ❌ Pricing option not found
2026-08-12 06:24:32 - GeoTravelGlobalLogger - ERROR    - [logger.py:363] - ❌ All Packages booking flow failed: Pricing option not found on package details page
assert False
2026-08-12 06:24:32 - GeoTravelGlobalLogger - INFO     - [logger.py:345] - ✅ Saved test-specific logs: reports/logs/src_tests_smoke_tests_test_package_booking_smoke.py_TestPackageBookingSmoke_test_all_packages_booking_flow_062432.log
2026-08-12 06:24:32 - GeoTravelGlobalLogger - INFO     - [logger.py:345] - Test result added: src/tests/smoke_tests/test_package_booking_smoke.py::TestPackageBookingSmoke::test_all_packages_booking_flow - PASS (Duration: 23.20s)
2026-08-12 06:24:32 - GeoTravelGlobalLogger - INFO     - [logger.py:345] - Added test result to Unified UI Smoke + API TEST REPORT: src/tests/smoke_tests/test_package_booking_smoke.py::TestPackageBookingSmoke::test_all_packages_booking_flow - PASS
2026-08-12 06:24:32 - GeoTravelGlobalLogger - INFO     - [logger.py:345] - Test result added: test_all_packages_booking_flow - PASS (Duration: 23.83s)
2026-08-12 06:24:32 - GeoTravelGlobalLogger - INFO     - [logger.py:345] - Creating chrome driver...
2026-08-12 06:24:32 - GeoTravelGlobalLogger - INFO     - [logger.py:345] - chrome driver created successfully
2026-08-12 06:24:32 - GeoTravelGlobalLogger - INFO     - [logger.py:345] - === Test: Travel Gallery Navigation ===
2026-08-12 06:24:32 - GeoTravelGlobalLogger - INFO     - [logger.py:345] - 🔄 STEP 1: Opening homepage
2026-08-12 06:24:33 - GeoTravelGlobalLogger - INFO     - [logger.py:345] - Navigated to: https://retail.stg.gowithgeo.com/
2026-08-12 06:24:33 - GeoTravelGlobalLogger - INFO     - [logger.py:345] - 🏁 Warming up site before homepage load...
2026-08-12 06:24:34 - GeoTravelGlobalLogger - INFO     - [logger.py:345] - Navigated to: https://retail.stg.gowithgeo.com/
2026-08-12 06:24:34 - GeoTravelGlobalLogger - INFO     - [logger.py:345] - Warm-up page opened successfully.
2026-08-12 06:24:39 - GeoTravelGlobalLogger - INFO     - [logger.py:345] - 🏠 Waiting for homepage to load (max retries: 3)
2026-08-12 06:24:39 - GeoTravelGlobalLogger - INFO     - [logger.py:345] - Attempt 1/3
2026-08-12 06:24:39 - GeoTravelGlobalLogger - INFO     - [logger.py:345] - Page body loaded
2026-08-12 06:24:39 - GeoTravelGlobalLogger - INFO     - [logger.py:345] - Validating Geo Travel page...
2026-08-12 06:24:39 - GeoTravelGlobalLogger - INFO     - [logger.py:345] - Validating page HTML structure...
2026-08-12 06:24:39 - GeoTravelGlobalLogger - INFO     - [logger.py:345] - Validating page content keywords...
2026-08-12 06:24:39 - GeoTravelGlobalLogger - INFO     - [logger.py:345] - Page validation confidence: 100.0%
2026-08-12 06:24:39 - GeoTravelGlobalLogger - INFO     - [logger.py:345] - Found keywords: ['geo', 'travel', 'destination', 'book', 'tour', 'package', 'hotel', 'flight', 'vacation', 'adventure']
2026-08-12 06:24:39 - GeoTravelGlobalLogger - INFO     - [logger.py:345] - Homepage validation passed! Confidence: 100.0%
2026-08-12 06:24:39 - GeoTravelGlobalLogger - INFO     - [logger.py:345] - 🔄 STEP 2: Navigating to Travel Gallery
2026-08-12 06:24:39 - GeoTravelGlobalLogger - INFO     - [logger.py:345] - Navigating to Travel Gallery page
2026-08-12 06:25:00 - GeoTravelGlobalLogger - ERROR    - [logger.py:363] - Failed to navigate to Travel Gallery page: Message: 
Stacktrace:
#0 0x56230624d36a <unknown>
#1 0x562305bc0f49 <unknown>
#2 0x562305c167e2 <unknown>
#3 0x562305c16a31 <unknown>
#4 0x562305c61ed4 <unknown>
#5 0x562305c5f0c3 <unknown>
#6 0x562305c09c92 <unknown>
#7 0x562305c0ab11 <unknown>
#8 0x5623062128d0 <unknown>
#9 0x562306210f3a <unknown>
#10 0x5623061fb9b5 <unknown>
#11 0x562306211c0a <unknown>
#12 0x5623061e3740 <unknown>
#13 0x5623062389a8 <unknown>
#14 0x562306238b45 <unknown>
#15 0x56230624bf1e <unknown>
#16 0x7ffb4369cb84 <unknown>
#17 0x7ffb43729d6c <unknown>

2026-08-12 06:25:00 - GeoTravelGlobalLogger - ERROR    - [logger.py:363] - ❌ Test failed: Message: 
Stacktrace:
#0 0x56230624d36a <unknown>
#1 0x562305bc0f49 <unknown>
#2 0x562305c167e2 <unknown>
#3 0x562305c16a31 <unknown>
#4 0x562305c61ed4 <unknown>
#5 0x562305c5f0c3 <unknown>
#6 0x562305c09c92 <unknown>
#7 0x562305c0ab11 <unknown>
#8 0x5623062128d0 <unknown>
#9 0x562306210f3a <unknown>
#10 0x5623061fb9b5 <unknown>
#11 0x562306211c0a <unknown>
#12 0x5623061e3740 <unknown>
#13 0x5623062389a8 <unknown>
#14 0x562306238b45 <unknown>
#15 0x56230624bf1e <unknown>
#16 0x7ffb4369cb84 <unknown>
#17 0x7ffb43729d6c <unknown>

2026-08-12 06:25:00 - GeoTravelGlobalLogger - INFO     - [logger.py:345] - ✅ Saved test-specific logs: reports/logs/src_tests_smoke_tests_test_travel_gallery_smoke.py_TestTravelGallery_test_travel_gallery_navigation_062500.log
2026-08-12 06:25:00 - GeoTravelGlobalLogger - INFO     - [logger.py:345] - Test result added: src/tests/smoke_tests/test_travel_gallery_smoke.py::TestTravelGallery::test_travel_gallery_navigation - FAIL (Duration: 27.58s)
2026-08-12 06:25:00 - GeoTravelGlobalLogger - INFO     - [logger.py:345] - Added test result to Unified UI Smoke + API TEST REPORT: src/tests/smoke_tests/test_travel_gallery_smoke.py::TestTravelGallery::test_travel_gallery_navigation - FAIL
2026-08-12 06:25:00 - GeoTravelGlobalLogger - INFO     - [logger.py:345] - Test result added: test_travel_gallery_navigation - PASS (Duration: 28.37s)
2026-08-12 06:25:00 - GeoTravelGlobalLogger - INFO     - [logger.py:345] - Creating chrome driver...
2026-08-12 06:25:01 - GeoTravelGlobalLogger - INFO     - [logger.py:345] - chrome driver created successfully
2026-08-12 06:25:01 - GeoTravelGlobalLogger - INFO     - [logger.py:345] - === Test: Tour Card Click and Close ===
2026-08-12 06:25:01 - GeoTravelGlobalLogger - INFO     - [logger.py:345] - 🔄 STEP 1: Navigating to Travel Gallery
2026-08-12 06:25:02 - GeoTravelGlobalLogger - INFO     - [logger.py:345] - Navigated to: https://retail.stg.gowithgeo.com/
2026-08-12 06:25:02 - GeoTravelGlobalLogger - INFO     - [logger.py:345] - 🏁 Warming up site before homepage load...
2026-08-12 06:25:02 - GeoTravelGlobalLogger - INFO     - [logger.py:345] - Navigated to: https://retail.stg.gowithgeo.com/
2026-08-12 06:25:02 - GeoTravelGlobalLogger - INFO     - [logger.py:345] - Warm-up page opened successfully.
2026-08-12 06:25:07 - GeoTravelGlobalLogger - INFO     - [logger.py:345] - 🏠 Waiting for homepage to load (max retries: 3)
2026-08-12 06:25:07 - GeoTravelGlobalLogger - INFO     - [logger.py:345] - Attempt 1/3
2026-08-12 06:25:07 - GeoTravelGlobalLogger - INFO     - [logger.py:345] - Page body loaded
2026-08-12 06:25:07 - GeoTravelGlobalLogger - INFO     - [logger.py:345] - Validating Geo Travel page...
2026-08-12 06:25:07 - GeoTravelGlobalLogger - INFO     - [logger.py:345] - Validating page HTML structure...
2026-08-12 06:25:07 - GeoTravelGlobalLogger - INFO     - [logger.py:345] - Validating page content keywords...
2026-08-12 06:25:08 - GeoTravelGlobalLogger - INFO     - [logger.py:345] - Page validation confidence: 100.0%
2026-08-12 06:25:08 - GeoTravelGlobalLogger - INFO     - [logger.py:345] - Found keywords: ['geo', 'travel', 'destination', 'book', 'tour', 'package', 'hotel', 'flight', 'vacation', 'adventure']
2026-08-12 06:25:08 - GeoTravelGlobalLogger - INFO     - [logger.py:345] - Homepage validation passed! Confidence: 100.0%
2026-08-12 06:25:08 - GeoTravelGlobalLogger - INFO     - [logger.py:345] - Navigating to Travel Gallery page
2026-08-12 06:25:28 - GeoTravelGlobalLogger - ERROR    - [logger.py:363] - Failed to navigate to Travel Gallery page: Message: 
Stacktrace:
#0 0x56515f58136a <unknown>
#1 0x56515eef4f49 <unknown>
#2 0x56515ef4a7e2 <unknown>
#3 0x56515ef4aa31 <unknown>
#4 0x56515ef95ed4 <unknown>
#5 0x56515ef930c3 <unknown>
#6 0x56515ef3dc92 <unknown>
#7 0x56515ef3eb11 <unknown>
#8 0x56515f5468d0 <unknown>
#9 0x56515f544f3a <unknown>
#10 0x56515f52f9b5 <unknown>
#11 0x56515f545c0a <unknown>
#12 0x56515f517740 <unknown>
#13 0x56515f56c9a8 <unknown>
#14 0x56515f56cb45 <unknown>
#15 0x56515f57ff1e <unknown>
#16 0x7fb2d4a9cb84 <unknown>
#17 0x7fb2d4b29d6c <unknown>

2026-08-12 06:25:28 - GeoTravelGlobalLogger - ERROR    - [logger.py:363] - ❌ Test failed: Message: 
Stacktrace:
#0 0x56515f58136a <unknown>
#1 0x56515eef4f49 <unknown>
#2 0x56515ef4a7e2 <unknown>
#3 0x56515ef4aa31 <unknown>
#4 0x56515ef95ed4 <unknown>
#5 0x56515ef930c3 <unknown>
#6 0x56515ef3dc92 <unknown>
#7 0x56515ef3eb11 <unknown>
#8 0x56515f5468d0 <unknown>
#9 0x56515f544f3a <unknown>
#10 0x56515f52f9b5 <unknown>
#11 0x56515f545c0a <unknown>
#12 0x56515f517740 <unknown>
#13 0x56515f56c9a8 <unknown>
#14 0x56515f56cb45 <unknown>
#15 0x56515f57ff1e <unknown>
#16 0x7fb2d4a9cb84 <unknown>
#17 0x7fb2d4b29d6c <unknown>

2026-08-12 06:25:29 - GeoTravelGlobalLogger - INFO     - [logger.py:345] - ✅ Saved test-specific logs: reports/logs/src_tests_smoke_tests_test_travel_gallery_smoke.py_TestTravelGallery_test_tour_card_click_and_close_062529.log
2026-08-12 06:25:29 - GeoTravelGlobalLogger - INFO     - [logger.py:345] - Test result added: src/tests/smoke_tests/test_travel_gallery_smoke.py::TestTravelGallery::test_tour_card_click_and_close - FAIL (Duration: 27.90s)
2026-08-12 06:25:29 - GeoTravelGlobalLogger - INFO     - [logger.py:345] - Added test result to Unified UI Smoke + API TEST REPORT: src/tests/smoke_tests/test_travel_gallery_smoke.py::TestTravelGallery::test_tour_card_click_and_close - FAIL
2026-08-12 06:25:29 - GeoTravelGlobalLogger - INFO     - [logger.py:345] - Test result added: test_tour_card_click_and_close - PASS (Duration: 28.68s)
2026-08-12 06:25:29 - GeoTravelGlobalLogger - INFO     - [logger.py:345] - Creating chrome driver...
2026-08-12 06:25:29 - GeoTravelGlobalLogger - INFO     - [logger.py:345] - chrome driver created successfully
2026-08-12 06:25:29 - GeoTravelGlobalLogger - INFO     - [logger.py:345] - === Test: Scroll Functionality ===
2026-08-12 06:25:29 - GeoTravelGlobalLogger - INFO     - [logger.py:345] - 🔄 STEP 1: Navigating to Travel Gallery
2026-08-12 06:25:30 - GeoTravelGlobalLogger - INFO     - [logger.py:345] - Navigated to: https://retail.stg.gowithgeo.com/
2026-08-12 06:25:30 - GeoTravelGlobalLogger - INFO     - [logger.py:345] - 🏁 Warming up site before homepage load...
2026-08-12 06:25:30 - GeoTravelGlobalLogger - INFO     - [logger.py:345] - Navigated to: https://retail.stg.gowithgeo.com/
2026-08-12 06:25:30 - GeoTravelGlobalLogger - INFO     - [logger.py:345] - Warm-up page opened successfully.
2026-08-12 06:25:35 - GeoTravelGlobalLogger - INFO     - [logger.py:345] - 🏠 Waiting for homepage to load (max retries: 3)
2026-08-12 06:25:35 - GeoTravelGlobalLogger - INFO     - [logger.py:345] - Attempt 1/3
2026-08-12 06:25:35 - GeoTravelGlobalLogger - INFO     - [logger.py:345] - Page body loaded
2026-08-12 06:25:36 - GeoTravelGlobalLogger - INFO     - [logger.py:345] - Validating Geo Travel page...
2026-08-12 06:25:36 - GeoTravelGlobalLogger - INFO     - [logger.py:345] - Validating page HTML structure...
2026-08-12 06:25:36 - GeoTravelGlobalLogger - INFO     - [logger.py:345] - Validating page content keywords...
2026-08-12 06:25:36 - GeoTravelGlobalLogger - INFO     - [logger.py:345] - Page validation confidence: 100.0%
2026-08-12 06:25:36 - GeoTravelGlobalLogger - INFO     - [logger.py:345] - Found keywords: ['geo', 'travel', 'destination', 'book', 'tour', 'package', 'hotel', 'flight', 'vacation', 'adventure']
2026-08-12 06:25:36 - GeoTravelGlobalLogger - INFO     - [logger.py:345] - Homepage validation passed! Confidence: 100.0%
2026-08-12 06:25:36 - GeoTravelGlobalLogger - INFO     - [logger.py:345] - Navigating to Travel Gallery page
2026-08-12 06:25:57 - GeoTravelGlobalLogger - ERROR    - [logger.py:363] - Failed to navigate to Travel Gallery page: Message: 
Stacktrace:
#0 0x562932e2336a <unknown>
#1 0x562932796f49 <unknown>
#2 0x5629327ec7e2 <unknown>
#3 0x5629327eca31 <unknown>
#4 0x562932837ed4 <unknown>
#5 0x5629328350c3 <unknown>
#6 0x5629327dfc92 <unknown>
#7 0x5629327e0b11 <unknown>
#8 0x562932de88d0 <unknown>
#9 0x562932de6f3a <unknown>
#10 0x562932dd19b5 <unknown>
#11 0x562932de7c0a <unknown>
#12 0x562932db9740 <unknown>
#13 0x562932e0e9a8 <unknown>
#14 0x562932e0eb45 <unknown>
#15 0x562932e21f1e <unknown>
#16 0x7ff962a9cb84 <unknown>
#17 0x7ff962b29d6c <unknown>

2026-08-12 06:25:57 - GeoTravelGlobalLogger - ERROR    - [logger.py:363] - ❌ Test failed: Message: 
Stacktrace:
#0 0x562932e2336a <unknown>
#1 0x562932796f49 <unknown>
#2 0x5629327ec7e2 <unknown>
#3 0x5629327eca31 <unknown>
#4 0x562932837ed4 <unknown>
#5 0x5629328350c3 <unknown>
#6 0x5629327dfc92 <unknown>
#7 0x5629327e0b11 <unknown>
#8 0x562932de88d0 <unknown>
#9 0x562932de6f3a <unknown>
#10 0x562932dd19b5 <unknown>
#11 0x562932de7c0a <unknown>
#12 0x562932db9740 <unknown>
#13 0x562932e0e9a8 <unknown>
#14 0x562932e0eb45 <unknown>
#15 0x562932e21f1e <unknown>
#16 0x7ff962a9cb84 <unknown>
#17 0x7ff962b29d6c <unknown>

2026-08-12 06:25:57 - GeoTravelGlobalLogger - INFO     - [logger.py:345] - ✅ Saved test-specific logs: reports/logs/src_tests_smoke_tests_test_travel_gallery_smoke.py_TestTravelGallery_test_scroll_functionality_062557.log
2026-08-12 06:25:57 - GeoTravelGlobalLogger - INFO     - [logger.py:345] - Test result added: src/tests/smoke_tests/test_travel_gallery_smoke.py::TestTravelGallery::test_scroll_functionality - FAIL (Duration: 27.34s)
2026-08-12 06:25:57 - GeoTravelGlobalLogger - INFO     - [logger.py:345] - Added test result to Unified UI Smoke + API TEST REPORT: src/tests/smoke_tests/test_travel_gallery_smoke.py::TestTravelGallery::test_scroll_functionality - FAIL
2026-08-12 06:25:57 - GeoTravelGlobalLogger - INFO     - [logger.py:345] - Test result added: test_scroll_functionality - PASS (Duration: 28.14s)
2026-08-12 06:25:57 - GeoTravelGlobalLogger - INFO     - [logger.py:345] - Creating chrome driver...
2026-08-12 06:25:58 - GeoTravelGlobalLogger - INFO     - [logger.py:345] - chrome driver created successfully
2026-08-12 06:25:58 - GeoTravelGlobalLogger - INFO     - [logger.py:345] - === Comprehensive Test: Complete Travel Gallery Flow ===
2026-08-12 06:25:58 - GeoTravelGlobalLogger - INFO     - [logger.py:345] - 🔄 STEP 1: Opening homepage
2026-08-12 06:25:58 - GeoTravelGlobalLogger - INFO     - [logger.py:345] - Navigated to: https://retail.stg.gowithgeo.com/
2026-08-12 06:25:58 - GeoTravelGlobalLogger - INFO     - [logger.py:345] - 🏁 Warming up site before homepage load...
2026-08-12 06:25:59 - GeoTravelGlobalLogger - INFO     - [logger.py:345] - Navigated to: https://retail.stg.gowithgeo.com/
2026-08-12 06:25:59 - GeoTravelGlobalLogger - INFO     - [logger.py:345] - Warm-up page opened successfully.
2026-08-12 06:26:04 - GeoTravelGlobalLogger - INFO     - [logger.py:345] - 🏠 Waiting for homepage to load (max retries: 3)
2026-08-12 06:26:04 - GeoTravelGlobalLogger - INFO     - [logger.py:345] - Attempt 1/3
2026-08-12 06:26:04 - GeoTravelGlobalLogger - INFO     - [logger.py:345] - Page body loaded
2026-08-12 06:26:04 - GeoTravelGlobalLogger - INFO     - [logger.py:345] - Validating Geo Travel page...
2026-08-12 06:26:04 - GeoTravelGlobalLogger - INFO     - [logger.py:345] - Validating page HTML structure...
2026-08-12 06:26:04 - GeoTravelGlobalLogger - INFO     - [logger.py:345] - Validating page content keywords...
2026-08-12 06:26:04 - GeoTravelGlobalLogger - INFO     - [logger.py:345] - Page validation confidence: 100.0%
2026-08-12 06:26:04 - GeoTravelGlobalLogger - INFO     - [logger.py:345] - Found keywords: ['geo', 'travel', 'destination', 'book', 'tour', 'package', 'hotel', 'flight', 'vacation', 'adventure']
2026-08-12 06:26:04 - GeoTravelGlobalLogger - INFO     - [logger.py:345] - Homepage validation passed! Confidence: 100.0%
2026-08-12 06:26:04 - GeoTravelGlobalLogger - INFO     - [logger.py:345] - 🔄 STEP 2: Clicking Travel Gallery menu
2026-08-12 06:26:04 - GeoTravelGlobalLogger - INFO     - [logger.py:345] - Navigating to Travel Gallery page
2026-08-12 06:26:25 - GeoTravelGlobalLogger - ERROR    - [logger.py:363] - Failed to navigate to Travel Gallery page: Message: 
Stacktrace:
#0 0x5577d014f36a <unknown>
#1 0x5577cfac2f49 <unknown>
#2 0x5577cfb187e2 <unknown>
#3 0x5577cfb18a31 <unknown>
#4 0x5577cfb63ed4 <unknown>
#5 0x5577cfb610c3 <unknown>
#6 0x5577cfb0bc92 <unknown>
#7 0x5577cfb0cb11 <unknown>
#8 0x5577d01148d0 <unknown>
#9 0x5577d0112f3a <unknown>
#10 0x5577d00fd9b5 <unknown>
#11 0x5577d0113c0a <unknown>
#12 0x5577d00e5740 <unknown>
#13 0x5577d013a9a8 <unknown>
#14 0x5577d013ab45 <unknown>
#15 0x5577d014df1e <unknown>
#16 0x7fb065c9cb84 <unknown>
#17 0x7fb065d29d6c <unknown>

2026-08-12 06:26:25 - GeoTravelGlobalLogger - ERROR    - [logger.py:363] - ❌ Test failed: Message: 
Stacktrace:
#0 0x5577d014f36a <unknown>
#1 0x5577cfac2f49 <unknown>
#2 0x5577cfb187e2 <unknown>
#3 0x5577cfb18a31 <unknown>
#4 0x5577cfb63ed4 <unknown>
#5 0x5577cfb610c3 <unknown>
#6 0x5577cfb0bc92 <unknown>
#7 0x5577cfb0cb11 <unknown>
#8 0x5577d01148d0 <unknown>
#9 0x5577d0112f3a <unknown>
#10 0x5577d00fd9b5 <unknown>
#11 0x5577d0113c0a <unknown>
#12 0x5577d00e5740 <unknown>
#13 0x5577d013a9a8 <unknown>
#14 0x5577d013ab45 <unknown>
#15 0x5577d014df1e <unknown>
#16 0x7fb065c9cb84 <unknown>
#17 0x7fb065d29d6c <unknown>

2026-08-12 06:26:25 - GeoTravelGlobalLogger - INFO     - [logger.py:345] - ✅ Saved test-specific logs: reports/logs/src_tests_smoke_tests_test_travel_gallery_smoke.py_TestTravelGallery_test_complete_travel_gallery_flow_062625.log
2026-08-12 06:26:25 - GeoTravelGlobalLogger - INFO     - [logger.py:345] - Test result added: src/tests/smoke_tests/test_travel_gallery_smoke.py::TestTravelGallery::test_complete_travel_gallery_flow - FAIL (Duration: 27.55s)
2026-08-12 06:26:25 - GeoTravelGlobalLogger - INFO     - [logger.py:345] - Added test result to Unified UI Smoke + API TEST REPORT: src/tests/smoke_tests/test_travel_gallery_smoke.py::TestTravelGallery::test_complete_travel_gallery_flow - FAIL
2026-08-12 06:26:25 - GeoTravelGlobalLogger - INFO     - [logger.py:345] - Test result added: test_complete_travel_gallery_flow - PASS (Duration: 28.36s)
2026-08-12 06:26:25 - GeoTravelGlobalLogger - INFO     - [logger.py:345] - Creating chrome driver...
2026-08-12 06:26:26 - GeoTravelGlobalLogger - INFO     - [logger.py:345] - chrome driver created successfully
2026-08-12 06:26:26 - GeoTravelGlobalLogger - INFO     - [logger.py:345] - === Test: Multiple Tour Clicks ===
2026-08-12 06:26:26 - GeoTravelGlobalLogger - INFO     - [logger.py:345] - 🔄 STEP 1: Navigating to Travel Gallery
2026-08-12 06:26:27 - GeoTravelGlobalLogger - INFO     - [logger.py:345] - Navigated to: https://retail.stg.gowithgeo.com/
2026-08-12 06:26:27 - GeoTravelGlobalLogger - INFO     - [logger.py:345] - 🏁 Warming up site before homepage load...
2026-08-12 06:26:27 - GeoTravelGlobalLogger - INFO     - [logger.py:345] - Navigated to: https://retail.stg.gowithgeo.com/
2026-08-12 06:26:27 - GeoTravelGlobalLogger - INFO     - [logger.py:345] - Warm-up page opened successfully.
2026-08-12 06:26:32 - GeoTravelGlobalLogger - INFO     - [logger.py:345] - 🏠 Waiting for homepage to load (max retries: 3)
2026-08-12 06:26:32 - GeoTravelGlobalLogger - INFO     - [logger.py:345] - Attempt 1/3
2026-08-12 06:26:32 - GeoTravelGlobalLogger - INFO     - [logger.py:345] - Page body loaded
2026-08-12 06:26:33 - GeoTravelGlobalLogger - INFO     - [logger.py:345] - Validating Geo Travel page...
2026-08-12 06:26:33 - GeoTravelGlobalLogger - INFO     - [logger.py:345] - Validating page HTML structure...
2026-08-12 06:26:33 - GeoTravelGlobalLogger - INFO     - [logger.py:345] - Validating page content keywords...
2026-08-12 06:26:33 - GeoTravelGlobalLogger - INFO     - [logger.py:345] - Page validation confidence: 100.0%
2026-08-12 06:26:33 - GeoTravelGlobalLogger - INFO     - [logger.py:345] - Found keywords: ['geo', 'travel', 'destination', 'book', 'tour', 'package', 'hotel', 'flight', 'vacation', 'adventure']
2026-08-12 06:26:33 - GeoTravelGlobalLogger - INFO     - [logger.py:345] - Homepage validation passed! Confidence: 100.0%
2026-08-12 06:26:33 - GeoTravelGlobalLogger - INFO     - [logger.py:345] - Navigating to Travel Gallery page
2026-08-12 06:26:54 - GeoTravelGlobalLogger - ERROR    - [logger.py:363] - Failed to navigate to Travel Gallery page: Message: 
Stacktrace:
#0 0x55e6ac67d36a <unknown>
#1 0x55e6abff0f49 <unknown>
#2 0x55e6ac0467e2 <unknown>
#3 0x55e6ac046a31 <unknown>
#4 0x55e6ac091ed4 <unknown>
#5 0x55e6ac08f0c3 <unknown>
#6 0x55e6ac039c92 <unknown>
#7 0x55e6ac03ab11 <unknown>
#8 0x55e6ac6428d0 <unknown>
#9 0x55e6ac640f3a <unknown>
#10 0x55e6ac62b9b5 <unknown>
#11 0x55e6ac641c0a <unknown>
#12 0x55e6ac613740 <unknown>
#13 0x55e6ac6689a8 <unknown>
#14 0x55e6ac668b45 <unknown>
#15 0x55e6ac67bf1e <unknown>
#16 0x7fa9c889cb84 <unknown>
#17 0x7fa9c8929d6c <unknown>

2026-08-12 06:26:54 - GeoTravelGlobalLogger - ERROR    - [logger.py:363] - ❌ Test failed: Message: 
Stacktrace:
#0 0x55e6ac67d36a <unknown>
#1 0x55e6abff0f49 <unknown>
#2 0x55e6ac0467e2 <unknown>
#3 0x55e6ac046a31 <unknown>
#4 0x55e6ac091ed4 <unknown>
#5 0x55e6ac08f0c3 <unknown>
#6 0x55e6ac039c92 <unknown>
#7 0x55e6ac03ab11 <unknown>
#8 0x55e6ac6428d0 <unknown>
#9 0x55e6ac640f3a <unknown>
#10 0x55e6ac62b9b5 <unknown>
#11 0x55e6ac641c0a <unknown>
#12 0x55e6ac613740 <unknown>
#13 0x55e6ac6689a8 <unknown>
#14 0x55e6ac668b45 <unknown>
#15 0x55e6ac67bf1e <unknown>
#16 0x7fa9c889cb84 <unknown>
#17 0x7fa9c8929d6c <unknown>

2026-08-12 06:26:54 - GeoTravelGlobalLogger - INFO     - [logger.py:345] - ✅ Saved test-specific logs: reports/logs/src_tests_smoke_tests_test_travel_gallery_smoke.py_TestTravelGallery_test_multiple_tour_clicks_062654.log
2026-08-12 06:26:54 - GeoTravelGlobalLogger - INFO     - [logger.py:345] - Test result added: src/tests/smoke_tests/test_travel_gallery_smoke.py::TestTravelGallery::test_multiple_tour_clicks - FAIL (Duration: 27.84s)
2026-08-12 06:26:54 - GeoTravelGlobalLogger - INFO     - [logger.py:345] - Added test result to Unified UI Smoke + API TEST REPORT: src/tests/smoke_tests/test_travel_gallery_smoke.py::TestTravelGallery::test_multiple_tour_clicks - FAIL
2026-08-12 06:26:54 - GeoTravelGlobalLogger - INFO     - [logger.py:345] - Test result added: test_multiple_tour_clicks - PASS (Duration: 28.64s)
2026-08-12 06:26:54 - GeoTravelGlobalLogger - INFO     - [logger.py:345] - Creating chrome driver...
2026-08-12 06:26:55 - GeoTravelGlobalLogger - INFO     - [logger.py:345] - chrome driver created successfully
2026-08-12 06:26:55 - GeoTravelGlobalLogger - INFO     - [logger.py:345] - === Quick Smoke Test: Visa Page Navigation ===
2026-08-12 06:26:55 - GeoTravelGlobalLogger - INFO     - [logger.py:345] - 🔄 STEP 1: Opening homepage
2026-08-12 06:26:56 - GeoTravelGlobalLogger - INFO     - [logger.py:345] - Navigated to: https://retail.stg.gowithgeo.com/
2026-08-12 06:26:56 - GeoTravelGlobalLogger - INFO     - [logger.py:345] - 🏁 Warming up site before homepage load...
2026-08-12 06:26:56 - GeoTravelGlobalLogger - INFO     - [logger.py:345] - Navigated to: https://retail.stg.gowithgeo.com/
2026-08-12 06:26:56 - GeoTravelGlobalLogger - INFO     - [logger.py:345] - Warm-up page opened successfully.
2026-08-12 06:27:01 - GeoTravelGlobalLogger - INFO     - [logger.py:345] - 🏠 Waiting for homepage to load (max retries: 3)
2026-08-12 06:27:01 - GeoTravelGlobalLogger - INFO     - [logger.py:345] - Attempt 1/3
2026-08-12 06:27:01 - GeoTravelGlobalLogger - INFO     - [logger.py:345] - Page body loaded
2026-08-12 06:27:01 - GeoTravelGlobalLogger - INFO     - [logger.py:345] - Validating Geo Travel page...
2026-08-12 06:27:01 - GeoTravelGlobalLogger - INFO     - [logger.py:345] - Validating page HTML structure...
2026-08-12 06:27:01 - GeoTravelGlobalLogger - INFO     - [logger.py:345] - Validating page content keywords...
2026-08-12 06:27:01 - GeoTravelGlobalLogger - INFO     - [logger.py:345] - Page validation confidence: 100.0%
2026-08-12 06:27:01 - GeoTravelGlobalLogger - INFO     - [logger.py:345] - Found keywords: ['geo', 'travel', 'destination', 'book', 'tour', 'package', 'hotel', 'flight', 'vacation', 'adventure']
2026-08-12 06:27:01 - GeoTravelGlobalLogger - INFO     - [logger.py:345] - Homepage validation passed! Confidence: 100.0%
2026-08-12 06:27:01 - GeoTravelGlobalLogger - INFO     - [logger.py:345] - 🔄 STEP 2: Navigating to Visa page
2026-08-12 06:27:01 - GeoTravelGlobalLogger - INFO     - [logger.py:345] - Navigating to Visa page
2026-08-12 06:27:01 - GeoTravelGlobalLogger - INFO     - [logger.py:345] - Successfully navigated to Visa page
2026-08-12 06:27:01 - GeoTravelGlobalLogger - INFO     - [logger.py:345] - SUCCESS: ✅ Visa page navigation verified
2026-08-12 06:27:01 - GeoTravelGlobalLogger - INFO     - [logger.py:345] - ✅ Saved test-specific logs: reports/logs/src_tests_smoke_tests_test_visa_enquiries_smoke.py_TestVisaSmoke_test_visa_page_navigation_062701.log
2026-08-12 06:27:01 - GeoTravelGlobalLogger - INFO     - [logger.py:345] - Test result added: src/tests/smoke_tests/test_visa_enquiries_smoke.py::TestVisaSmoke::test_visa_page_navigation - PASS (Duration: 6.66s)
2026-08-12 06:27:01 - GeoTravelGlobalLogger - INFO     - [logger.py:345] - Added test result to Unified UI Smoke + API TEST REPORT: src/tests/smoke_tests/test_visa_enquiries_smoke.py::TestVisaSmoke::test_visa_page_navigation - PASS
2026-08-12 06:27:01 - GeoTravelGlobalLogger - INFO     - [logger.py:345] - Test result added: test_visa_page_navigation - PASS (Duration: 7.29s)
2026-08-12 06:27:01 - GeoTravelGlobalLogger - INFO     - [logger.py:345] - Creating chrome driver...
2026-08-12 06:27:02 - GeoTravelGlobalLogger - INFO     - [logger.py:345] - chrome driver created successfully
2026-08-12 06:27:02 - GeoTravelGlobalLogger - INFO     - [logger.py:345] - === Quick Smoke Test: Visa Form Basic Interaction ===
2026-08-12 06:27:02 - GeoTravelGlobalLogger - INFO     - [logger.py:345] - 🔄 STEP 1: Navigating to Visa page and opening form
2026-08-12 06:27:03 - GeoTravelGlobalLogger - INFO     - [logger.py:345] - Navigated to: https://retail.stg.gowithgeo.com/
2026-08-12 06:27:03 - GeoTravelGlobalLogger - INFO     - [logger.py:345] - 🏁 Warming up site before homepage load...
2026-08-12 06:27:03 - GeoTravelGlobalLogger - INFO     - [logger.py:345] - Navigated to: https://retail.stg.gowithgeo.com/
2026-08-12 06:27:03 - GeoTravelGlobalLogger - INFO     - [logger.py:345] - Warm-up page opened successfully.
2026-08-12 06:27:08 - GeoTravelGlobalLogger - INFO     - [logger.py:345] - 🏠 Waiting for homepage to load (max retries: 3)
2026-08-12 06:27:08 - GeoTravelGlobalLogger - INFO     - [logger.py:345] - Attempt 1/3
2026-08-12 06:27:08 - GeoTravelGlobalLogger - INFO     - [logger.py:345] - Page body loaded
2026-08-12 06:27:08 - GeoTravelGlobalLogger - INFO     - [logger.py:345] - Validating Geo Travel page...
2026-08-12 06:27:08 - GeoTravelGlobalLogger - INFO     - [logger.py:345] - Validating page HTML structure...
2026-08-12 06:27:08 - GeoTravelGlobalLogger - INFO     - [logger.py:345] - Validating page content keywords...
2026-08-12 06:27:08 - GeoTravelGlobalLogger - INFO     - [logger.py:345] - Page validation confidence: 100.0%
2026-08-12 06:27:08 - GeoTravelGlobalLogger - INFO     - [logger.py:345] - Found keywords: ['geo', 'travel', 'destination', 'book', 'tour', 'package', 'hotel', 'flight', 'vacation', 'adventure']
2026-08-12 06:27:08 - GeoTravelGlobalLogger - INFO     - [logger.py:345] - Homepage validation passed! Confidence: 100.0%
2026-08-12 06:27:08 - GeoTravelGlobalLogger - INFO     - [logger.py:345] - Navigating to Visa page
2026-08-12 06:27:09 - GeoTravelGlobalLogger - INFO     - [logger.py:345] - Successfully navigated to Visa page
2026-08-12 06:27:09 - GeoTravelGlobalLogger - INFO     - [logger.py:345] - Clicking 'Get Started' button
2026-08-12 06:27:11 - GeoTravelGlobalLogger - INFO     - [logger.py:345] - Visa application form opened
2026-08-12 06:27:11 - GeoTravelGlobalLogger - INFO     - [logger.py:345] - 🔄 STEP 2: Verifying form loaded
2026-08-12 06:27:11 - GeoTravelGlobalLogger - INFO     - [logger.py:345] - Waiting for visa form to load
2026-08-12 06:27:11 - GeoTravelGlobalLogger - INFO     - [logger.py:345] - Visa form loaded successfully
2026-08-12 06:27:11 - GeoTravelGlobalLogger - INFO     - [logger.py:345] - 🔄 STEP 3: Testing form field interaction
2026-08-12 06:27:11 - GeoTravelGlobalLogger - INFO     - [logger.py:345] - Filling personal details
2026-08-12 06:27:12 - GeoTravelGlobalLogger - INFO     - [logger.py:345] - Personal details filled successfully
2026-08-12 06:27:12 - GeoTravelGlobalLogger - INFO     - [logger.py:345] - SUCCESS: ✅ Visa form basic interaction verified
2026-08-12 06:27:12 - GeoTravelGlobalLogger - INFO     - [logger.py:345] - ✅ Saved test-specific logs: reports/logs/src_tests_smoke_tests_test_visa_enquiries_smoke.py_TestVisaSmoke_test_visa_form_basic_interaction_062712.log
2026-08-12 06:27:12 - GeoTravelGlobalLogger - INFO     - [logger.py:345] - Test result added: src/tests/smoke_tests/test_visa_enquiries_smoke.py::TestVisaSmoke::test_visa_form_basic_interaction - PASS (Duration: 9.95s)
2026-08-12 06:27:12 - GeoTravelGlobalLogger - INFO     - [logger.py:345] - Added test result to Unified UI Smoke + API TEST REPORT: src/tests/smoke_tests/test_visa_enquiries_smoke.py::TestVisaSmoke::test_visa_form_basic_interaction - PASS
2026-08-12 06:27:12 - GeoTravelGlobalLogger - INFO     - [logger.py:345] - Test result added: test_visa_form_basic_interaction - PASS (Duration: 10.58s)
2026-08-12 06:27:12 - GeoTravelGlobalLogger - INFO     - [logger.py:345] - Creating chrome driver...
2026-08-12 06:27:12 - GeoTravelGlobalLogger - INFO     - [logger.py:345] - chrome driver created successfully
2026-08-12 06:27:12 - GeoTravelGlobalLogger - INFO     - [logger.py:345] - === Quick Smoke Test: Dropdown Functionality ===
2026-08-12 06:27:12 - GeoTravelGlobalLogger - INFO     - [logger.py:345] - 🔄 STEP 1: Navigating to Visa form
2026-08-12 06:27:13 - GeoTravelGlobalLogger - INFO     - [logger.py:345] - Navigated to: https://retail.stg.gowithgeo.com/
2026-08-12 06:27:13 - GeoTravelGlobalLogger - INFO     - [logger.py:345] - 🏁 Warming up site before homepage load...
2026-08-12 06:27:14 - GeoTravelGlobalLogger - INFO     - [logger.py:345] - Navigated to: https://retail.stg.gowithgeo.com/
2026-08-12 06:27:14 - GeoTravelGlobalLogger - INFO     - [logger.py:345] - Warm-up page opened successfully.
2026-08-12 06:27:19 - GeoTravelGlobalLogger - INFO     - [logger.py:345] - 🏠 Waiting for homepage to load (max retries: 3)
2026-08-12 06:27:19 - GeoTravelGlobalLogger - INFO     - [logger.py:345] - Attempt 1/3
2026-08-12 06:27:19 - GeoTravelGlobalLogger - INFO     - [logger.py:345] - Page body loaded
2026-08-12 06:27:19 - GeoTravelGlobalLogger - INFO     - [logger.py:345] - Validating Geo Travel page...
2026-08-12 06:27:19 - GeoTravelGlobalLogger - INFO     - [logger.py:345] - Validating page HTML structure...
2026-08-12 06:27:19 - GeoTravelGlobalLogger - INFO     - [logger.py:345] - Validating page content keywords...
2026-08-12 06:27:19 - GeoTravelGlobalLogger - INFO     - [logger.py:345] - Page validation confidence: 100.0%
2026-08-12 06:27:19 - GeoTravelGlobalLogger - INFO     - [logger.py:345] - Found keywords: ['geo', 'travel', 'destination', 'book', 'tour', 'package', 'hotel', 'flight', 'vacation', 'adventure']
2026-08-12 06:27:19 - GeoTravelGlobalLogger - INFO     - [logger.py:345] - Homepage validation passed! Confidence: 100.0%
2026-08-12 06:27:19 - GeoTravelGlobalLogger - INFO     - [logger.py:345] - Navigating to Visa page
2026-08-12 06:27:19 - GeoTravelGlobalLogger - INFO     - [logger.py:345] - Successfully navigated to Visa page
2026-08-12 06:27:19 - GeoTravelGlobalLogger - INFO     - [logger.py:345] - Clicking 'Get Started' button
2026-08-12 06:27:21 - GeoTravelGlobalLogger - INFO     - [logger.py:345] - Visa application form opened
2026-08-12 06:27:21 - GeoTravelGlobalLogger - INFO     - [logger.py:345] - Waiting for visa form to load
2026-08-12 06:27:21 - GeoTravelGlobalLogger - INFO     - [logger.py:345] - Visa form loaded successfully
2026-08-12 06:27:21 - GeoTravelGlobalLogger - INFO     - [logger.py:345] - 🔄 STEP 2: Testing country origin dropdown
2026-08-12 06:27:21 - GeoTravelGlobalLogger - INFO     - [logger.py:345] - Selecting country of origin: Nigeria
2026-08-12 06:27:25 - GeoTravelGlobalLogger - INFO     - [logger.py:345] - Country of origin 'Nigeria' selected
2026-08-12 06:27:26 - GeoTravelGlobalLogger - INFO     - [logger.py:345] - 🔄 STEP 3: Testing passport availability dropdown
2026-08-12 06:27:26 - GeoTravelGlobalLogger - INFO     - [logger.py:345] - Selecting passport availability: yes
2026-08-12 06:27:27 - GeoTravelGlobalLogger - INFO     - [logger.py:345] - Passport availability 'yes' selected
2026-08-12 06:27:28 - GeoTravelGlobalLogger - INFO     - [logger.py:345] - 🔄 STEP 4: Testing destination country dropdown
2026-08-12 06:27:28 - GeoTravelGlobalLogger - INFO     - [logger.py:345] - Selecting any destination country
2026-08-12 06:27:30 - GeoTravelGlobalLogger - INFO     - [logger.py:345] - Auto-selecting destination: Other
2026-08-12 06:27:34 - GeoTravelGlobalLogger - INFO     - [logger.py:345] - 🔄 STEP 5: Testing visa type dropdown
2026-08-12 06:27:34 - GeoTravelGlobalLogger - INFO     - [logger.py:345] - Selecting any visa type
2026-08-12 06:27:36 - GeoTravelGlobalLogger - INFO     - [logger.py:345] - Auto-selecting visa type: Student/Study Visa
2026-08-12 06:27:39 - GeoTravelGlobalLogger - INFO     - [logger.py:345] - SUCCESS: ✅ All dropdowns functional
2026-08-12 06:27:39 - GeoTravelGlobalLogger - INFO     - [logger.py:345] - ✅ Saved test-specific logs: reports/logs/src_tests_smoke_tests_test_visa_enquiries_smoke.py_TestVisaSmoke_test_dropdown_functionality_062739.log
2026-08-12 06:27:39 - GeoTravelGlobalLogger - INFO     - [logger.py:345] - Test result added: src/tests/smoke_tests/test_visa_enquiries_smoke.py::TestVisaSmoke::test_dropdown_functionality - PASS (Duration: 26.78s)
2026-08-12 06:27:39 - GeoTravelGlobalLogger - INFO     - [logger.py:345] - Added test result to Unified UI Smoke + API TEST REPORT: src/tests/smoke_tests/test_visa_enquiries_smoke.py::TestVisaSmoke::test_dropdown_functionality - PASS
2026-08-12 06:27:39 - GeoTravelGlobalLogger - INFO     - [logger.py:345] - Test result added: test_dropdown_functionality - PASS (Duration: 27.41s)
2026-08-12 06:27:39 - GeoTravelGlobalLogger - INFO     - [logger.py:345] - Creating chrome driver...
2026-08-12 06:27:40 - GeoTravelGlobalLogger - INFO     - [logger.py:345] - chrome driver created successfully
2026-08-12 06:27:40 - GeoTravelGlobalLogger - INFO     - [logger.py:345] - === Quick Smoke Test: Date Picker ===
2026-08-12 06:27:40 - GeoTravelGlobalLogger - INFO     - [logger.py:345] - 🔄 STEP 1: Navigating to Visa form
2026-08-12 06:27:41 - GeoTravelGlobalLogger - INFO     - [logger.py:345] - Navigated to: https://retail.stg.gowithgeo.com/
2026-08-12 06:27:41 - GeoTravelGlobalLogger - INFO     - [logger.py:345] - 🏁 Warming up site before homepage load...
2026-08-12 06:27:41 - GeoTravelGlobalLogger - INFO     - [logger.py:345] - Navigated to: https://retail.stg.gowithgeo.com/
2026-08-12 06:27:41 - GeoTravelGlobalLogger - INFO     - [logger.py:345] - Warm-up page opened successfully.
2026-08-12 06:27:46 - GeoTravelGlobalLogger - INFO     - [logger.py:345] - 🏠 Waiting for homepage to load (max retries: 3)
2026-08-12 06:27:46 - GeoTravelGlobalLogger - INFO     - [logger.py:345] - Attempt 1/3
2026-08-12 06:27:46 - GeoTravelGlobalLogger - INFO     - [logger.py:345] - Page body loaded
2026-08-12 06:27:46 - GeoTravelGlobalLogger - INFO     - [logger.py:345] - Validating Geo Travel page...
2026-08-12 06:27:46 - GeoTravelGlobalLogger - INFO     - [logger.py:345] - Validating page HTML structure...
2026-08-12 06:27:46 - GeoTravelGlobalLogger - INFO     - [logger.py:345] - Validating page content keywords...
2026-08-12 06:27:46 - GeoTravelGlobalLogger - INFO     - [logger.py:345] - Page validation confidence: 100.0%
2026-08-12 06:27:46 - GeoTravelGlobalLogger - INFO     - [logger.py:345] - Found keywords: ['geo', 'travel', 'destination', 'book', 'tour', 'package', 'hotel', 'flight', 'vacation', 'adventure']
2026-08-12 06:27:46 - GeoTravelGlobalLogger - INFO     - [logger.py:345] - Homepage validation passed! Confidence: 100.0%
2026-08-12 06:27:46 - GeoTravelGlobalLogger - INFO     - [logger.py:345] - Navigating to Visa page
2026-08-12 06:27:46 - GeoTravelGlobalLogger - INFO     - [logger.py:345] - Successfully navigated to Visa page
2026-08-12 06:27:46 - GeoTravelGlobalLogger - INFO     - [logger.py:345] - Clicking 'Get Started' button
2026-08-12 06:27:49 - GeoTravelGlobalLogger - INFO     - [logger.py:345] - Visa application form opened
2026-08-12 06:27:49 - GeoTravelGlobalLogger - INFO     - [logger.py:345] - Waiting for visa form to load
2026-08-12 06:27:49 - GeoTravelGlobalLogger - INFO     - [logger.py:345] - Visa form loaded successfully
2026-08-12 06:27:49 - GeoTravelGlobalLogger - INFO     - [logger.py:345] - 🔄 STEP 2: Testing date picker
2026-08-12 06:27:49 - GeoTravelGlobalLogger - INFO     - [logger.py:345] - Selecting travel date
2026-08-12 06:27:53 - GeoTravelGlobalLogger - INFO     - [logger.py:345] - Selected travel date: 
2026-08-12 06:27:55 - GeoTravelGlobalLogger - INFO     - [logger.py:345] - Date picker opened successfully
2026-08-12 06:27:55 - GeoTravelGlobalLogger - INFO     - [logger.py:345] - SUCCESS: ✅ Date picker functional
2026-08-12 06:27:55 - GeoTravelGlobalLogger - INFO     - [logger.py:345] - ✅ Saved test-specific logs: reports/logs/src_tests_smoke_tests_test_visa_enquiries_smoke.py_TestVisaSmoke_test_date_picker_functionality_062755.log
2026-08-12 06:27:55 - GeoTravelGlobalLogger - INFO     - [logger.py:345] - Test result added: src/tests/smoke_tests/test_visa_enquiries_smoke.py::TestVisaSmoke::test_date_picker_functionality - PASS (Duration: 15.51s)
2026-08-12 06:27:55 - GeoTravelGlobalLogger - INFO     - [logger.py:345] - Added test result to Unified UI Smoke + API TEST REPORT: src/tests/smoke_tests/test_visa_enquiries_smoke.py::TestVisaSmoke::test_date_picker_functionality - PASS
2026-08-12 06:27:56 - GeoTravelGlobalLogger - INFO     - [logger.py:345] - Test result added: test_date_picker_functionality - PASS (Duration: 16.19s)
2026-08-12 06:27:56 - GeoTravelGlobalLogger - INFO     - [logger.py:345] - Creating chrome driver...
2026-08-12 06:27:56 - GeoTravelGlobalLogger - INFO     - [logger.py:345] - chrome driver created successfully
2026-08-12 06:27:56 - GeoTravelGlobalLogger - INFO     - [logger.py:345] - === COMPREHENSIVE TEST: Complete Visa Application Flow ===
2026-08-12 06:27:56 - GeoTravelGlobalLogger - INFO     - [logger.py:345] - 🔄 STEP 1: Opening homepage and navigating to Visa
2026-08-12 06:27:57 - GeoTravelGlobalLogger - INFO     - [logger.py:345] - Navigated to: https://retail.stg.gowithgeo.com/
2026-08-12 06:27:57 - GeoTravelGlobalLogger - INFO     - [logger.py:345] - 🏁 Warming up site before homepage load...
2026-08-12 06:27:57 - GeoTravelGlobalLogger - INFO     - [logger.py:345] - Navigated to: https://retail.stg.gowithgeo.com/
2026-08-12 06:27:57 - GeoTravelGlobalLogger - INFO     - [logger.py:345] - Warm-up page opened successfully.
2026-08-12 06:28:02 - GeoTravelGlobalLogger - INFO     - [logger.py:345] - 🏠 Waiting for homepage to load (max retries: 3)
2026-08-12 06:28:02 - GeoTravelGlobalLogger - INFO     - [logger.py:345] - Attempt 1/3
2026-08-12 06:28:02 - GeoTravelGlobalLogger - INFO     - [logger.py:345] - Page body loaded
2026-08-12 06:28:02 - GeoTravelGlobalLogger - INFO     - [logger.py:345] - Validating Geo Travel page...
2026-08-12 06:28:02 - GeoTravelGlobalLogger - INFO     - [logger.py:345] - Validating page HTML structure...
2026-08-12 06:28:02 - GeoTravelGlobalLogger - INFO     - [logger.py:345] - Validating page content keywords...
2026-08-12 06:28:03 - GeoTravelGlobalLogger - INFO     - [logger.py:345] - Page validation confidence: 100.0%
2026-08-12 06:28:03 - GeoTravelGlobalLogger - INFO     - [logger.py:345] - Found keywords: ['geo', 'travel', 'destination', 'book', 'tour', 'package', 'hotel', 'flight', 'vacation', 'adventure']
2026-08-12 06:28:03 - GeoTravelGlobalLogger - INFO     - [logger.py:345] - Homepage validation passed! Confidence: 100.0%
2026-08-12 06:28:03 - GeoTravelGlobalLogger - INFO     - [logger.py:345] - Navigating to Visa page
2026-08-12 06:28:03 - GeoTravelGlobalLogger - INFO     - [logger.py:345] - Successfully navigated to Visa page
2026-08-12 06:28:03 - GeoTravelGlobalLogger - INFO     - [logger.py:345] - 🔄 STEP 2: Opening visa application form
2026-08-12 06:28:03 - GeoTravelGlobalLogger - INFO     - [logger.py:345] - Clicking 'Get Started' button
2026-08-12 06:28:05 - GeoTravelGlobalLogger - INFO     - [logger.py:345] - Visa application form opened
2026-08-12 06:28:05 - GeoTravelGlobalLogger - INFO     - [logger.py:345] - Waiting for visa form to load
2026-08-12 06:28:05 - GeoTravelGlobalLogger - INFO     - [logger.py:345] - Visa form loaded successfully
2026-08-12 06:28:05 - GeoTravelGlobalLogger - INFO     - [logger.py:345] - 🔄 STEP 3: Filling personal details
2026-08-12 06:28:05 - GeoTravelGlobalLogger - INFO     - [logger.py:345] - Filling personal details
2026-08-12 06:28:06 - GeoTravelGlobalLogger - INFO     - [logger.py:345] - Personal details filled successfully
2026-08-12 06:28:06 - GeoTravelGlobalLogger - INFO     - [logger.py:345] - 🔄 STEP 4: Selecting country of origin
2026-08-12 06:28:06 - GeoTravelGlobalLogger - INFO     - [logger.py:345] - Selecting country of origin: Nigeria
2026-08-12 06:28:09 - GeoTravelGlobalLogger - INFO     - [logger.py:345] - Country of origin 'Nigeria' selected
2026-08-12 06:28:09 - GeoTravelGlobalLogger - INFO     - [logger.py:345] - 🔄 STEP 5: Selecting passport availability
2026-08-12 06:28:09 - GeoTravelGlobalLogger - INFO     - [logger.py:345] - Selecting passport availability: yes
2026-08-12 06:28:10 - GeoTravelGlobalLogger - INFO     - [logger.py:345] - Passport availability 'yes' selected
2026-08-12 06:28:10 - GeoTravelGlobalLogger - INFO     - [logger.py:345] - 🔄 STEP 6: Selecting travel date
2026-08-12 06:28:10 - GeoTravelGlobalLogger - INFO     - [logger.py:345] - Selecting travel date
2026-08-12 06:28:15 - GeoTravelGlobalLogger - INFO     - [logger.py:345] - Selected travel date: 
2026-08-12 06:28:17 - GeoTravelGlobalLogger - INFO     - [logger.py:345] - Date picker opened successfully
2026-08-12 06:28:17 - GeoTravelGlobalLogger - INFO     - [logger.py:345] - 🔄 STEP 7: Selecting destination country
2026-08-12 06:28:17 - GeoTravelGlobalLogger - INFO     - [logger.py:345] - Selecting any destination country
2026-08-12 06:28:19 - GeoTravelGlobalLogger - INFO     - [logger.py:345] - Auto-selecting destination: Morocco
2026-08-12 06:28:22 - GeoTravelGlobalLogger - INFO     - [logger.py:345] - 🔄 STEP 8: Selecting visa type
2026-08-12 06:28:22 - GeoTravelGlobalLogger - INFO     - [logger.py:345] - Selecting any visa type
2026-08-12 06:28:24 - GeoTravelGlobalLogger - INFO     - [logger.py:345] - Auto-selecting visa type: Tourist/Visit Visa
2026-08-12 06:28:26 - GeoTravelGlobalLogger - INFO     - [logger.py:345] - 🔄 STEP 9: Filling additional message
2026-08-12 06:28:26 - GeoTravelGlobalLogger - INFO     - [logger.py:345] - Filling additional message
2026-08-12 06:28:26 - GeoTravelGlobalLogger - INFO     - [logger.py:345] - Message filled successfully
2026-08-12 06:28:26 - GeoTravelGlobalLogger - INFO     - [logger.py:345] - 🔄 STEP 10: Submitting visa application
2026-08-12 06:28:26 - GeoTravelGlobalLogger - INFO     - [logger.py:345] - Submitting visa application
2026-08-12 06:28:28 - GeoTravelGlobalLogger - INFO     - [logger.py:345] - Visa application submitted
2026-08-12 06:28:28 - GeoTravelGlobalLogger - INFO     - [logger.py:345] - 🔄 STEP 11: Verifying submission response
2026-08-12 06:28:41 - GeoTravelGlobalLogger - WARNING  - [logger.py:360] - Element not visible within 10s: ('css selector', "[class*='success'], [class*='Success'], .text-green-500")
2026-08-12 06:28:41 - GeoTravelGlobalLogger - INFO     - [logger.py:345] - No success message displayed (might be expected in staging)
2026-08-12 06:28:41 - GeoTravelGlobalLogger - INFO     - [logger.py:345] - SUCCESS: ✅ Comprehensive visa application flow completed
2026-08-12 06:28:41 - GeoTravelGlobalLogger - INFO     - [logger.py:345] - ✅ Saved test-specific logs: reports/logs/src_tests_smoke_tests_test_visa_enquiries_smoke.py_TestVisaSmoke_test_complete_visa_application_flow_062841.log
2026-08-12 06:28:41 - GeoTravelGlobalLogger - INFO     - [logger.py:345] - Test result added: src/tests/smoke_tests/test_visa_enquiries_smoke.py::TestVisaSmoke::test_complete_visa_application_flow - PASS (Duration: 45.32s)
2026-08-12 06:28:41 - GeoTravelGlobalLogger - INFO     - [logger.py:345] - Added test result to Unified UI Smoke + API TEST REPORT: src/tests/smoke_tests/test_visa_enquiries_smoke.py::TestVisaSmoke::test_complete_visa_application_flow - PASS
2026-08-12 06:28:42 - GeoTravelGlobalLogger - INFO     - [logger.py:345] - Test result added: test_complete_visa_application_flow - PASS (Duration: 45.98s)
2026-08-12 06:28:42 - GeoTravelGlobalLogger - INFO     - [logger.py:345] - Creating chrome driver...
2026-08-12 06:28:42 - GeoTravelGlobalLogger - INFO     - [logger.py:345] - chrome driver created successfully
2026-08-12 06:28:42 - GeoTravelGlobalLogger - INFO     - [logger.py:345] - === Test: Visa Application Cancel Flow ===
2026-08-12 06:28:42 - GeoTravelGlobalLogger - INFO     - [logger.py:345] - 🔄 STEP 1: Navigating to Visa form
2026-08-12 06:28:43 - GeoTravelGlobalLogger - INFO     - [logger.py:345] - Navigated to: https://retail.stg.gowithgeo.com/
2026-08-12 06:28:43 - GeoTravelGlobalLogger - INFO     - [logger.py:345] - 🏁 Warming up site before homepage load...
2026-08-12 06:28:43 - GeoTravelGlobalLogger - INFO     - [logger.py:345] - Navigated to: https://retail.stg.gowithgeo.com/
2026-08-12 06:28:43 - GeoTravelGlobalLogger - INFO     - [logger.py:345] - Warm-up page opened successfully.
2026-08-12 06:28:48 - GeoTravelGlobalLogger - INFO     - [logger.py:345] - 🏠 Waiting for homepage to load (max retries: 3)
2026-08-12 06:28:48 - GeoTravelGlobalLogger - INFO     - [logger.py:345] - Attempt 1/3
2026-08-12 06:28:48 - GeoTravelGlobalLogger - INFO     - [logger.py:345] - Page body loaded
2026-08-12 06:28:48 - GeoTravelGlobalLogger - INFO     - [logger.py:345] - Validating Geo Travel page...
2026-08-12 06:28:48 - GeoTravelGlobalLogger - INFO     - [logger.py:345] - Validating page HTML structure...
2026-08-12 06:28:48 - GeoTravelGlobalLogger - INFO     - [logger.py:345] - Validating page content keywords...
2026-08-12 06:28:49 - GeoTravelGlobalLogger - INFO     - [logger.py:345] - Page validation confidence: 100.0%
2026-08-12 06:28:49 - GeoTravelGlobalLogger - INFO     - [logger.py:345] - Found keywords: ['geo', 'travel', 'destination', 'book', 'tour', 'package', 'hotel', 'flight', 'vacation', 'adventure']
2026-08-12 06:28:49 - GeoTravelGlobalLogger - INFO     - [logger.py:345] - Homepage validation passed! Confidence: 100.0%
2026-08-12 06:28:49 - GeoTravelGlobalLogger - INFO     - [logger.py:345] - Navigating to Visa page
2026-08-12 06:28:49 - GeoTravelGlobalLogger - INFO     - [logger.py:345] - Successfully navigated to Visa page
2026-08-12 06:28:49 - GeoTravelGlobalLogger - INFO     - [logger.py:345] - Clicking 'Get Started' button
2026-08-12 06:28:51 - GeoTravelGlobalLogger - INFO     - [logger.py:345] - Visa application form opened
2026-08-12 06:28:51 - GeoTravelGlobalLogger - INFO     - [logger.py:345] - Waiting for visa form to load
2026-08-12 06:28:51 - GeoTravelGlobalLogger - INFO     - [logger.py:345] - Visa form loaded successfully
2026-08-12 06:28:51 - GeoTravelGlobalLogger - INFO     - [logger.py:345] - 🔄 STEP 2: Filling partial form data
2026-08-12 06:28:51 - GeoTravelGlobalLogger - INFO     - [logger.py:345] - Filling personal details
2026-08-12 06:28:52 - GeoTravelGlobalLogger - INFO     - [logger.py:345] - Personal details filled successfully
2026-08-12 06:28:52 - GeoTravelGlobalLogger - INFO     - [logger.py:345] - 🔄 STEP 3: Cancelling application
2026-08-12 06:28:52 - GeoTravelGlobalLogger - INFO     - [logger.py:345] - Cancelling visa application
2026-08-12 06:28:54 - GeoTravelGlobalLogger - INFO     - [logger.py:345] - Visa application cancelled
2026-08-12 06:28:56 - GeoTravelGlobalLogger - INFO     - [logger.py:345] - 🔄 STEP 4: Verifying cancel action
2026-08-12 06:28:56 - GeoTravelGlobalLogger - INFO     - [logger.py:345] - SUCCESS: ✅ Visa application cancel flow verified
2026-08-12 06:28:56 - GeoTravelGlobalLogger - INFO     - [logger.py:345] - ✅ Saved test-specific logs: reports/logs/src_tests_smoke_tests_test_visa_enquiries_smoke.py_TestVisaSmoke_test_visa_application_cancel_flow_062856.log
2026-08-12 06:28:56 - GeoTravelGlobalLogger - INFO     - [logger.py:345] - Test result added: src/tests/smoke_tests/test_visa_enquiries_smoke.py::TestVisaSmoke::test_visa_application_cancel_flow - PASS (Duration: 14.19s)
2026-08-12 06:28:56 - GeoTravelGlobalLogger - INFO     - [logger.py:345] - Added test result to Unified UI Smoke + API TEST REPORT: src/tests/smoke_tests/test_visa_enquiries_smoke.py::TestVisaSmoke::test_visa_application_cancel_flow - PASS
2026-08-12 06:28:56 - GeoTravelGlobalLogger - INFO     - [logger.py:345] - Test result added: test_visa_application_cancel_flow - PASS (Duration: 14.80s)
2026-08-12 06:28:56 - GeoTravelGlobalLogger - INFO     - [logger.py:345] - Test suite completed: 74 tests, 60 passed
2026-08-12 06:28:56 - GeoTravelGlobalLogger - INFO     - [logger.py:345] - Added smoke suite results to unified report
2026-08-12 06:28:56 - GeoTravelGlobalLogger - ERROR    - [logger.py:363] - 14 of 74 smoke tests failed
2026-08-12 06:28:56 - GeoTravelGlobalLogger - INFO     - [logger.py:345] - ✅ Completed SMOKE test suite
2026-08-12 06:28:56 - GeoTravelGlobalLogger - INFO     - [logger.py:345] - 🚀 Starting API test suite...
2026-08-12 06:28:56 - GeoTravelGlobalLogger - INFO     - [logger.py:345] - Git Metadata - Branch: MAIN, Commit: b1d5cb1
2026-08-12 06:28:56 - GeoTravelGlobalLogger - INFO     - [logger.py:345] - Branch: MAIN
2026-08-12 06:28:56 - GeoTravelGlobalLogger - INFO     - [logger.py:345] - Build ID: #2026.08.12.0614
2026-08-12 06:28:56 - GeoTravelGlobalLogger - INFO     - [logger.py:345] - Browser: CHROME
2026-08-12 06:28:56 - GeoTravelGlobalLogger - INFO     - [logger.py:345] - Environment: STAGING
2026-08-12 06:28:56 - GeoTravelGlobalLogger - INFO     - [logger.py:345] - Running API tests from src/tests/api_tests/
2026-08-12 06:28:56 - GeoTravelGlobalLogger - INFO     - [logger.py:345] - Checking API environment availability...
2026-08-12 06:28:56 - GeoTravelGlobalLogger - INFO     - [logger.py:345] - API health check attempt 1/3 for https://api.stg.gowithgeo.com/api/auth/login
2026-08-12 06:28:57 - GeoTravelGlobalLogger - INFO     - [logger.py:345] - SUCCESS: API endpoint /api/auth/login is accessible (Status: 404)
2026-08-12 06:28:57 - GeoTravelGlobalLogger - INFO     - [logger.py:345] - API environment healthy - proceeding with tests in staging
2026-08-12 06:28:57 - GeoTravelGlobalLogger - INFO     - [logger.py:345] - SUCCESS: API environment is accessible - proceeding with tests
2026-08-12 06:28:57 - GeoTravelGlobalLogger - INFO     - [logger.py:345] - Starting test suite: API SMOKE TEST
2026-08-12 06:28:57 - GeoTravelGlobalLogger - INFO     - [logger.py:345] - Environment checks will be performed after test collection
2026-08-12 06:28:57 - GeoTravelGlobalLogger - INFO     - [logger.py:345] - 🔍 Checking required environments based on detected test types...
2026-08-12 06:28:57 - GeoTravelGlobalLogger - INFO     - [logger.py:345] - 🔍 Detected test types: {'ui': False, 'api': True, 'partners_api': False}
2026-08-12 06:28:57 - GeoTravelGlobalLogger - INFO     - [logger.py:345] - API check attempt 1/3 for https://api.stg.gowithgeo.com
2026-08-12 06:28:57 - GeoTravelGlobalLogger - INFO     - [logger.py:345] - API health check attempt 1/1 for https://api.stg.gowithgeo.com/api/auth/login
2026-08-12 06:28:57 - GeoTravelGlobalLogger - INFO     - [logger.py:345] - SUCCESS: API endpoint /api/auth/login is accessible (Status: 404)
2026-08-12 06:28:57 - GeoTravelGlobalLogger - INFO     - [logger.py:345] - SUCCESS: API environment is accessible
2026-08-12 06:28:57 - GeoTravelGlobalLogger - INFO     - [logger.py:345] - SUCCESS: ✅ All required environments are accessible: api
2026-08-12 06:28:57 - GeoTravelGlobalLogger - INFO     - [logger.py:345] - === Testing Login Success ===
2026-08-12 06:28:57 - GeoTravelGlobalLogger - INFO     - [logger.py:345] - Retrieved credentials from environment for: geo.qa.bot@gmail.com
2026-08-12 06:28:57 - GeoTravelGlobalLogger - INFO     - [logger.py:345] - Attempting login with email: geo.qa.bot@gmail.com
2026-08-12 06:28:57 - GeoTravelGlobalLogger - INFO     - [logger.py:345] - 🔍 _request START - Current self.headers: {'Content-Type': 'application/json', 'Accept': 'application/json', 'X-Client-Type': 'retail'}
2026-08-12 06:28:57 - GeoTravelGlobalLogger - INFO     - [logger.py:345] - 🔍 _request - kwargs headers: {}
2026-08-12 06:28:57 - GeoTravelGlobalLogger - INFO     - [logger.py:345] - 🔍 _request FINAL headers being sent: {'Content-Type': 'application/json', 'Accept': 'application/json', 'X-Client-Type': 'retail'}
2026-08-12 06:28:57 - GeoTravelGlobalLogger - INFO     - [logger.py:345] - API Request: POST https://api.stg.gowithgeo.com/api/auth/login
2026-08-12 06:28:58 - GeoTravelGlobalLogger - INFO     - [logger.py:345] - API Response: 200
2026-08-12 06:28:58 - GeoTravelGlobalLogger - INFO     - [logger.py:345] - Token extracted via cookies (length: 167, valid)
2026-08-12 06:28:58 - GeoTravelGlobalLogger - INFO     - [logger.py:345] - ✅ Auth token set from cookies (Cookie header)
2026-08-12 06:28:58 - GeoTravelGlobalLogger - INFO     - [logger.py:345] - SUCCESS: ✅ Login successful - token set via cookies
2026-08-12 06:28:58 - GeoTravelGlobalLogger - INFO     - [logger.py:345] - Login successful with valid credentials
2026-08-12 06:28:58 - GeoTravelGlobalLogger - INFO     - [logger.py:345] - Access token received: eyJhbGciOiJIUzI1NiIsInR5cCI6IkpXVCJ9.eyJpZCI6MTUxL...
2026-08-12 06:28:58 - GeoTravelGlobalLogger - INFO     - [logger.py:345] - ✅ Saved test-specific logs: reports/logs/src_tests_api_tests_test_auth_api.py_TestAuthAPI_test_login_success_062858.log
2026-08-12 06:28:58 - GeoTravelGlobalLogger - INFO     - [logger.py:345] - Test result added: src/tests/api_tests/test_auth_api.py::TestAuthAPI::test_login_success - PASS (Duration: 0.99s)
2026-08-12 06:28:58 - GeoTravelGlobalLogger - INFO     - [logger.py:345] - Added test result to API SMOKE TEST: src/tests/api_tests/test_auth_api.py::TestAuthAPI::test_login_success - PASS
2026-08-12 06:28:58 - GeoTravelGlobalLogger - INFO     - [logger.py:345] - === Testing Login with Invalid Credentials ===
2026-08-12 06:28:58 - GeoTravelGlobalLogger - INFO     - [logger.py:345] - Attempting login with email: invalid@example.com
2026-08-12 06:28:58 - GeoTravelGlobalLogger - INFO     - [logger.py:345] - 🔍 _request START - Current self.headers: {'Content-Type': 'application/json', 'Accept': 'application/json', 'X-Client-Type': 'retail'}
2026-08-12 06:28:58 - GeoTravelGlobalLogger - INFO     - [logger.py:345] - 🔍 _request - kwargs headers: {}
2026-08-12 06:28:58 - GeoTravelGlobalLogger - INFO     - [logger.py:345] - 🔍 _request FINAL headers being sent: {'Content-Type': 'application/json', 'Accept': 'application/json', 'X-Client-Type': 'retail'}
2026-08-12 06:28:58 - GeoTravelGlobalLogger - INFO     - [logger.py:345] - API Request: POST https://api.stg.gowithgeo.com/api/auth/login
2026-08-12 06:28:58 - GeoTravelGlobalLogger - INFO     - [logger.py:345] - API Response: 400
2026-08-12 06:28:58 - GeoTravelGlobalLogger - INFO     - [logger.py:345] - Invalid credentials response: 400 - {"status":"error","message":"Invalid credentials"}
2026-08-12 06:28:58 - GeoTravelGlobalLogger - INFO     - [logger.py:345] - Invalid credentials test passed
2026-08-12 06:28:58 - GeoTravelGlobalLogger - INFO     - [logger.py:345] - ✅ Saved test-specific logs: reports/logs/src_tests_api_tests_test_auth_api.py_TestAuthAPI_test_login_invalid_credentials_062858.log
2026-08-12 06:28:58 - GeoTravelGlobalLogger - INFO     - [logger.py:345] - Test result added: src/tests/api_tests/test_auth_api.py::TestAuthAPI::test_login_invalid_credentials - PASS (Duration: 0.15s)
2026-08-12 06:28:58 - GeoTravelGlobalLogger - INFO     - [logger.py:345] - Added test result to API SMOKE TEST: src/tests/api_tests/test_auth_api.py::TestAuthAPI::test_login_invalid_credentials - PASS
2026-08-12 06:28:58 - GeoTravelGlobalLogger - INFO     - [logger.py:345] - === Testing Login with Empty Credentials ===
2026-08-12 06:28:58 - GeoTravelGlobalLogger - INFO     - [logger.py:345] - Attempting login with email: 
2026-08-12 06:28:58 - GeoTravelGlobalLogger - INFO     - [logger.py:345] - 🔍 _request START - Current self.headers: {'Content-Type': 'application/json', 'Accept': 'application/json', 'X-Client-Type': 'retail'}
2026-08-12 06:28:58 - GeoTravelGlobalLogger - INFO     - [logger.py:345] - 🔍 _request - kwargs headers: {}
2026-08-12 06:28:58 - GeoTravelGlobalLogger - INFO     - [logger.py:345] - 🔍 _request FINAL headers being sent: {'Content-Type': 'application/json', 'Accept': 'application/json', 'X-Client-Type': 'retail'}
2026-08-12 06:28:58 - GeoTravelGlobalLogger - INFO     - [logger.py:345] - API Request: POST https://api.stg.gowithgeo.com/api/auth/login
2026-08-12 06:28:58 - GeoTravelGlobalLogger - INFO     - [logger.py:345] - API Response: 400
2026-08-12 06:28:58 - GeoTravelGlobalLogger - INFO     - [logger.py:345] - Empty credentials response: 400 - {"status":"error","message":"Validation failed","errors":[{"message":"Email is required"},{"message":"Password is required"}]}
2026-08-12 06:28:58 - GeoTravelGlobalLogger - INFO     - [logger.py:345] - Empty credentials test passed
2026-08-12 06:28:58 - GeoTravelGlobalLogger - INFO     - [logger.py:345] - ✅ Saved test-specific logs: reports/logs/src_tests_api_tests_test_auth_api.py_TestAuthAPI_test_login_empty_credentials_062858.log
2026-08-12 06:28:58 - GeoTravelGlobalLogger - INFO     - [logger.py:345] - Test result added: src/tests/api_tests/test_auth_api.py::TestAuthAPI::test_login_empty_credentials - PASS (Duration: 0.06s)
2026-08-12 06:28:58 - GeoTravelGlobalLogger - INFO     - [logger.py:345] - Added test result to API SMOKE TEST: src/tests/api_tests/test_auth_api.py::TestAuthAPI::test_login_empty_credentials - PASS
2026-08-12 06:28:58 - GeoTravelGlobalLogger - INFO     - [logger.py:345] - === Testing Login with Missing Password ===
2026-08-12 06:28:58 - GeoTravelGlobalLogger - INFO     - [logger.py:345] - Attempting login with email: test@example.com
2026-08-12 06:28:58 - GeoTravelGlobalLogger - INFO     - [logger.py:345] - 🔍 _request START - Current self.headers: {'Content-Type': 'application/json', 'Accept': 'application/json', 'X-Client-Type': 'retail'}
2026-08-12 06:28:58 - GeoTravelGlobalLogger - INFO     - [logger.py:345] - 🔍 _request - kwargs headers: {}
2026-08-12 06:28:58 - GeoTravelGlobalLogger - INFO     - [logger.py:345] - 🔍 _request FINAL headers being sent: {'Content-Type': 'application/json', 'Accept': 'application/json', 'X-Client-Type': 'retail'}
2026-08-12 06:28:58 - GeoTravelGlobalLogger - INFO     - [logger.py:345] - API Request: POST https://api.stg.gowithgeo.com/api/auth/login
2026-08-12 06:28:58 - GeoTravelGlobalLogger - INFO     - [logger.py:345] - API Response: 400
2026-08-12 06:28:58 - GeoTravelGlobalLogger - INFO     - [logger.py:345] - Missing password response: 400 - {"status":"error","message":"Validation failed","errors":[{"message":"Password is required"}]}
2026-08-12 06:28:58 - GeoTravelGlobalLogger - INFO     - [logger.py:345] - Missing password test passed
2026-08-12 06:28:58 - GeoTravelGlobalLogger - INFO     - [logger.py:345] - ✅ Saved test-specific logs: reports/logs/src_tests_api_tests_test_auth_api.py_TestAuthAPI_test_login_missing_password_062858.log
2026-08-12 06:28:58 - GeoTravelGlobalLogger - INFO     - [logger.py:345] - Test result added: src/tests/api_tests/test_auth_api.py::TestAuthAPI::test_login_missing_password - PASS (Duration: 0.07s)
2026-08-12 06:28:58 - GeoTravelGlobalLogger - INFO     - [logger.py:345] - Added test result to API SMOKE TEST: src/tests/api_tests/test_auth_api.py::TestAuthAPI::test_login_missing_password - PASS
2026-08-12 06:28:58 - GeoTravelGlobalLogger - INFO     - [logger.py:345] - === Testing Auth Token Set After Successful Login ===
2026-08-12 06:28:58 - GeoTravelGlobalLogger - INFO     - [logger.py:345] - Retrieved credentials from environment for: geo.qa.bot@gmail.com
2026-08-12 06:28:58 - GeoTravelGlobalLogger - INFO     - [logger.py:345] - Attempting login with email: geo.qa.bot@gmail.com
2026-08-12 06:28:58 - GeoTravelGlobalLogger - INFO     - [logger.py:345] - 🔍 _request START - Current self.headers: {'Content-Type': 'application/json', 'Accept': 'application/json', 'X-Client-Type': 'retail'}
2026-08-12 06:28:58 - GeoTravelGlobalLogger - INFO     - [logger.py:345] - 🔍 _request - kwargs headers: {}
2026-08-12 06:28:58 - GeoTravelGlobalLogger - INFO     - [logger.py:345] - 🔍 _request FINAL headers being sent: {'Content-Type': 'application/json', 'Accept': 'application/json', 'X-Client-Type': 'retail'}
2026-08-12 06:28:58 - GeoTravelGlobalLogger - INFO     - [logger.py:345] - API Request: POST https://api.stg.gowithgeo.com/api/auth/login
2026-08-12 06:28:58 - GeoTravelGlobalLogger - INFO     - [logger.py:345] - API Response: 200
2026-08-12 06:28:58 - GeoTravelGlobalLogger - INFO     - [logger.py:345] - Token extracted via cookies (length: 167, valid)
2026-08-12 06:28:58 - GeoTravelGlobalLogger - INFO     - [logger.py:345] - ✅ Auth token set from cookies (Cookie header)
2026-08-12 06:28:58 - GeoTravelGlobalLogger - INFO     - [logger.py:345] - SUCCESS: ✅ Login successful - token set via cookies
2026-08-12 06:28:58 - GeoTravelGlobalLogger - INFO     - [logger.py:345] - Cookie header: retail_access_token=eyJhbGciOiJIUzI1NiIsInR5cCI6Ik...
2026-08-12 06:28:58 - GeoTravelGlobalLogger - INFO     - [logger.py:345] - ✅ Auth token successfully set (length: 167)
2026-08-12 06:28:58 - GeoTravelGlobalLogger - INFO     - [logger.py:345] - ✅ Saved test-specific logs: reports/logs/src_tests_api_tests_test_auth_api.py_TestAuthAPI_test_auth_token_set_after_successful_login_062858.log
2026-08-12 06:28:58 - GeoTravelGlobalLogger - INFO     - [logger.py:345] - Test result added: src/tests/api_tests/test_auth_api.py::TestAuthAPI::test_auth_token_set_after_successful_login - PASS (Duration: 0.29s)
2026-08-12 06:28:58 - GeoTravelGlobalLogger - INFO     - [logger.py:345] - Added test result to API SMOKE TEST: src/tests/api_tests/test_auth_api.py::TestAuthAPI::test_auth_token_set_after_successful_login - PASS
2026-08-12 06:28:58 - GeoTravelGlobalLogger - INFO     - [logger.py:345] - === Testing Dynamic Token Extraction ===
2026-08-12 06:28:58 - GeoTravelGlobalLogger - INFO     - [logger.py:345] - Retrieved credentials from environment for: geo.qa.bot@gmail.com
2026-08-12 06:28:58 - GeoTravelGlobalLogger - INFO     - [logger.py:345] - Attempting login with email: geo.qa.bot@gmail.com
2026-08-12 06:28:58 - GeoTravelGlobalLogger - INFO     - [logger.py:345] - 🔍 _request START - Current self.headers: {'Content-Type': 'application/json', 'Accept': 'application/json', 'X-Client-Type': 'retail'}
2026-08-12 06:28:58 - GeoTravelGlobalLogger - INFO     - [logger.py:345] - 🔍 _request - kwargs headers: {}
2026-08-12 06:28:58 - GeoTravelGlobalLogger - INFO     - [logger.py:345] - 🔍 _request FINAL headers being sent: {'Content-Type': 'application/json', 'Accept': 'application/json', 'X-Client-Type': 'retail'}
2026-08-12 06:28:58 - GeoTravelGlobalLogger - INFO     - [logger.py:345] - API Request: POST https://api.stg.gowithgeo.com/api/auth/login
2026-08-12 06:28:59 - GeoTravelGlobalLogger - INFO     - [logger.py:345] - API Response: 200
2026-08-12 06:28:59 - GeoTravelGlobalLogger - INFO     - [logger.py:345] - Token extracted via cookies (length: 167, valid)
2026-08-12 06:28:59 - GeoTravelGlobalLogger - INFO     - [logger.py:345] - ✅ Auth token set from cookies (Cookie header)
2026-08-12 06:28:59 - GeoTravelGlobalLogger - INFO     - [logger.py:345] - SUCCESS: ✅ Login successful - token set via cookies
2026-08-12 06:28:59 - GeoTravelGlobalLogger - INFO     - [logger.py:345] - SUCCESS: ✅ Dynamic token extraction successful via 'cookies'
2026-08-12 06:28:59 - GeoTravelGlobalLogger - INFO     - [logger.py:345] - ✅ Saved test-specific logs: reports/logs/src_tests_api_tests_test_auth_api.py_TestAuthAPI_test_dynamic_token_extraction_062859.log
2026-08-12 06:28:59 - GeoTravelGlobalLogger - INFO     - [logger.py:345] - Test result added: src/tests/api_tests/test_auth_api.py::TestAuthAPI::test_dynamic_token_extraction - PASS (Duration: 0.29s)
2026-08-12 06:28:59 - GeoTravelGlobalLogger - INFO     - [logger.py:345] - Added test result to API SMOKE TEST: src/tests/api_tests/test_auth_api.py::TestAuthAPI::test_dynamic_token_extraction - PASS
2026-08-12 06:28:59 - GeoTravelGlobalLogger - INFO     - [logger.py:345] - === Testing Token Validation ===
2026-08-12 06:28:59 - GeoTravelGlobalLogger - INFO     - [logger.py:345] - Retrieved credentials from environment for: geo.qa.bot@gmail.com
2026-08-12 06:28:59 - GeoTravelGlobalLogger - INFO     - [logger.py:345] - Attempting login with email: geo.qa.bot@gmail.com
2026-08-12 06:28:59 - GeoTravelGlobalLogger - INFO     - [logger.py:345] - 🔍 _request START - Current self.headers: {'Content-Type': 'application/json', 'Accept': 'application/json', 'X-Client-Type': 'retail'}
2026-08-12 06:28:59 - GeoTravelGlobalLogger - INFO     - [logger.py:345] - 🔍 _request - kwargs headers: {}
2026-08-12 06:28:59 - GeoTravelGlobalLogger - INFO     - [logger.py:345] - 🔍 _request FINAL headers being sent: {'Content-Type': 'application/json', 'Accept': 'application/json', 'X-Client-Type': 'retail'}
2026-08-12 06:28:59 - GeoTravelGlobalLogger - INFO     - [logger.py:345] - API Request: POST https://api.stg.gowithgeo.com/api/auth/login
2026-08-12 06:28:59 - GeoTravelGlobalLogger - INFO     - [logger.py:345] - API Response: 200
2026-08-12 06:28:59 - GeoTravelGlobalLogger - INFO     - [logger.py:345] - Token extracted via cookies (length: 167, valid)
2026-08-12 06:28:59 - GeoTravelGlobalLogger - INFO     - [logger.py:345] - ✅ Auth token set from cookies (Cookie header)
2026-08-12 06:28:59 - GeoTravelGlobalLogger - INFO     - [logger.py:345] - SUCCESS: ✅ Login successful - token set via cookies
2026-08-12 06:28:59 - GeoTravelGlobalLogger - INFO     - [logger.py:345] - SUCCESS: ✅ Token validation working correctly
2026-08-12 06:28:59 - GeoTravelGlobalLogger - INFO     - [logger.py:345] - ✅ Saved test-specific logs: reports/logs/src_tests_api_tests_test_auth_api.py_TestAuthAPI_test_token_validation_062859.log
2026-08-12 06:28:59 - GeoTravelGlobalLogger - INFO     - [logger.py:345] - Test result added: src/tests/api_tests/test_auth_api.py::TestAuthAPI::test_token_validation - PASS (Duration: 0.29s)
2026-08-12 06:28:59 - GeoTravelGlobalLogger - INFO     - [logger.py:345] - Added test result to API SMOKE TEST: src/tests/api_tests/test_auth_api.py::TestAuthAPI::test_token_validation - PASS
2026-08-12 06:28:59 - GeoTravelGlobalLogger - INFO     - [logger.py:345] - Retrieved credentials from environment for: geo.qa.bot@gmail.com
2026-08-12 06:28:59 - GeoTravelGlobalLogger - INFO     - [logger.py:345] - Attempting login with email: geo.qa.bot@gmail.com
2026-08-12 06:28:59 - GeoTravelGlobalLogger - INFO     - [logger.py:345] - 🔍 _request START - Current self.headers: {'Content-Type': 'application/json', 'Accept': 'application/json', 'X-Client-Type': 'retail'}
2026-08-12 06:28:59 - GeoTravelGlobalLogger - INFO     - [logger.py:345] - 🔍 _request - kwargs headers: {}
2026-08-12 06:28:59 - GeoTravelGlobalLogger - INFO     - [logger.py:345] - 🔍 _request FINAL headers being sent: {'Content-Type': 'application/json', 'Accept': 'application/json', 'X-Client-Type': 'retail'}
2026-08-12 06:28:59 - GeoTravelGlobalLogger - INFO     - [logger.py:345] - API Request: POST https://api.stg.gowithgeo.com/api/auth/login
2026-08-12 06:28:59 - GeoTravelGlobalLogger - INFO     - [logger.py:345] - API Response: 200
2026-08-12 06:28:59 - GeoTravelGlobalLogger - INFO     - [logger.py:345] - Token extracted via cookies (length: 167, valid)
2026-08-12 06:28:59 - GeoTravelGlobalLogger - INFO     - [logger.py:345] - ✅ Auth token set from cookies (Cookie header)
2026-08-12 06:28:59 - GeoTravelGlobalLogger - INFO     - [logger.py:345] - SUCCESS: ✅ Login successful - token set via cookies
2026-08-12 06:28:59 - GeoTravelGlobalLogger - INFO     - [logger.py:345] - SUCCESS: ✅ Authenticated successfully (token length: 167)
2026-08-12 06:28:59 - GeoTravelGlobalLogger - INFO     - [logger.py:345] - ✅ Auth token set from cookies (Cookie header)
2026-08-12 06:28:59 - GeoTravelGlobalLogger - INFO     - [logger.py:345] - ✅ Auth token set from cookies (Cookie header)
2026-08-12 06:28:59 - GeoTravelGlobalLogger - INFO     - [logger.py:345] - === Testing Flight Search Request ===
2026-08-12 06:28:59 - GeoTravelGlobalLogger - INFO     - [logger.py:345] - 🔍 _request START - Current self.headers: {'Content-Type': 'application/json', 'Accept': 'application/json', 'X-Client-Type': 'retail', 'Cookie': 'retail_access_token=eyJhbGciOiJIUzI1NiIsInR5cCI6IkpXVCJ9.eyJpZCI6MTUxLCJ1c2VyVHlwZSI6IlJFVEFJTCIsImlhdCI6MTc4NjUxNjEzOSwiZXhwIjoxNzg2NTU5MzM5fQ.89Y4I1j9CVL_dUTKdkAXitmUuM90nj0h4Np_SJe6xnY'}
2026-08-12 06:28:59 - GeoTravelGlobalLogger - INFO     - [logger.py:345] - 🔍 _request - kwargs headers: {}
2026-08-12 06:28:59 - GeoTravelGlobalLogger - INFO     - [logger.py:345] - 🔍 _request FINAL headers being sent: {'Content-Type': 'application/json', 'Accept': 'application/json', 'X-Client-Type': 'retail', 'Cookie': 'retail_access_token=eyJhbGciOiJIUzI1NiIsInR5cCI6IkpXVCJ9.eyJpZCI6MTUxLCJ1c2VyVHlwZSI6IlJFVEFJTCIsImlhdCI6MTc4NjUxNjEzOSwiZXhwIjoxNzg2NTU5MzM5fQ.89Y4I1j9CVL_dUTKdkAXitmUuM90nj0h4Np_SJe6xnY'}
2026-08-12 06:28:59 - GeoTravelGlobalLogger - INFO     - [logger.py:345] - API Request: POST https://api.stg.gowithgeo.com/api/flight/search-request
2026-08-12 06:29:00 - GeoTravelGlobalLogger - INFO     - [logger.py:345] - API Response: 200
2026-08-12 06:29:00 - GeoTravelGlobalLogger - INFO     - [logger.py:345] - Search Response: 200 - {"message":"Flight search saved successfully","data":{"search_id":"aa446421-c141-451b-bac7-3806c0428db9"}}
2026-08-12 06:29:00 - GeoTravelGlobalLogger - INFO     - [logger.py:345] - Flight search request test passed
2026-08-12 06:29:00 - GeoTravelGlobalLogger - INFO     - [logger.py:345] - Search ID: aa446421-c141-451b-bac7-3806c0428db9
2026-08-12 06:29:00 - GeoTravelGlobalLogger - INFO     - [logger.py:345] - ✅ Saved test-specific logs: reports/logs/src_tests_api_tests_test_flight_api.py_TestFlightAPI_test_flight_search_request_062900.log
2026-08-12 06:29:00 - GeoTravelGlobalLogger - INFO     - [logger.py:345] - Test result added: src/tests/api_tests/test_flight_api.py::TestFlightAPI::test_flight_search_request - PASS (Duration: 0.27s)
2026-08-12 06:29:00 - GeoTravelGlobalLogger - INFO     - [logger.py:345] - Added test result to API SMOKE TEST: src/tests/api_tests/test_flight_api.py::TestFlightAPI::test_flight_search_request - PASS
2026-08-12 06:29:00 - GeoTravelGlobalLogger - INFO     - [logger.py:345] - Retrieved credentials from environment for: geo.qa.bot@gmail.com
2026-08-12 06:29:00 - GeoTravelGlobalLogger - INFO     - [logger.py:345] - Attempting login with email: geo.qa.bot@gmail.com
2026-08-12 06:29:00 - GeoTravelGlobalLogger - INFO     - [logger.py:345] - 🔍 _request START - Current self.headers: {'Content-Type': 'application/json', 'Accept': 'application/json', 'X-Client-Type': 'retail'}
2026-08-12 06:29:00 - GeoTravelGlobalLogger - INFO     - [logger.py:345] - 🔍 _request - kwargs headers: {}
2026-08-12 06:29:00 - GeoTravelGlobalLogger - INFO     - [logger.py:345] - 🔍 _request FINAL headers being sent: {'Content-Type': 'application/json', 'Accept': 'application/json', 'X-Client-Type': 'retail'}
2026-08-12 06:29:00 - GeoTravelGlobalLogger - INFO     - [logger.py:345] - API Request: POST https://api.stg.gowithgeo.com/api/auth/login
2026-08-12 06:29:00 - GeoTravelGlobalLogger - INFO     - [logger.py:345] - API Response: 200
2026-08-12 06:29:00 - GeoTravelGlobalLogger - INFO     - [logger.py:345] - Token extracted via cookies (length: 167, valid)
2026-08-12 06:29:00 - GeoTravelGlobalLogger - INFO     - [logger.py:345] - ✅ Auth token set from cookies (Cookie header)
2026-08-12 06:29:00 - GeoTravelGlobalLogger - INFO     - [logger.py:345] - SUCCESS: ✅ Login successful - token set via cookies
2026-08-12 06:29:00 - GeoTravelGlobalLogger - INFO     - [logger.py:345] - SUCCESS: ✅ Authenticated successfully (token length: 167)
2026-08-12 06:29:00 - GeoTravelGlobalLogger - INFO     - [logger.py:345] - ✅ Auth token set from cookies (Cookie header)
2026-08-12 06:29:00 - GeoTravelGlobalLogger - INFO     - [logger.py:345] - ✅ Auth token set from cookies (Cookie header)
2026-08-12 06:29:00 - GeoTravelGlobalLogger - INFO     - [logger.py:345] - === Testing Flight Search Flow ===
2026-08-12 06:29:00 - GeoTravelGlobalLogger - INFO     - [logger.py:345] - 🔍 _request START - Current self.headers: {'Content-Type': 'application/json', 'Accept': 'application/json', 'X-Client-Type': 'retail', 'Cookie': 'retail_access_token=eyJhbGciOiJIUzI1NiIsInR5cCI6IkpXVCJ9.eyJpZCI6MTUxLCJ1c2VyVHlwZSI6IlJFVEFJTCIsImlhdCI6MTc4NjUxNjE0MCwiZXhwIjoxNzg2NTU5MzQwfQ.4Fk3rmGGEum_oX0hEodnaO7qJy2q_YKecP3gO2PgH60'}
2026-08-12 06:29:00 - GeoTravelGlobalLogger - INFO     - [logger.py:345] - 🔍 _request - kwargs headers: {}
2026-08-12 06:29:00 - GeoTravelGlobalLogger - INFO     - [logger.py:345] - 🔍 _request FINAL headers being sent: {'Content-Type': 'application/json', 'Accept': 'application/json', 'X-Client-Type': 'retail', 'Cookie': 'retail_access_token=eyJhbGciOiJIUzI1NiIsInR5cCI6IkpXVCJ9.eyJpZCI6MTUxLCJ1c2VyVHlwZSI6IlJFVEFJTCIsImlhdCI6MTc4NjUxNjE0MCwiZXhwIjoxNzg2NTU5MzQwfQ.4Fk3rmGGEum_oX0hEodnaO7qJy2q_YKecP3gO2PgH60'}
2026-08-12 06:29:00 - GeoTravelGlobalLogger - INFO     - [logger.py:345] - API Request: POST https://api.stg.gowithgeo.com/api/flight/search-request
2026-08-12 06:29:00 - GeoTravelGlobalLogger - INFO     - [logger.py:345] - API Response: 200
2026-08-12 06:29:00 - GeoTravelGlobalLogger - INFO     - [logger.py:345] - 🔍 _request START - Current self.headers: {'Content-Type': 'application/json', 'Accept': 'application/json', 'X-Client-Type': 'retail', 'Cookie': 'retail_access_token=eyJhbGciOiJIUzI1NiIsInR5cCI6IkpXVCJ9.eyJpZCI6MTUxLCJ1c2VyVHlwZSI6IlJFVEFJTCIsImlhdCI6MTc4NjUxNjE0MCwiZXhwIjoxNzg2NTU5MzQwfQ.4Fk3rmGGEum_oX0hEodnaO7qJy2q_YKecP3gO2PgH60'}
2026-08-12 06:29:00 - GeoTravelGlobalLogger - INFO     - [logger.py:345] - 🔍 _request - kwargs headers: {}
2026-08-12 06:29:00 - GeoTravelGlobalLogger - INFO     - [logger.py:345] - 🔍 _request FINAL headers being sent: {'Content-Type': 'application/json', 'Accept': 'application/json', 'X-Client-Type': 'retail', 'Cookie': 'retail_access_token=eyJhbGciOiJIUzI1NiIsInR5cCI6IkpXVCJ9.eyJpZCI6MTUxLCJ1c2VyVHlwZSI6IlJFVEFJTCIsImlhdCI6MTc4NjUxNjE0MCwiZXhwIjoxNzg2NTU5MzQwfQ.4Fk3rmGGEum_oX0hEodnaO7qJy2q_YKecP3gO2PgH60'}
2026-08-12 06:29:00 - GeoTravelGlobalLogger - INFO     - [logger.py:345] - API Request: GET https://api.stg.gowithgeo.com/api/flight/search?search_id=da06d824-e033-4006-84db-e2890d673faf
2026-08-12 06:29:06 - GeoTravelGlobalLogger - INFO     - [logger.py:345] - API Response: 200
2026-08-12 06:29:06 - GeoTravelGlobalLogger - INFO     - [logger.py:345] - Search Results: 200
2026-08-12 06:29:06 - GeoTravelGlobalLogger - INFO     - [logger.py:345] - ✅ Saved test-specific logs: reports/logs/src_tests_api_tests_test_flight_api.py_TestFlightAPI_test_flight_search_flow_062906.log
2026-08-12 06:29:06 - GeoTravelGlobalLogger - INFO     - [logger.py:345] - Test result added: src/tests/api_tests/test_flight_api.py::TestFlightAPI::test_flight_search_flow - PASS (Duration: 6.30s)
2026-08-12 06:29:06 - GeoTravelGlobalLogger - INFO     - [logger.py:345] - Added test result to API SMOKE TEST: src/tests/api_tests/test_flight_api.py::TestFlightAPI::test_flight_search_flow - PASS
2026-08-12 06:29:06 - GeoTravelGlobalLogger - INFO     - [logger.py:345] - Retrieved credentials from environment for: geo.qa.bot@gmail.com
2026-08-12 06:29:06 - GeoTravelGlobalLogger - INFO     - [logger.py:345] - Attempting login with email: geo.qa.bot@gmail.com
2026-08-12 06:29:06 - GeoTravelGlobalLogger - INFO     - [logger.py:345] - 🔍 _request START - Current self.headers: {'Content-Type': 'application/json', 'Accept': 'application/json', 'X-Client-Type': 'retail'}
2026-08-12 06:29:06 - GeoTravelGlobalLogger - INFO     - [logger.py:345] - 🔍 _request - kwargs headers: {}
2026-08-12 06:29:06 - GeoTravelGlobalLogger - INFO     - [logger.py:345] - 🔍 _request FINAL headers being sent: {'Content-Type': 'application/json', 'Accept': 'application/json', 'X-Client-Type': 'retail'}
2026-08-12 06:29:06 - GeoTravelGlobalLogger - INFO     - [logger.py:345] - API Request: POST https://api.stg.gowithgeo.com/api/auth/login
2026-08-12 06:29:07 - GeoTravelGlobalLogger - INFO     - [logger.py:345] - API Response: 200
2026-08-12 06:29:07 - GeoTravelGlobalLogger - INFO     - [logger.py:345] - Token extracted via cookies (length: 167, valid)
2026-08-12 06:29:07 - GeoTravelGlobalLogger - INFO     - [logger.py:345] - ✅ Auth token set from cookies (Cookie header)
2026-08-12 06:29:07 - GeoTravelGlobalLogger - INFO     - [logger.py:345] - SUCCESS: ✅ Login successful - token set via cookies
2026-08-12 06:29:07 - GeoTravelGlobalLogger - INFO     - [logger.py:345] - SUCCESS: ✅ Authenticated successfully (token length: 167)
2026-08-12 06:29:07 - GeoTravelGlobalLogger - INFO     - [logger.py:345] - ✅ Auth token set from cookies (Cookie header)
2026-08-12 06:29:07 - GeoTravelGlobalLogger - INFO     - [logger.py:345] - ✅ Auth token set from cookies (Cookie header)
2026-08-12 06:29:07 - GeoTravelGlobalLogger - INFO     - [logger.py:345] - === Testing Flight Quote Flow ===
2026-08-12 06:29:07 - GeoTravelGlobalLogger - INFO     - [logger.py:345] - 🔍 _request START - Current self.headers: {'Content-Type': 'application/json', 'Accept': 'application/json', 'X-Client-Type': 'retail', 'Cookie': 'retail_access_token=eyJhbGciOiJIUzI1NiIsInR5cCI6IkpXVCJ9.eyJpZCI6MTUxLCJ1c2VyVHlwZSI6IlJFVEFJTCIsImlhdCI6MTc4NjUxNjE0NywiZXhwIjoxNzg2NTU5MzQ3fQ.iD96v_hjZ0A1r1cCd_BU_Hap3Tmivi50oDC4_Q30LpI'}
2026-08-12 06:29:07 - GeoTravelGlobalLogger - INFO     - [logger.py:345] - 🔍 _request - kwargs headers: {}
2026-08-12 06:29:07 - GeoTravelGlobalLogger - INFO     - [logger.py:345] - 🔍 _request FINAL headers being sent: {'Content-Type': 'application/json', 'Accept': 'application/json', 'X-Client-Type': 'retail', 'Cookie': 'retail_access_token=eyJhbGciOiJIUzI1NiIsInR5cCI6IkpXVCJ9.eyJpZCI6MTUxLCJ1c2VyVHlwZSI6IlJFVEFJTCIsImlhdCI6MTc4NjUxNjE0NywiZXhwIjoxNzg2NTU5MzQ3fQ.iD96v_hjZ0A1r1cCd_BU_Hap3Tmivi50oDC4_Q30LpI'}
2026-08-12 06:29:07 - GeoTravelGlobalLogger - INFO     - [logger.py:345] - API Request: POST https://api.stg.gowithgeo.com/api/flight/quote
2026-08-12 06:29:07 - GeoTravelGlobalLogger - INFO     - [logger.py:345] - API Response: 400
2026-08-12 06:29:07 - GeoTravelGlobalLogger - INFO     - [logger.py:345] - ✅ Saved test-specific logs: reports/logs/src_tests_api_tests_test_flight_api.py_TestFlightAPI_test_flight_quote_flow_062907.log
2026-08-12 06:29:07 - GeoTravelGlobalLogger - INFO     - [logger.py:345] - Test result added: src/tests/api_tests/test_flight_api.py::TestFlightAPI::test_flight_quote_flow - PASS (Duration: 0.06s)
2026-08-12 06:29:07 - GeoTravelGlobalLogger - INFO     - [logger.py:345] - Added test result to API SMOKE TEST: src/tests/api_tests/test_flight_api.py::TestFlightAPI::test_flight_quote_flow - PASS
2026-08-12 06:29:07 - GeoTravelGlobalLogger - INFO     - [logger.py:345] - Retrieved credentials from environment for: geo.qa.bot@gmail.com
2026-08-12 06:29:07 - GeoTravelGlobalLogger - INFO     - [logger.py:345] - Attempting login with email: geo.qa.bot@gmail.com
2026-08-12 06:29:07 - GeoTravelGlobalLogger - INFO     - [logger.py:345] - 🔍 _request START - Current self.headers: {'Content-Type': 'application/json', 'Accept': 'application/json', 'X-Client-Type': 'retail'}
2026-08-12 06:29:07 - GeoTravelGlobalLogger - INFO     - [logger.py:345] - 🔍 _request - kwargs headers: {}
2026-08-12 06:29:07 - GeoTravelGlobalLogger - INFO     - [logger.py:345] - 🔍 _request FINAL headers being sent: {'Content-Type': 'application/json', 'Accept': 'application/json', 'X-Client-Type': 'retail'}
2026-08-12 06:29:07 - GeoTravelGlobalLogger - INFO     - [logger.py:345] - API Request: POST https://api.stg.gowithgeo.com/api/auth/login
2026-08-12 06:29:07 - GeoTravelGlobalLogger - INFO     - [logger.py:345] - API Response: 200
2026-08-12 06:29:07 - GeoTravelGlobalLogger - INFO     - [logger.py:345] - Token extracted via cookies (length: 167, valid)
2026-08-12 06:29:07 - GeoTravelGlobalLogger - INFO     - [logger.py:345] - ✅ Auth token set from cookies (Cookie header)
2026-08-12 06:29:07 - GeoTravelGlobalLogger - INFO     - [logger.py:345] - SUCCESS: ✅ Login successful - token set via cookies
2026-08-12 06:29:07 - GeoTravelGlobalLogger - INFO     - [logger.py:345] - SUCCESS: ✅ Authenticated successfully (token length: 167)
2026-08-12 06:29:07 - GeoTravelGlobalLogger - INFO     - [logger.py:345] - ✅ Auth token set from cookies (Cookie header)
2026-08-12 06:29:07 - GeoTravelGlobalLogger - INFO     - [logger.py:345] - ✅ Auth token set from cookies (Cookie header)
2026-08-12 06:29:07 - GeoTravelGlobalLogger - INFO     - [logger.py:345] - === Testing Passenger Email Validation ===
2026-08-12 06:29:07 - GeoTravelGlobalLogger - INFO     - [logger.py:345] - 🔍 _request START - Current self.headers: {'Content-Type': 'application/json', 'Accept': 'application/json', 'X-Client-Type': 'retail', 'Cookie': 'retail_access_token=eyJhbGciOiJIUzI1NiIsInR5cCI6IkpXVCJ9.eyJpZCI6MTUxLCJ1c2VyVHlwZSI6IlJFVEFJTCIsImlhdCI6MTc4NjUxNjE0NywiZXhwIjoxNzg2NTU5MzQ3fQ.iD96v_hjZ0A1r1cCd_BU_Hap3Tmivi50oDC4_Q30LpI'}
2026-08-12 06:29:07 - GeoTravelGlobalLogger - INFO     - [logger.py:345] - 🔍 _request - kwargs headers: {}
2026-08-12 06:29:07 - GeoTravelGlobalLogger - INFO     - [logger.py:345] - 🔍 _request FINAL headers being sent: {'Content-Type': 'application/json', 'Accept': 'application/json', 'X-Client-Type': 'retail', 'Cookie': 'retail_access_token=eyJhbGciOiJIUzI1NiIsInR5cCI6IkpXVCJ9.eyJpZCI6MTUxLCJ1c2VyVHlwZSI6IlJFVEFJTCIsImlhdCI6MTc4NjUxNjE0NywiZXhwIjoxNzg2NTU5MzQ3fQ.iD96v_hjZ0A1r1cCd_BU_Hap3Tmivi50oDC4_Q30LpI'}
2026-08-12 06:29:07 - GeoTravelGlobalLogger - INFO     - [logger.py:345] - API Request: POST https://api.stg.gowithgeo.com/api/flight/validate-passenger-email
2026-08-12 06:29:07 - GeoTravelGlobalLogger - INFO     - [logger.py:345] - API Response: 200
2026-08-12 06:29:07 - GeoTravelGlobalLogger - INFO     - [logger.py:345] - Email Validation: 200
2026-08-12 06:29:07 - GeoTravelGlobalLogger - INFO     - [logger.py:345] - ✅ Saved test-specific logs: reports/logs/src_tests_api_tests_test_flight_api.py_TestFlightAPI_test_passenger_email_validation_062907.log
2026-08-12 06:29:07 - GeoTravelGlobalLogger - INFO     - [logger.py:345] - Test result added: src/tests/api_tests/test_flight_api.py::TestFlightAPI::test_passenger_email_validation - PASS (Duration: 0.15s)
2026-08-12 06:29:07 - GeoTravelGlobalLogger - INFO     - [logger.py:345] - Added test result to API SMOKE TEST: src/tests/api_tests/test_flight_api.py::TestFlightAPI::test_passenger_email_validation - PASS
2026-08-12 06:29:07 - GeoTravelGlobalLogger - INFO     - [logger.py:345] - Retrieved credentials from environment for: geo.qa.bot@gmail.com
2026-08-12 06:29:07 - GeoTravelGlobalLogger - INFO     - [logger.py:345] - Attempting login with email: geo.qa.bot@gmail.com
2026-08-12 06:29:07 - GeoTravelGlobalLogger - INFO     - [logger.py:345] - 🔍 _request START - Current self.headers: {'Content-Type': 'application/json', 'Accept': 'application/json', 'X-Client-Type': 'retail'}
2026-08-12 06:29:07 - GeoTravelGlobalLogger - INFO     - [logger.py:345] - 🔍 _request - kwargs headers: {}
2026-08-12 06:29:07 - GeoTravelGlobalLogger - INFO     - [logger.py:345] - 🔍 _request FINAL headers being sent: {'Content-Type': 'application/json', 'Accept': 'application/json', 'X-Client-Type': 'retail'}
2026-08-12 06:29:07 - GeoTravelGlobalLogger - INFO     - [logger.py:345] - API Request: POST https://api.stg.gowithgeo.com/api/auth/login
2026-08-12 06:29:07 - GeoTravelGlobalLogger - INFO     - [logger.py:345] - API Response: 200
2026-08-12 06:29:07 - GeoTravelGlobalLogger - INFO     - [logger.py:345] - Token extracted via cookies (length: 167, valid)
2026-08-12 06:29:07 - GeoTravelGlobalLogger - INFO     - [logger.py:345] - ✅ Auth token set from cookies (Cookie header)
2026-08-12 06:29:07 - GeoTravelGlobalLogger - INFO     - [logger.py:345] - SUCCESS: ✅ Login successful - token set via cookies
2026-08-12 06:29:07 - GeoTravelGlobalLogger - INFO     - [logger.py:345] - SUCCESS: ✅ Authenticated successfully (token length: 167)
2026-08-12 06:29:07 - GeoTravelGlobalLogger - INFO     - [logger.py:345] - ✅ Auth token set from cookies (Cookie header)
2026-08-12 06:29:07 - GeoTravelGlobalLogger - INFO     - [logger.py:345] - ✅ Auth token set from cookies (Cookie header)
2026-08-12 06:29:07 - GeoTravelGlobalLogger - INFO     - [logger.py:345] - === Testing Different Cabin Classes ===
2026-08-12 06:29:07 - GeoTravelGlobalLogger - INFO     - [logger.py:345] - 🔍 _request START - Current self.headers: {'Content-Type': 'application/json', 'Accept': 'application/json', 'X-Client-Type': 'retail', 'Cookie': 'retail_access_token=eyJhbGciOiJIUzI1NiIsInR5cCI6IkpXVCJ9.eyJpZCI6MTUxLCJ1c2VyVHlwZSI6IlJFVEFJTCIsImlhdCI6MTc4NjUxNjE0NywiZXhwIjoxNzg2NTU5MzQ3fQ.iD96v_hjZ0A1r1cCd_BU_Hap3Tmivi50oDC4_Q30LpI'}
2026-08-12 06:29:07 - GeoTravelGlobalLogger - INFO     - [logger.py:345] - 🔍 _request - kwargs headers: {}
2026-08-12 06:29:07 - GeoTravelGlobalLogger - INFO     - [logger.py:345] - 🔍 _request FINAL headers being sent: {'Content-Type': 'application/json', 'Accept': 'application/json', 'X-Client-Type': 'retail', 'Cookie': 'retail_access_token=eyJhbGciOiJIUzI1NiIsInR5cCI6IkpXVCJ9.eyJpZCI6MTUxLCJ1c2VyVHlwZSI6IlJFVEFJTCIsImlhdCI6MTc4NjUxNjE0NywiZXhwIjoxNzg2NTU5MzQ3fQ.iD96v_hjZ0A1r1cCd_BU_Hap3Tmivi50oDC4_Q30LpI'}
2026-08-12 06:29:07 - GeoTravelGlobalLogger - INFO     - [logger.py:345] - API Request: POST https://api.stg.gowithgeo.com/api/flight/search-request
2026-08-12 06:29:08 - GeoTravelGlobalLogger - INFO     - [logger.py:345] - API Response: 200
2026-08-12 06:29:08 - GeoTravelGlobalLogger - INFO     - [logger.py:345] - Cabin ECONOMY search successful
2026-08-12 06:29:08 - GeoTravelGlobalLogger - INFO     - [logger.py:345] - 🔍 _request START - Current self.headers: {'Content-Type': 'application/json', 'Accept': 'application/json', 'X-Client-Type': 'retail', 'Cookie': 'retail_access_token=eyJhbGciOiJIUzI1NiIsInR5cCI6IkpXVCJ9.eyJpZCI6MTUxLCJ1c2VyVHlwZSI6IlJFVEFJTCIsImlhdCI6MTc4NjUxNjE0NywiZXhwIjoxNzg2NTU5MzQ3fQ.iD96v_hjZ0A1r1cCd_BU_Hap3Tmivi50oDC4_Q30LpI'}
2026-08-12 06:29:08 - GeoTravelGlobalLogger - INFO     - [logger.py:345] - 🔍 _request - kwargs headers: {}
2026-08-12 06:29:08 - GeoTravelGlobalLogger - INFO     - [logger.py:345] - 🔍 _request FINAL headers being sent: {'Content-Type': 'application/json', 'Accept': 'application/json', 'X-Client-Type': 'retail', 'Cookie': 'retail_access_token=eyJhbGciOiJIUzI1NiIsInR5cCI6IkpXVCJ9.eyJpZCI6MTUxLCJ1c2VyVHlwZSI6IlJFVEFJTCIsImlhdCI6MTc4NjUxNjE0NywiZXhwIjoxNzg2NTU5MzQ3fQ.iD96v_hjZ0A1r1cCd_BU_Hap3Tmivi50oDC4_Q30LpI'}
2026-08-12 06:29:08 - GeoTravelGlobalLogger - INFO     - [logger.py:345] - API Request: POST https://api.stg.gowithgeo.com/api/flight/search-request
2026-08-12 06:29:08 - GeoTravelGlobalLogger - INFO     - [logger.py:345] - API Response: 200
2026-08-12 06:29:08 - GeoTravelGlobalLogger - INFO     - [logger.py:345] - Cabin BUSINESS search successful
2026-08-12 06:29:08 - GeoTravelGlobalLogger - INFO     - [logger.py:345] - 🔍 _request START - Current self.headers: {'Content-Type': 'application/json', 'Accept': 'application/json', 'X-Client-Type': 'retail', 'Cookie': 'retail_access_token=eyJhbGciOiJIUzI1NiIsInR5cCI6IkpXVCJ9.eyJpZCI6MTUxLCJ1c2VyVHlwZSI6IlJFVEFJTCIsImlhdCI6MTc4NjUxNjE0NywiZXhwIjoxNzg2NTU5MzQ3fQ.iD96v_hjZ0A1r1cCd_BU_Hap3Tmivi50oDC4_Q30LpI'}
2026-08-12 06:29:08 - GeoTravelGlobalLogger - INFO     - [logger.py:345] - 🔍 _request - kwargs headers: {}
2026-08-12 06:29:08 - GeoTravelGlobalLogger - INFO     - [logger.py:345] - 🔍 _request FINAL headers being sent: {'Content-Type': 'application/json', 'Accept': 'application/json', 'X-Client-Type': 'retail', 'Cookie': 'retail_access_token=eyJhbGciOiJIUzI1NiIsInR5cCI6IkpXVCJ9.eyJpZCI6MTUxLCJ1c2VyVHlwZSI6IlJFVEFJTCIsImlhdCI6MTc4NjUxNjE0NywiZXhwIjoxNzg2NTU5MzQ3fQ.iD96v_hjZ0A1r1cCd_BU_Hap3Tmivi50oDC4_Q30LpI'}
2026-08-12 06:29:08 - GeoTravelGlobalLogger - INFO     - [logger.py:345] - API Request: POST https://api.stg.gowithgeo.com/api/flight/search-request
2026-08-12 06:29:08 - GeoTravelGlobalLogger - INFO     - [logger.py:345] - API Response: 200
2026-08-12 06:29:08 - GeoTravelGlobalLogger - INFO     - [logger.py:345] - Cabin FIRST search successful
2026-08-12 06:29:08 - GeoTravelGlobalLogger - INFO     - [logger.py:345] - ✅ Saved test-specific logs: reports/logs/src_tests_api_tests_test_flight_api.py_TestFlightAPI_test_different_cabins_062908.log
2026-08-12 06:29:08 - GeoTravelGlobalLogger - INFO     - [logger.py:345] - Test result added: src/tests/api_tests/test_flight_api.py::TestFlightAPI::test_different_cabins - PASS (Duration: 0.63s)
2026-08-12 06:29:08 - GeoTravelGlobalLogger - INFO     - [logger.py:345] - Added test result to API SMOKE TEST: src/tests/api_tests/test_flight_api.py::TestFlightAPI::test_different_cabins - PASS
2026-08-12 06:29:08 - GeoTravelGlobalLogger - INFO     - [logger.py:345] - Retrieved credentials from environment for: geo.qa.bot@gmail.com
2026-08-12 06:29:08 - GeoTravelGlobalLogger - INFO     - [logger.py:345] - Attempting login with email: geo.qa.bot@gmail.com
2026-08-12 06:29:08 - GeoTravelGlobalLogger - INFO     - [logger.py:345] - 🔍 _request START - Current self.headers: {'Content-Type': 'application/json', 'Accept': 'application/json', 'X-Client-Type': 'retail'}
2026-08-12 06:29:08 - GeoTravelGlobalLogger - INFO     - [logger.py:345] - 🔍 _request - kwargs headers: {}
2026-08-12 06:29:08 - GeoTravelGlobalLogger - INFO     - [logger.py:345] - 🔍 _request FINAL headers being sent: {'Content-Type': 'application/json', 'Accept': 'application/json', 'X-Client-Type': 'retail'}
2026-08-12 06:29:08 - GeoTravelGlobalLogger - INFO     - [logger.py:345] - API Request: POST https://api.stg.gowithgeo.com/api/auth/login
2026-08-12 06:29:08 - GeoTravelGlobalLogger - INFO     - [logger.py:345] - API Response: 200
2026-08-12 06:29:08 - GeoTravelGlobalLogger - INFO     - [logger.py:345] - Token extracted via cookies (length: 167, valid)
2026-08-12 06:29:08 - GeoTravelGlobalLogger - INFO     - [logger.py:345] - ✅ Auth token set from cookies (Cookie header)
2026-08-12 06:29:08 - GeoTravelGlobalLogger - INFO     - [logger.py:345] - SUCCESS: ✅ Login successful - token set via cookies
2026-08-12 06:29:08 - GeoTravelGlobalLogger - INFO     - [logger.py:345] - SUCCESS: ✅ Authenticated successfully (token length: 167)
2026-08-12 06:29:08 - GeoTravelGlobalLogger - INFO     - [logger.py:345] - ✅ Auth token set from cookies (Cookie header)
2026-08-12 06:29:08 - GeoTravelGlobalLogger - INFO     - [logger.py:345] - ✅ Auth token set from cookies (Cookie header)
2026-08-12 06:29:08 - GeoTravelGlobalLogger - INFO     - [logger.py:345] - === Testing Get Booked Flights ===
2026-08-12 06:29:08 - GeoTravelGlobalLogger - INFO     - [logger.py:345] - 🔍 _request START - Current self.headers: {'Content-Type': 'application/json', 'Accept': 'application/json', 'X-Client-Type': 'retail', 'Cookie': 'retail_access_token=eyJhbGciOiJIUzI1NiIsInR5cCI6IkpXVCJ9.eyJpZCI6MTUxLCJ1c2VyVHlwZSI6IlJFVEFJTCIsImlhdCI6MTc4NjUxNjE0OCwiZXhwIjoxNzg2NTU5MzQ4fQ.IOrXz58SGO5-uLWAUQvm7C3axAifVaT6wONPbpm0vVw'}
2026-08-12 06:29:08 - GeoTravelGlobalLogger - INFO     - [logger.py:345] - 🔍 _request - kwargs headers: {}
2026-08-12 06:29:08 - GeoTravelGlobalLogger - INFO     - [logger.py:345] - 🔍 _request FINAL headers being sent: {'Content-Type': 'application/json', 'Accept': 'application/json', 'X-Client-Type': 'retail', 'Cookie': 'retail_access_token=eyJhbGciOiJIUzI1NiIsInR5cCI6IkpXVCJ9.eyJpZCI6MTUxLCJ1c2VyVHlwZSI6IlJFVEFJTCIsImlhdCI6MTc4NjUxNjE0OCwiZXhwIjoxNzg2NTU5MzQ4fQ.IOrXz58SGO5-uLWAUQvm7C3axAifVaT6wONPbpm0vVw'}
2026-08-12 06:29:08 - GeoTravelGlobalLogger - INFO     - [logger.py:345] - API Request: GET https://api.stg.gowithgeo.com/api/flight/user/booked-flights?limit=10&page=1&category=Upcoming
2026-08-12 06:29:09 - GeoTravelGlobalLogger - INFO     - [logger.py:345] - API Response: 200
2026-08-12 06:29:09 - GeoTravelGlobalLogger - INFO     - [logger.py:345] - Booked Flights Response: 200 - {"status":"success","message":"Flights retrieved successful","data":{"flights":[{"id":552,"flightId":"eJzTd9e3dLN0MvUFAApGAiI","amount":1162255,"priceCharge":1162255,"source":"GDS","flightTag":"flights:return:1:0:0:ECONOMY:LOS:LHR:2026-08-12:2026-08-26","sourceType":"AMADEUS","instantTicketingRequired":false,"flighttype":"return","nonHomogeneous":false,"refundable":false,"numberOfBookableSeats":4,"totalStops":2,"totalDuration":"34h 45m","pricing":{"total":1162255,"baseFare":185912,"currency":"NGN","includedCheckedBagsOnly":true},"travelerPricings":[{"cabin":"ECONOMY","class":"R","total":1162255,"baseFare":185912,"currency":"NGN","fareBasis":"RA0EE1IA","fareOption":"STANDARD","travelerType":"ADULT","includedCabinBags":1,"includedCheckedBags":"30KG","includedCheckedBagsQuantity":1}],"routes":[{"segments":[{"stops":1,"layover":true,"duration":"4h 25m","arrivalCity":"Casablanca","arrivalCode":"CMN","arrivalDate":"2026-08-12","arrivalName":"Mohammed V International","arrivalTime":"11:30 AM","carrierCode":"AT","carrierLogo":"https://image.tiqwa.com/airlines/AT.png","carrierName":"Royal Air Maroc","layoverCity":"Casablanca","layoverCode":"CMN","layoverName":"Mohammed V International","aircraftCode":"7M8","flightNumber":"554","departureCity":"Lagos","departureCode":"LOS","departureDate":"2026-08-12","departureName":"Murtala Muhammed International","departureTime":"07:05 AM","arrivalCountry":"Morocco","layoverCountry":"Morocco","arrivalTerminal":"2","blacklistedInEU":false,"layoverDuration":"3h 5m","departureCountry":"Nigeria","departureTerminal":"2I"},{"stops":0,"duration":"3h 10m","arrivalCity":"London","arrivalCode":"LHR","arrivalDate":"2026-08-12","arrivalName":"Heathrow","arrivalTime":"05:45 PM","carrierCode":"AT","carrierLogo":"https://image.tiqwa.com/airlines/AT.png","carrierName":"Royal Air Maroc","aircraftCode":"7M8","flightNumber":"806","departureCity":"Casablanca","departureCode":"CMN","departureDate":"2026-08-12","departureName":"Mohammed V International","departureTime":"02:35 PM","arrivalCountry":"United Kingdom","arrivalTerminal":"4","blacklistedInEU":false,"departureCountry":"Morocco","departureTerminal":"1"}],"totalDuration":"10h 40m","totalSegmentStops":1},{"segments":[{"stops":1,"layover":true,"duration":"3h 20m","arrivalCity":"Casablanca","arrivalCode":"CMN","arrivalDate":"2026-08-26","arrivalName":"Mohammed V International","arrivalTime":"09:30 PM","carrierCode":"AT","carrierLogo":"https://image.tiqwa.com/airlines/AT.png","carrierName":"Royal Air Maroc","layoverCity":"Casablanca","layoverCode":"CMN","layoverName":"Mohammed V International","aircraftCode":"7M8","flightNumber":"801","departureCity":"London","departureCode":"LHR","departureDate":"2026-08-26","departureName":"Heathrow","departureTime":"06:10 PM","arrivalCountry":"Morocco","layoverCountry":"Morocco","arrivalTerminal":"2","blacklistedInEU":false,"layoverDuration":"16h 5m","departureCountry":"United Kingdom","departureTerminal":"4"},{"stops":0,"duration":"4h 40m","arrivalCity":"Lagos","arrivalCode":"LOS","arrivalDate":"2026-08-27","arrivalName":"Murtala Muhammed International","arrivalTime":"06:15 PM","carrierCode":"AT","carrierLogo":"https://image.tiqwa.com/airlines/AT.png","carrierName":"Royal Air Maroc","aircraftCode":"73H","flightNumber":"557","departureCity":"Casablanca","departureCode":"CMN","departureDate":"2026-08-27","departureName":"Mohammed V International","departureTime":"01:35 PM","arrivalCountry":"Nigeria","arrivalTerminal":"2I","blacklistedInEU":false,"departureCountry":"Morocco","departureTerminal":"1"}],"totalDuration":"24h 5m","totalSegmentStops":1}],"flightDeal":null,"geoPricing":{"airline":"AT","payable":1162255},"fareRules":null,"addons":[],"affiliateBooking":false,"passengers":[{"dob":"2005-01-10","email":"adeniyijohn2002@gmail.com","title":"Mrs","gender":"Female","holder":true,"number":"BULL123","lastName":"Clarke","firstName":"Bull","phoneCode":"+234","expiryDate":"2026-09-04","issuingDate":"2021-08-17","phoneNumber":"+23407080702920","documentType":"passport","issuingCountry":"NG","nationalityCountry":"NG"}],"associatedRecords":[{"reference":"9F9B5M","creationDate":"2026-08-11T14:47:00.000","flightOfferId":"4","originSystemCode":"GDS"},{"reference":"9F9B5M","creationDate":"2026-08-11T14:47:00.000","flightOfferId":"4","originSystemCode":"AT"}],"officeID":null,"ticketingAgreementOption":"CONFIRM","ticketingAgreementDelay":null,"automatedProcess":null,"remarks":{"general":[{"text":"ONLINE BOOKING FROM GEOTRAVELS & TOURS","subType":"GENERAL_MISCELLANEOUS"}]},"tickets":null,"commissions":null,"ticketed":false,"cancelled":false,"pnr":"9F9B5M","documentRequired":true,"bookingCode":"GF-MSORYPX1PNR1OP1A","expiresAt":"2026-08-12T00:00:00.000Z","priceChange":false,"deal":null,"geomarkup":null,"geomargin":null,"voucher":null,"invoice_id":4554,"created":"2026-08-11T14:47:53.000Z","paymentStatus":"PAID","deletesAt":false,"isActive":true,"trials":null,"notifyAt":null,"flightStatus":"BOOKED","initials":null,"flightPDF":"https://res.cloudinary.com/dscn7bqto/raw/upload/v1786459676/flight-GF-MSORYPX1PNR1OP1A.pdf","user_id":151,"final_arrival_date":"2026-08-27T00:00:00.000Z","paymentDeadlineAt":"2026-08-11T14:52:56.944Z","notificationCount":0,"lastNotifiedAt":null,"tag":"retail","createdAt":"2026-08-11T14:47:57.107Z","updatedAt":"2026-08-11T14:48:10.743Z","user":{"id":151,"profile":null,"userType":"RETAIL","email":"geo.qa.bot@gmail.com","first_name":"QA Bot","last_name":"GEO","username":null,"phone_number":null,"suspended":false,"banned":false,"invited":false,"last_login":"12-08-2026 06:29 AM","department":null,"verified":true,"active":true,"online":true,"deleted":false,"status":"active","createdAt":"2026-01-08T14:40:01.565Z","updatedAt":"2026-08-12T06:29:00.256Z"},"invoice":{"id":4554,"partPayment":false,"status":"PAID","amount":1162255,"payer_name":"Bull Clarke","payment_gateway":"flutterwave","payer_email":"adeniyijohn2002@gmail.com","payer_phone":"+23407080702920","invoiceFor":"FLIGHT","invoiceCode":"MSORYPUFLGGKIQVU","ref":"9cc454c2-de6a-49ef-8cc0-744fbd849cb1","created":"Tue Aug 11 2026 14:47:53 GMT+0000","expiry":"Wed Aug 12 2026 14:47:53 GMT+0000","_id":null,"voucher":null,"createdAt":"2026-08-11T14:47:53.178Z","updatedAt":"2026-08-11T14:48:10.914Z"}},{"id":551,"flightId":"eJzTd9e3MA6wsIgAAAowAik","amount":4333422,"priceCharge":4340922,"source":"GDS","flightTag":"flights:return:2:2:0:ECONOMY:LOS:LHR:2026-08-10:2026-08-17","sourceType":"AMADEUS","instantTicketingRequired":false,"flighttype":"return","nonHomogeneous":false,"refundable":false,"numberOfBookableSeats":8,"totalStops":2,"totalDuration":"21h 40m","pricing":{"total":4333422,"baseFare":805560,"currency":"NGN","includedCheckedBagsOnly":false},"travelerPricings":[{"cabin":"ECONOMY","class":"R","total":1197150,"baseFare":220570,"currency":"NGN","fareBasis":"RA0EE1IA","fareOption":"STANDARD","travelerType":"ADULT","includedCabinBags":1,"includedCheckedBags":"30KG","includedCheckedBagsQuantity":1},{"cabin":"ECONOMY","class":"R","total":1197150,"baseFare":220570,"currency":"NGN","fareBasis":"RA0EE1IA","fareOption":"STANDARD","travelerType":"ADULT","includedCabinBags":1,"includedCheckedBags":"30KG","includedCheckedBagsQuantity":1},{"cabin":"ECONOMY","class":"R","total":969561,"baseFare":182210,"currency":"NGN","fareBasis":"RA0EE1IACH","fareOption":"STANDARD","travelerType":"CHILD","includedCabinBags":0,"includedCheckedBags":"30KG","includedCheckedBagsQuantity":0},{"cabin":"ECONOMY","class":"R","total":969561,"baseFare":182210,"currency":"NGN","fareBasis":"RA0EE1IACH","fareOption":"STANDARD","travelerType":"CHILD","includedCabinBags":0,"includedCheckedBags":"30KG","includedCheckedBagsQuantity":0}],"routes":[{"segments":[{"stops":1,"layover":true,"duration":"4h 35m","arrivalCity":"Casablanca","arrivalCode":"CMN","arrivalDate":"2026-08-10","arrivalName":"Mohammed V International","arrivalTime":"11:25 AM","carrierCode":"AT","carrierLogo":"https://image.tiqwa.com/airlines/AT.png","carrierName":"Royal Air Maroc","layoverCity":"Casablanca","layoverCode":"CMN","layoverName":"Mohammed V International","aircraftCode":"73H","flightNumber":"554","departureCity":"Lagos","departureCode":"LOS","departureDate":"2026-08-10","departureName":"Murtala Muhammed International","departureTime":"06:50 AM","arrivalCountry":"Morocco","layoverCountry":"Morocco","arrivalTerminal":"2","blacklistedInEU":false,"layoverDuration":"2h 15m","departureCountry":"Nigeria","departureTerminal":"2I"},{"stops":0,"duration":"3h 10m","arrivalCity":"London","arrivalCode":"LHR","arrivalDate":"2026-08-10","arrivalName":"Heathrow","arrivalTime":"04:50 PM","carrierCode":"AT","carrierLogo":"https://image.tiqwa.com/airlines/AT.png","carrierName":"Royal Air Maroc","aircraftCode":"7M8","flightNumber":"800","departureCity":"Casablanca","departureCode":"CMN","departureDate":"2026-08-10","departureName":"Mohammed V International","departureTime":"01:40 PM","arrivalCountry":"United Kingdom","arrivalTerminal":"4","blacklistedInEU":false,"departureCountry":"Morocco","departureTerminal":"1"}],"totalDuration":"10h 0m","totalSegmentStops":1},{"segments":[{"stops":1,"layover":true,"duration":"3h 20m","arrivalCity":"Casablanca","arrivalCode":"CMN","arrivalDate":"2026-08-17","arrivalName":"Mohammed V International","arrivalTime":"09:30 PM","carrierCode":"AT","carrierLogo":"https://image.tiqwa.com/airlines/AT.png","carrierName":"Royal Air Maroc","layoverCity":"Casablanca","layoverCode":"CMN","layoverName":"Mohammed V International","aircraftCode":"7M8","flightNumber":"801","departureCity":"London","departureCode":"LHR","departureDate":"2026-08-17","departureName":"Heathrow","departureTime":"06:10 PM","arrivalCountry":"Morocco","layoverCountry":"Morocco","arrivalTerminal":"2","blacklistedInEU":false,"layoverDuration":"3h 40m","departureCountry":"United Kingdom","departureTerminal":"4"},{"stops":0,"duration":"4h 40m","arrivalCity":"Lagos","arrivalCode":"LOS","arrivalDate":"2026-08-18","arrivalName":"Murtala Muhammed International","arrivalTime":"05:50 AM","carrierCode":"AT","carrierLogo":"https://image.tiqwa.com/airlines/AT.png","carrierName":"Royal Air Maroc","aircraftCode":"73H","flightNumber":"555","departureCity":"Casablanca","departureCode":"CMN","departureDate":"2026-08-18","departureName":"Mohammed V International","departureTime":"01:10 AM","arrivalCountry":"Nigeria","arrivalTerminal":"2I","blacklistedInEU":false,"departureCountry":"Morocco","departureTerminal":"1"}],"totalDuration":"11h 40m","totalSegmentStops":1}],"flightDeal":null,"geoPricing":{"airline":"AT","payable":4333422},"fareRules":null,"addons":[{"id":29,"name":"Dinner Meal","price":6500,"description":"Enjoy your meal!"},{"id":36,"name":"Travel Insurance","price":1000,"description":"Confortable insurance coverage"}],"affiliateBooking":false,"passengers":[{"dob":"1999-06-03","email":"adeniyijohn2002@gmail.com","title":"Mr","gender":"Male","holder":true,"number":"PASS123","lastName":"Adeniyi","firstName":"John","phoneCode":"+234","expiryDate":"2029-08-23","issuingDate":"2024-08-13","phoneNumber":"+2347080702920","documentType":"passport","issuingCountry":"NG","nationalityCountry":"NG"},{"dob":"1978-01-09","email":"adeniyijohn2002@gmail.com","title":"Mr","gender":"Male","holder":true,"number":"PASS123","lastName":"Kelechi","firstName":"Nnamdi","phoneCode":"+234","expiryDate":"2027-09-25","issuingDate":"2024-08-20","phoneNumber":"+234","documentType":"passport","issuingCountry":"NG","nationalityCountry":"NG"},{"dob":"2020-01-07","email":"adeniyijohn2002@gmail.com","title":"Mr","gender":"Male","holder":true,"number":"PASS123","lastName":"Ade","firstName":"James","phoneCode":"+234","expiryDate":"2029-08-21","issuingDate":"2022-08-16","phoneNumber":"+234","documentType":"passport","issuingCountry":"NG","nationalityCountry":"NG"},{"dob":"2020-01-21","email":"adeniyijohn2002@gmail.com","title":"Mr","gender":"Male","holder":true,"number":"PASS123","lastName":"Ade","firstName":"Joseph","phoneCode":"+234","expiryDate":"2029-08-24","issuingDate":"2024-08-20","phoneNumber":"+234","documentType":"passport","issuingCountry":"NG","nationalityCountry":"NG"}],"associatedRecords":[{"reference":"83P88X","creationDate":"2026-08-03T13:31:00.000","flightOfferId":"1","originSystemCode":"GDS"},{"reference":"83P88X","creationDate":"2026-08-03T13:31:00.000","flightOfferId":"1","originSystemCode":"AT"}],"officeID":null,"ticketingAgreementOption":"DELAY_TO_CANCEL","ticketingAgreementDelay":"6D","automatedProcess":null,"remarks":{"general":[{"text":"ONLINE BOOKING FROM GEOTRAVELS & TOURS","subType":"GENERAL_MISCELLANEOUS"}]},"tickets":null,"commissions":null,"ticketed":false,"cancelled":false,"pnr":"83P88X","documentRequired":true,"bookingCode":"GF-MSD9PHW8SWXWSWXQ","expiresAt":"2026-08-10T00:00:00.000Z","priceChange":false,"deal":null,"geomarkup":null,"geomargin":null,"voucher":null,"invoice_id":4387,"created":"2026-08-03T13:31:21.000Z","paymentStatus":"PAID","deletesAt":false,"isActive":true,"trials":null,"notifyAt":null,"flightStatus":"BOOKED","initials":null,"flightPDF":"https://res.cloudinary.com/dscn7bqto/raw/upload/v1785763884/flight-GF-MSD9PHW8SWXWSWXQ.pdf","user_id":151,"final_arrival_date":"2026-08-18T00:00:00.000Z","paymentDeadlineAt":"2026-08-05T13:31:25.043Z","notificationCount":0,"lastNotifiedAt":null,"tag":"retail","createdAt":"2026-08-03T13:31:25.237Z","updatedAt":"2026-08-03T13:31:43.742Z","user":{"id":151,"profile":null,"userType":"RETAIL","email":"geo.qa.bot@gmail.com","first_name":"QA Bot","last_name":"GEO","username":null,"phone_number":null,"suspended":false,"banned":false,"invited":false,"last_login":"12-08-2026 06:29 AM","department":null,"verified":true,"active":true,"online":true,"deleted":false,"status":"active","createdAt":"2026-01-08T14:40:01.565Z","updatedAt":"2026-08-12T06:29:00.256Z"},"invoice":{"id":4387,"partPayment":false,"status":"PAID","amount":4340922,"payer_name":"John Adeniyi","payment_gateway":"flutterwave","payer_email":"adeniyijohn2002@gmail.com","payer_phone":"+2347080702920","invoiceFor":"FLIGHT","invoiceCode":"MSD9PHTCRGG7ICNG","ref":"9b8276b7-26fb-4471-ac91-97330cbc0777","created":"Mon Aug 03 2026 13:31:21 GMT+0000","expiry":"Tue Aug 04 2026 13:31:21 GMT+0000","_id":null,"voucher":null,"createdAt":"2026-08-03T13:31:21.846Z","updatedAt":"2026-08-03T13:31:43.926Z"}}],"pagination":{"currentPage":1,"totalItems":2,"totalPages":1,"itemsPerPage":10}}}
2026-08-12 06:29:09 - GeoTravelGlobalLogger - INFO     - [logger.py:345] - Booked flights retrieved successfully
2026-08-12 06:29:09 - GeoTravelGlobalLogger - INFO     - [logger.py:345] - ✅ Saved test-specific logs: reports/logs/src_tests_api_tests_test_flight_api.py_TestFlightAPI_test_get_booked_flights_062909.log
2026-08-12 06:29:09 - GeoTravelGlobalLogger - INFO     - [logger.py:345] - Test result added: src/tests/api_tests/test_flight_api.py::TestFlightAPI::test_get_booked_flights - PASS (Duration: 0.32s)
2026-08-12 06:29:09 - GeoTravelGlobalLogger - INFO     - [logger.py:345] - Added test result to API SMOKE TEST: src/tests/api_tests/test_flight_api.py::TestFlightAPI::test_get_booked_flights - PASS
2026-08-12 06:29:09 - GeoTravelGlobalLogger - INFO     - [logger.py:345] - Retrieved credentials from environment for: geo.qa.bot@gmail.com
2026-08-12 06:29:09 - GeoTravelGlobalLogger - INFO     - [logger.py:345] - Attempting login with email: geo.qa.bot@gmail.com
2026-08-12 06:29:09 - GeoTravelGlobalLogger - INFO     - [logger.py:345] - 🔍 _request START - Current self.headers: {'Content-Type': 'application/json', 'Accept': 'application/json', 'X-Client-Type': 'retail'}
2026-08-12 06:29:09 - GeoTravelGlobalLogger - INFO     - [logger.py:345] - 🔍 _request - kwargs headers: {}
2026-08-12 06:29:09 - GeoTravelGlobalLogger - INFO     - [logger.py:345] - 🔍 _request FINAL headers being sent: {'Content-Type': 'application/json', 'Accept': 'application/json', 'X-Client-Type': 'retail'}
2026-08-12 06:29:09 - GeoTravelGlobalLogger - INFO     - [logger.py:345] - API Request: POST https://api.stg.gowithgeo.com/api/auth/login
2026-08-12 06:29:09 - GeoTravelGlobalLogger - INFO     - [logger.py:345] - API Response: 200
2026-08-12 06:29:09 - GeoTravelGlobalLogger - INFO     - [logger.py:345] - Token extracted via cookies (length: 167, valid)
2026-08-12 06:29:09 - GeoTravelGlobalLogger - INFO     - [logger.py:345] - ✅ Auth token set from cookies (Cookie header)
2026-08-12 06:29:09 - GeoTravelGlobalLogger - INFO     - [logger.py:345] - SUCCESS: ✅ Login successful - token set via cookies
2026-08-12 06:29:09 - GeoTravelGlobalLogger - INFO     - [logger.py:345] - SUCCESS: ✅ Authenticated successfully (token length: 167)
2026-08-12 06:29:09 - GeoTravelGlobalLogger - INFO     - [logger.py:345] - ✅ Auth token set from cookies (Cookie header)
2026-08-12 06:29:09 - GeoTravelGlobalLogger - INFO     - [logger.py:345] - ✅ Auth token set from cookies (Cookie header)
2026-08-12 06:29:09 - GeoTravelGlobalLogger - INFO     - [logger.py:345] - === Testing Return Flight Search ===
2026-08-12 06:29:09 - GeoTravelGlobalLogger - INFO     - [logger.py:345] - 🔍 _request START - Current self.headers: {'Content-Type': 'application/json', 'Accept': 'application/json', 'X-Client-Type': 'retail', 'Cookie': 'retail_access_token=eyJhbGciOiJIUzI1NiIsInR5cCI6IkpXVCJ9.eyJpZCI6MTUxLCJ1c2VyVHlwZSI6IlJFVEFJTCIsImlhdCI6MTc4NjUxNjE0OSwiZXhwIjoxNzg2NTU5MzQ5fQ.21RE89iXoGj1ZFw8DSrKHpA15mvOM0w3PZbmHdb1Fxw'}
2026-08-12 06:29:09 - GeoTravelGlobalLogger - INFO     - [logger.py:345] - 🔍 _request - kwargs headers: {}
2026-08-12 06:29:09 - GeoTravelGlobalLogger - INFO     - [logger.py:345] - 🔍 _request FINAL headers being sent: {'Content-Type': 'application/json', 'Accept': 'application/json', 'X-Client-Type': 'retail', 'Cookie': 'retail_access_token=eyJhbGciOiJIUzI1NiIsInR5cCI6IkpXVCJ9.eyJpZCI6MTUxLCJ1c2VyVHlwZSI6IlJFVEFJTCIsImlhdCI6MTc4NjUxNjE0OSwiZXhwIjoxNzg2NTU5MzQ5fQ.21RE89iXoGj1ZFw8DSrKHpA15mvOM0w3PZbmHdb1Fxw'}
2026-08-12 06:29:09 - GeoTravelGlobalLogger - INFO     - [logger.py:345] - API Request: POST https://api.stg.gowithgeo.com/api/flight/search-request
2026-08-12 06:29:09 - GeoTravelGlobalLogger - INFO     - [logger.py:345] - API Response: 200
2026-08-12 06:29:09 - GeoTravelGlobalLogger - INFO     - [logger.py:345] - ✅ Saved test-specific logs: reports/logs/src_tests_api_tests_test_flight_api.py_TestFlightAPI_test_return_flight_search_062909.log
2026-08-12 06:29:09 - GeoTravelGlobalLogger - INFO     - [logger.py:345] - Test result added: src/tests/api_tests/test_flight_api.py::TestFlightAPI::test_return_flight_search - PASS (Duration: 0.24s)
2026-08-12 06:29:09 - GeoTravelGlobalLogger - INFO     - [logger.py:345] - Added test result to API SMOKE TEST: src/tests/api_tests/test_flight_api.py::TestFlightAPI::test_return_flight_search - PASS
2026-08-12 06:29:09 - GeoTravelGlobalLogger - INFO     - [logger.py:345] - Retrieved credentials from environment for: geo.qa.bot@gmail.com
2026-08-12 06:29:09 - GeoTravelGlobalLogger - INFO     - [logger.py:345] - Attempting login with email: geo.qa.bot@gmail.com
2026-08-12 06:29:09 - GeoTravelGlobalLogger - INFO     - [logger.py:345] - 🔍 _request START - Current self.headers: {'Content-Type': 'application/json', 'Accept': 'application/json', 'X-Client-Type': 'retail'}
2026-08-12 06:29:09 - GeoTravelGlobalLogger - INFO     - [logger.py:345] - 🔍 _request - kwargs headers: {}
2026-08-12 06:29:09 - GeoTravelGlobalLogger - INFO     - [logger.py:345] - 🔍 _request FINAL headers being sent: {'Content-Type': 'application/json', 'Accept': 'application/json', 'X-Client-Type': 'retail'}
2026-08-12 06:29:09 - GeoTravelGlobalLogger - INFO     - [logger.py:345] - API Request: POST https://api.stg.gowithgeo.com/api/auth/login
2026-08-12 06:29:09 - GeoTravelGlobalLogger - INFO     - [logger.py:345] - API Response: 200
2026-08-12 06:29:09 - GeoTravelGlobalLogger - INFO     - [logger.py:345] - Token extracted via cookies (length: 167, valid)
2026-08-12 06:29:09 - GeoTravelGlobalLogger - INFO     - [logger.py:345] - ✅ Auth token set from cookies (Cookie header)
2026-08-12 06:29:09 - GeoTravelGlobalLogger - INFO     - [logger.py:345] - SUCCESS: ✅ Login successful - token set via cookies
2026-08-12 06:29:09 - GeoTravelGlobalLogger - INFO     - [logger.py:345] - SUCCESS: ✅ Authenticated successfully (token length: 167)
2026-08-12 06:29:09 - GeoTravelGlobalLogger - INFO     - [logger.py:345] - ✅ Auth token set from cookies (Cookie header)
2026-08-12 06:29:09 - GeoTravelGlobalLogger - INFO     - [logger.py:345] - ✅ Auth token set from cookies (Cookie header)
2026-08-12 06:29:09 - GeoTravelGlobalLogger - INFO     - [logger.py:345] - === Testing Different Passenger Combinations ===
2026-08-12 06:29:09 - GeoTravelGlobalLogger - INFO     - [logger.py:345] - 🔍 _request START - Current self.headers: {'Content-Type': 'application/json', 'Accept': 'application/json', 'X-Client-Type': 'retail', 'Cookie': 'retail_access_token=eyJhbGciOiJIUzI1NiIsInR5cCI6IkpXVCJ9.eyJpZCI6MTUxLCJ1c2VyVHlwZSI6IlJFVEFJTCIsImlhdCI6MTc4NjUxNjE0OSwiZXhwIjoxNzg2NTU5MzQ5fQ.21RE89iXoGj1ZFw8DSrKHpA15mvOM0w3PZbmHdb1Fxw'}
2026-08-12 06:29:09 - GeoTravelGlobalLogger - INFO     - [logger.py:345] - 🔍 _request - kwargs headers: {}
2026-08-12 06:29:09 - GeoTravelGlobalLogger - INFO     - [logger.py:345] - 🔍 _request FINAL headers being sent: {'Content-Type': 'application/json', 'Accept': 'application/json', 'X-Client-Type': 'retail', 'Cookie': 'retail_access_token=eyJhbGciOiJIUzI1NiIsInR5cCI6IkpXVCJ9.eyJpZCI6MTUxLCJ1c2VyVHlwZSI6IlJFVEFJTCIsImlhdCI6MTc4NjUxNjE0OSwiZXhwIjoxNzg2NTU5MzQ5fQ.21RE89iXoGj1ZFw8DSrKHpA15mvOM0w3PZbmHdb1Fxw'}
2026-08-12 06:29:09 - GeoTravelGlobalLogger - INFO     - [logger.py:345] - API Request: POST https://api.stg.gowithgeo.com/api/flight/search-request
2026-08-12 06:29:10 - GeoTravelGlobalLogger - INFO     - [logger.py:345] - API Response: 200
2026-08-12 06:29:10 - GeoTravelGlobalLogger - INFO     - [logger.py:345] - 🔍 _request START - Current self.headers: {'Content-Type': 'application/json', 'Accept': 'application/json', 'X-Client-Type': 'retail', 'Cookie': 'retail_access_token=eyJhbGciOiJIUzI1NiIsInR5cCI6IkpXVCJ9.eyJpZCI6MTUxLCJ1c2VyVHlwZSI6IlJFVEFJTCIsImlhdCI6MTc4NjUxNjE0OSwiZXhwIjoxNzg2NTU5MzQ5fQ.21RE89iXoGj1ZFw8DSrKHpA15mvOM0w3PZbmHdb1Fxw'}
2026-08-12 06:29:10 - GeoTravelGlobalLogger - INFO     - [logger.py:345] - 🔍 _request - kwargs headers: {}
2026-08-12 06:29:10 - GeoTravelGlobalLogger - INFO     - [logger.py:345] - 🔍 _request FINAL headers being sent: {'Content-Type': 'application/json', 'Accept': 'application/json', 'X-Client-Type': 'retail', 'Cookie': 'retail_access_token=eyJhbGciOiJIUzI1NiIsInR5cCI6IkpXVCJ9.eyJpZCI6MTUxLCJ1c2VyVHlwZSI6IlJFVEFJTCIsImlhdCI6MTc4NjUxNjE0OSwiZXhwIjoxNzg2NTU5MzQ5fQ.21RE89iXoGj1ZFw8DSrKHpA15mvOM0w3PZbmHdb1Fxw'}
2026-08-12 06:29:10 - GeoTravelGlobalLogger - INFO     - [logger.py:345] - API Request: POST https://api.stg.gowithgeo.com/api/flight/search-request
2026-08-12 06:29:10 - GeoTravelGlobalLogger - INFO     - [logger.py:345] - API Response: 200
2026-08-12 06:29:10 - GeoTravelGlobalLogger - INFO     - [logger.py:345] - 🔍 _request START - Current self.headers: {'Content-Type': 'application/json', 'Accept': 'application/json', 'X-Client-Type': 'retail', 'Cookie': 'retail_access_token=eyJhbGciOiJIUzI1NiIsInR5cCI6IkpXVCJ9.eyJpZCI6MTUxLCJ1c2VyVHlwZSI6IlJFVEFJTCIsImlhdCI6MTc4NjUxNjE0OSwiZXhwIjoxNzg2NTU5MzQ5fQ.21RE89iXoGj1ZFw8DSrKHpA15mvOM0w3PZbmHdb1Fxw'}
2026-08-12 06:29:10 - GeoTravelGlobalLogger - INFO     - [logger.py:345] - 🔍 _request - kwargs headers: {}
2026-08-12 06:29:10 - GeoTravelGlobalLogger - INFO     - [logger.py:345] - 🔍 _request FINAL headers being sent: {'Content-Type': 'application/json', 'Accept': 'application/json', 'X-Client-Type': 'retail', 'Cookie': 'retail_access_token=eyJhbGciOiJIUzI1NiIsInR5cCI6IkpXVCJ9.eyJpZCI6MTUxLCJ1c2VyVHlwZSI6IlJFVEFJTCIsImlhdCI6MTc4NjUxNjE0OSwiZXhwIjoxNzg2NTU5MzQ5fQ.21RE89iXoGj1ZFw8DSrKHpA15mvOM0w3PZbmHdb1Fxw'}
2026-08-12 06:29:10 - GeoTravelGlobalLogger - INFO     - [logger.py:345] - API Request: POST https://api.stg.gowithgeo.com/api/flight/search-request
2026-08-12 06:29:10 - GeoTravelGlobalLogger - INFO     - [logger.py:345] - API Response: 200
2026-08-12 06:29:10 - GeoTravelGlobalLogger - INFO     - [logger.py:345] - ✅ Saved test-specific logs: reports/logs/src_tests_api_tests_test_flight_api.py_TestFlightAPI_test_passenger_combinations_062910.log
2026-08-12 06:29:10 - GeoTravelGlobalLogger - INFO     - [logger.py:345] - Test result added: src/tests/api_tests/test_flight_api.py::TestFlightAPI::test_passenger_combinations - PASS (Duration: 0.60s)
2026-08-12 06:29:10 - GeoTravelGlobalLogger - INFO     - [logger.py:345] - Added test result to API SMOKE TEST: src/tests/api_tests/test_flight_api.py::TestFlightAPI::test_passenger_combinations - PASS
2026-08-12 06:29:10 - GeoTravelGlobalLogger - INFO     - [logger.py:345] - Retrieved credentials from environment for: geo.qa.bot@gmail.com
2026-08-12 06:29:10 - GeoTravelGlobalLogger - INFO     - [logger.py:345] - Attempting login with email: geo.qa.bot@gmail.com
2026-08-12 06:29:10 - GeoTravelGlobalLogger - INFO     - [logger.py:345] - 🔍 _request START - Current self.headers: {'Content-Type': 'application/json', 'Accept': 'application/json', 'X-Client-Type': 'retail'}
2026-08-12 06:29:10 - GeoTravelGlobalLogger - INFO     - [logger.py:345] - 🔍 _request - kwargs headers: {}
2026-08-12 06:29:10 - GeoTravelGlobalLogger - INFO     - [logger.py:345] - 🔍 _request FINAL headers being sent: {'Content-Type': 'application/json', 'Accept': 'application/json', 'X-Client-Type': 'retail'}
2026-08-12 06:29:10 - GeoTravelGlobalLogger - INFO     - [logger.py:345] - API Request: POST https://api.stg.gowithgeo.com/api/auth/login
2026-08-12 06:29:10 - GeoTravelGlobalLogger - INFO     - [logger.py:345] - API Response: 200
2026-08-12 06:29:10 - GeoTravelGlobalLogger - INFO     - [logger.py:345] - Token extracted via cookies (length: 167, valid)
2026-08-12 06:29:10 - GeoTravelGlobalLogger - INFO     - [logger.py:345] - ✅ Auth token set from cookies (Cookie header)
2026-08-12 06:29:10 - GeoTravelGlobalLogger - INFO     - [logger.py:345] - SUCCESS: ✅ Login successful - token set via cookies
2026-08-12 06:29:10 - GeoTravelGlobalLogger - INFO     - [logger.py:345] - SUCCESS: ✅ Authenticated successfully (token length: 167)
2026-08-12 06:29:10 - GeoTravelGlobalLogger - INFO     - [logger.py:345] - ✅ Auth token set from cookies (Cookie header)
2026-08-12 06:29:10 - GeoTravelGlobalLogger - INFO     - [logger.py:345] - ✅ Auth token set from cookies (Cookie header)
2026-08-12 06:29:10 - GeoTravelGlobalLogger - INFO     - [logger.py:345] - === Testing Flight Booking Initiation Flow ===
2026-08-12 06:29:10 - GeoTravelGlobalLogger - INFO     - [logger.py:345] - 🔍 _request START - Current self.headers: {'Content-Type': 'application/json', 'Accept': 'application/json', 'X-Client-Type': 'retail', 'Cookie': 'retail_access_token=eyJhbGciOiJIUzI1NiIsInR5cCI6IkpXVCJ9.eyJpZCI6MTUxLCJ1c2VyVHlwZSI6IlJFVEFJTCIsImlhdCI6MTc4NjUxNjE1MCwiZXhwIjoxNzg2NTU5MzUwfQ.pDDMEyDYJJrsJODe_sCJUejvCvf9AVwn_ZmBMsiZJ-0'}
2026-08-12 06:29:10 - GeoTravelGlobalLogger - INFO     - [logger.py:345] - 🔍 _request - kwargs headers: {}
2026-08-12 06:29:10 - GeoTravelGlobalLogger - INFO     - [logger.py:345] - 🔍 _request FINAL headers being sent: {'Content-Type': 'application/json', 'Accept': 'application/json', 'X-Client-Type': 'retail', 'Cookie': 'retail_access_token=eyJhbGciOiJIUzI1NiIsInR5cCI6IkpXVCJ9.eyJpZCI6MTUxLCJ1c2VyVHlwZSI6IlJFVEFJTCIsImlhdCI6MTc4NjUxNjE1MCwiZXhwIjoxNzg2NTU5MzUwfQ.pDDMEyDYJJrsJODe_sCJUejvCvf9AVwn_ZmBMsiZJ-0'}
2026-08-12 06:29:10 - GeoTravelGlobalLogger - INFO     - [logger.py:345] - API Request: POST https://api.stg.gowithgeo.com/api/flight/search-request
2026-08-12 06:29:11 - GeoTravelGlobalLogger - INFO     - [logger.py:345] - API Response: 200
2026-08-12 06:29:11 - GeoTravelGlobalLogger - INFO     - [logger.py:345] - 🔍 _request START - Current self.headers: {'Content-Type': 'application/json', 'Accept': 'application/json', 'X-Client-Type': 'retail', 'Cookie': 'retail_access_token=eyJhbGciOiJIUzI1NiIsInR5cCI6IkpXVCJ9.eyJpZCI6MTUxLCJ1c2VyVHlwZSI6IlJFVEFJTCIsImlhdCI6MTc4NjUxNjE1MCwiZXhwIjoxNzg2NTU5MzUwfQ.pDDMEyDYJJrsJODe_sCJUejvCvf9AVwn_ZmBMsiZJ-0'}
2026-08-12 06:29:11 - GeoTravelGlobalLogger - INFO     - [logger.py:345] - 🔍 _request - kwargs headers: {}
2026-08-12 06:29:11 - GeoTravelGlobalLogger - INFO     - [logger.py:345] - 🔍 _request FINAL headers being sent: {'Content-Type': 'application/json', 'Accept': 'application/json', 'X-Client-Type': 'retail', 'Cookie': 'retail_access_token=eyJhbGciOiJIUzI1NiIsInR5cCI6IkpXVCJ9.eyJpZCI6MTUxLCJ1c2VyVHlwZSI6IlJFVEFJTCIsImlhdCI6MTc4NjUxNjE1MCwiZXhwIjoxNzg2NTU5MzUwfQ.pDDMEyDYJJrsJODe_sCJUejvCvf9AVwn_ZmBMsiZJ-0'}
2026-08-12 06:29:11 - GeoTravelGlobalLogger - INFO     - [logger.py:345] - API Request: GET https://api.stg.gowithgeo.com/api/flight/search?search_id=53a6fc21-0f0b-4b16-ba26-aef4b340e58c
2026-08-12 06:29:16 - GeoTravelGlobalLogger - INFO     - [logger.py:345] - API Response: 200
2026-08-12 06:29:16 - GeoTravelGlobalLogger - INFO     - [logger.py:345] - 🔍 _request START - Current self.headers: {'Content-Type': 'application/json', 'Accept': 'application/json', 'X-Client-Type': 'retail', 'Cookie': 'retail_access_token=eyJhbGciOiJIUzI1NiIsInR5cCI6IkpXVCJ9.eyJpZCI6MTUxLCJ1c2VyVHlwZSI6IlJFVEFJTCIsImlhdCI6MTc4NjUxNjE1MCwiZXhwIjoxNzg2NTU5MzUwfQ.pDDMEyDYJJrsJODe_sCJUejvCvf9AVwn_ZmBMsiZJ-0'}
2026-08-12 06:29:16 - GeoTravelGlobalLogger - INFO     - [logger.py:345] - 🔍 _request - kwargs headers: {}
2026-08-12 06:29:16 - GeoTravelGlobalLogger - INFO     - [logger.py:345] - 🔍 _request FINAL headers being sent: {'Content-Type': 'application/json', 'Accept': 'application/json', 'X-Client-Type': 'retail', 'Cookie': 'retail_access_token=eyJhbGciOiJIUzI1NiIsInR5cCI6IkpXVCJ9.eyJpZCI6MTUxLCJ1c2VyVHlwZSI6IlJFVEFJTCIsImlhdCI6MTc4NjUxNjE1MCwiZXhwIjoxNzg2NTU5MzUwfQ.pDDMEyDYJJrsJODe_sCJUejvCvf9AVwn_ZmBMsiZJ-0'}
2026-08-12 06:29:16 - GeoTravelGlobalLogger - INFO     - [logger.py:345] - API Request: POST https://api.stg.gowithgeo.com/api/flight/initiate-booking
2026-08-12 06:29:16 - GeoTravelGlobalLogger - INFO     - [logger.py:345] - API Response: 400
2026-08-12 06:29:16 - GeoTravelGlobalLogger - INFO     - [logger.py:345] - ✅ Saved test-specific logs: reports/logs/src_tests_api_tests_test_flight_api.py_TestFlightAPI_test_initiate_booking_flow_062916.log
2026-08-12 06:29:16 - GeoTravelGlobalLogger - INFO     - [logger.py:345] - Test result added: src/tests/api_tests/test_flight_api.py::TestFlightAPI::test_initiate_booking_flow - PASS (Duration: 5.94s)
2026-08-12 06:29:16 - GeoTravelGlobalLogger - INFO     - [logger.py:345] - Added test result to API SMOKE TEST: src/tests/api_tests/test_flight_api.py::TestFlightAPI::test_initiate_booking_flow - PASS
2026-08-12 06:29:16 - GeoTravelGlobalLogger - INFO     - [logger.py:345] - Retrieved credentials from environment for: geo.qa.bot@gmail.com
2026-08-12 06:29:16 - GeoTravelGlobalLogger - INFO     - [logger.py:345] - Attempting login with email: geo.qa.bot@gmail.com
2026-08-12 06:29:16 - GeoTravelGlobalLogger - INFO     - [logger.py:345] - 🔍 _request START - Current self.headers: {'Content-Type': 'application/json', 'Accept': 'application/json', 'X-Client-Type': 'retail'}
2026-08-12 06:29:16 - GeoTravelGlobalLogger - INFO     - [logger.py:345] - 🔍 _request - kwargs headers: {}
2026-08-12 06:29:16 - GeoTravelGlobalLogger - INFO     - [logger.py:345] - 🔍 _request FINAL headers being sent: {'Content-Type': 'application/json', 'Accept': 'application/json', 'X-Client-Type': 'retail'}
2026-08-12 06:29:16 - GeoTravelGlobalLogger - INFO     - [logger.py:345] - API Request: POST https://api.stg.gowithgeo.com/api/auth/login
2026-08-12 06:29:17 - GeoTravelGlobalLogger - INFO     - [logger.py:345] - API Response: 200
2026-08-12 06:29:17 - GeoTravelGlobalLogger - INFO     - [logger.py:345] - Token extracted via cookies (length: 167, valid)
2026-08-12 06:29:17 - GeoTravelGlobalLogger - INFO     - [logger.py:345] - ✅ Auth token set from cookies (Cookie header)
2026-08-12 06:29:17 - GeoTravelGlobalLogger - INFO     - [logger.py:345] - SUCCESS: ✅ Login successful - token set via cookies
2026-08-12 06:29:17 - GeoTravelGlobalLogger - INFO     - [logger.py:345] - SUCCESS: ✅ Authenticated successfully (token length: 167)
2026-08-12 06:29:17 - GeoTravelGlobalLogger - INFO     - [logger.py:345] - ✅ Auth token set from cookies (Cookie header)
2026-08-12 06:29:17 - GeoTravelGlobalLogger - INFO     - [logger.py:345] - ✅ Auth token set from cookies (Cookie header)
2026-08-12 06:29:17 - GeoTravelGlobalLogger - INFO     - [logger.py:345] - === Testing Flight Search Error Scenarios ===
2026-08-12 06:29:17 - GeoTravelGlobalLogger - INFO     - [logger.py:345] - 🔍 _request START - Current self.headers: {'Content-Type': 'application/json', 'Accept': 'application/json', 'X-Client-Type': 'retail', 'Cookie': 'retail_access_token=eyJhbGciOiJIUzI1NiIsInR5cCI6IkpXVCJ9.eyJpZCI6MTUxLCJ1c2VyVHlwZSI6IlJFVEFJTCIsImlhdCI6MTc4NjUxNjE1NywiZXhwIjoxNzg2NTU5MzU3fQ.NUu-5tGG56_Mh7LWPs0Cwdm2-QkTHqgOV_VSFpMcPmg'}
2026-08-12 06:29:17 - GeoTravelGlobalLogger - INFO     - [logger.py:345] - 🔍 _request - kwargs headers: {}
2026-08-12 06:29:17 - GeoTravelGlobalLogger - INFO     - [logger.py:345] - 🔍 _request FINAL headers being sent: {'Content-Type': 'application/json', 'Accept': 'application/json', 'X-Client-Type': 'retail', 'Cookie': 'retail_access_token=eyJhbGciOiJIUzI1NiIsInR5cCI6IkpXVCJ9.eyJpZCI6MTUxLCJ1c2VyVHlwZSI6IlJFVEFJTCIsImlhdCI6MTc4NjUxNjE1NywiZXhwIjoxNzg2NTU5MzU3fQ.NUu-5tGG56_Mh7LWPs0Cwdm2-QkTHqgOV_VSFpMcPmg'}
2026-08-12 06:29:17 - GeoTravelGlobalLogger - INFO     - [logger.py:345] - API Request: POST https://api.stg.gowithgeo.com/api/flight/search-request
2026-08-12 06:29:17 - GeoTravelGlobalLogger - INFO     - [logger.py:345] - API Response: 200
2026-08-12 06:29:17 - GeoTravelGlobalLogger - INFO     - [logger.py:345] - 🔍 _request START - Current self.headers: {'Content-Type': 'application/json', 'Accept': 'application/json', 'X-Client-Type': 'retail', 'Cookie': 'retail_access_token=eyJhbGciOiJIUzI1NiIsInR5cCI6IkpXVCJ9.eyJpZCI6MTUxLCJ1c2VyVHlwZSI6IlJFVEFJTCIsImlhdCI6MTc4NjUxNjE1NywiZXhwIjoxNzg2NTU5MzU3fQ.NUu-5tGG56_Mh7LWPs0Cwdm2-QkTHqgOV_VSFpMcPmg'}
2026-08-12 06:29:17 - GeoTravelGlobalLogger - INFO     - [logger.py:345] - 🔍 _request - kwargs headers: {}
2026-08-12 06:29:17 - GeoTravelGlobalLogger - INFO     - [logger.py:345] - 🔍 _request FINAL headers being sent: {'Content-Type': 'application/json', 'Accept': 'application/json', 'X-Client-Type': 'retail', 'Cookie': 'retail_access_token=eyJhbGciOiJIUzI1NiIsInR5cCI6IkpXVCJ9.eyJpZCI6MTUxLCJ1c2VyVHlwZSI6IlJFVEFJTCIsImlhdCI6MTc4NjUxNjE1NywiZXhwIjoxNzg2NTU5MzU3fQ.NUu-5tGG56_Mh7LWPs0Cwdm2-QkTHqgOV_VSFpMcPmg'}
2026-08-12 06:29:17 - GeoTravelGlobalLogger - INFO     - [logger.py:345] - API Request: POST https://api.stg.gowithgeo.com/api/flight/search-request
2026-08-12 06:29:17 - GeoTravelGlobalLogger - INFO     - [logger.py:345] - API Response: 400
2026-08-12 06:29:17 - GeoTravelGlobalLogger - INFO     - [logger.py:345] - 🔍 _request START - Current self.headers: {'Content-Type': 'application/json', 'Accept': 'application/json', 'X-Client-Type': 'retail', 'Cookie': 'retail_access_token=eyJhbGciOiJIUzI1NiIsInR5cCI6IkpXVCJ9.eyJpZCI6MTUxLCJ1c2VyVHlwZSI6IlJFVEFJTCIsImlhdCI6MTc4NjUxNjE1NywiZXhwIjoxNzg2NTU5MzU3fQ.NUu-5tGG56_Mh7LWPs0Cwdm2-QkTHqgOV_VSFpMcPmg'}
2026-08-12 06:29:17 - GeoTravelGlobalLogger - INFO     - [logger.py:345] - 🔍 _request - kwargs headers: {}
2026-08-12 06:29:17 - GeoTravelGlobalLogger - INFO     - [logger.py:345] - 🔍 _request FINAL headers being sent: {'Content-Type': 'application/json', 'Accept': 'application/json', 'X-Client-Type': 'retail', 'Cookie': 'retail_access_token=eyJhbGciOiJIUzI1NiIsInR5cCI6IkpXVCJ9.eyJpZCI6MTUxLCJ1c2VyVHlwZSI6IlJFVEFJTCIsImlhdCI6MTc4NjUxNjE1NywiZXhwIjoxNzg2NTU5MzU3fQ.NUu-5tGG56_Mh7LWPs0Cwdm2-QkTHqgOV_VSFpMcPmg'}
2026-08-12 06:29:17 - GeoTravelGlobalLogger - INFO     - [logger.py:345] - API Request: POST https://api.stg.gowithgeo.com/api/flight/search-request
2026-08-12 06:29:17 - GeoTravelGlobalLogger - INFO     - [logger.py:345] - API Response: 400
2026-08-12 06:29:17 - GeoTravelGlobalLogger - INFO     - [logger.py:345] - ✅ Saved test-specific logs: reports/logs/src_tests_api_tests_test_flight_api.py_TestFlightAPI_test_error_scenarios_062917.log
2026-08-12 06:29:17 - GeoTravelGlobalLogger - INFO     - [logger.py:345] - Test result added: src/tests/api_tests/test_flight_api.py::TestFlightAPI::test_error_scenarios - PASS (Duration: 0.28s)
2026-08-12 06:29:17 - GeoTravelGlobalLogger - INFO     - [logger.py:345] - Added test result to API SMOKE TEST: src/tests/api_tests/test_flight_api.py::TestFlightAPI::test_error_scenarios - PASS
2026-08-12 06:29:17 - GeoTravelGlobalLogger - INFO     - [logger.py:345] - Retrieved credentials from environment for: geo.qa.bot@gmail.com
2026-08-12 06:29:17 - GeoTravelGlobalLogger - INFO     - [logger.py:345] - Attempting login with email: geo.qa.bot@gmail.com
2026-08-12 06:29:17 - GeoTravelGlobalLogger - INFO     - [logger.py:345] - 🔍 _request START - Current self.headers: {'Content-Type': 'application/json', 'Accept': 'application/json', 'X-Client-Type': 'retail'}
2026-08-12 06:29:17 - GeoTravelGlobalLogger - INFO     - [logger.py:345] - 🔍 _request - kwargs headers: {}
2026-08-12 06:29:17 - GeoTravelGlobalLogger - INFO     - [logger.py:345] - 🔍 _request FINAL headers being sent: {'Content-Type': 'application/json', 'Accept': 'application/json', 'X-Client-Type': 'retail'}
2026-08-12 06:29:17 - GeoTravelGlobalLogger - INFO     - [logger.py:345] - API Request: POST https://api.stg.gowithgeo.com/api/auth/login
2026-08-12 06:29:17 - GeoTravelGlobalLogger - INFO     - [logger.py:345] - API Response: 200
2026-08-12 06:29:17 - GeoTravelGlobalLogger - INFO     - [logger.py:345] - Token extracted via cookies (length: 167, valid)
2026-08-12 06:29:17 - GeoTravelGlobalLogger - INFO     - [logger.py:345] - ✅ Auth token set from cookies (Cookie header)
2026-08-12 06:29:17 - GeoTravelGlobalLogger - INFO     - [logger.py:345] - SUCCESS: ✅ Login successful - token set via cookies
2026-08-12 06:29:17 - GeoTravelGlobalLogger - INFO     - [logger.py:345] - SUCCESS: ✅ Authenticated successfully (token length: 167)
2026-08-12 06:29:17 - GeoTravelGlobalLogger - INFO     - [logger.py:345] - === Testing Get Google Reviews ===
2026-08-12 06:29:17 - GeoTravelGlobalLogger - INFO     - [logger.py:345] - ✅ Auth token set from cookies (Cookie header)
2026-08-12 06:29:17 - GeoTravelGlobalLogger - INFO     - [logger.py:345] - 🔍 _request START - Current self.headers: {'Content-Type': 'application/json', 'Accept': 'application/json', 'X-Client-Type': 'retail', 'Cookie': 'retail_access_token=eyJhbGciOiJIUzI1NiIsInR5cCI6IkpXVCJ9.eyJpZCI6MTUxLCJ1c2VyVHlwZSI6IlJFVEFJTCIsImlhdCI6MTc4NjUxNjE1NywiZXhwIjoxNzg2NTU5MzU3fQ.NUu-5tGG56_Mh7LWPs0Cwdm2-QkTHqgOV_VSFpMcPmg'}
2026-08-12 06:29:17 - GeoTravelGlobalLogger - INFO     - [logger.py:345] - 🔍 _request - kwargs headers: {}
2026-08-12 06:29:17 - GeoTravelGlobalLogger - INFO     - [logger.py:345] - 🔍 _request FINAL headers being sent: {'Content-Type': 'application/json', 'Accept': 'application/json', 'X-Client-Type': 'retail', 'Cookie': 'retail_access_token=eyJhbGciOiJIUzI1NiIsInR5cCI6IkpXVCJ9.eyJpZCI6MTUxLCJ1c2VyVHlwZSI6IlJFVEFJTCIsImlhdCI6MTc4NjUxNjE1NywiZXhwIjoxNzg2NTU5MzU3fQ.NUu-5tGG56_Mh7LWPs0Cwdm2-QkTHqgOV_VSFpMcPmg'}
2026-08-12 06:29:17 - GeoTravelGlobalLogger - INFO     - [logger.py:345] - API Request: GET https://api.stg.gowithgeo.com/api/google/reviews
2026-08-12 06:29:17 - GeoTravelGlobalLogger - INFO     - [logger.py:345] - API Response: 200
2026-08-12 06:29:17 - GeoTravelGlobalLogger - INFO     - [logger.py:345] - Google Reviews response status: 200
2026-08-12 06:29:17 - GeoTravelGlobalLogger - INFO     - [logger.py:345] - Google Reviews response content: {"status":"success","message":"Reviews retrieved successfully","data":{"reviews":[{"author":"John","profilePhoto":"https://lh3.googleusercontent.com/a/ACg8ocLJMs_qJ3ixtKc8O-Nepjj_eFaaHOYWaLpBglkVy600jzQS_pIP=s128-c0x00000000-cc-rp-mo","rating":5,"review":"I had a wonderful experience with Geo Travel and Tour. Their customer service was excellent from start to finish, friendly, professional, and always ready to answer my questions. The booking process was smooth and hassle-free, and they offered clear, detailed information about the itinerary and costs.\n\nThe trip itself was well-organized, with everything running according to schedule. Transportation was comfortable, accommodations were clean and convenient, and the activities were thoughtfully planned to ensure a rich and enjoyable experience. I particularly appreciated their attention to detail and willingness to accommodate special requests.\n\nOverall, Geo Travel and Tour exceeded my expectations. They made the entire travel experience stress-free and enjoyable. I would gladly recommend them to anyone looking for reliable, efficient, and friendly travel services.","published":"a year ago","link":"https://www.google.com/maps/contrib/108674861549503378620/reviews"},{"author":"Isaac Ewedemi","profilePhoto":"https://lh3.googleusercontent.com/a-/ALV-UjXEAJR4ZW_Tuk2FwiuMH9hYf0lUQzJdp9FI1DERzC5LmlrlK7IO=s128-c0x00000000-cc-rp-mo","rating":5,"review":"I had a lovely experience at Maldives, Geo travels made the experience seamless as they handled all the bookings and tickets\n\nThe sea view from our hotel room was the first thing that captured our hearts.\n\nThe parasailing was our best moment, it was so much fun and I also loved that the staff had a drone shot of us in the air.\n\nI'll definitely recommend anyone to book an experience with them anytime any day.","published":"2 years ago","link":"https://www.google.com/maps/contrib/112347143306444757239/reviews"},{"author":"George Godslove","profilePhoto":"https://lh3.googleusercontent.com/a/ACg8ocJQLzqYWIQC7-rVGxLmvipUROlWuYjXhFdom0Ih10ww3VmI_a8=s128-c0x00000000-cc-rp-mo","rating":5,"review":"Trust is not built in a day, it feels relaxing to know someone else got your back on any travel wahala.","published":"a year ago","link":"https://www.google.com/maps/contrib/113311872348461471249/reviews"},{"author":"Olabisi Ayodeji Adefila","profilePhoto":"https://lh3.googleusercontent.com/a-/ALV-UjV5Rhq-HYFUBZ4J1_1H7uQOj4M4P0H9O4UCDsxz4KuxkUtr3I5T=s128-c0x00000000-cc-rp-mo-ba4","rating":4,"review":"They handle everything you need when it comes to travel and tours. Their visa processing is very smooth as well.","published":"6 years ago","link":"https://www.google.com/maps/contrib/114364097036730277964/reviews"},{"author":"Diana Obike","profilePhoto":"https://lh3.googleusercontent.com/a-/ALV-UjUlO4Jz6bcvnlvZ5TxYALlZlNbla8eZh1RakK9G48lh5vE78cLcUA=s128-c0x00000000-cc-rp-mo","rating":4,"review":"It was a warm experience and lovely customer service 😘.","published":"5 years ago","link":"https://www.google.com/maps/contrib/108558091826856349380/reviews"}]}}
2026-08-12 06:29:17 - GeoTravelGlobalLogger - INFO     - [logger.py:345] - SUCCESS: ✅ Google reviews fetched successfully
2026-08-12 06:29:17 - GeoTravelGlobalLogger - INFO     - [logger.py:345] - ✅ Saved test-specific logs: reports/logs/src_tests_api_tests_test_misc_api.py_TestMiscAPIs_test_get_google_reviews_062917.log
2026-08-12 06:29:17 - GeoTravelGlobalLogger - INFO     - [logger.py:345] - Test result added: src/tests/api_tests/test_misc_api.py::TestMiscAPIs::test_get_google_reviews - PASS (Duration: 0.07s)
2026-08-12 06:29:17 - GeoTravelGlobalLogger - INFO     - [logger.py:345] - Added test result to API SMOKE TEST: src/tests/api_tests/test_misc_api.py::TestMiscAPIs::test_get_google_reviews - PASS
2026-08-12 06:29:17 - GeoTravelGlobalLogger - INFO     - [logger.py:345] - Retrieved credentials from environment for: geo.qa.bot@gmail.com
2026-08-12 06:29:17 - GeoTravelGlobalLogger - INFO     - [logger.py:345] - Attempting login with email: geo.qa.bot@gmail.com
2026-08-12 06:29:17 - GeoTravelGlobalLogger - INFO     - [logger.py:345] - 🔍 _request START - Current self.headers: {'Content-Type': 'application/json', 'Accept': 'application/json', 'X-Client-Type': 'retail'}
2026-08-12 06:29:17 - GeoTravelGlobalLogger - INFO     - [logger.py:345] - 🔍 _request - kwargs headers: {}
2026-08-12 06:29:17 - GeoTravelGlobalLogger - INFO     - [logger.py:345] - 🔍 _request FINAL headers being sent: {'Content-Type': 'application/json', 'Accept': 'application/json', 'X-Client-Type': 'retail'}
2026-08-12 06:29:17 - GeoTravelGlobalLogger - INFO     - [logger.py:345] - API Request: POST https://api.stg.gowithgeo.com/api/auth/login
2026-08-12 06:29:18 - GeoTravelGlobalLogger - INFO     - [logger.py:345] - API Response: 200
2026-08-12 06:29:18 - GeoTravelGlobalLogger - INFO     - [logger.py:345] - Token extracted via cookies (length: 167, valid)
2026-08-12 06:29:18 - GeoTravelGlobalLogger - INFO     - [logger.py:345] - ✅ Auth token set from cookies (Cookie header)
2026-08-12 06:29:18 - GeoTravelGlobalLogger - INFO     - [logger.py:345] - SUCCESS: ✅ Login successful - token set via cookies
2026-08-12 06:29:18 - GeoTravelGlobalLogger - INFO     - [logger.py:345] - SUCCESS: ✅ Authenticated successfully (token length: 167)
2026-08-12 06:29:18 - GeoTravelGlobalLogger - INFO     - [logger.py:345] - === Testing Get Commercial Deals ===
2026-08-12 06:29:18 - GeoTravelGlobalLogger - INFO     - [logger.py:345] - ✅ Auth token set from cookies (Cookie header)
2026-08-12 06:29:18 - GeoTravelGlobalLogger - INFO     - [logger.py:345] - 🔍 _request START - Current self.headers: {'Content-Type': 'application/json', 'Accept': 'application/json', 'X-Client-Type': 'retail', 'Cookie': 'retail_access_token=eyJhbGciOiJIUzI1NiIsInR5cCI6IkpXVCJ9.eyJpZCI6MTUxLCJ1c2VyVHlwZSI6IlJFVEFJTCIsImlhdCI6MTc4NjUxNjE1NywiZXhwIjoxNzg2NTU5MzU3fQ.NUu-5tGG56_Mh7LWPs0Cwdm2-QkTHqgOV_VSFpMcPmg'}
2026-08-12 06:29:18 - GeoTravelGlobalLogger - INFO     - [logger.py:345] - 🔍 _request - kwargs headers: {}
2026-08-12 06:29:18 - GeoTravelGlobalLogger - INFO     - [logger.py:345] - 🔍 _request FINAL headers being sent: {'Content-Type': 'application/json', 'Accept': 'application/json', 'X-Client-Type': 'retail', 'Cookie': 'retail_access_token=eyJhbGciOiJIUzI1NiIsInR5cCI6IkpXVCJ9.eyJpZCI6MTUxLCJ1c2VyVHlwZSI6IlJFVEFJTCIsImlhdCI6MTc4NjUxNjE1NywiZXhwIjoxNzg2NTU5MzU3fQ.NUu-5tGG56_Mh7LWPs0Cwdm2-QkTHqgOV_VSFpMcPmg'}
2026-08-12 06:29:18 - GeoTravelGlobalLogger - INFO     - [logger.py:345] - API Request: GET https://api.stg.gowithgeo.com/api/commercial/all
2026-08-12 06:29:18 - GeoTravelGlobalLogger - INFO     - [logger.py:345] - API Response: 200
2026-08-12 06:29:18 - GeoTravelGlobalLogger - INFO     - [logger.py:345] - Commercial Deals: 200
2026-08-12 06:29:18 - GeoTravelGlobalLogger - INFO     - [logger.py:345] - ✅ Saved test-specific logs: reports/logs/src_tests_api_tests_test_misc_api.py_TestMiscAPIs_test_get_commercial_deals_062918.log
2026-08-12 06:29:18 - GeoTravelGlobalLogger - INFO     - [logger.py:345] - Test result added: src/tests/api_tests/test_misc_api.py::TestMiscAPIs::test_get_commercial_deals - PASS (Duration: 0.17s)
2026-08-12 06:29:18 - GeoTravelGlobalLogger - INFO     - [logger.py:345] - Added test result to API SMOKE TEST: src/tests/api_tests/test_misc_api.py::TestMiscAPIs::test_get_commercial_deals - PASS
2026-08-12 06:29:18 - GeoTravelGlobalLogger - INFO     - [logger.py:345] - Retrieved credentials from environment for: geo.qa.bot@gmail.com
2026-08-12 06:29:18 - GeoTravelGlobalLogger - INFO     - [logger.py:345] - Attempting login with email: geo.qa.bot@gmail.com
2026-08-12 06:29:18 - GeoTravelGlobalLogger - INFO     - [logger.py:345] - 🔍 _request START - Current self.headers: {'Content-Type': 'application/json', 'Accept': 'application/json', 'X-Client-Type': 'retail'}
2026-08-12 06:29:18 - GeoTravelGlobalLogger - INFO     - [logger.py:345] - 🔍 _request - kwargs headers: {}
2026-08-12 06:29:18 - GeoTravelGlobalLogger - INFO     - [logger.py:345] - 🔍 _request FINAL headers being sent: {'Content-Type': 'application/json', 'Accept': 'application/json', 'X-Client-Type': 'retail'}
2026-08-12 06:29:18 - GeoTravelGlobalLogger - INFO     - [logger.py:345] - API Request: POST https://api.stg.gowithgeo.com/api/auth/login
2026-08-12 06:29:18 - GeoTravelGlobalLogger - INFO     - [logger.py:345] - API Response: 200
2026-08-12 06:29:18 - GeoTravelGlobalLogger - INFO     - [logger.py:345] - Token extracted via cookies (length: 167, valid)
2026-08-12 06:29:18 - GeoTravelGlobalLogger - INFO     - [logger.py:345] - ✅ Auth token set from cookies (Cookie header)
2026-08-12 06:29:18 - GeoTravelGlobalLogger - INFO     - [logger.py:345] - SUCCESS: ✅ Login successful - token set via cookies
2026-08-12 06:29:18 - GeoTravelGlobalLogger - INFO     - [logger.py:345] - SUCCESS: ✅ Authenticated successfully (token length: 167)
2026-08-12 06:29:18 - GeoTravelGlobalLogger - INFO     - [logger.py:345] - === Testing Get Single Commercial Deal ===
2026-08-12 06:29:18 - GeoTravelGlobalLogger - INFO     - [logger.py:345] - ✅ Auth token set from cookies (Cookie header)
2026-08-12 06:29:18 - GeoTravelGlobalLogger - INFO     - [logger.py:345] - 🔍 _request START - Current self.headers: {'Content-Type': 'application/json', 'Accept': 'application/json', 'X-Client-Type': 'retail', 'Cookie': 'retail_access_token=eyJhbGciOiJIUzI1NiIsInR5cCI6IkpXVCJ9.eyJpZCI6MTUxLCJ1c2VyVHlwZSI6IlJFVEFJTCIsImlhdCI6MTc4NjUxNjE1OCwiZXhwIjoxNzg2NTU5MzU4fQ.QYBLQ7CJiIFiiq3c4q-5JrRz3HLdhDZMEJ6dsUuzQFg'}
2026-08-12 06:29:18 - GeoTravelGlobalLogger - INFO     - [logger.py:345] - 🔍 _request - kwargs headers: {}
2026-08-12 06:29:18 - GeoTravelGlobalLogger - INFO     - [logger.py:345] - 🔍 _request FINAL headers being sent: {'Content-Type': 'application/json', 'Accept': 'application/json', 'X-Client-Type': 'retail', 'Cookie': 'retail_access_token=eyJhbGciOiJIUzI1NiIsInR5cCI6IkpXVCJ9.eyJpZCI6MTUxLCJ1c2VyVHlwZSI6IlJFVEFJTCIsImlhdCI6MTc4NjUxNjE1OCwiZXhwIjoxNzg2NTU5MzU4fQ.QYBLQ7CJiIFiiq3c4q-5JrRz3HLdhDZMEJ6dsUuzQFg'}
2026-08-12 06:29:18 - GeoTravelGlobalLogger - INFO     - [logger.py:345] - API Request: GET https://api.stg.gowithgeo.com/api/commercial/all
2026-08-12 06:29:18 - GeoTravelGlobalLogger - INFO     - [logger.py:345] - API Response: 200
2026-08-12 06:29:18 - GeoTravelGlobalLogger - INFO     - [logger.py:345] - 🔍 _request START - Current self.headers: {'Content-Type': 'application/json', 'Accept': 'application/json', 'X-Client-Type': 'retail', 'Cookie': 'retail_access_token=eyJhbGciOiJIUzI1NiIsInR5cCI6IkpXVCJ9.eyJpZCI6MTUxLCJ1c2VyVHlwZSI6IlJFVEFJTCIsImlhdCI6MTc4NjUxNjE1OCwiZXhwIjoxNzg2NTU5MzU4fQ.QYBLQ7CJiIFiiq3c4q-5JrRz3HLdhDZMEJ6dsUuzQFg'}
2026-08-12 06:29:18 - GeoTravelGlobalLogger - INFO     - [logger.py:345] - 🔍 _request - kwargs headers: {}
2026-08-12 06:29:18 - GeoTravelGlobalLogger - INFO     - [logger.py:345] - 🔍 _request FINAL headers being sent: {'Content-Type': 'application/json', 'Accept': 'application/json', 'X-Client-Type': 'retail', 'Cookie': 'retail_access_token=eyJhbGciOiJIUzI1NiIsInR5cCI6IkpXVCJ9.eyJpZCI6MTUxLCJ1c2VyVHlwZSI6IlJFVEFJTCIsImlhdCI6MTc4NjUxNjE1OCwiZXhwIjoxNzg2NTU5MzU4fQ.QYBLQ7CJiIFiiq3c4q-5JrRz3HLdhDZMEJ6dsUuzQFg'}
2026-08-12 06:29:18 - GeoTravelGlobalLogger - INFO     - [logger.py:345] - API Request: GET https://api.stg.gowithgeo.com/api/commercial/5
2026-08-12 06:29:18 - GeoTravelGlobalLogger - INFO     - [logger.py:345] - API Response: 200
2026-08-12 06:29:18 - GeoTravelGlobalLogger - INFO     - [logger.py:345] - Single Commercial Deal: 200
2026-08-12 06:29:18 - GeoTravelGlobalLogger - INFO     - [logger.py:345] - ✅ Saved test-specific logs: reports/logs/src_tests_api_tests_test_misc_api.py_TestMiscAPIs_test_get_single_commercial_deal_062918.log
2026-08-12 06:29:18 - GeoTravelGlobalLogger - INFO     - [logger.py:345] - Test result added: src/tests/api_tests/test_misc_api.py::TestMiscAPIs::test_get_single_commercial_deal - PASS (Duration: 0.25s)
2026-08-12 06:29:18 - GeoTravelGlobalLogger - INFO     - [logger.py:345] - Added test result to API SMOKE TEST: src/tests/api_tests/test_misc_api.py::TestMiscAPIs::test_get_single_commercial_deal - PASS
2026-08-12 06:29:18 - GeoTravelGlobalLogger - INFO     - [logger.py:345] - Retrieved credentials from environment for: geo.qa.bot@gmail.com
2026-08-12 06:29:18 - GeoTravelGlobalLogger - INFO     - [logger.py:345] - Attempting login with email: geo.qa.bot@gmail.com
2026-08-12 06:29:18 - GeoTravelGlobalLogger - INFO     - [logger.py:345] - 🔍 _request START - Current self.headers: {'Content-Type': 'application/json', 'Accept': 'application/json', 'X-Client-Type': 'retail'}
2026-08-12 06:29:18 - GeoTravelGlobalLogger - INFO     - [logger.py:345] - 🔍 _request - kwargs headers: {}
2026-08-12 06:29:18 - GeoTravelGlobalLogger - INFO     - [logger.py:345] - 🔍 _request FINAL headers being sent: {'Content-Type': 'application/json', 'Accept': 'application/json', 'X-Client-Type': 'retail'}
2026-08-12 06:29:18 - GeoTravelGlobalLogger - INFO     - [logger.py:345] - API Request: POST https://api.stg.gowithgeo.com/api/auth/login
2026-08-12 06:29:19 - GeoTravelGlobalLogger - INFO     - [logger.py:345] - API Response: 200
2026-08-12 06:29:19 - GeoTravelGlobalLogger - INFO     - [logger.py:345] - Token extracted via cookies (length: 167, valid)
2026-08-12 06:29:19 - GeoTravelGlobalLogger - INFO     - [logger.py:345] - ✅ Auth token set from cookies (Cookie header)
2026-08-12 06:29:19 - GeoTravelGlobalLogger - INFO     - [logger.py:345] - SUCCESS: ✅ Login successful - token set via cookies
2026-08-12 06:29:19 - GeoTravelGlobalLogger - INFO     - [logger.py:345] - SUCCESS: ✅ Authenticated successfully (token length: 167)
2026-08-12 06:29:19 - GeoTravelGlobalLogger - INFO     - [logger.py:345] - === Testing Get All Events ===
2026-08-12 06:29:19 - GeoTravelGlobalLogger - INFO     - [logger.py:345] - ✅ Auth token set from cookies (Cookie header)
2026-08-12 06:29:19 - GeoTravelGlobalLogger - INFO     - [logger.py:345] - 🔍 _request START - Current self.headers: {'Content-Type': 'application/json', 'Accept': 'application/json', 'X-Client-Type': 'retail', 'Cookie': 'retail_access_token=eyJhbGciOiJIUzI1NiIsInR5cCI6IkpXVCJ9.eyJpZCI6MTUxLCJ1c2VyVHlwZSI6IlJFVEFJTCIsImlhdCI6MTc4NjUxNjE1OCwiZXhwIjoxNzg2NTU5MzU4fQ.QYBLQ7CJiIFiiq3c4q-5JrRz3HLdhDZMEJ6dsUuzQFg'}
2026-08-12 06:29:19 - GeoTravelGlobalLogger - INFO     - [logger.py:345] - 🔍 _request - kwargs headers: {}
2026-08-12 06:29:19 - GeoTravelGlobalLogger - INFO     - [logger.py:345] - 🔍 _request FINAL headers being sent: {'Content-Type': 'application/json', 'Accept': 'application/json', 'X-Client-Type': 'retail', 'Cookie': 'retail_access_token=eyJhbGciOiJIUzI1NiIsInR5cCI6IkpXVCJ9.eyJpZCI6MTUxLCJ1c2VyVHlwZSI6IlJFVEFJTCIsImlhdCI6MTc4NjUxNjE1OCwiZXhwIjoxNzg2NTU5MzU4fQ.QYBLQ7CJiIFiiq3c4q-5JrRz3HLdhDZMEJ6dsUuzQFg'}
2026-08-12 06:29:19 - GeoTravelGlobalLogger - INFO     - [logger.py:345] - API Request: GET https://api.stg.gowithgeo.com/api/event/all
2026-08-12 06:29:19 - GeoTravelGlobalLogger - INFO     - [logger.py:345] - API Response: 200
2026-08-12 06:29:19 - GeoTravelGlobalLogger - INFO     - [logger.py:345] - All Events: 200
2026-08-12 06:29:19 - GeoTravelGlobalLogger - INFO     - [logger.py:345] - ✅ Saved test-specific logs: reports/logs/src_tests_api_tests_test_misc_api.py_TestMiscAPIs_test_get_all_events_062919.log
2026-08-12 06:29:19 - GeoTravelGlobalLogger - INFO     - [logger.py:345] - Test result added: src/tests/api_tests/test_misc_api.py::TestMiscAPIs::test_get_all_events - PASS (Duration: 0.23s)
2026-08-12 06:29:19 - GeoTravelGlobalLogger - INFO     - [logger.py:345] - Added test result to API SMOKE TEST: src/tests/api_tests/test_misc_api.py::TestMiscAPIs::test_get_all_events - PASS
2026-08-12 06:29:19 - GeoTravelGlobalLogger - INFO     - [logger.py:345] - Retrieved credentials from environment for: geo.qa.bot@gmail.com
2026-08-12 06:29:19 - GeoTravelGlobalLogger - INFO     - [logger.py:345] - Attempting login with email: geo.qa.bot@gmail.com
2026-08-12 06:29:19 - GeoTravelGlobalLogger - INFO     - [logger.py:345] - 🔍 _request START - Current self.headers: {'Content-Type': 'application/json', 'Accept': 'application/json', 'X-Client-Type': 'retail'}
2026-08-12 06:29:19 - GeoTravelGlobalLogger - INFO     - [logger.py:345] - 🔍 _request - kwargs headers: {}
2026-08-12 06:29:19 - GeoTravelGlobalLogger - INFO     - [logger.py:345] - 🔍 _request FINAL headers being sent: {'Content-Type': 'application/json', 'Accept': 'application/json', 'X-Client-Type': 'retail'}
2026-08-12 06:29:19 - GeoTravelGlobalLogger - INFO     - [logger.py:345] - API Request: POST https://api.stg.gowithgeo.com/api/auth/login
2026-08-12 06:29:19 - GeoTravelGlobalLogger - INFO     - [logger.py:345] - API Response: 200
2026-08-12 06:29:19 - GeoTravelGlobalLogger - INFO     - [logger.py:345] - Token extracted via cookies (length: 167, valid)
2026-08-12 06:29:19 - GeoTravelGlobalLogger - INFO     - [logger.py:345] - ✅ Auth token set from cookies (Cookie header)
2026-08-12 06:29:19 - GeoTravelGlobalLogger - INFO     - [logger.py:345] - SUCCESS: ✅ Login successful - token set via cookies
2026-08-12 06:29:19 - GeoTravelGlobalLogger - INFO     - [logger.py:345] - SUCCESS: ✅ Authenticated successfully (token length: 167)
2026-08-12 06:29:19 - GeoTravelGlobalLogger - INFO     - [logger.py:345] - === Testing Get Airports ===
2026-08-12 06:29:19 - GeoTravelGlobalLogger - INFO     - [logger.py:345] - ✅ Auth token set from cookies (Cookie header)
2026-08-12 06:29:19 - GeoTravelGlobalLogger - INFO     - [logger.py:345] - ✅ Saved test-specific logs: reports/logs/src_tests_api_tests_test_misc_api.py_TestMiscAPIs_test_get_airports_062919.log
2026-08-12 06:29:19 - GeoTravelGlobalLogger - INFO     - [logger.py:345] - Test result added: src/tests/api_tests/test_misc_api.py::TestMiscAPIs::test_get_airports - PASS (Duration: 0.00s)
2026-08-12 06:29:19 - GeoTravelGlobalLogger - INFO     - [logger.py:345] - Added test result to API SMOKE TEST: src/tests/api_tests/test_misc_api.py::TestMiscAPIs::test_get_airports - PASS
2026-08-12 06:29:19 - GeoTravelGlobalLogger - INFO     - [logger.py:345] - Retrieved credentials from environment for: geo.qa.bot@gmail.com
2026-08-12 06:29:19 - GeoTravelGlobalLogger - INFO     - [logger.py:345] - Attempting login with email: geo.qa.bot@gmail.com
2026-08-12 06:29:19 - GeoTravelGlobalLogger - INFO     - [logger.py:345] - 🔍 _request START - Current self.headers: {'Content-Type': 'application/json', 'Accept': 'application/json', 'X-Client-Type': 'retail'}
2026-08-12 06:29:19 - GeoTravelGlobalLogger - INFO     - [logger.py:345] - 🔍 _request - kwargs headers: {}
2026-08-12 06:29:19 - GeoTravelGlobalLogger - INFO     - [logger.py:345] - 🔍 _request FINAL headers being sent: {'Content-Type': 'application/json', 'Accept': 'application/json', 'X-Client-Type': 'retail'}
2026-08-12 06:29:19 - GeoTravelGlobalLogger - INFO     - [logger.py:345] - API Request: POST https://api.stg.gowithgeo.com/api/auth/login
2026-08-12 06:29:19 - GeoTravelGlobalLogger - INFO     - [logger.py:345] - API Response: 200
2026-08-12 06:29:19 - GeoTravelGlobalLogger - INFO     - [logger.py:345] - Token extracted via cookies (length: 167, valid)
2026-08-12 06:29:19 - GeoTravelGlobalLogger - INFO     - [logger.py:345] - ✅ Auth token set from cookies (Cookie header)
2026-08-12 06:29:19 - GeoTravelGlobalLogger - INFO     - [logger.py:345] - SUCCESS: ✅ Login successful - token set via cookies
2026-08-12 06:29:19 - GeoTravelGlobalLogger - INFO     - [logger.py:345] - SUCCESS: ✅ Authenticated successfully (token length: 167)
2026-08-12 06:29:19 - GeoTravelGlobalLogger - INFO     - [logger.py:345] - === Testing Get All Blogs ===
2026-08-12 06:29:19 - GeoTravelGlobalLogger - INFO     - [logger.py:345] - ✅ Auth token set from cookies (Cookie header)
2026-08-12 06:29:19 - GeoTravelGlobalLogger - INFO     - [logger.py:345] - 🔍 _request START - Current self.headers: {'Content-Type': 'application/json', 'Accept': 'application/json', 'X-Client-Type': 'retail', 'Cookie': 'retail_access_token=eyJhbGciOiJIUzI1NiIsInR5cCI6IkpXVCJ9.eyJpZCI6MTUxLCJ1c2VyVHlwZSI6IlJFVEFJTCIsImlhdCI6MTc4NjUxNjE1OSwiZXhwIjoxNzg2NTU5MzU5fQ.KqbDAuXn4ifMt7AtaY7s465x8jkVWUggx9uePoe6L68'}
2026-08-12 06:29:19 - GeoTravelGlobalLogger - INFO     - [logger.py:345] - 🔍 _request - kwargs headers: {}
2026-08-12 06:29:19 - GeoTravelGlobalLogger - INFO     - [logger.py:345] - 🔍 _request FINAL headers being sent: {'Content-Type': 'application/json', 'Accept': 'application/json', 'X-Client-Type': 'retail', 'Cookie': 'retail_access_token=eyJhbGciOiJIUzI1NiIsInR5cCI6IkpXVCJ9.eyJpZCI6MTUxLCJ1c2VyVHlwZSI6IlJFVEFJTCIsImlhdCI6MTc4NjUxNjE1OSwiZXhwIjoxNzg2NTU5MzU5fQ.KqbDAuXn4ifMt7AtaY7s465x8jkVWUggx9uePoe6L68'}
2026-08-12 06:29:19 - GeoTravelGlobalLogger - INFO     - [logger.py:345] - API Request: GET https://api.stg.gowithgeo.com/api/blog/all
2026-08-12 06:29:20 - GeoTravelGlobalLogger - INFO     - [logger.py:345] - API Response: 200
2026-08-12 06:29:20 - GeoTravelGlobalLogger - INFO     - [logger.py:345] - All Blogs: 200
2026-08-12 06:29:20 - GeoTravelGlobalLogger - INFO     - [logger.py:345] - ✅ Saved test-specific logs: reports/logs/src_tests_api_tests_test_misc_api.py_TestMiscAPIs_test_get_all_blogs_062920.log
2026-08-12 06:29:20 - GeoTravelGlobalLogger - INFO     - [logger.py:345] - Test result added: src/tests/api_tests/test_misc_api.py::TestMiscAPIs::test_get_all_blogs - PASS (Duration: 0.24s)
2026-08-12 06:29:20 - GeoTravelGlobalLogger - INFO     - [logger.py:345] - Added test result to API SMOKE TEST: src/tests/api_tests/test_misc_api.py::TestMiscAPIs::test_get_all_blogs - PASS
2026-08-12 06:29:20 - GeoTravelGlobalLogger - INFO     - [logger.py:345] - Retrieved credentials from environment for: geo.qa.bot@gmail.com
2026-08-12 06:29:20 - GeoTravelGlobalLogger - INFO     - [logger.py:345] - Attempting login with email: geo.qa.bot@gmail.com
2026-08-12 06:29:20 - GeoTravelGlobalLogger - INFO     - [logger.py:345] - 🔍 _request START - Current self.headers: {'Content-Type': 'application/json', 'Accept': 'application/json', 'X-Client-Type': 'retail'}
2026-08-12 06:29:20 - GeoTravelGlobalLogger - INFO     - [logger.py:345] - 🔍 _request - kwargs headers: {}
2026-08-12 06:29:20 - GeoTravelGlobalLogger - INFO     - [logger.py:345] - 🔍 _request FINAL headers being sent: {'Content-Type': 'application/json', 'Accept': 'application/json', 'X-Client-Type': 'retail'}
2026-08-12 06:29:20 - GeoTravelGlobalLogger - INFO     - [logger.py:345] - API Request: POST https://api.stg.gowithgeo.com/api/auth/login
2026-08-12 06:29:20 - GeoTravelGlobalLogger - INFO     - [logger.py:345] - API Response: 200
2026-08-12 06:29:20 - GeoTravelGlobalLogger - INFO     - [logger.py:345] - Token extracted via cookies (length: 167, valid)
2026-08-12 06:29:20 - GeoTravelGlobalLogger - INFO     - [logger.py:345] - ✅ Auth token set from cookies (Cookie header)
2026-08-12 06:29:20 - GeoTravelGlobalLogger - INFO     - [logger.py:345] - SUCCESS: ✅ Login successful - token set via cookies
2026-08-12 06:29:20 - GeoTravelGlobalLogger - INFO     - [logger.py:345] - SUCCESS: ✅ Authenticated successfully (token length: 167)
2026-08-12 06:29:20 - GeoTravelGlobalLogger - INFO     - [logger.py:345] - === Testing Get Single Blog ===
2026-08-12 06:29:20 - GeoTravelGlobalLogger - INFO     - [logger.py:345] - ✅ Auth token set from cookies (Cookie header)
2026-08-12 06:29:20 - GeoTravelGlobalLogger - INFO     - [logger.py:345] - 🔍 _request START - Current self.headers: {'Content-Type': 'application/json', 'Accept': 'application/json', 'X-Client-Type': 'retail', 'Cookie': 'retail_access_token=eyJhbGciOiJIUzI1NiIsInR5cCI6IkpXVCJ9.eyJpZCI6MTUxLCJ1c2VyVHlwZSI6IlJFVEFJTCIsImlhdCI6MTc4NjUxNjE2MCwiZXhwIjoxNzg2NTU5MzYwfQ.6AX_0LO2fjgGyQBd1AYIpRFD7ssGbLIkeNxLWoAQzR4'}
2026-08-12 06:29:20 - GeoTravelGlobalLogger - INFO     - [logger.py:345] - 🔍 _request - kwargs headers: {}
2026-08-12 06:29:20 - GeoTravelGlobalLogger - INFO     - [logger.py:345] - 🔍 _request FINAL headers being sent: {'Content-Type': 'application/json', 'Accept': 'application/json', 'X-Client-Type': 'retail', 'Cookie': 'retail_access_token=eyJhbGciOiJIUzI1NiIsInR5cCI6IkpXVCJ9.eyJpZCI6MTUxLCJ1c2VyVHlwZSI6IlJFVEFJTCIsImlhdCI6MTc4NjUxNjE2MCwiZXhwIjoxNzg2NTU5MzYwfQ.6AX_0LO2fjgGyQBd1AYIpRFD7ssGbLIkeNxLWoAQzR4'}
2026-08-12 06:29:20 - GeoTravelGlobalLogger - INFO     - [logger.py:345] - API Request: GET https://api.stg.gowithgeo.com/api/blog/all
2026-08-12 06:29:20 - GeoTravelGlobalLogger - INFO     - [logger.py:345] - API Response: 200
2026-08-12 06:29:20 - GeoTravelGlobalLogger - INFO     - [logger.py:345] - 🔍 _request START - Current self.headers: {'Content-Type': 'application/json', 'Accept': 'application/json', 'X-Client-Type': 'retail', 'Cookie': 'retail_access_token=eyJhbGciOiJIUzI1NiIsInR5cCI6IkpXVCJ9.eyJpZCI6MTUxLCJ1c2VyVHlwZSI6IlJFVEFJTCIsImlhdCI6MTc4NjUxNjE2MCwiZXhwIjoxNzg2NTU5MzYwfQ.6AX_0LO2fjgGyQBd1AYIpRFD7ssGbLIkeNxLWoAQzR4'}
2026-08-12 06:29:20 - GeoTravelGlobalLogger - INFO     - [logger.py:345] - 🔍 _request - kwargs headers: {}
2026-08-12 06:29:20 - GeoTravelGlobalLogger - INFO     - [logger.py:345] - 🔍 _request FINAL headers being sent: {'Content-Type': 'application/json', 'Accept': 'application/json', 'X-Client-Type': 'retail', 'Cookie': 'retail_access_token=eyJhbGciOiJIUzI1NiIsInR5cCI6IkpXVCJ9.eyJpZCI6MTUxLCJ1c2VyVHlwZSI6IlJFVEFJTCIsImlhdCI6MTc4NjUxNjE2MCwiZXhwIjoxNzg2NTU5MzYwfQ.6AX_0LO2fjgGyQBd1AYIpRFD7ssGbLIkeNxLWoAQzR4'}
2026-08-12 06:29:20 - GeoTravelGlobalLogger - INFO     - [logger.py:345] - API Request: GET https://api.stg.gowithgeo.com/api/blog/37
2026-08-12 06:29:21 - GeoTravelGlobalLogger - INFO     - [logger.py:345] - API Response: 200
2026-08-12 06:29:21 - GeoTravelGlobalLogger - INFO     - [logger.py:345] - Single Blog status: 200
2026-08-12 06:29:21 - GeoTravelGlobalLogger - INFO     - [logger.py:345] - ✅ Saved test-specific logs: reports/logs/src_tests_api_tests_test_misc_api.py_TestMiscAPIs_test_get_single_blog_062921.log
2026-08-12 06:29:21 - GeoTravelGlobalLogger - INFO     - [logger.py:345] - Test result added: src/tests/api_tests/test_misc_api.py::TestMiscAPIs::test_get_single_blog - PASS (Duration: 0.66s)
2026-08-12 06:29:21 - GeoTravelGlobalLogger - INFO     - [logger.py:345] - Added test result to API SMOKE TEST: src/tests/api_tests/test_misc_api.py::TestMiscAPIs::test_get_single_blog - PASS
2026-08-12 06:29:21 - GeoTravelGlobalLogger - INFO     - [logger.py:345] - Retrieved credentials from environment for: geo.qa.bot@gmail.com
2026-08-12 06:29:21 - GeoTravelGlobalLogger - INFO     - [logger.py:345] - Attempting login with email: geo.qa.bot@gmail.com
2026-08-12 06:29:21 - GeoTravelGlobalLogger - INFO     - [logger.py:345] - 🔍 _request START - Current self.headers: {'Content-Type': 'application/json', 'Accept': 'application/json', 'X-Client-Type': 'retail'}
2026-08-12 06:29:21 - GeoTravelGlobalLogger - INFO     - [logger.py:345] - 🔍 _request - kwargs headers: {}
2026-08-12 06:29:21 - GeoTravelGlobalLogger - INFO     - [logger.py:345] - 🔍 _request FINAL headers being sent: {'Content-Type': 'application/json', 'Accept': 'application/json', 'X-Client-Type': 'retail'}
2026-08-12 06:29:21 - GeoTravelGlobalLogger - INFO     - [logger.py:345] - API Request: POST https://api.stg.gowithgeo.com/api/auth/login
2026-08-12 06:29:21 - GeoTravelGlobalLogger - INFO     - [logger.py:345] - API Response: 200
2026-08-12 06:29:21 - GeoTravelGlobalLogger - INFO     - [logger.py:345] - Token extracted via cookies (length: 167, valid)
2026-08-12 06:29:21 - GeoTravelGlobalLogger - INFO     - [logger.py:345] - ✅ Auth token set from cookies (Cookie header)
2026-08-12 06:29:21 - GeoTravelGlobalLogger - INFO     - [logger.py:345] - SUCCESS: ✅ Login successful - token set via cookies
2026-08-12 06:29:21 - GeoTravelGlobalLogger - INFO     - [logger.py:345] - SUCCESS: ✅ Authenticated successfully (token length: 167)
2026-08-12 06:29:21 - GeoTravelGlobalLogger - INFO     - [logger.py:345] - === Testing Get Blog Comments ===
2026-08-12 06:29:21 - GeoTravelGlobalLogger - INFO     - [logger.py:345] - ✅ Auth token set from cookies (Cookie header)
2026-08-12 06:29:21 - GeoTravelGlobalLogger - INFO     - [logger.py:345] - 🔍 _request START - Current self.headers: {'Content-Type': 'application/json', 'Accept': 'application/json', 'X-Client-Type': 'retail', 'Cookie': 'retail_access_token=eyJhbGciOiJIUzI1NiIsInR5cCI6IkpXVCJ9.eyJpZCI6MTUxLCJ1c2VyVHlwZSI6IlJFVEFJTCIsImlhdCI6MTc4NjUxNjE2MSwiZXhwIjoxNzg2NTU5MzYxfQ.9h6l3kk0uK7KRwa45D2QSzV1Rxf0TI0XnJ9Oy37791I'}
2026-08-12 06:29:21 - GeoTravelGlobalLogger - INFO     - [logger.py:345] - 🔍 _request - kwargs headers: {}
2026-08-12 06:29:21 - GeoTravelGlobalLogger - INFO     - [logger.py:345] - 🔍 _request FINAL headers being sent: {'Content-Type': 'application/json', 'Accept': 'application/json', 'X-Client-Type': 'retail', 'Cookie': 'retail_access_token=eyJhbGciOiJIUzI1NiIsInR5cCI6IkpXVCJ9.eyJpZCI6MTUxLCJ1c2VyVHlwZSI6IlJFVEFJTCIsImlhdCI6MTc4NjUxNjE2MSwiZXhwIjoxNzg2NTU5MzYxfQ.9h6l3kk0uK7KRwa45D2QSzV1Rxf0TI0XnJ9Oy37791I'}
2026-08-12 06:29:21 - GeoTravelGlobalLogger - INFO     - [logger.py:345] - API Request: GET https://api.stg.gowithgeo.com/api/blog/all
2026-08-12 06:29:21 - GeoTravelGlobalLogger - INFO     - [logger.py:345] - API Response: 200
2026-08-12 06:29:21 - GeoTravelGlobalLogger - INFO     - [logger.py:345] - 🔍 _request START - Current self.headers: {'Content-Type': 'application/json', 'Accept': 'application/json', 'X-Client-Type': 'retail', 'Cookie': 'retail_access_token=eyJhbGciOiJIUzI1NiIsInR5cCI6IkpXVCJ9.eyJpZCI6MTUxLCJ1c2VyVHlwZSI6IlJFVEFJTCIsImlhdCI6MTc4NjUxNjE2MSwiZXhwIjoxNzg2NTU5MzYxfQ.9h6l3kk0uK7KRwa45D2QSzV1Rxf0TI0XnJ9Oy37791I'}
2026-08-12 06:29:21 - GeoTravelGlobalLogger - INFO     - [logger.py:345] - 🔍 _request - kwargs headers: {}
2026-08-12 06:29:21 - GeoTravelGlobalLogger - INFO     - [logger.py:345] - 🔍 _request FINAL headers being sent: {'Content-Type': 'application/json', 'Accept': 'application/json', 'X-Client-Type': 'retail', 'Cookie': 'retail_access_token=eyJhbGciOiJIUzI1NiIsInR5cCI6IkpXVCJ9.eyJpZCI6MTUxLCJ1c2VyVHlwZSI6IlJFVEFJTCIsImlhdCI6MTc4NjUxNjE2MSwiZXhwIjoxNzg2NTU5MzYxfQ.9h6l3kk0uK7KRwa45D2QSzV1Rxf0TI0XnJ9Oy37791I'}
2026-08-12 06:29:21 - GeoTravelGlobalLogger - INFO     - [logger.py:345] - API Request: GET https://api.stg.gowithgeo.com/api/blog/comment/blog/37
2026-08-12 06:29:21 - GeoTravelGlobalLogger - INFO     - [logger.py:345] - API Response: 200
2026-08-12 06:29:21 - GeoTravelGlobalLogger - INFO     - [logger.py:345] - Blog Comments status: 200
2026-08-12 06:29:21 - GeoTravelGlobalLogger - INFO     - [logger.py:345] - ✅ Saved test-specific logs: reports/logs/src_tests_api_tests_test_misc_api.py_TestMiscAPIs_test_get_blog_comments_062921.log
2026-08-12 06:29:21 - GeoTravelGlobalLogger - INFO     - [logger.py:345] - Test result added: src/tests/api_tests/test_misc_api.py::TestMiscAPIs::test_get_blog_comments - PASS (Duration: 0.41s)
2026-08-12 06:29:21 - GeoTravelGlobalLogger - INFO     - [logger.py:345] - Added test result to API SMOKE TEST: src/tests/api_tests/test_misc_api.py::TestMiscAPIs::test_get_blog_comments - PASS
2026-08-12 06:29:21 - GeoTravelGlobalLogger - INFO     - [logger.py:345] - Retrieved credentials from environment for: geo.qa.bot@gmail.com
2026-08-12 06:29:21 - GeoTravelGlobalLogger - INFO     - [logger.py:345] - Attempting login with email: geo.qa.bot@gmail.com
2026-08-12 06:29:21 - GeoTravelGlobalLogger - INFO     - [logger.py:345] - 🔍 _request START - Current self.headers: {'Content-Type': 'application/json', 'Accept': 'application/json', 'X-Client-Type': 'retail'}
2026-08-12 06:29:21 - GeoTravelGlobalLogger - INFO     - [logger.py:345] - 🔍 _request - kwargs headers: {}
2026-08-12 06:29:21 - GeoTravelGlobalLogger - INFO     - [logger.py:345] - 🔍 _request FINAL headers being sent: {'Content-Type': 'application/json', 'Accept': 'application/json', 'X-Client-Type': 'retail'}
2026-08-12 06:29:21 - GeoTravelGlobalLogger - INFO     - [logger.py:345] - API Request: POST https://api.stg.gowithgeo.com/api/auth/login
2026-08-12 06:29:22 - GeoTravelGlobalLogger - INFO     - [logger.py:345] - API Response: 200
2026-08-12 06:29:22 - GeoTravelGlobalLogger - INFO     - [logger.py:345] - Token extracted via cookies (length: 167, valid)
2026-08-12 06:29:22 - GeoTravelGlobalLogger - INFO     - [logger.py:345] - ✅ Auth token set from cookies (Cookie header)
2026-08-12 06:29:22 - GeoTravelGlobalLogger - INFO     - [logger.py:345] - SUCCESS: ✅ Login successful - token set via cookies
2026-08-12 06:29:22 - GeoTravelGlobalLogger - INFO     - [logger.py:345] - SUCCESS: ✅ Authenticated successfully (token length: 167)
2026-08-12 06:29:22 - GeoTravelGlobalLogger - INFO     - [logger.py:345] - === Testing Refresh Token ===
2026-08-12 06:29:22 - GeoTravelGlobalLogger - INFO     - [logger.py:345] - ✅ Auth token set from cookies (Cookie header)
2026-08-12 06:29:22 - GeoTravelGlobalLogger - INFO     - [logger.py:345] - 🔍 _request START - Current self.headers: {'Content-Type': 'application/json', 'Accept': 'application/json', 'X-Client-Type': 'retail', 'Cookie': 'retail_access_token=eyJhbGciOiJIUzI1NiIsInR5cCI6IkpXVCJ9.eyJpZCI6MTUxLCJ1c2VyVHlwZSI6IlJFVEFJTCIsImlhdCI6MTc4NjUxNjE2MSwiZXhwIjoxNzg2NTU5MzYxfQ.9h6l3kk0uK7KRwa45D2QSzV1Rxf0TI0XnJ9Oy37791I'}
2026-08-12 06:29:22 - GeoTravelGlobalLogger - INFO     - [logger.py:345] - 🔍 _request - kwargs headers: {}
2026-08-12 06:29:22 - GeoTravelGlobalLogger - INFO     - [logger.py:345] - 🔍 _request FINAL headers being sent: {'Content-Type': 'application/json', 'Accept': 'application/json', 'X-Client-Type': 'retail', 'Cookie': 'retail_access_token=eyJhbGciOiJIUzI1NiIsInR5cCI6IkpXVCJ9.eyJpZCI6MTUxLCJ1c2VyVHlwZSI6IlJFVEFJTCIsImlhdCI6MTc4NjUxNjE2MSwiZXhwIjoxNzg2NTU5MzYxfQ.9h6l3kk0uK7KRwa45D2QSzV1Rxf0TI0XnJ9Oy37791I'}
2026-08-12 06:29:22 - GeoTravelGlobalLogger - INFO     - [logger.py:345] - API Request: POST https://api.stg.gowithgeo.com/api/auth/refresh
2026-08-12 06:29:22 - GeoTravelGlobalLogger - INFO     - [logger.py:345] - API Response: 401
2026-08-12 06:29:22 - GeoTravelGlobalLogger - INFO     - [logger.py:345] - Refresh Token: 401
2026-08-12 06:29:22 - GeoTravelGlobalLogger - INFO     - [logger.py:345] - ✅ Saved test-specific logs: reports/logs/src_tests_api_tests_test_misc_api.py_TestMiscAPIs_test_refresh_token_062922.log
2026-08-12 06:29:22 - GeoTravelGlobalLogger - INFO     - [logger.py:345] - Test result added: src/tests/api_tests/test_misc_api.py::TestMiscAPIs::test_refresh_token - PASS (Duration: 0.06s)
2026-08-12 06:29:22 - GeoTravelGlobalLogger - INFO     - [logger.py:345] - Added test result to API SMOKE TEST: src/tests/api_tests/test_misc_api.py::TestMiscAPIs::test_refresh_token - PASS
2026-08-12 06:29:22 - GeoTravelGlobalLogger - INFO     - [logger.py:345] - Retrieved credentials from environment for: geo.qa.bot@gmail.com
2026-08-12 06:29:22 - GeoTravelGlobalLogger - INFO     - [logger.py:345] - Attempting login with email: geo.qa.bot@gmail.com
2026-08-12 06:29:22 - GeoTravelGlobalLogger - INFO     - [logger.py:345] - 🔍 _request START - Current self.headers: {'Content-Type': 'application/json', 'Accept': 'application/json', 'X-Client-Type': 'retail'}
2026-08-12 06:29:22 - GeoTravelGlobalLogger - INFO     - [logger.py:345] - 🔍 _request - kwargs headers: {}
2026-08-12 06:29:22 - GeoTravelGlobalLogger - INFO     - [logger.py:345] - 🔍 _request FINAL headers being sent: {'Content-Type': 'application/json', 'Accept': 'application/json', 'X-Client-Type': 'retail'}
2026-08-12 06:29:22 - GeoTravelGlobalLogger - INFO     - [logger.py:345] - API Request: POST https://api.stg.gowithgeo.com/api/auth/login
2026-08-12 06:29:22 - GeoTravelGlobalLogger - INFO     - [logger.py:345] - API Response: 200
2026-08-12 06:29:22 - GeoTravelGlobalLogger - INFO     - [logger.py:345] - Token extracted via cookies (length: 167, valid)
2026-08-12 06:29:22 - GeoTravelGlobalLogger - INFO     - [logger.py:345] - ✅ Auth token set from cookies (Cookie header)
2026-08-12 06:29:22 - GeoTravelGlobalLogger - INFO     - [logger.py:345] - SUCCESS: ✅ Login successful - token set via cookies
2026-08-12 06:29:22 - GeoTravelGlobalLogger - INFO     - [logger.py:345] - SUCCESS: ✅ Authenticated successfully (token length: 167)
2026-08-12 06:29:22 - GeoTravelGlobalLogger - INFO     - [logger.py:345] - === Testing Get User Profile ===
2026-08-12 06:29:22 - GeoTravelGlobalLogger - INFO     - [logger.py:345] - ✅ Auth token set from cookies (Cookie header)
2026-08-12 06:29:22 - GeoTravelGlobalLogger - INFO     - [logger.py:345] - 🔍 _request START - Current self.headers: {'Content-Type': 'application/json', 'Accept': 'application/json', 'X-Client-Type': 'retail', 'Cookie': 'retail_access_token=eyJhbGciOiJIUzI1NiIsInR5cCI6IkpXVCJ9.eyJpZCI6MTUxLCJ1c2VyVHlwZSI6IlJFVEFJTCIsImlhdCI6MTc4NjUxNjE2MiwiZXhwIjoxNzg2NTU5MzYyfQ.eqITEOfXrFR7pdrB2Fz55gJw_VDoxH3InAqxyXp5f3o'}
2026-08-12 06:29:22 - GeoTravelGlobalLogger - INFO     - [logger.py:345] - 🔍 _request - kwargs headers: {}
2026-08-12 06:29:22 - GeoTravelGlobalLogger - INFO     - [logger.py:345] - 🔍 _request FINAL headers being sent: {'Content-Type': 'application/json', 'Accept': 'application/json', 'X-Client-Type': 'retail', 'Cookie': 'retail_access_token=eyJhbGciOiJIUzI1NiIsInR5cCI6IkpXVCJ9.eyJpZCI6MTUxLCJ1c2VyVHlwZSI6IlJFVEFJTCIsImlhdCI6MTc4NjUxNjE2MiwiZXhwIjoxNzg2NTU5MzYyfQ.eqITEOfXrFR7pdrB2Fz55gJw_VDoxH3InAqxyXp5f3o'}
2026-08-12 06:29:22 - GeoTravelGlobalLogger - INFO     - [logger.py:345] - API Request: GET https://api.stg.gowithgeo.com/api/users/me
2026-08-12 06:29:22 - GeoTravelGlobalLogger - INFO     - [logger.py:345] - API Response: 200
2026-08-12 06:29:22 - GeoTravelGlobalLogger - INFO     - [logger.py:345] - User Profile: 200
2026-08-12 06:29:22 - GeoTravelGlobalLogger - INFO     - [logger.py:345] - ✅ Saved test-specific logs: reports/logs/src_tests_api_tests_test_misc_api.py_TestMiscAPIs_test_get_user_profile_062922.log
2026-08-12 06:29:22 - GeoTravelGlobalLogger - INFO     - [logger.py:345] - Test result added: src/tests/api_tests/test_misc_api.py::TestMiscAPIs::test_get_user_profile - PASS (Duration: 0.24s)
2026-08-12 06:29:22 - GeoTravelGlobalLogger - INFO     - [logger.py:345] - Added test result to API SMOKE TEST: src/tests/api_tests/test_misc_api.py::TestMiscAPIs::test_get_user_profile - PASS
2026-08-12 06:29:22 - GeoTravelGlobalLogger - INFO     - [logger.py:345] - Retrieved credentials from environment for: geo.qa.bot@gmail.com
2026-08-12 06:29:22 - GeoTravelGlobalLogger - INFO     - [logger.py:345] - Attempting login with email: geo.qa.bot@gmail.com
2026-08-12 06:29:22 - GeoTravelGlobalLogger - INFO     - [logger.py:345] - 🔍 _request START - Current self.headers: {'Content-Type': 'application/json', 'Accept': 'application/json', 'X-Client-Type': 'retail'}
2026-08-12 06:29:22 - GeoTravelGlobalLogger - INFO     - [logger.py:345] - 🔍 _request - kwargs headers: {}
2026-08-12 06:29:22 - GeoTravelGlobalLogger - INFO     - [logger.py:345] - 🔍 _request FINAL headers being sent: {'Content-Type': 'application/json', 'Accept': 'application/json', 'X-Client-Type': 'retail'}
2026-08-12 06:29:22 - GeoTravelGlobalLogger - INFO     - [logger.py:345] - API Request: POST https://api.stg.gowithgeo.com/api/auth/login
2026-08-12 06:29:22 - GeoTravelGlobalLogger - INFO     - [logger.py:345] - API Response: 200
2026-08-12 06:29:22 - GeoTravelGlobalLogger - INFO     - [logger.py:345] - Token extracted via cookies (length: 167, valid)
2026-08-12 06:29:22 - GeoTravelGlobalLogger - INFO     - [logger.py:345] - ✅ Auth token set from cookies (Cookie header)
2026-08-12 06:29:22 - GeoTravelGlobalLogger - INFO     - [logger.py:345] - SUCCESS: ✅ Login successful - token set via cookies
2026-08-12 06:29:22 - GeoTravelGlobalLogger - INFO     - [logger.py:345] - SUCCESS: ✅ Authenticated successfully (token length: 167)
2026-08-12 06:29:22 - GeoTravelGlobalLogger - INFO     - [logger.py:345] - === Testing Get User Transactions ===
2026-08-12 06:29:22 - GeoTravelGlobalLogger - INFO     - [logger.py:345] - ✅ Auth token set from cookies (Cookie header)
2026-08-12 06:29:22 - GeoTravelGlobalLogger - INFO     - [logger.py:345] - 🔍 _request START - Current self.headers: {'Content-Type': 'application/json', 'Accept': 'application/json', 'X-Client-Type': 'retail', 'Cookie': 'retail_access_token=eyJhbGciOiJIUzI1NiIsInR5cCI6IkpXVCJ9.eyJpZCI6MTUxLCJ1c2VyVHlwZSI6IlJFVEFJTCIsImlhdCI6MTc4NjUxNjE2MiwiZXhwIjoxNzg2NTU5MzYyfQ.eqITEOfXrFR7pdrB2Fz55gJw_VDoxH3InAqxyXp5f3o'}
2026-08-12 06:29:22 - GeoTravelGlobalLogger - INFO     - [logger.py:345] - 🔍 _request - kwargs headers: {}
2026-08-12 06:29:22 - GeoTravelGlobalLogger - INFO     - [logger.py:345] - 🔍 _request FINAL headers being sent: {'Content-Type': 'application/json', 'Accept': 'application/json', 'X-Client-Type': 'retail', 'Cookie': 'retail_access_token=eyJhbGciOiJIUzI1NiIsInR5cCI6IkpXVCJ9.eyJpZCI6MTUxLCJ1c2VyVHlwZSI6IlJFVEFJTCIsImlhdCI6MTc4NjUxNjE2MiwiZXhwIjoxNzg2NTU5MzYyfQ.eqITEOfXrFR7pdrB2Fz55gJw_VDoxH3InAqxyXp5f3o'}
2026-08-12 06:29:22 - GeoTravelGlobalLogger - INFO     - [logger.py:345] - API Request: GET https://api.stg.gowithgeo.com/api/transactions/user
2026-08-12 06:29:23 - GeoTravelGlobalLogger - INFO     - [logger.py:345] - API Response: 200
2026-08-12 06:29:23 - GeoTravelGlobalLogger - INFO     - [logger.py:345] - User Transactions: 200
2026-08-12 06:29:23 - GeoTravelGlobalLogger - INFO     - [logger.py:345] - ✅ Saved test-specific logs: reports/logs/src_tests_api_tests_test_misc_api.py_TestMiscAPIs_test_get_user_transactions_062923.log
2026-08-12 06:29:23 - GeoTravelGlobalLogger - INFO     - [logger.py:345] - Test result added: src/tests/api_tests/test_misc_api.py::TestMiscAPIs::test_get_user_transactions - PASS (Duration: 0.37s)
2026-08-12 06:29:23 - GeoTravelGlobalLogger - INFO     - [logger.py:345] - Added test result to API SMOKE TEST: src/tests/api_tests/test_misc_api.py::TestMiscAPIs::test_get_user_transactions - PASS
2026-08-12 06:29:23 - GeoTravelGlobalLogger - INFO     - [logger.py:345] - Retrieved credentials from environment for: geo.qa.bot@gmail.com
2026-08-12 06:29:23 - GeoTravelGlobalLogger - INFO     - [logger.py:345] - Attempting login with email: geo.qa.bot@gmail.com
2026-08-12 06:29:23 - GeoTravelGlobalLogger - INFO     - [logger.py:345] - 🔍 _request START - Current self.headers: {'Content-Type': 'application/json', 'Accept': 'application/json', 'X-Client-Type': 'retail'}
2026-08-12 06:29:23 - GeoTravelGlobalLogger - INFO     - [logger.py:345] - 🔍 _request - kwargs headers: {}
2026-08-12 06:29:23 - GeoTravelGlobalLogger - INFO     - [logger.py:345] - 🔍 _request FINAL headers being sent: {'Content-Type': 'application/json', 'Accept': 'application/json', 'X-Client-Type': 'retail'}
2026-08-12 06:29:23 - GeoTravelGlobalLogger - INFO     - [logger.py:345] - API Request: POST https://api.stg.gowithgeo.com/api/auth/login
2026-08-12 06:29:23 - GeoTravelGlobalLogger - INFO     - [logger.py:345] - API Response: 200
2026-08-12 06:29:23 - GeoTravelGlobalLogger - INFO     - [logger.py:345] - Token extracted via cookies (length: 167, valid)
2026-08-12 06:29:23 - GeoTravelGlobalLogger - INFO     - [logger.py:345] - ✅ Auth token set from cookies (Cookie header)
2026-08-12 06:29:23 - GeoTravelGlobalLogger - INFO     - [logger.py:345] - SUCCESS: ✅ Login successful - token set via cookies
2026-08-12 06:29:23 - GeoTravelGlobalLogger - INFO     - [logger.py:345] - SUCCESS: ✅ Authenticated successfully (token length: 167)
2026-08-12 06:29:23 - GeoTravelGlobalLogger - INFO     - [logger.py:345] - === Testing Get Notifications ===
2026-08-12 06:29:23 - GeoTravelGlobalLogger - INFO     - [logger.py:345] - ✅ Auth token set from cookies (Cookie header)
2026-08-12 06:29:23 - GeoTravelGlobalLogger - INFO     - [logger.py:345] - 🔍 _request START - Current self.headers: {'Content-Type': 'application/json', 'Accept': 'application/json', 'X-Client-Type': 'retail', 'Cookie': 'retail_access_token=eyJhbGciOiJIUzI1NiIsInR5cCI6IkpXVCJ9.eyJpZCI6MTUxLCJ1c2VyVHlwZSI6IlJFVEFJTCIsImlhdCI6MTc4NjUxNjE2MywiZXhwIjoxNzg2NTU5MzYzfQ.r6GUFs1xLOJRmTpyd32pqctw4Pbf6zu5188fLT98VJI'}
2026-08-12 06:29:23 - GeoTravelGlobalLogger - INFO     - [logger.py:345] - 🔍 _request - kwargs headers: {}
2026-08-12 06:29:23 - GeoTravelGlobalLogger - INFO     - [logger.py:345] - 🔍 _request FINAL headers being sent: {'Content-Type': 'application/json', 'Accept': 'application/json', 'X-Client-Type': 'retail', 'Cookie': 'retail_access_token=eyJhbGciOiJIUzI1NiIsInR5cCI6IkpXVCJ9.eyJpZCI6MTUxLCJ1c2VyVHlwZSI6IlJFVEFJTCIsImlhdCI6MTc4NjUxNjE2MywiZXhwIjoxNzg2NTU5MzYzfQ.r6GUFs1xLOJRmTpyd32pqctw4Pbf6zu5188fLT98VJI'}
2026-08-12 06:29:23 - GeoTravelGlobalLogger - INFO     - [logger.py:345] - API Request: GET https://api.stg.gowithgeo.com/api/notifications
2026-08-12 06:29:23 - GeoTravelGlobalLogger - INFO     - [logger.py:345] - API Response: 200
2026-08-12 06:29:23 - GeoTravelGlobalLogger - INFO     - [logger.py:345] - Notifications: 200
2026-08-12 06:29:23 - GeoTravelGlobalLogger - INFO     - [logger.py:345] - ✅ Saved test-specific logs: reports/logs/src_tests_api_tests_test_misc_api.py_TestMiscAPIs_test_get_notifications_062923.log
2026-08-12 06:29:23 - GeoTravelGlobalLogger - INFO     - [logger.py:345] - Test result added: src/tests/api_tests/test_misc_api.py::TestMiscAPIs::test_get_notifications - PASS (Duration: 0.24s)
2026-08-12 06:29:23 - GeoTravelGlobalLogger - INFO     - [logger.py:345] - Added test result to API SMOKE TEST: src/tests/api_tests/test_misc_api.py::TestMiscAPIs::test_get_notifications - PASS
2026-08-12 06:29:23 - GeoTravelGlobalLogger - INFO     - [logger.py:345] - Retrieved credentials from environment for: geo.qa.bot@gmail.com
2026-08-12 06:29:23 - GeoTravelGlobalLogger - INFO     - [logger.py:345] - Attempting login with email: geo.qa.bot@gmail.com
2026-08-12 06:29:23 - GeoTravelGlobalLogger - INFO     - [logger.py:345] - 🔍 _request START - Current self.headers: {'Content-Type': 'application/json', 'Accept': 'application/json', 'X-Client-Type': 'retail'}
2026-08-12 06:29:23 - GeoTravelGlobalLogger - INFO     - [logger.py:345] - 🔍 _request - kwargs headers: {}
2026-08-12 06:29:23 - GeoTravelGlobalLogger - INFO     - [logger.py:345] - 🔍 _request FINAL headers being sent: {'Content-Type': 'application/json', 'Accept': 'application/json', 'X-Client-Type': 'retail'}
2026-08-12 06:29:23 - GeoTravelGlobalLogger - INFO     - [logger.py:345] - API Request: POST https://api.stg.gowithgeo.com/api/auth/login
2026-08-12 06:29:24 - GeoTravelGlobalLogger - INFO     - [logger.py:345] - API Response: 200
2026-08-12 06:29:24 - GeoTravelGlobalLogger - INFO     - [logger.py:345] - Token extracted via cookies (length: 167, valid)
2026-08-12 06:29:24 - GeoTravelGlobalLogger - INFO     - [logger.py:345] - ✅ Auth token set from cookies (Cookie header)
2026-08-12 06:29:24 - GeoTravelGlobalLogger - INFO     - [logger.py:345] - SUCCESS: ✅ Login successful - token set via cookies
2026-08-12 06:29:24 - GeoTravelGlobalLogger - INFO     - [logger.py:345] - SUCCESS: ✅ Authenticated successfully (token length: 167)
2026-08-12 06:29:24 - GeoTravelGlobalLogger - INFO     - [logger.py:345] - === Testing Subscribe Newsletter ===
2026-08-12 06:29:24 - GeoTravelGlobalLogger - INFO     - [logger.py:345] - ✅ Auth token set from cookies (Cookie header)
2026-08-12 06:29:24 - GeoTravelGlobalLogger - INFO     - [logger.py:345] - 🔍 _request START - Current self.headers: {'Content-Type': 'application/json', 'Accept': 'application/json', 'X-Client-Type': 'retail', 'Cookie': 'retail_access_token=eyJhbGciOiJIUzI1NiIsInR5cCI6IkpXVCJ9.eyJpZCI6MTUxLCJ1c2VyVHlwZSI6IlJFVEFJTCIsImlhdCI6MTc4NjUxNjE2NCwiZXhwIjoxNzg2NTU5MzY0fQ.yWalPpHw8CzqeLJUkcw1hxkv2u9rQInd2ktxVHHn8mA'}
2026-08-12 06:29:24 - GeoTravelGlobalLogger - INFO     - [logger.py:345] - 🔍 _request - kwargs headers: {}
2026-08-12 06:29:24 - GeoTravelGlobalLogger - INFO     - [logger.py:345] - 🔍 _request FINAL headers being sent: {'Content-Type': 'application/json', 'Accept': 'application/json', 'X-Client-Type': 'retail', 'Cookie': 'retail_access_token=eyJhbGciOiJIUzI1NiIsInR5cCI6IkpXVCJ9.eyJpZCI6MTUxLCJ1c2VyVHlwZSI6IlJFVEFJTCIsImlhdCI6MTc4NjUxNjE2NCwiZXhwIjoxNzg2NTU5MzY0fQ.yWalPpHw8CzqeLJUkcw1hxkv2u9rQInd2ktxVHHn8mA'}
2026-08-12 06:29:24 - GeoTravelGlobalLogger - INFO     - [logger.py:345] - API Request: POST https://api.stg.gowithgeo.com/api/newsletter/create
2026-08-12 06:29:24 - GeoTravelGlobalLogger - INFO     - [logger.py:345] - API Response: 400
2026-08-12 06:29:24 - GeoTravelGlobalLogger - INFO     - [logger.py:345] - Newsletter Subscribe: 400
2026-08-12 06:29:24 - GeoTravelGlobalLogger - INFO     - [logger.py:345] - ✅ Saved test-specific logs: reports/logs/src_tests_api_tests_test_misc_api.py_TestMiscAPIs_test_subscribe_newsletter_062924.log
2026-08-12 06:29:24 - GeoTravelGlobalLogger - INFO     - [logger.py:345] - Test result added: src/tests/api_tests/test_misc_api.py::TestMiscAPIs::test_subscribe_newsletter - PASS (Duration: 0.14s)
2026-08-12 06:29:24 - GeoTravelGlobalLogger - INFO     - [logger.py:345] - Added test result to API SMOKE TEST: src/tests/api_tests/test_misc_api.py::TestMiscAPIs::test_subscribe_newsletter - PASS
2026-08-12 06:29:24 - GeoTravelGlobalLogger - INFO     - [logger.py:345] - Retrieved credentials from environment for: geo.qa.bot@gmail.com
2026-08-12 06:29:24 - GeoTravelGlobalLogger - INFO     - [logger.py:345] - Attempting login with email: geo.qa.bot@gmail.com
2026-08-12 06:29:24 - GeoTravelGlobalLogger - INFO     - [logger.py:345] - 🔍 _request START - Current self.headers: {'Content-Type': 'application/json', 'Accept': 'application/json', 'X-Client-Type': 'retail'}
2026-08-12 06:29:24 - GeoTravelGlobalLogger - INFO     - [logger.py:345] - 🔍 _request - kwargs headers: {}
2026-08-12 06:29:24 - GeoTravelGlobalLogger - INFO     - [logger.py:345] - 🔍 _request FINAL headers being sent: {'Content-Type': 'application/json', 'Accept': 'application/json', 'X-Client-Type': 'retail'}
2026-08-12 06:29:24 - GeoTravelGlobalLogger - INFO     - [logger.py:345] - API Request: POST https://api.stg.gowithgeo.com/api/auth/login
2026-08-12 06:29:24 - GeoTravelGlobalLogger - INFO     - [logger.py:345] - API Response: 200
2026-08-12 06:29:24 - GeoTravelGlobalLogger - INFO     - [logger.py:345] - Token extracted via cookies (length: 167, valid)
2026-08-12 06:29:24 - GeoTravelGlobalLogger - INFO     - [logger.py:345] - ✅ Auth token set from cookies (Cookie header)
2026-08-12 06:29:24 - GeoTravelGlobalLogger - INFO     - [logger.py:345] - SUCCESS: ✅ Login successful - token set via cookies
2026-08-12 06:29:24 - GeoTravelGlobalLogger - INFO     - [logger.py:345] - SUCCESS: ✅ Authenticated successfully (token length: 167)
2026-08-12 06:29:24 - GeoTravelGlobalLogger - INFO     - [logger.py:345] - === Testing Apply Voucher ===
2026-08-12 06:29:24 - GeoTravelGlobalLogger - INFO     - [logger.py:345] - ✅ Auth token set from cookies (Cookie header)
2026-08-12 06:29:24 - GeoTravelGlobalLogger - INFO     - [logger.py:345] - 🔍 _request START - Current self.headers: {'Content-Type': 'application/json', 'Accept': 'application/json', 'X-Client-Type': 'retail', 'Cookie': 'retail_access_token=eyJhbGciOiJIUzI1NiIsInR5cCI6IkpXVCJ9.eyJpZCI6MTUxLCJ1c2VyVHlwZSI6IlJFVEFJTCIsImlhdCI6MTc4NjUxNjE2NCwiZXhwIjoxNzg2NTU5MzY0fQ.yWalPpHw8CzqeLJUkcw1hxkv2u9rQInd2ktxVHHn8mA'}
2026-08-12 06:29:24 - GeoTravelGlobalLogger - INFO     - [logger.py:345] - 🔍 _request - kwargs headers: {}
2026-08-12 06:29:24 - GeoTravelGlobalLogger - INFO     - [logger.py:345] - 🔍 _request FINAL headers being sent: {'Content-Type': 'application/json', 'Accept': 'application/json', 'X-Client-Type': 'retail', 'Cookie': 'retail_access_token=eyJhbGciOiJIUzI1NiIsInR5cCI6IkpXVCJ9.eyJpZCI6MTUxLCJ1c2VyVHlwZSI6IlJFVEFJTCIsImlhdCI6MTc4NjUxNjE2NCwiZXhwIjoxNzg2NTU5MzY0fQ.yWalPpHw8CzqeLJUkcw1hxkv2u9rQInd2ktxVHHn8mA'}
2026-08-12 06:29:24 - GeoTravelGlobalLogger - INFO     - [logger.py:345] - API Request: POST https://api.stg.gowithgeo.com/api/price/voucher/apply
2026-08-12 06:29:24 - GeoTravelGlobalLogger - INFO     - [logger.py:345] - API Response: 404
2026-08-12 06:29:24 - GeoTravelGlobalLogger - INFO     - [logger.py:345] - Apply Voucher: 404
2026-08-12 06:29:24 - GeoTravelGlobalLogger - INFO     - [logger.py:345] - ✅ Saved test-specific logs: reports/logs/src_tests_api_tests_test_misc_api.py_TestMiscAPIs_test_apply_voucher_062924.log
2026-08-12 06:29:24 - GeoTravelGlobalLogger - INFO     - [logger.py:345] - Test result added: src/tests/api_tests/test_misc_api.py::TestMiscAPIs::test_apply_voucher - PASS (Duration: 0.06s)
2026-08-12 06:29:24 - GeoTravelGlobalLogger - INFO     - [logger.py:345] - Added test result to API SMOKE TEST: src/tests/api_tests/test_misc_api.py::TestMiscAPIs::test_apply_voucher - PASS
2026-08-12 06:29:24 - GeoTravelGlobalLogger - INFO     - [logger.py:345] - Retrieved credentials from environment for: geo.qa.bot@gmail.com
2026-08-12 06:29:24 - GeoTravelGlobalLogger - INFO     - [logger.py:345] - Attempting login with email: geo.qa.bot@gmail.com
2026-08-12 06:29:24 - GeoTravelGlobalLogger - INFO     - [logger.py:345] - 🔍 _request START - Current self.headers: {'Content-Type': 'application/json', 'Accept': 'application/json', 'X-Client-Type': 'retail'}
2026-08-12 06:29:24 - GeoTravelGlobalLogger - INFO     - [logger.py:345] - 🔍 _request - kwargs headers: {}
2026-08-12 06:29:24 - GeoTravelGlobalLogger - INFO     - [logger.py:345] - 🔍 _request FINAL headers being sent: {'Content-Type': 'application/json', 'Accept': 'application/json', 'X-Client-Type': 'retail'}
2026-08-12 06:29:24 - GeoTravelGlobalLogger - INFO     - [logger.py:345] - API Request: POST https://api.stg.gowithgeo.com/api/auth/login
2026-08-12 06:29:24 - GeoTravelGlobalLogger - INFO     - [logger.py:345] - API Response: 200
2026-08-12 06:29:24 - GeoTravelGlobalLogger - INFO     - [logger.py:345] - Token extracted via cookies (length: 167, valid)
2026-08-12 06:29:24 - GeoTravelGlobalLogger - INFO     - [logger.py:345] - ✅ Auth token set from cookies (Cookie header)
2026-08-12 06:29:24 - GeoTravelGlobalLogger - INFO     - [logger.py:345] - SUCCESS: ✅ Login successful - token set via cookies
2026-08-12 06:29:24 - GeoTravelGlobalLogger - INFO     - [logger.py:345] - SUCCESS: ✅ Authenticated successfully (token length: 167)
2026-08-12 06:29:24 - GeoTravelGlobalLogger - INFO     - [logger.py:345] - ✅ Auth token set from cookies (Cookie header)
2026-08-12 06:29:24 - GeoTravelGlobalLogger - INFO     - [logger.py:345] - ✅ Auth token set from cookies (Cookie header)
2026-08-12 06:29:24 - GeoTravelGlobalLogger - INFO     - [logger.py:345] - === Testing Get All Packages ===
2026-08-12 06:29:24 - GeoTravelGlobalLogger - INFO     - [logger.py:345] - 🔍 _request START - Current self.headers: {'Content-Type': 'application/json', 'Accept': 'application/json', 'X-Client-Type': 'retail', 'Cookie': 'retail_access_token=eyJhbGciOiJIUzI1NiIsInR5cCI6IkpXVCJ9.eyJpZCI6MTUxLCJ1c2VyVHlwZSI6IlJFVEFJTCIsImlhdCI6MTc4NjUxNjE2NCwiZXhwIjoxNzg2NTU5MzY0fQ.yWalPpHw8CzqeLJUkcw1hxkv2u9rQInd2ktxVHHn8mA'}
2026-08-12 06:29:24 - GeoTravelGlobalLogger - INFO     - [logger.py:345] - 🔍 _request - kwargs headers: {}
2026-08-12 06:29:24 - GeoTravelGlobalLogger - INFO     - [logger.py:345] - 🔍 _request FINAL headers being sent: {'Content-Type': 'application/json', 'Accept': 'application/json', 'X-Client-Type': 'retail', 'Cookie': 'retail_access_token=eyJhbGciOiJIUzI1NiIsInR5cCI6IkpXVCJ9.eyJpZCI6MTUxLCJ1c2VyVHlwZSI6IlJFVEFJTCIsImlhdCI6MTc4NjUxNjE2NCwiZXhwIjoxNzg2NTU5MzY0fQ.yWalPpHw8CzqeLJUkcw1hxkv2u9rQInd2ktxVHHn8mA'}
2026-08-12 06:29:24 - GeoTravelGlobalLogger - INFO     - [logger.py:345] - API Request: GET https://api.stg.gowithgeo.com/api/package/all
2026-08-12 06:29:25 - GeoTravelGlobalLogger - INFO     - [logger.py:345] - API Response: 200
2026-08-12 06:29:25 - GeoTravelGlobalLogger - INFO     - [logger.py:345] - SUCCESS: ✅ Get all packages successful
2026-08-12 06:29:25 - GeoTravelGlobalLogger - INFO     - [logger.py:345] - ✅ Saved test-specific logs: reports/logs/src_tests_api_tests_test_package_api.py_TestPackageAPI_test_get_all_packages_062925.log
2026-08-12 06:29:25 - GeoTravelGlobalLogger - INFO     - [logger.py:345] - Test result added: src/tests/api_tests/test_package_api.py::TestPackageAPI::test_get_all_packages - PASS (Duration: 0.23s)
2026-08-12 06:29:25 - GeoTravelGlobalLogger - INFO     - [logger.py:345] - Added test result to API SMOKE TEST: src/tests/api_tests/test_package_api.py::TestPackageAPI::test_get_all_packages - PASS
2026-08-12 06:29:25 - GeoTravelGlobalLogger - INFO     - [logger.py:345] - Retrieved credentials from environment for: geo.qa.bot@gmail.com
2026-08-12 06:29:25 - GeoTravelGlobalLogger - INFO     - [logger.py:345] - Attempting login with email: geo.qa.bot@gmail.com
2026-08-12 06:29:25 - GeoTravelGlobalLogger - INFO     - [logger.py:345] - 🔍 _request START - Current self.headers: {'Content-Type': 'application/json', 'Accept': 'application/json', 'X-Client-Type': 'retail'}
2026-08-12 06:29:25 - GeoTravelGlobalLogger - INFO     - [logger.py:345] - 🔍 _request - kwargs headers: {}
2026-08-12 06:29:25 - GeoTravelGlobalLogger - INFO     - [logger.py:345] - 🔍 _request FINAL headers being sent: {'Content-Type': 'application/json', 'Accept': 'application/json', 'X-Client-Type': 'retail'}
2026-08-12 06:29:25 - GeoTravelGlobalLogger - INFO     - [logger.py:345] - API Request: POST https://api.stg.gowithgeo.com/api/auth/login
2026-08-12 06:29:25 - GeoTravelGlobalLogger - INFO     - [logger.py:345] - API Response: 200
2026-08-12 06:29:25 - GeoTravelGlobalLogger - INFO     - [logger.py:345] - Token extracted via cookies (length: 167, valid)
2026-08-12 06:29:25 - GeoTravelGlobalLogger - INFO     - [logger.py:345] - ✅ Auth token set from cookies (Cookie header)
2026-08-12 06:29:25 - GeoTravelGlobalLogger - INFO     - [logger.py:345] - SUCCESS: ✅ Login successful - token set via cookies
2026-08-12 06:29:25 - GeoTravelGlobalLogger - INFO     - [logger.py:345] - SUCCESS: ✅ Authenticated successfully (token length: 167)
2026-08-12 06:29:25 - GeoTravelGlobalLogger - INFO     - [logger.py:345] - ✅ Auth token set from cookies (Cookie header)
2026-08-12 06:29:25 - GeoTravelGlobalLogger - INFO     - [logger.py:345] - ✅ Auth token set from cookies (Cookie header)
2026-08-12 06:29:25 - GeoTravelGlobalLogger - INFO     - [logger.py:345] - === Testing Get Package Countries ===
2026-08-12 06:29:25 - GeoTravelGlobalLogger - INFO     - [logger.py:345] - 🔍 _request START - Current self.headers: {'Content-Type': 'application/json', 'Accept': 'application/json', 'X-Client-Type': 'retail', 'Cookie': 'retail_access_token=eyJhbGciOiJIUzI1NiIsInR5cCI6IkpXVCJ9.eyJpZCI6MTUxLCJ1c2VyVHlwZSI6IlJFVEFJTCIsImlhdCI6MTc4NjUxNjE2NSwiZXhwIjoxNzg2NTU5MzY1fQ.pOif71Mjm87N3tXdQJa0CF0ONAKfeKyLmyUMyz14S0E'}
2026-08-12 06:29:25 - GeoTravelGlobalLogger - INFO     - [logger.py:345] - 🔍 _request - kwargs headers: {}
2026-08-12 06:29:25 - GeoTravelGlobalLogger - INFO     - [logger.py:345] - 🔍 _request FINAL headers being sent: {'Content-Type': 'application/json', 'Accept': 'application/json', 'X-Client-Type': 'retail', 'Cookie': 'retail_access_token=eyJhbGciOiJIUzI1NiIsInR5cCI6IkpXVCJ9.eyJpZCI6MTUxLCJ1c2VyVHlwZSI6IlJFVEFJTCIsImlhdCI6MTc4NjUxNjE2NSwiZXhwIjoxNzg2NTU5MzY1fQ.pOif71Mjm87N3tXdQJa0CF0ONAKfeKyLmyUMyz14S0E'}
2026-08-12 06:29:25 - GeoTravelGlobalLogger - INFO     - [logger.py:345] - API Request: GET https://api.stg.gowithgeo.com/api/package/countries
2026-08-12 06:29:25 - GeoTravelGlobalLogger - INFO     - [logger.py:345] - API Response: 200
2026-08-12 06:29:25 - GeoTravelGlobalLogger - INFO     - [logger.py:345] - SUCCESS: ✅ Get package countries successful
2026-08-12 06:29:25 - GeoTravelGlobalLogger - INFO     - [logger.py:345] - ✅ Saved test-specific logs: reports/logs/src_tests_api_tests_test_package_api.py_TestPackageAPI_test_get_package_countries_062925.log
2026-08-12 06:29:25 - GeoTravelGlobalLogger - INFO     - [logger.py:345] - Test result added: src/tests/api_tests/test_package_api.py::TestPackageAPI::test_get_package_countries - PASS (Duration: 0.15s)
2026-08-12 06:29:25 - GeoTravelGlobalLogger - INFO     - [logger.py:345] - Added test result to API SMOKE TEST: src/tests/api_tests/test_package_api.py::TestPackageAPI::test_get_package_countries - PASS
2026-08-12 06:29:25 - GeoTravelGlobalLogger - INFO     - [logger.py:345] - Retrieved credentials from environment for: geo.qa.bot@gmail.com
2026-08-12 06:29:25 - GeoTravelGlobalLogger - INFO     - [logger.py:345] - Attempting login with email: geo.qa.bot@gmail.com
2026-08-12 06:29:25 - GeoTravelGlobalLogger - INFO     - [logger.py:345] - 🔍 _request START - Current self.headers: {'Content-Type': 'application/json', 'Accept': 'application/json', 'X-Client-Type': 'retail'}
2026-08-12 06:29:25 - GeoTravelGlobalLogger - INFO     - [logger.py:345] - 🔍 _request - kwargs headers: {}
2026-08-12 06:29:25 - GeoTravelGlobalLogger - INFO     - [logger.py:345] - 🔍 _request FINAL headers being sent: {'Content-Type': 'application/json', 'Accept': 'application/json', 'X-Client-Type': 'retail'}
2026-08-12 06:29:25 - GeoTravelGlobalLogger - INFO     - [logger.py:345] - API Request: POST https://api.stg.gowithgeo.com/api/auth/login
2026-08-12 06:29:25 - GeoTravelGlobalLogger - INFO     - [logger.py:345] - API Response: 200
2026-08-12 06:29:25 - GeoTravelGlobalLogger - INFO     - [logger.py:345] - Token extracted via cookies (length: 167, valid)
2026-08-12 06:29:25 - GeoTravelGlobalLogger - INFO     - [logger.py:345] - ✅ Auth token set from cookies (Cookie header)
2026-08-12 06:29:25 - GeoTravelGlobalLogger - INFO     - [logger.py:345] - SUCCESS: ✅ Login successful - token set via cookies
2026-08-12 06:29:25 - GeoTravelGlobalLogger - INFO     - [logger.py:345] - SUCCESS: ✅ Authenticated successfully (token length: 167)
2026-08-12 06:29:25 - GeoTravelGlobalLogger - INFO     - [logger.py:345] - ✅ Auth token set from cookies (Cookie header)
2026-08-12 06:29:25 - GeoTravelGlobalLogger - INFO     - [logger.py:345] - ✅ Auth token set from cookies (Cookie header)
2026-08-12 06:29:25 - GeoTravelGlobalLogger - INFO     - [logger.py:345] - === Testing Get Single Package ===
2026-08-12 06:29:25 - GeoTravelGlobalLogger - INFO     - [logger.py:345] - 🔍 _request START - Current self.headers: {'Content-Type': 'application/json', 'Accept': 'application/json', 'X-Client-Type': 'retail', 'Cookie': 'retail_access_token=eyJhbGciOiJIUzI1NiIsInR5cCI6IkpXVCJ9.eyJpZCI6MTUxLCJ1c2VyVHlwZSI6IlJFVEFJTCIsImlhdCI6MTc4NjUxNjE2NSwiZXhwIjoxNzg2NTU5MzY1fQ.pOif71Mjm87N3tXdQJa0CF0ONAKfeKyLmyUMyz14S0E'}
2026-08-12 06:29:25 - GeoTravelGlobalLogger - INFO     - [logger.py:345] - 🔍 _request - kwargs headers: {}
2026-08-12 06:29:25 - GeoTravelGlobalLogger - INFO     - [logger.py:345] - 🔍 _request FINAL headers being sent: {'Content-Type': 'application/json', 'Accept': 'application/json', 'X-Client-Type': 'retail', 'Cookie': 'retail_access_token=eyJhbGciOiJIUzI1NiIsInR5cCI6IkpXVCJ9.eyJpZCI6MTUxLCJ1c2VyVHlwZSI6IlJFVEFJTCIsImlhdCI6MTc4NjUxNjE2NSwiZXhwIjoxNzg2NTU5MzY1fQ.pOif71Mjm87N3tXdQJa0CF0ONAKfeKyLmyUMyz14S0E'}
2026-08-12 06:29:25 - GeoTravelGlobalLogger - INFO     - [logger.py:345] - API Request: GET https://api.stg.gowithgeo.com/api/package/all
2026-08-12 06:29:26 - GeoTravelGlobalLogger - INFO     - [logger.py:345] - API Response: 200
2026-08-12 06:29:26 - GeoTravelGlobalLogger - INFO     - [logger.py:345] - 📦 Testing with package ID: 17
2026-08-12 06:29:26 - GeoTravelGlobalLogger - INFO     - [logger.py:345] - 🔍 _request START - Current self.headers: {'Content-Type': 'application/json', 'Accept': 'application/json', 'X-Client-Type': 'retail', 'Cookie': 'retail_access_token=eyJhbGciOiJIUzI1NiIsInR5cCI6IkpXVCJ9.eyJpZCI6MTUxLCJ1c2VyVHlwZSI6IlJFVEFJTCIsImlhdCI6MTc4NjUxNjE2NSwiZXhwIjoxNzg2NTU5MzY1fQ.pOif71Mjm87N3tXdQJa0CF0ONAKfeKyLmyUMyz14S0E'}
2026-08-12 06:29:26 - GeoTravelGlobalLogger - INFO     - [logger.py:345] - 🔍 _request - kwargs headers: {}
2026-08-12 06:29:26 - GeoTravelGlobalLogger - INFO     - [logger.py:345] - 🔍 _request FINAL headers being sent: {'Content-Type': 'application/json', 'Accept': 'application/json', 'X-Client-Type': 'retail', 'Cookie': 'retail_access_token=eyJhbGciOiJIUzI1NiIsInR5cCI6IkpXVCJ9.eyJpZCI6MTUxLCJ1c2VyVHlwZSI6IlJFVEFJTCIsImlhdCI6MTc4NjUxNjE2NSwiZXhwIjoxNzg2NTU5MzY1fQ.pOif71Mjm87N3tXdQJa0CF0ONAKfeKyLmyUMyz14S0E'}
2026-08-12 06:29:26 - GeoTravelGlobalLogger - INFO     - [logger.py:345] - API Request: GET https://api.stg.gowithgeo.com/api/package/17
2026-08-12 06:29:26 - GeoTravelGlobalLogger - INFO     - [logger.py:345] - API Response: 200
2026-08-12 06:29:26 - GeoTravelGlobalLogger - INFO     - [logger.py:345] - SUCCESS: ✅ Get single package 17 successful
2026-08-12 06:29:26 - GeoTravelGlobalLogger - INFO     - [logger.py:345] - ✅ Saved test-specific logs: reports/logs/src_tests_api_tests_test_package_api.py_TestPackageAPI_test_get_single_package_062926.log
2026-08-12 06:29:26 - GeoTravelGlobalLogger - INFO     - [logger.py:345] - Test result added: src/tests/api_tests/test_package_api.py::TestPackageAPI::test_get_single_package - PASS (Duration: 0.24s)
2026-08-12 06:29:26 - GeoTravelGlobalLogger - INFO     - [logger.py:345] - Added test result to API SMOKE TEST: src/tests/api_tests/test_package_api.py::TestPackageAPI::test_get_single_package - PASS
2026-08-12 06:29:26 - GeoTravelGlobalLogger - INFO     - [logger.py:345] - Retrieved credentials from environment for: geo.qa.bot@gmail.com
2026-08-12 06:29:26 - GeoTravelGlobalLogger - INFO     - [logger.py:345] - Attempting login with email: geo.qa.bot@gmail.com
2026-08-12 06:29:26 - GeoTravelGlobalLogger - INFO     - [logger.py:345] - 🔍 _request START - Current self.headers: {'Content-Type': 'application/json', 'Accept': 'application/json', 'X-Client-Type': 'retail'}
2026-08-12 06:29:26 - GeoTravelGlobalLogger - INFO     - [logger.py:345] - 🔍 _request - kwargs headers: {}
2026-08-12 06:29:26 - GeoTravelGlobalLogger - INFO     - [logger.py:345] - 🔍 _request FINAL headers being sent: {'Content-Type': 'application/json', 'Accept': 'application/json', 'X-Client-Type': 'retail'}
2026-08-12 06:29:26 - GeoTravelGlobalLogger - INFO     - [logger.py:345] - API Request: POST https://api.stg.gowithgeo.com/api/auth/login
2026-08-12 06:29:26 - GeoTravelGlobalLogger - INFO     - [logger.py:345] - API Response: 200
2026-08-12 06:29:26 - GeoTravelGlobalLogger - INFO     - [logger.py:345] - Token extracted via cookies (length: 167, valid)
2026-08-12 06:29:26 - GeoTravelGlobalLogger - INFO     - [logger.py:345] - ✅ Auth token set from cookies (Cookie header)
2026-08-12 06:29:26 - GeoTravelGlobalLogger - INFO     - [logger.py:345] - SUCCESS: ✅ Login successful - token set via cookies
2026-08-12 06:29:26 - GeoTravelGlobalLogger - INFO     - [logger.py:345] - SUCCESS: ✅ Authenticated successfully (token length: 167)
2026-08-12 06:29:26 - GeoTravelGlobalLogger - INFO     - [logger.py:345] - ✅ Auth token set from cookies (Cookie header)
2026-08-12 06:29:26 - GeoTravelGlobalLogger - INFO     - [logger.py:345] - ✅ Auth token set from cookies (Cookie header)
2026-08-12 06:29:26 - GeoTravelGlobalLogger - INFO     - [logger.py:345] - === Testing Search Packages ===
2026-08-12 06:29:26 - GeoTravelGlobalLogger - INFO     - [logger.py:345] - 🔍 _request START - Current self.headers: {'Content-Type': 'application/json', 'Accept': 'application/json', 'X-Client-Type': 'retail', 'Cookie': 'retail_access_token=eyJhbGciOiJIUzI1NiIsInR5cCI6IkpXVCJ9.eyJpZCI6MTUxLCJ1c2VyVHlwZSI6IlJFVEFJTCIsImlhdCI6MTc4NjUxNjE2NiwiZXhwIjoxNzg2NTU5MzY2fQ.w9IPNhvMWj7Ei2BQOIyRdACP6BpxKhKRav9kkCkuJX4'}
2026-08-12 06:29:26 - GeoTravelGlobalLogger - INFO     - [logger.py:345] - 🔍 _request - kwargs headers: {}
2026-08-12 06:29:26 - GeoTravelGlobalLogger - INFO     - [logger.py:345] - 🔍 _request FINAL headers being sent: {'Content-Type': 'application/json', 'Accept': 'application/json', 'X-Client-Type': 'retail', 'Cookie': 'retail_access_token=eyJhbGciOiJIUzI1NiIsInR5cCI6IkpXVCJ9.eyJpZCI6MTUxLCJ1c2VyVHlwZSI6IlJFVEFJTCIsImlhdCI6MTc4NjUxNjE2NiwiZXhwIjoxNzg2NTU5MzY2fQ.w9IPNhvMWj7Ei2BQOIyRdACP6BpxKhKRav9kkCkuJX4'}
2026-08-12 06:29:26 - GeoTravelGlobalLogger - INFO     - [logger.py:345] - API Request: GET https://api.stg.gowithgeo.com/api/package/all
2026-08-12 06:29:26 - GeoTravelGlobalLogger - INFO     - [logger.py:345] - API Response: 200
2026-08-12 06:29:26 - GeoTravelGlobalLogger - INFO     - [logger.py:345] - SUCCESS: ✅ Search packages successful
2026-08-12 06:29:26 - GeoTravelGlobalLogger - INFO     - [logger.py:345] - ✅ Saved test-specific logs: reports/logs/src_tests_api_tests_test_package_api.py_TestPackageAPI_test_search_packages_062926.log
2026-08-12 06:29:26 - GeoTravelGlobalLogger - INFO     - [logger.py:345] - Test result added: src/tests/api_tests/test_package_api.py::TestPackageAPI::test_search_packages - PASS (Duration: 0.15s)
2026-08-12 06:29:26 - GeoTravelGlobalLogger - INFO     - [logger.py:345] - Added test result to API SMOKE TEST: src/tests/api_tests/test_package_api.py::TestPackageAPI::test_search_packages - PASS
2026-08-12 06:29:26 - GeoTravelGlobalLogger - INFO     - [logger.py:345] - Retrieved credentials from environment for: geo.qa.bot@gmail.com
2026-08-12 06:29:26 - GeoTravelGlobalLogger - INFO     - [logger.py:345] - Attempting login with email: geo.qa.bot@gmail.com
2026-08-12 06:29:26 - GeoTravelGlobalLogger - INFO     - [logger.py:345] - 🔍 _request START - Current self.headers: {'Content-Type': 'application/json', 'Accept': 'application/json', 'X-Client-Type': 'retail'}
2026-08-12 06:29:26 - GeoTravelGlobalLogger - INFO     - [logger.py:345] - 🔍 _request - kwargs headers: {}
2026-08-12 06:29:26 - GeoTravelGlobalLogger - INFO     - [logger.py:345] - 🔍 _request FINAL headers being sent: {'Content-Type': 'application/json', 'Accept': 'application/json', 'X-Client-Type': 'retail'}
2026-08-12 06:29:26 - GeoTravelGlobalLogger - INFO     - [logger.py:345] - API Request: POST https://api.stg.gowithgeo.com/api/auth/login
2026-08-12 06:29:26 - GeoTravelGlobalLogger - INFO     - [logger.py:345] - API Response: 200
2026-08-12 06:29:26 - GeoTravelGlobalLogger - INFO     - [logger.py:345] - Token extracted via cookies (length: 167, valid)
2026-08-12 06:29:26 - GeoTravelGlobalLogger - INFO     - [logger.py:345] - ✅ Auth token set from cookies (Cookie header)
2026-08-12 06:29:26 - GeoTravelGlobalLogger - INFO     - [logger.py:345] - SUCCESS: ✅ Login successful - token set via cookies
2026-08-12 06:29:26 - GeoTravelGlobalLogger - INFO     - [logger.py:345] - SUCCESS: ✅ Authenticated successfully (token length: 167)
2026-08-12 06:29:26 - GeoTravelGlobalLogger - INFO     - [logger.py:345] - ✅ Auth token set from cookies (Cookie header)
2026-08-12 06:29:26 - GeoTravelGlobalLogger - INFO     - [logger.py:345] - ✅ Auth token set from cookies (Cookie header)
2026-08-12 06:29:26 - GeoTravelGlobalLogger - INFO     - [logger.py:345] - === Testing Get All Deals ===
2026-08-12 06:29:26 - GeoTravelGlobalLogger - INFO     - [logger.py:345] - 🔍 _request START - Current self.headers: {'Content-Type': 'application/json', 'Accept': 'application/json', 'X-Client-Type': 'retail', 'Cookie': 'retail_access_token=eyJhbGciOiJIUzI1NiIsInR5cCI6IkpXVCJ9.eyJpZCI6MTUxLCJ1c2VyVHlwZSI6IlJFVEFJTCIsImlhdCI6MTc4NjUxNjE2NiwiZXhwIjoxNzg2NTU5MzY2fQ.w9IPNhvMWj7Ei2BQOIyRdACP6BpxKhKRav9kkCkuJX4'}
2026-08-12 06:29:26 - GeoTravelGlobalLogger - INFO     - [logger.py:345] - 🔍 _request - kwargs headers: {}
2026-08-12 06:29:26 - GeoTravelGlobalLogger - INFO     - [logger.py:345] - 🔍 _request FINAL headers being sent: {'Content-Type': 'application/json', 'Accept': 'application/json', 'X-Client-Type': 'retail', 'Cookie': 'retail_access_token=eyJhbGciOiJIUzI1NiIsInR5cCI6IkpXVCJ9.eyJpZCI6MTUxLCJ1c2VyVHlwZSI6IlJFVEFJTCIsImlhdCI6MTc4NjUxNjE2NiwiZXhwIjoxNzg2NTU5MzY2fQ.w9IPNhvMWj7Ei2BQOIyRdACP6BpxKhKRav9kkCkuJX4'}
2026-08-12 06:29:26 - GeoTravelGlobalLogger - INFO     - [logger.py:345] - API Request: GET https://api.stg.gowithgeo.com/api/package/deal/all
2026-08-12 06:29:27 - GeoTravelGlobalLogger - INFO     - [logger.py:345] - API Response: 200
2026-08-12 06:29:27 - GeoTravelGlobalLogger - INFO     - [logger.py:345] - SUCCESS: ✅ Get all deals successful
2026-08-12 06:29:27 - GeoTravelGlobalLogger - INFO     - [logger.py:345] - ✅ Saved test-specific logs: reports/logs/src_tests_api_tests_test_package_api.py_TestPackageAPI_test_get_all_deals_062927.log
2026-08-12 06:29:27 - GeoTravelGlobalLogger - INFO     - [logger.py:345] - Test result added: src/tests/api_tests/test_package_api.py::TestPackageAPI::test_get_all_deals - PASS (Duration: 0.14s)
2026-08-12 06:29:27 - GeoTravelGlobalLogger - INFO     - [logger.py:345] - Added test result to API SMOKE TEST: src/tests/api_tests/test_package_api.py::TestPackageAPI::test_get_all_deals - PASS
2026-08-12 06:29:27 - GeoTravelGlobalLogger - INFO     - [logger.py:345] - Retrieved credentials from environment for: geo.qa.bot@gmail.com
2026-08-12 06:29:27 - GeoTravelGlobalLogger - INFO     - [logger.py:345] - Attempting login with email: geo.qa.bot@gmail.com
2026-08-12 06:29:27 - GeoTravelGlobalLogger - INFO     - [logger.py:345] - 🔍 _request START - Current self.headers: {'Content-Type': 'application/json', 'Accept': 'application/json', 'X-Client-Type': 'retail'}
2026-08-12 06:29:27 - GeoTravelGlobalLogger - INFO     - [logger.py:345] - 🔍 _request - kwargs headers: {}
2026-08-12 06:29:27 - GeoTravelGlobalLogger - INFO     - [logger.py:345] - 🔍 _request FINAL headers being sent: {'Content-Type': 'application/json', 'Accept': 'application/json', 'X-Client-Type': 'retail'}
2026-08-12 06:29:27 - GeoTravelGlobalLogger - INFO     - [logger.py:345] - API Request: POST https://api.stg.gowithgeo.com/api/auth/login
2026-08-12 06:29:27 - GeoTravelGlobalLogger - INFO     - [logger.py:345] - API Response: 200
2026-08-12 06:29:27 - GeoTravelGlobalLogger - INFO     - [logger.py:345] - Token extracted via cookies (length: 167, valid)
2026-08-12 06:29:27 - GeoTravelGlobalLogger - INFO     - [logger.py:345] - ✅ Auth token set from cookies (Cookie header)
2026-08-12 06:29:27 - GeoTravelGlobalLogger - INFO     - [logger.py:345] - SUCCESS: ✅ Login successful - token set via cookies
2026-08-12 06:29:27 - GeoTravelGlobalLogger - INFO     - [logger.py:345] - SUCCESS: ✅ Authenticated successfully (token length: 167)
2026-08-12 06:29:27 - GeoTravelGlobalLogger - INFO     - [logger.py:345] - ✅ Auth token set from cookies (Cookie header)
2026-08-12 06:29:27 - GeoTravelGlobalLogger - INFO     - [logger.py:345] - ✅ Auth token set from cookies (Cookie header)
2026-08-12 06:29:27 - GeoTravelGlobalLogger - INFO     - [logger.py:345] - === Testing Get Single Deal ===
2026-08-12 06:29:27 - GeoTravelGlobalLogger - INFO     - [logger.py:345] - 🔍 _request START - Current self.headers: {'Content-Type': 'application/json', 'Accept': 'application/json', 'X-Client-Type': 'retail', 'Cookie': 'retail_access_token=eyJhbGciOiJIUzI1NiIsInR5cCI6IkpXVCJ9.eyJpZCI6MTUxLCJ1c2VyVHlwZSI6IlJFVEFJTCIsImlhdCI6MTc4NjUxNjE2NywiZXhwIjoxNzg2NTU5MzY3fQ.a2M9KRu2MXY8IKP6w3GBx34KFsj9yi4GvMEtZadMZ1M'}
2026-08-12 06:29:27 - GeoTravelGlobalLogger - INFO     - [logger.py:345] - 🔍 _request - kwargs headers: {}
2026-08-12 06:29:27 - GeoTravelGlobalLogger - INFO     - [logger.py:345] - 🔍 _request FINAL headers being sent: {'Content-Type': 'application/json', 'Accept': 'application/json', 'X-Client-Type': 'retail', 'Cookie': 'retail_access_token=eyJhbGciOiJIUzI1NiIsInR5cCI6IkpXVCJ9.eyJpZCI6MTUxLCJ1c2VyVHlwZSI6IlJFVEFJTCIsImlhdCI6MTc4NjUxNjE2NywiZXhwIjoxNzg2NTU5MzY3fQ.a2M9KRu2MXY8IKP6w3GBx34KFsj9yi4GvMEtZadMZ1M'}
2026-08-12 06:29:27 - GeoTravelGlobalLogger - INFO     - [logger.py:345] - API Request: GET https://api.stg.gowithgeo.com/api/package/deal/all
2026-08-12 06:29:27 - GeoTravelGlobalLogger - INFO     - [logger.py:345] - API Response: 200
2026-08-12 06:29:27 - GeoTravelGlobalLogger - INFO     - [logger.py:345] - 🔍 _request START - Current self.headers: {'Content-Type': 'application/json', 'Accept': 'application/json', 'X-Client-Type': 'retail', 'Cookie': 'retail_access_token=eyJhbGciOiJIUzI1NiIsInR5cCI6IkpXVCJ9.eyJpZCI6MTUxLCJ1c2VyVHlwZSI6IlJFVEFJTCIsImlhdCI6MTc4NjUxNjE2NywiZXhwIjoxNzg2NTU5MzY3fQ.a2M9KRu2MXY8IKP6w3GBx34KFsj9yi4GvMEtZadMZ1M'}
2026-08-12 06:29:27 - GeoTravelGlobalLogger - INFO     - [logger.py:345] - 🔍 _request - kwargs headers: {}
2026-08-12 06:29:27 - GeoTravelGlobalLogger - INFO     - [logger.py:345] - 🔍 _request FINAL headers being sent: {'Content-Type': 'application/json', 'Accept': 'application/json', 'X-Client-Type': 'retail', 'Cookie': 'retail_access_token=eyJhbGciOiJIUzI1NiIsInR5cCI6IkpXVCJ9.eyJpZCI6MTUxLCJ1c2VyVHlwZSI6IlJFVEFJTCIsImlhdCI6MTc4NjUxNjE2NywiZXhwIjoxNzg2NTU5MzY3fQ.a2M9KRu2MXY8IKP6w3GBx34KFsj9yi4GvMEtZadMZ1M'}
2026-08-12 06:29:27 - GeoTravelGlobalLogger - INFO     - [logger.py:345] - API Request: GET https://api.stg.gowithgeo.com/api/package/deal/11
2026-08-12 06:29:27 - GeoTravelGlobalLogger - INFO     - [logger.py:345] - API Response: 200
2026-08-12 06:29:27 - GeoTravelGlobalLogger - INFO     - [logger.py:345] - SUCCESS: ✅ Get single deal 11 successful
2026-08-12 06:29:27 - GeoTravelGlobalLogger - INFO     - [logger.py:345] - ✅ Saved test-specific logs: reports/logs/src_tests_api_tests_test_package_api.py_TestPackageAPI_test_get_single_deal_062927.log
2026-08-12 06:29:27 - GeoTravelGlobalLogger - INFO     - [logger.py:345] - Test result added: src/tests/api_tests/test_package_api.py::TestPackageAPI::test_get_single_deal - PASS (Duration: 0.24s)
2026-08-12 06:29:27 - GeoTravelGlobalLogger - INFO     - [logger.py:345] - Added test result to API SMOKE TEST: src/tests/api_tests/test_package_api.py::TestPackageAPI::test_get_single_deal - PASS
2026-08-12 06:29:27 - GeoTravelGlobalLogger - INFO     - [logger.py:345] - Retrieved credentials from environment for: geo.qa.bot@gmail.com
2026-08-12 06:29:27 - GeoTravelGlobalLogger - INFO     - [logger.py:345] - Attempting login with email: geo.qa.bot@gmail.com
2026-08-12 06:29:27 - GeoTravelGlobalLogger - INFO     - [logger.py:345] - 🔍 _request START - Current self.headers: {'Content-Type': 'application/json', 'Accept': 'application/json', 'X-Client-Type': 'retail'}
2026-08-12 06:29:27 - GeoTravelGlobalLogger - INFO     - [logger.py:345] - 🔍 _request - kwargs headers: {}
2026-08-12 06:29:27 - GeoTravelGlobalLogger - INFO     - [logger.py:345] - 🔍 _request FINAL headers being sent: {'Content-Type': 'application/json', 'Accept': 'application/json', 'X-Client-Type': 'retail'}
2026-08-12 06:29:27 - GeoTravelGlobalLogger - INFO     - [logger.py:345] - API Request: POST https://api.stg.gowithgeo.com/api/auth/login
2026-08-12 06:29:27 - GeoTravelGlobalLogger - INFO     - [logger.py:345] - API Response: 200
2026-08-12 06:29:27 - GeoTravelGlobalLogger - INFO     - [logger.py:345] - Token extracted via cookies (length: 167, valid)
2026-08-12 06:29:27 - GeoTravelGlobalLogger - INFO     - [logger.py:345] - ✅ Auth token set from cookies (Cookie header)
2026-08-12 06:29:27 - GeoTravelGlobalLogger - INFO     - [logger.py:345] - SUCCESS: ✅ Login successful - token set via cookies
2026-08-12 06:29:27 - GeoTravelGlobalLogger - INFO     - [logger.py:345] - SUCCESS: ✅ Authenticated successfully (token length: 167)
2026-08-12 06:29:27 - GeoTravelGlobalLogger - INFO     - [logger.py:345] - ✅ Auth token set from cookies (Cookie header)
2026-08-12 06:29:27 - GeoTravelGlobalLogger - INFO     - [logger.py:345] - ✅ Auth token set from cookies (Cookie header)
2026-08-12 06:29:27 - GeoTravelGlobalLogger - INFO     - [logger.py:345] - === Testing AUTHENTICATED GROUP - Full Payment ===
2026-08-12 06:29:27 - GeoTravelGlobalLogger - INFO     - [logger.py:345] - 🔍 _request START - Current self.headers: {'Content-Type': 'application/json', 'Accept': 'application/json', 'X-Client-Type': 'retail', 'Cookie': 'retail_access_token=eyJhbGciOiJIUzI1NiIsInR5cCI6IkpXVCJ9.eyJpZCI6MTUxLCJ1c2VyVHlwZSI6IlJFVEFJTCIsImlhdCI6MTc4NjUxNjE2NywiZXhwIjoxNzg2NTU5MzY3fQ.a2M9KRu2MXY8IKP6w3GBx34KFsj9yi4GvMEtZadMZ1M'}
2026-08-12 06:29:27 - GeoTravelGlobalLogger - INFO     - [logger.py:345] - 🔍 _request - kwargs headers: {}
2026-08-12 06:29:27 - GeoTravelGlobalLogger - INFO     - [logger.py:345] - 🔍 _request FINAL headers being sent: {'Content-Type': 'application/json', 'Accept': 'application/json', 'X-Client-Type': 'retail', 'Cookie': 'retail_access_token=eyJhbGciOiJIUzI1NiIsInR5cCI6IkpXVCJ9.eyJpZCI6MTUxLCJ1c2VyVHlwZSI6IlJFVEFJTCIsImlhdCI6MTc4NjUxNjE2NywiZXhwIjoxNzg2NTU5MzY3fQ.a2M9KRu2MXY8IKP6w3GBx34KFsj9yi4GvMEtZadMZ1M'}
2026-08-12 06:29:27 - GeoTravelGlobalLogger - INFO     - [logger.py:345] - API Request: GET https://api.stg.gowithgeo.com/api/package/all
2026-08-12 06:29:28 - GeoTravelGlobalLogger - INFO     - [logger.py:345] - API Response: 200
2026-08-12 06:29:28 - GeoTravelGlobalLogger - INFO     - [logger.py:345] - 📦 Selected package: Qatar Summer Package (ID: 5)
2026-08-12 06:29:28 - GeoTravelGlobalLogger - INFO     - [logger.py:345] - 💰 Selected pricing: Early bird - ₦1000
2026-08-12 06:29:28 - GeoTravelGlobalLogger - INFO     - [logger.py:345] - 🔍 _request START - Current self.headers: {'Content-Type': 'application/json', 'Accept': 'application/json', 'X-Client-Type': 'retail', 'Cookie': 'retail_access_token=eyJhbGciOiJIUzI1NiIsInR5cCI6IkpXVCJ9.eyJpZCI6MTUxLCJ1c2VyVHlwZSI6IlJFVEFJTCIsImlhdCI6MTc4NjUxNjE2NywiZXhwIjoxNzg2NTU5MzY3fQ.a2M9KRu2MXY8IKP6w3GBx34KFsj9yi4GvMEtZadMZ1M'}
2026-08-12 06:29:28 - GeoTravelGlobalLogger - INFO     - [logger.py:345] - 🔍 _request - kwargs headers: {}
2026-08-12 06:29:28 - GeoTravelGlobalLogger - INFO     - [logger.py:345] - 🔍 _request FINAL headers being sent: {'Content-Type': 'application/json', 'Accept': 'application/json', 'X-Client-Type': 'retail', 'Cookie': 'retail_access_token=eyJhbGciOiJIUzI1NiIsInR5cCI6IkpXVCJ9.eyJpZCI6MTUxLCJ1c2VyVHlwZSI6IlJFVEFJTCIsImlhdCI6MTc4NjUxNjE2NywiZXhwIjoxNzg2NTU5MzY3fQ.a2M9KRu2MXY8IKP6w3GBx34KFsj9yi4GvMEtZadMZ1M'}
2026-08-12 06:29:28 - GeoTravelGlobalLogger - INFO     - [logger.py:345] - API Request: GET https://api.stg.gowithgeo.com/api/package/user/booked-packages
2026-08-12 06:29:29 - GeoTravelGlobalLogger - INFO     - [logger.py:345] - API Response: 200
2026-08-12 06:29:29 - GeoTravelGlobalLogger - INFO     - [logger.py:345] - 📊 Initial total bookings: 646
2026-08-12 06:29:29 - GeoTravelGlobalLogger - INFO     - [logger.py:345] - 📦 Payload: {'package': 5, 'full_name': 'GEO Bot', 'email': 'geo.qa.bot@gmail.com', 'phone': '1234567890', 'pricing_text': 'Early bird', 'payment_mode': 'FULL_PRICE', 'adults': 1, 'children': 1, 'infants': 0, 'paymentMethod': 'manual payment'}
2026-08-12 06:29:29 - GeoTravelGlobalLogger - INFO     - [logger.py:345] - 🔍 _request START - Current self.headers: {'Content-Type': 'application/json', 'Accept': 'application/json', 'X-Client-Type': 'retail', 'Cookie': 'retail_access_token=eyJhbGciOiJIUzI1NiIsInR5cCI6IkpXVCJ9.eyJpZCI6MTUxLCJ1c2VyVHlwZSI6IlJFVEFJTCIsImlhdCI6MTc4NjUxNjE2NywiZXhwIjoxNzg2NTU5MzY3fQ.a2M9KRu2MXY8IKP6w3GBx34KFsj9yi4GvMEtZadMZ1M'}
2026-08-12 06:29:29 - GeoTravelGlobalLogger - INFO     - [logger.py:345] - 🔍 _request - kwargs headers: {}
2026-08-12 06:29:29 - GeoTravelGlobalLogger - INFO     - [logger.py:345] - 🔍 _request FINAL headers being sent: {'Content-Type': 'application/json', 'Accept': 'application/json', 'X-Client-Type': 'retail', 'Cookie': 'retail_access_token=eyJhbGciOiJIUzI1NiIsInR5cCI6IkpXVCJ9.eyJpZCI6MTUxLCJ1c2VyVHlwZSI6IlJFVEFJTCIsImlhdCI6MTc4NjUxNjE2NywiZXhwIjoxNzg2NTU5MzY3fQ.a2M9KRu2MXY8IKP6w3GBx34KFsj9yi4GvMEtZadMZ1M'}
2026-08-12 06:29:29 - GeoTravelGlobalLogger - INFO     - [logger.py:345] - API Request: POST https://api.stg.gowithgeo.com/api/package/book
2026-08-12 06:29:29 - GeoTravelGlobalLogger - INFO     - [logger.py:345] - API Response: 200
2026-08-12 06:29:29 - GeoTravelGlobalLogger - INFO     - [logger.py:345] - SUCCESS: ✅ Verified user_id = 151 is present
2026-08-12 06:29:29 - GeoTravelGlobalLogger - INFO     - [logger.py:345] - ✅ Bank Transfer - correct response structure
2026-08-12 06:29:31 - GeoTravelGlobalLogger - INFO     - [logger.py:345] - 🔍 _request START - Current self.headers: {'Content-Type': 'application/json', 'Accept': 'application/json', 'X-Client-Type': 'retail', 'Cookie': 'retail_access_token=eyJhbGciOiJIUzI1NiIsInR5cCI6IkpXVCJ9.eyJpZCI6MTUxLCJ1c2VyVHlwZSI6IlJFVEFJTCIsImlhdCI6MTc4NjUxNjE2NywiZXhwIjoxNzg2NTU5MzY3fQ.a2M9KRu2MXY8IKP6w3GBx34KFsj9yi4GvMEtZadMZ1M'}
2026-08-12 06:29:31 - GeoTravelGlobalLogger - INFO     - [logger.py:345] - 🔍 _request - kwargs headers: {}
2026-08-12 06:29:31 - GeoTravelGlobalLogger - INFO     - [logger.py:345] - 🔍 _request FINAL headers being sent: {'Content-Type': 'application/json', 'Accept': 'application/json', 'X-Client-Type': 'retail', 'Cookie': 'retail_access_token=eyJhbGciOiJIUzI1NiIsInR5cCI6IkpXVCJ9.eyJpZCI6MTUxLCJ1c2VyVHlwZSI6IlJFVEFJTCIsImlhdCI6MTc4NjUxNjE2NywiZXhwIjoxNzg2NTU5MzY3fQ.a2M9KRu2MXY8IKP6w3GBx34KFsj9yi4GvMEtZadMZ1M'}
2026-08-12 06:29:31 - GeoTravelGlobalLogger - INFO     - [logger.py:345] - API Request: GET https://api.stg.gowithgeo.com/api/package/user/booked-packages
2026-08-12 06:29:32 - GeoTravelGlobalLogger - INFO     - [logger.py:345] - API Response: 200
2026-08-12 06:29:32 - GeoTravelGlobalLogger - INFO     - [logger.py:345] - SUCCESS: ✅ Total bookings increased from 646 to 647
2026-08-12 06:29:32 - GeoTravelGlobalLogger - INFO     - [logger.py:345] - ✅ New booking ID 2036 confirmed via total items increase
2026-08-12 06:29:32 - GeoTravelGlobalLogger - INFO     - [logger.py:345] - SUCCESS: ✅ Authenticated GROUP full payment test passed
2026-08-12 06:29:32 - GeoTravelGlobalLogger - INFO     - [logger.py:345] - ✅ Saved test-specific logs: reports/logs/src_tests_api_tests_test_package_api.py_TestPackageAPI_test_authenticated_booking_group_full_payment_062932.log
2026-08-12 06:29:32 - GeoTravelGlobalLogger - INFO     - [logger.py:345] - Test result added: src/tests/api_tests/test_package_api.py::TestPackageAPI::test_authenticated_booking_group_full_payment - PASS (Duration: 5.03s)
2026-08-12 06:29:32 - GeoTravelGlobalLogger - INFO     - [logger.py:345] - Added test result to API SMOKE TEST: src/tests/api_tests/test_package_api.py::TestPackageAPI::test_authenticated_booking_group_full_payment - PASS
2026-08-12 06:29:32 - GeoTravelGlobalLogger - INFO     - [logger.py:345] - Retrieved credentials from environment for: geo.qa.bot@gmail.com
2026-08-12 06:29:32 - GeoTravelGlobalLogger - INFO     - [logger.py:345] - Attempting login with email: geo.qa.bot@gmail.com
2026-08-12 06:29:32 - GeoTravelGlobalLogger - INFO     - [logger.py:345] - 🔍 _request START - Current self.headers: {'Content-Type': 'application/json', 'Accept': 'application/json', 'X-Client-Type': 'retail'}
2026-08-12 06:29:32 - GeoTravelGlobalLogger - INFO     - [logger.py:345] - 🔍 _request - kwargs headers: {}
2026-08-12 06:29:32 - GeoTravelGlobalLogger - INFO     - [logger.py:345] - 🔍 _request FINAL headers being sent: {'Content-Type': 'application/json', 'Accept': 'application/json', 'X-Client-Type': 'retail'}
2026-08-12 06:29:32 - GeoTravelGlobalLogger - INFO     - [logger.py:345] - API Request: POST https://api.stg.gowithgeo.com/api/auth/login
2026-08-12 06:29:33 - GeoTravelGlobalLogger - INFO     - [logger.py:345] - API Response: 200
2026-08-12 06:29:33 - GeoTravelGlobalLogger - INFO     - [logger.py:345] - Token extracted via cookies (length: 167, valid)
2026-08-12 06:29:33 - GeoTravelGlobalLogger - INFO     - [logger.py:345] - ✅ Auth token set from cookies (Cookie header)
2026-08-12 06:29:33 - GeoTravelGlobalLogger - INFO     - [logger.py:345] - SUCCESS: ✅ Login successful - token set via cookies
2026-08-12 06:29:33 - GeoTravelGlobalLogger - INFO     - [logger.py:345] - SUCCESS: ✅ Authenticated successfully (token length: 167)
2026-08-12 06:29:33 - GeoTravelGlobalLogger - INFO     - [logger.py:345] - ✅ Auth token set from cookies (Cookie header)
2026-08-12 06:29:33 - GeoTravelGlobalLogger - INFO     - [logger.py:345] - ✅ Auth token set from cookies (Cookie header)
2026-08-12 06:29:33 - GeoTravelGlobalLogger - INFO     - [logger.py:345] - === Testing AUTHENTICATED GROUP - Lockdown Payment ===
2026-08-12 06:29:33 - GeoTravelGlobalLogger - INFO     - [logger.py:345] - 🔍 _request START - Current self.headers: {'Content-Type': 'application/json', 'Accept': 'application/json', 'X-Client-Type': 'retail', 'Cookie': 'retail_access_token=eyJhbGciOiJIUzI1NiIsInR5cCI6IkpXVCJ9.eyJpZCI6MTUxLCJ1c2VyVHlwZSI6IlJFVEFJTCIsImlhdCI6MTc4NjUxNjE3MywiZXhwIjoxNzg2NTU5MzczfQ.h4Kn3_UDmQaBN97ByU2Gulu8bOtlNLdjax7_HAZcxDg'}
2026-08-12 06:29:33 - GeoTravelGlobalLogger - INFO     - [logger.py:345] - 🔍 _request - kwargs headers: {}
2026-08-12 06:29:33 - GeoTravelGlobalLogger - INFO     - [logger.py:345] - 🔍 _request FINAL headers being sent: {'Content-Type': 'application/json', 'Accept': 'application/json', 'X-Client-Type': 'retail', 'Cookie': 'retail_access_token=eyJhbGciOiJIUzI1NiIsInR5cCI6IkpXVCJ9.eyJpZCI6MTUxLCJ1c2VyVHlwZSI6IlJFVEFJTCIsImlhdCI6MTc4NjUxNjE3MywiZXhwIjoxNzg2NTU5MzczfQ.h4Kn3_UDmQaBN97ByU2Gulu8bOtlNLdjax7_HAZcxDg'}
2026-08-12 06:29:33 - GeoTravelGlobalLogger - INFO     - [logger.py:345] - API Request: GET https://api.stg.gowithgeo.com/api/package/all
2026-08-12 06:29:33 - GeoTravelGlobalLogger - INFO     - [logger.py:345] - API Response: 200
2026-08-12 06:29:33 - GeoTravelGlobalLogger - INFO     - [logger.py:345] - 📦 Selected package: Abuja G (ID: 4)
2026-08-12 06:29:33 - GeoTravelGlobalLogger - INFO     - [logger.py:345] - 💰 Selected pricing: Per person - ₦200000
2026-08-12 06:29:33 - GeoTravelGlobalLogger - INFO     - [logger.py:345] - 🔍 _request START - Current self.headers: {'Content-Type': 'application/json', 'Accept': 'application/json', 'X-Client-Type': 'retail', 'Cookie': 'retail_access_token=eyJhbGciOiJIUzI1NiIsInR5cCI6IkpXVCJ9.eyJpZCI6MTUxLCJ1c2VyVHlwZSI6IlJFVEFJTCIsImlhdCI6MTc4NjUxNjE3MywiZXhwIjoxNzg2NTU5MzczfQ.h4Kn3_UDmQaBN97ByU2Gulu8bOtlNLdjax7_HAZcxDg'}
2026-08-12 06:29:33 - GeoTravelGlobalLogger - INFO     - [logger.py:345] - 🔍 _request - kwargs headers: {}
2026-08-12 06:29:33 - GeoTravelGlobalLogger - INFO     - [logger.py:345] - 🔍 _request FINAL headers being sent: {'Content-Type': 'application/json', 'Accept': 'application/json', 'X-Client-Type': 'retail', 'Cookie': 'retail_access_token=eyJhbGciOiJIUzI1NiIsInR5cCI6IkpXVCJ9.eyJpZCI6MTUxLCJ1c2VyVHlwZSI6IlJFVEFJTCIsImlhdCI6MTc4NjUxNjE3MywiZXhwIjoxNzg2NTU5MzczfQ.h4Kn3_UDmQaBN97ByU2Gulu8bOtlNLdjax7_HAZcxDg'}
2026-08-12 06:29:33 - GeoTravelGlobalLogger - INFO     - [logger.py:345] - API Request: GET https://api.stg.gowithgeo.com/api/package/user/booked-packages
2026-08-12 06:29:33 - GeoTravelGlobalLogger - INFO     - [logger.py:345] - API Response: 200
2026-08-12 06:29:33 - GeoTravelGlobalLogger - INFO     - [logger.py:345] - 📊 Initial total bookings: 647
2026-08-12 06:29:33 - GeoTravelGlobalLogger - INFO     - [logger.py:345] - 📦 Payload: {'package': 4, 'full_name': 'GEO Bot', 'email': 'geo.qa.bot@gmail.com', 'phone': '1234567890', 'pricing_text': 'Per person', 'payment_mode': 'LOCKDOWN', 'adults': 1, 'children': 0, 'infants': 0, 'paymentMethod': 'manual payment'}
2026-08-12 06:29:33 - GeoTravelGlobalLogger - INFO     - [logger.py:345] - 🔍 _request START - Current self.headers: {'Content-Type': 'application/json', 'Accept': 'application/json', 'X-Client-Type': 'retail', 'Cookie': 'retail_access_token=eyJhbGciOiJIUzI1NiIsInR5cCI6IkpXVCJ9.eyJpZCI6MTUxLCJ1c2VyVHlwZSI6IlJFVEFJTCIsImlhdCI6MTc4NjUxNjE3MywiZXhwIjoxNzg2NTU5MzczfQ.h4Kn3_UDmQaBN97ByU2Gulu8bOtlNLdjax7_HAZcxDg'}
2026-08-12 06:29:33 - GeoTravelGlobalLogger - INFO     - [logger.py:345] - 🔍 _request - kwargs headers: {}
2026-08-12 06:29:33 - GeoTravelGlobalLogger - INFO     - [logger.py:345] - 🔍 _request FINAL headers being sent: {'Content-Type': 'application/json', 'Accept': 'application/json', 'X-Client-Type': 'retail', 'Cookie': 'retail_access_token=eyJhbGciOiJIUzI1NiIsInR5cCI6IkpXVCJ9.eyJpZCI6MTUxLCJ1c2VyVHlwZSI6IlJFVEFJTCIsImlhdCI6MTc4NjUxNjE3MywiZXhwIjoxNzg2NTU5MzczfQ.h4Kn3_UDmQaBN97ByU2Gulu8bOtlNLdjax7_HAZcxDg'}
2026-08-12 06:29:33 - GeoTravelGlobalLogger - INFO     - [logger.py:345] - API Request: POST https://api.stg.gowithgeo.com/api/package/book
2026-08-12 06:29:34 - GeoTravelGlobalLogger - INFO     - [logger.py:345] - API Response: 200
2026-08-12 06:29:34 - GeoTravelGlobalLogger - INFO     - [logger.py:345] - SUCCESS: ✅ Verified user_id = 151 is present
2026-08-12 06:29:34 - GeoTravelGlobalLogger - INFO     - [logger.py:345] - ✅ Bank Transfer - correct response structure
2026-08-12 06:29:36 - GeoTravelGlobalLogger - INFO     - [logger.py:345] - 🔍 _request START - Current self.headers: {'Content-Type': 'application/json', 'Accept': 'application/json', 'X-Client-Type': 'retail', 'Cookie': 'retail_access_token=eyJhbGciOiJIUzI1NiIsInR5cCI6IkpXVCJ9.eyJpZCI6MTUxLCJ1c2VyVHlwZSI6IlJFVEFJTCIsImlhdCI6MTc4NjUxNjE3MywiZXhwIjoxNzg2NTU5MzczfQ.h4Kn3_UDmQaBN97ByU2Gulu8bOtlNLdjax7_HAZcxDg'}
2026-08-12 06:29:36 - GeoTravelGlobalLogger - INFO     - [logger.py:345] - 🔍 _request - kwargs headers: {}
2026-08-12 06:29:36 - GeoTravelGlobalLogger - INFO     - [logger.py:345] - 🔍 _request FINAL headers being sent: {'Content-Type': 'application/json', 'Accept': 'application/json', 'X-Client-Type': 'retail', 'Cookie': 'retail_access_token=eyJhbGciOiJIUzI1NiIsInR5cCI6IkpXVCJ9.eyJpZCI6MTUxLCJ1c2VyVHlwZSI6IlJFVEFJTCIsImlhdCI6MTc4NjUxNjE3MywiZXhwIjoxNzg2NTU5MzczfQ.h4Kn3_UDmQaBN97ByU2Gulu8bOtlNLdjax7_HAZcxDg'}
2026-08-12 06:29:36 - GeoTravelGlobalLogger - INFO     - [logger.py:345] - API Request: GET https://api.stg.gowithgeo.com/api/package/user/booked-packages
2026-08-12 06:29:37 - GeoTravelGlobalLogger - INFO     - [logger.py:345] - API Response: 200
2026-08-12 06:29:37 - GeoTravelGlobalLogger - INFO     - [logger.py:345] - SUCCESS: ✅ Total bookings increased from 647 to 648
2026-08-12 06:29:37 - GeoTravelGlobalLogger - INFO     - [logger.py:345] - ✅ New booking ID 2037 confirmed via total items increase
2026-08-12 06:29:37 - GeoTravelGlobalLogger - INFO     - [logger.py:345] - SUCCESS: ✅ Authenticated GROUP lockdown payment test passed
2026-08-12 06:29:37 - GeoTravelGlobalLogger - INFO     - [logger.py:345] - ✅ Saved test-specific logs: reports/logs/src_tests_api_tests_test_package_api.py_TestPackageAPI_test_authenticated_booking_group_lockdown_payment_062937.log
2026-08-12 06:29:37 - GeoTravelGlobalLogger - INFO     - [logger.py:345] - Test result added: src/tests/api_tests/test_package_api.py::TestPackageAPI::test_authenticated_booking_group_lockdown_payment - PASS (Duration: 4.24s)
2026-08-12 06:29:37 - GeoTravelGlobalLogger - INFO     - [logger.py:345] - Added test result to API SMOKE TEST: src/tests/api_tests/test_package_api.py::TestPackageAPI::test_authenticated_booking_group_lockdown_payment - PASS
2026-08-12 06:29:37 - GeoTravelGlobalLogger - INFO     - [logger.py:345] - Retrieved credentials from environment for: geo.qa.bot@gmail.com
2026-08-12 06:29:37 - GeoTravelGlobalLogger - INFO     - [logger.py:345] - Attempting login with email: geo.qa.bot@gmail.com
2026-08-12 06:29:37 - GeoTravelGlobalLogger - INFO     - [logger.py:345] - 🔍 _request START - Current self.headers: {'Content-Type': 'application/json', 'Accept': 'application/json', 'X-Client-Type': 'retail'}
2026-08-12 06:29:37 - GeoTravelGlobalLogger - INFO     - [logger.py:345] - 🔍 _request - kwargs headers: {}
2026-08-12 06:29:37 - GeoTravelGlobalLogger - INFO     - [logger.py:345] - 🔍 _request FINAL headers being sent: {'Content-Type': 'application/json', 'Accept': 'application/json', 'X-Client-Type': 'retail'}
2026-08-12 06:29:37 - GeoTravelGlobalLogger - INFO     - [logger.py:345] - API Request: POST https://api.stg.gowithgeo.com/api/auth/login
2026-08-12 06:29:37 - GeoTravelGlobalLogger - INFO     - [logger.py:345] - API Response: 200
2026-08-12 06:29:37 - GeoTravelGlobalLogger - INFO     - [logger.py:345] - Token extracted via cookies (length: 167, valid)
2026-08-12 06:29:37 - GeoTravelGlobalLogger - INFO     - [logger.py:345] - ✅ Auth token set from cookies (Cookie header)
2026-08-12 06:29:37 - GeoTravelGlobalLogger - INFO     - [logger.py:345] - SUCCESS: ✅ Login successful - token set via cookies
2026-08-12 06:29:37 - GeoTravelGlobalLogger - INFO     - [logger.py:345] - SUCCESS: ✅ Authenticated successfully (token length: 167)
2026-08-12 06:29:37 - GeoTravelGlobalLogger - INFO     - [logger.py:345] - ✅ Auth token set from cookies (Cookie header)
2026-08-12 06:29:37 - GeoTravelGlobalLogger - INFO     - [logger.py:345] - ✅ Auth token set from cookies (Cookie header)
2026-08-12 06:29:37 - GeoTravelGlobalLogger - INFO     - [logger.py:345] - === Testing AUTHENTICATED GROUP - Deal Price ===
2026-08-12 06:29:37 - GeoTravelGlobalLogger - INFO     - [logger.py:345] - 🔍 _request START - Current self.headers: {'Content-Type': 'application/json', 'Accept': 'application/json', 'X-Client-Type': 'retail', 'Cookie': 'retail_access_token=eyJhbGciOiJIUzI1NiIsInR5cCI6IkpXVCJ9.eyJpZCI6MTUxLCJ1c2VyVHlwZSI6IlJFVEFJTCIsImlhdCI6MTc4NjUxNjE3NywiZXhwIjoxNzg2NTU5Mzc3fQ.WoI0AcSKCVdbz9MtMSPfC0PqQkE8iuV8DZz3-28hfXI'}
2026-08-12 06:29:37 - GeoTravelGlobalLogger - INFO     - [logger.py:345] - 🔍 _request - kwargs headers: {}
2026-08-12 06:29:37 - GeoTravelGlobalLogger - INFO     - [logger.py:345] - 🔍 _request FINAL headers being sent: {'Content-Type': 'application/json', 'Accept': 'application/json', 'X-Client-Type': 'retail', 'Cookie': 'retail_access_token=eyJhbGciOiJIUzI1NiIsInR5cCI6IkpXVCJ9.eyJpZCI6MTUxLCJ1c2VyVHlwZSI6IlJFVEFJTCIsImlhdCI6MTc4NjUxNjE3NywiZXhwIjoxNzg2NTU5Mzc3fQ.WoI0AcSKCVdbz9MtMSPfC0PqQkE8iuV8DZz3-28hfXI'}
2026-08-12 06:29:37 - GeoTravelGlobalLogger - INFO     - [logger.py:345] - API Request: GET https://api.stg.gowithgeo.com/api/package/all
2026-08-12 06:29:37 - GeoTravelGlobalLogger - INFO     - [logger.py:345] - API Response: 200
2026-08-12 06:29:37 - GeoTravelGlobalLogger - INFO     - [logger.py:345] - 📦 Selected package with deal: Lagos Group Adventure – Discover Kenya's Heart in 5 Days (ID: 13)
2026-08-12 06:29:37 - GeoTravelGlobalLogger - INFO     - [logger.py:345] - 💰 Selected pricing: One Adult - ₦180000
2026-08-12 06:29:37 - GeoTravelGlobalLogger - INFO     - [logger.py:345] - 🔍 _request START - Current self.headers: {'Content-Type': 'application/json', 'Accept': 'application/json', 'X-Client-Type': 'retail', 'Cookie': 'retail_access_token=eyJhbGciOiJIUzI1NiIsInR5cCI6IkpXVCJ9.eyJpZCI6MTUxLCJ1c2VyVHlwZSI6IlJFVEFJTCIsImlhdCI6MTc4NjUxNjE3NywiZXhwIjoxNzg2NTU5Mzc3fQ.WoI0AcSKCVdbz9MtMSPfC0PqQkE8iuV8DZz3-28hfXI'}
2026-08-12 06:29:37 - GeoTravelGlobalLogger - INFO     - [logger.py:345] - 🔍 _request - kwargs headers: {}
2026-08-12 06:29:37 - GeoTravelGlobalLogger - INFO     - [logger.py:345] - 🔍 _request FINAL headers being sent: {'Content-Type': 'application/json', 'Accept': 'application/json', 'X-Client-Type': 'retail', 'Cookie': 'retail_access_token=eyJhbGciOiJIUzI1NiIsInR5cCI6IkpXVCJ9.eyJpZCI6MTUxLCJ1c2VyVHlwZSI6IlJFVEFJTCIsImlhdCI6MTc4NjUxNjE3NywiZXhwIjoxNzg2NTU5Mzc3fQ.WoI0AcSKCVdbz9MtMSPfC0PqQkE8iuV8DZz3-28hfXI'}
2026-08-12 06:29:37 - GeoTravelGlobalLogger - INFO     - [logger.py:345] - API Request: GET https://api.stg.gowithgeo.com/api/package/user/booked-packages
2026-08-12 06:29:38 - GeoTravelGlobalLogger - INFO     - [logger.py:345] - API Response: 200
2026-08-12 06:29:38 - GeoTravelGlobalLogger - INFO     - [logger.py:345] - 📊 Initial total bookings: 648
2026-08-12 06:29:38 - GeoTravelGlobalLogger - INFO     - [logger.py:345] - 📦 Payload: {'package': 13, 'full_name': 'GEO Bot', 'email': 'geo.qa.bot@gmail.com', 'phone': '1234567890', 'pricing_text': 'One Adult', 'payment_mode': 'DEAL_PRICE', 'adults': 2, 'children': 0, 'infants': 0, 'paymentMethod': 'flutterwave'}
2026-08-12 06:29:38 - GeoTravelGlobalLogger - INFO     - [logger.py:345] - 🔍 _request START - Current self.headers: {'Content-Type': 'application/json', 'Accept': 'application/json', 'X-Client-Type': 'retail', 'Cookie': 'retail_access_token=eyJhbGciOiJIUzI1NiIsInR5cCI6IkpXVCJ9.eyJpZCI6MTUxLCJ1c2VyVHlwZSI6IlJFVEFJTCIsImlhdCI6MTc4NjUxNjE3NywiZXhwIjoxNzg2NTU5Mzc3fQ.WoI0AcSKCVdbz9MtMSPfC0PqQkE8iuV8DZz3-28hfXI'}
2026-08-12 06:29:38 - GeoTravelGlobalLogger - INFO     - [logger.py:345] - 🔍 _request - kwargs headers: {}
2026-08-12 06:29:38 - GeoTravelGlobalLogger - INFO     - [logger.py:345] - 🔍 _request FINAL headers being sent: {'Content-Type': 'application/json', 'Accept': 'application/json', 'X-Client-Type': 'retail', 'Cookie': 'retail_access_token=eyJhbGciOiJIUzI1NiIsInR5cCI6IkpXVCJ9.eyJpZCI6MTUxLCJ1c2VyVHlwZSI6IlJFVEFJTCIsImlhdCI6MTc4NjUxNjE3NywiZXhwIjoxNzg2NTU5Mzc3fQ.WoI0AcSKCVdbz9MtMSPfC0PqQkE8iuV8DZz3-28hfXI'}
2026-08-12 06:29:38 - GeoTravelGlobalLogger - INFO     - [logger.py:345] - API Request: POST https://api.stg.gowithgeo.com/api/package/book
2026-08-12 06:29:39 - GeoTravelGlobalLogger - INFO     - [logger.py:345] - API Response: 200
2026-08-12 06:29:39 - GeoTravelGlobalLogger - INFO     - [logger.py:345] - SUCCESS: ✅ Verified user_id = 151 is present
2026-08-12 06:29:39 - GeoTravelGlobalLogger - INFO     - [logger.py:345] - ✅ flutterwave - paymentLink present
2026-08-12 06:29:41 - GeoTravelGlobalLogger - INFO     - [logger.py:345] - 🔍 _request START - Current self.headers: {'Content-Type': 'application/json', 'Accept': 'application/json', 'X-Client-Type': 'retail', 'Cookie': 'retail_access_token=eyJhbGciOiJIUzI1NiIsInR5cCI6IkpXVCJ9.eyJpZCI6MTUxLCJ1c2VyVHlwZSI6IlJFVEFJTCIsImlhdCI6MTc4NjUxNjE3NywiZXhwIjoxNzg2NTU5Mzc3fQ.WoI0AcSKCVdbz9MtMSPfC0PqQkE8iuV8DZz3-28hfXI'}
2026-08-12 06:29:41 - GeoTravelGlobalLogger - INFO     - [logger.py:345] - 🔍 _request - kwargs headers: {}
2026-08-12 06:29:41 - GeoTravelGlobalLogger - INFO     - [logger.py:345] - 🔍 _request FINAL headers being sent: {'Content-Type': 'application/json', 'Accept': 'application/json', 'X-Client-Type': 'retail', 'Cookie': 'retail_access_token=eyJhbGciOiJIUzI1NiIsInR5cCI6IkpXVCJ9.eyJpZCI6MTUxLCJ1c2VyVHlwZSI6IlJFVEFJTCIsImlhdCI6MTc4NjUxNjE3NywiZXhwIjoxNzg2NTU5Mzc3fQ.WoI0AcSKCVdbz9MtMSPfC0PqQkE8iuV8DZz3-28hfXI'}
2026-08-12 06:29:41 - GeoTravelGlobalLogger - INFO     - [logger.py:345] - API Request: GET https://api.stg.gowithgeo.com/api/package/user/booked-packages
2026-08-12 06:29:42 - GeoTravelGlobalLogger - INFO     - [logger.py:345] - API Response: 200
2026-08-12 06:29:42 - GeoTravelGlobalLogger - INFO     - [logger.py:345] - SUCCESS: ✅ Total bookings increased from 648 to 649
2026-08-12 06:29:42 - GeoTravelGlobalLogger - INFO     - [logger.py:345] - ✅ New booking ID 2038 confirmed via total items increase
2026-08-12 06:29:42 - GeoTravelGlobalLogger - INFO     - [logger.py:345] - SUCCESS: ✅ Authenticated GROUP deal price test passed
2026-08-12 06:29:42 - GeoTravelGlobalLogger - INFO     - [logger.py:345] - ✅ Saved test-specific logs: reports/logs/src_tests_api_tests_test_package_api.py_TestPackageAPI_test_authenticated_booking_group_deal_price_062942.log
2026-08-12 06:29:42 - GeoTravelGlobalLogger - INFO     - [logger.py:345] - Test result added: src/tests/api_tests/test_package_api.py::TestPackageAPI::test_authenticated_booking_group_deal_price - PASS (Duration: 4.34s)
2026-08-12 06:29:42 - GeoTravelGlobalLogger - INFO     - [logger.py:345] - Added test result to API SMOKE TEST: src/tests/api_tests/test_package_api.py::TestPackageAPI::test_authenticated_booking_group_deal_price - PASS
2026-08-12 06:29:42 - GeoTravelGlobalLogger - INFO     - [logger.py:345] - Retrieved credentials from environment for: geo.qa.bot@gmail.com
2026-08-12 06:29:42 - GeoTravelGlobalLogger - INFO     - [logger.py:345] - Attempting login with email: geo.qa.bot@gmail.com
2026-08-12 06:29:42 - GeoTravelGlobalLogger - INFO     - [logger.py:345] - 🔍 _request START - Current self.headers: {'Content-Type': 'application/json', 'Accept': 'application/json', 'X-Client-Type': 'retail'}
2026-08-12 06:29:42 - GeoTravelGlobalLogger - INFO     - [logger.py:345] - 🔍 _request - kwargs headers: {}
2026-08-12 06:29:42 - GeoTravelGlobalLogger - INFO     - [logger.py:345] - 🔍 _request FINAL headers being sent: {'Content-Type': 'application/json', 'Accept': 'application/json', 'X-Client-Type': 'retail'}
2026-08-12 06:29:42 - GeoTravelGlobalLogger - INFO     - [logger.py:345] - API Request: POST https://api.stg.gowithgeo.com/api/auth/login
2026-08-12 06:29:42 - GeoTravelGlobalLogger - INFO     - [logger.py:345] - API Response: 200
2026-08-12 06:29:42 - GeoTravelGlobalLogger - INFO     - [logger.py:345] - Token extracted via cookies (length: 167, valid)
2026-08-12 06:29:42 - GeoTravelGlobalLogger - INFO     - [logger.py:345] - ✅ Auth token set from cookies (Cookie header)
2026-08-12 06:29:42 - GeoTravelGlobalLogger - INFO     - [logger.py:345] - SUCCESS: ✅ Login successful - token set via cookies
2026-08-12 06:29:42 - GeoTravelGlobalLogger - INFO     - [logger.py:345] - SUCCESS: ✅ Authenticated successfully (token length: 167)
2026-08-12 06:29:42 - GeoTravelGlobalLogger - INFO     - [logger.py:345] - ✅ Auth token set from cookies (Cookie header)
2026-08-12 06:29:42 - GeoTravelGlobalLogger - INFO     - [logger.py:345] - ✅ Auth token set from cookies (Cookie header)
2026-08-12 06:29:42 - GeoTravelGlobalLogger - INFO     - [logger.py:345] - === Testing AUTHENTICATED PRIVATE - Future Departure (>30 days) ===
2026-08-12 06:29:42 - GeoTravelGlobalLogger - INFO     - [logger.py:345] - 🔍 _request START - Current self.headers: {'Content-Type': 'application/json', 'Accept': 'application/json', 'X-Client-Type': 'retail', 'Cookie': 'retail_access_token=eyJhbGciOiJIUzI1NiIsInR5cCI6IkpXVCJ9.eyJpZCI6MTUxLCJ1c2VyVHlwZSI6IlJFVEFJTCIsImlhdCI6MTc4NjUxNjE4MiwiZXhwIjoxNzg2NTU5MzgyfQ.wRbdQgp4tChl_xR7NPWU-2wKx3ftBzpCGcr3zg0dLMY'}
2026-08-12 06:29:42 - GeoTravelGlobalLogger - INFO     - [logger.py:345] - 🔍 _request - kwargs headers: {}
2026-08-12 06:29:42 - GeoTravelGlobalLogger - INFO     - [logger.py:345] - 🔍 _request FINAL headers being sent: {'Content-Type': 'application/json', 'Accept': 'application/json', 'X-Client-Type': 'retail', 'Cookie': 'retail_access_token=eyJhbGciOiJIUzI1NiIsInR5cCI6IkpXVCJ9.eyJpZCI6MTUxLCJ1c2VyVHlwZSI6IlJFVEFJTCIsImlhdCI6MTc4NjUxNjE4MiwiZXhwIjoxNzg2NTU5MzgyfQ.wRbdQgp4tChl_xR7NPWU-2wKx3ftBzpCGcr3zg0dLMY'}
2026-08-12 06:29:42 - GeoTravelGlobalLogger - INFO     - [logger.py:345] - API Request: GET https://api.stg.gowithgeo.com/api/package/all
2026-08-12 06:29:42 - GeoTravelGlobalLogger - INFO     - [logger.py:345] - API Response: 200
2026-08-12 06:29:42 - GeoTravelGlobalLogger - INFO     - [logger.py:345] - 📦 Selected package: Sweet Sensation (ID: 11)
2026-08-12 06:29:42 - GeoTravelGlobalLogger - INFO     - [logger.py:345] - 📅 Selected departure: 2026-11-04 (>30 days away)
2026-08-12 06:29:42 - GeoTravelGlobalLogger - INFO     - [logger.py:345] - 🔍 _request START - Current self.headers: {'Content-Type': 'application/json', 'Accept': 'application/json', 'X-Client-Type': 'retail', 'Cookie': 'retail_access_token=eyJhbGciOiJIUzI1NiIsInR5cCI6IkpXVCJ9.eyJpZCI6MTUxLCJ1c2VyVHlwZSI6IlJFVEFJTCIsImlhdCI6MTc4NjUxNjE4MiwiZXhwIjoxNzg2NTU5MzgyfQ.wRbdQgp4tChl_xR7NPWU-2wKx3ftBzpCGcr3zg0dLMY'}
2026-08-12 06:29:42 - GeoTravelGlobalLogger - INFO     - [logger.py:345] - 🔍 _request - kwargs headers: {}
2026-08-12 06:29:42 - GeoTravelGlobalLogger - INFO     - [logger.py:345] - 🔍 _request FINAL headers being sent: {'Content-Type': 'application/json', 'Accept': 'application/json', 'X-Client-Type': 'retail', 'Cookie': 'retail_access_token=eyJhbGciOiJIUzI1NiIsInR5cCI6IkpXVCJ9.eyJpZCI6MTUxLCJ1c2VyVHlwZSI6IlJFVEFJTCIsImlhdCI6MTc4NjUxNjE4MiwiZXhwIjoxNzg2NTU5MzgyfQ.wRbdQgp4tChl_xR7NPWU-2wKx3ftBzpCGcr3zg0dLMY'}
2026-08-12 06:29:42 - GeoTravelGlobalLogger - INFO     - [logger.py:345] - API Request: GET https://api.stg.gowithgeo.com/api/package/user/booked-packages
2026-08-12 06:29:42 - GeoTravelGlobalLogger - INFO     - [logger.py:345] - API Response: 200
2026-08-12 06:29:42 - GeoTravelGlobalLogger - INFO     - [logger.py:345] - 📊 Initial total bookings: 649
2026-08-12 06:29:42 - GeoTravelGlobalLogger - INFO     - [logger.py:345] - 📦 Payload: {'package': 11, 'full_name': 'GEO Bot', 'email': 'geo.qa.bot@gmail.com', 'phone': '1234567890', 'pricing_text': 'Group of 5', 'payment_mode': 'FULL_PRICE', 'adults': 3, 'children': 0, 'infants': 0, 'paymentMethod': 'manual payment', 'departure_date': '2026-11-04', 'return_date': '2026-11-11'}
2026-08-12 06:29:42 - GeoTravelGlobalLogger - INFO     - [logger.py:345] - 🔍 _request START - Current self.headers: {'Content-Type': 'application/json', 'Accept': 'application/json', 'X-Client-Type': 'retail', 'Cookie': 'retail_access_token=eyJhbGciOiJIUzI1NiIsInR5cCI6IkpXVCJ9.eyJpZCI6MTUxLCJ1c2VyVHlwZSI6IlJFVEFJTCIsImlhdCI6MTc4NjUxNjE4MiwiZXhwIjoxNzg2NTU5MzgyfQ.wRbdQgp4tChl_xR7NPWU-2wKx3ftBzpCGcr3zg0dLMY'}
2026-08-12 06:29:42 - GeoTravelGlobalLogger - INFO     - [logger.py:345] - 🔍 _request - kwargs headers: {}
2026-08-12 06:29:42 - GeoTravelGlobalLogger - INFO     - [logger.py:345] - 🔍 _request FINAL headers being sent: {'Content-Type': 'application/json', 'Accept': 'application/json', 'X-Client-Type': 'retail', 'Cookie': 'retail_access_token=eyJhbGciOiJIUzI1NiIsInR5cCI6IkpXVCJ9.eyJpZCI6MTUxLCJ1c2VyVHlwZSI6IlJFVEFJTCIsImlhdCI6MTc4NjUxNjE4MiwiZXhwIjoxNzg2NTU5MzgyfQ.wRbdQgp4tChl_xR7NPWU-2wKx3ftBzpCGcr3zg0dLMY'}
2026-08-12 06:29:42 - GeoTravelGlobalLogger - INFO     - [logger.py:345] - API Request: POST https://api.stg.gowithgeo.com/api/package/book
2026-08-12 06:29:43 - GeoTravelGlobalLogger - INFO     - [logger.py:345] - API Response: 200
2026-08-12 06:29:43 - GeoTravelGlobalLogger - INFO     - [logger.py:345] - SUCCESS: ✅ Verified user_id = 151 is present
2026-08-12 06:29:43 - GeoTravelGlobalLogger - INFO     - [logger.py:345] - ✅ Bank Transfer - correct response structure
2026-08-12 06:29:45 - GeoTravelGlobalLogger - INFO     - [logger.py:345] - 🔍 _request START - Current self.headers: {'Content-Type': 'application/json', 'Accept': 'application/json', 'X-Client-Type': 'retail', 'Cookie': 'retail_access_token=eyJhbGciOiJIUzI1NiIsInR5cCI6IkpXVCJ9.eyJpZCI6MTUxLCJ1c2VyVHlwZSI6IlJFVEFJTCIsImlhdCI6MTc4NjUxNjE4MiwiZXhwIjoxNzg2NTU5MzgyfQ.wRbdQgp4tChl_xR7NPWU-2wKx3ftBzpCGcr3zg0dLMY'}
2026-08-12 06:29:45 - GeoTravelGlobalLogger - INFO     - [logger.py:345] - 🔍 _request - kwargs headers: {}
2026-08-12 06:29:45 - GeoTravelGlobalLogger - INFO     - [logger.py:345] - 🔍 _request FINAL headers being sent: {'Content-Type': 'application/json', 'Accept': 'application/json', 'X-Client-Type': 'retail', 'Cookie': 'retail_access_token=eyJhbGciOiJIUzI1NiIsInR5cCI6IkpXVCJ9.eyJpZCI6MTUxLCJ1c2VyVHlwZSI6IlJFVEFJTCIsImlhdCI6MTc4NjUxNjE4MiwiZXhwIjoxNzg2NTU5MzgyfQ.wRbdQgp4tChl_xR7NPWU-2wKx3ftBzpCGcr3zg0dLMY'}
2026-08-12 06:29:45 - GeoTravelGlobalLogger - INFO     - [logger.py:345] - API Request: GET https://api.stg.gowithgeo.com/api/package/user/booked-packages
2026-08-12 06:29:46 - GeoTravelGlobalLogger - INFO     - [logger.py:345] - API Response: 200
2026-08-12 06:29:46 - GeoTravelGlobalLogger - INFO     - [logger.py:345] - SUCCESS: ✅ Total bookings increased from 649 to 650
2026-08-12 06:29:46 - GeoTravelGlobalLogger - INFO     - [logger.py:345] - ✅ New booking ID 2039 confirmed via total items increase
2026-08-12 06:29:46 - GeoTravelGlobalLogger - INFO     - [logger.py:345] - SUCCESS: ✅ Authenticated PRIVATE future departure test passed
2026-08-12 06:29:46 - GeoTravelGlobalLogger - INFO     - [logger.py:345] - ✅ Saved test-specific logs: reports/logs/src_tests_api_tests_test_package_api.py_TestPackageAPI_test_authenticated_booking_private_future_departure_062946.log
2026-08-12 06:29:46 - GeoTravelGlobalLogger - INFO     - [logger.py:345] - Test result added: src/tests/api_tests/test_package_api.py::TestPackageAPI::test_authenticated_booking_private_future_departure - PASS (Duration: 4.13s)
2026-08-12 06:29:46 - GeoTravelGlobalLogger - INFO     - [logger.py:345] - Added test result to API SMOKE TEST: src/tests/api_tests/test_package_api.py::TestPackageAPI::test_authenticated_booking_private_future_departure - PASS
2026-08-12 06:29:46 - GeoTravelGlobalLogger - INFO     - [logger.py:345] - Retrieved credentials from environment for: geo.qa.bot@gmail.com
2026-08-12 06:29:46 - GeoTravelGlobalLogger - INFO     - [logger.py:345] - Attempting login with email: geo.qa.bot@gmail.com
2026-08-12 06:29:46 - GeoTravelGlobalLogger - INFO     - [logger.py:345] - 🔍 _request START - Current self.headers: {'Content-Type': 'application/json', 'Accept': 'application/json', 'X-Client-Type': 'retail'}
2026-08-12 06:29:46 - GeoTravelGlobalLogger - INFO     - [logger.py:345] - 🔍 _request - kwargs headers: {}
2026-08-12 06:29:46 - GeoTravelGlobalLogger - INFO     - [logger.py:345] - 🔍 _request FINAL headers being sent: {'Content-Type': 'application/json', 'Accept': 'application/json', 'X-Client-Type': 'retail'}
2026-08-12 06:29:46 - GeoTravelGlobalLogger - INFO     - [logger.py:345] - API Request: POST https://api.stg.gowithgeo.com/api/auth/login
2026-08-12 06:29:46 - GeoTravelGlobalLogger - INFO     - [logger.py:345] - API Response: 200
2026-08-12 06:29:46 - GeoTravelGlobalLogger - INFO     - [logger.py:345] - Token extracted via cookies (length: 167, valid)
2026-08-12 06:29:46 - GeoTravelGlobalLogger - INFO     - [logger.py:345] - ✅ Auth token set from cookies (Cookie header)
2026-08-12 06:29:46 - GeoTravelGlobalLogger - INFO     - [logger.py:345] - SUCCESS: ✅ Login successful - token set via cookies
2026-08-12 06:29:46 - GeoTravelGlobalLogger - INFO     - [logger.py:345] - SUCCESS: ✅ Authenticated successfully (token length: 167)
2026-08-12 06:29:46 - GeoTravelGlobalLogger - INFO     - [logger.py:345] - ✅ Auth token set from cookies (Cookie header)
2026-08-12 06:29:46 - GeoTravelGlobalLogger - INFO     - [logger.py:345] - ✅ Auth token set from cookies (Cookie header)
2026-08-12 06:29:46 - GeoTravelGlobalLogger - INFO     - [logger.py:345] - === Testing AUTHENTICATED PRIVATE - Within 30 Days (Full Payment Required) ===
2026-08-12 06:29:46 - GeoTravelGlobalLogger - INFO     - [logger.py:345] - 🔍 _request START - Current self.headers: {'Content-Type': 'application/json', 'Accept': 'application/json', 'X-Client-Type': 'retail', 'Cookie': 'retail_access_token=eyJhbGciOiJIUzI1NiIsInR5cCI6IkpXVCJ9.eyJpZCI6MTUxLCJ1c2VyVHlwZSI6IlJFVEFJTCIsImlhdCI6MTc4NjUxNjE4NiwiZXhwIjoxNzg2NTU5Mzg2fQ.5a6Ktp3C3pQ-0llH1tXG1W1oFfGdm4Uqjz5Zfwkr7EE'}
2026-08-12 06:29:46 - GeoTravelGlobalLogger - INFO     - [logger.py:345] - 🔍 _request - kwargs headers: {}
2026-08-12 06:29:46 - GeoTravelGlobalLogger - INFO     - [logger.py:345] - 🔍 _request FINAL headers being sent: {'Content-Type': 'application/json', 'Accept': 'application/json', 'X-Client-Type': 'retail', 'Cookie': 'retail_access_token=eyJhbGciOiJIUzI1NiIsInR5cCI6IkpXVCJ9.eyJpZCI6MTUxLCJ1c2VyVHlwZSI6IlJFVEFJTCIsImlhdCI6MTc4NjUxNjE4NiwiZXhwIjoxNzg2NTU5Mzg2fQ.5a6Ktp3C3pQ-0llH1tXG1W1oFfGdm4Uqjz5Zfwkr7EE'}
2026-08-12 06:29:46 - GeoTravelGlobalLogger - INFO     - [logger.py:345] - API Request: GET https://api.stg.gowithgeo.com/api/package/all
2026-08-12 06:29:46 - GeoTravelGlobalLogger - INFO     - [logger.py:345] - API Response: 200
2026-08-12 06:29:46 - GeoTravelGlobalLogger - INFO     - [logger.py:345] - 📦 Selected package: Christmas Eve (ID: 15)
2026-08-12 06:29:46 - GeoTravelGlobalLogger - INFO     - [logger.py:345] - 📅 Departure in 23 days
2026-08-12 06:29:46 - GeoTravelGlobalLogger - INFO     - [logger.py:345] - 🔍 _request START - Current self.headers: {'Content-Type': 'application/json', 'Accept': 'application/json', 'X-Client-Type': 'retail', 'Cookie': 'retail_access_token=eyJhbGciOiJIUzI1NiIsInR5cCI6IkpXVCJ9.eyJpZCI6MTUxLCJ1c2VyVHlwZSI6IlJFVEFJTCIsImlhdCI6MTc4NjUxNjE4NiwiZXhwIjoxNzg2NTU5Mzg2fQ.5a6Ktp3C3pQ-0llH1tXG1W1oFfGdm4Uqjz5Zfwkr7EE'}
2026-08-12 06:29:46 - GeoTravelGlobalLogger - INFO     - [logger.py:345] - 🔍 _request - kwargs headers: {}
2026-08-12 06:29:46 - GeoTravelGlobalLogger - INFO     - [logger.py:345] - 🔍 _request FINAL headers being sent: {'Content-Type': 'application/json', 'Accept': 'application/json', 'X-Client-Type': 'retail', 'Cookie': 'retail_access_token=eyJhbGciOiJIUzI1NiIsInR5cCI6IkpXVCJ9.eyJpZCI6MTUxLCJ1c2VyVHlwZSI6IlJFVEFJTCIsImlhdCI6MTc4NjUxNjE4NiwiZXhwIjoxNzg2NTU5Mzg2fQ.5a6Ktp3C3pQ-0llH1tXG1W1oFfGdm4Uqjz5Zfwkr7EE'}
2026-08-12 06:29:46 - GeoTravelGlobalLogger - INFO     - [logger.py:345] - API Request: GET https://api.stg.gowithgeo.com/api/package/user/booked-packages
2026-08-12 06:29:47 - GeoTravelGlobalLogger - INFO     - [logger.py:345] - API Response: 200
2026-08-12 06:29:47 - GeoTravelGlobalLogger - INFO     - [logger.py:345] - 📊 Initial total bookings: 650
2026-08-12 06:29:47 - GeoTravelGlobalLogger - INFO     - [logger.py:345] - 📦 Payload: {'package': 15, 'full_name': 'GEO Bot', 'email': 'geo.qa.bot@gmail.com', 'phone': '1234567890', 'pricing_text': 'Personalized', 'payment_mode': 'FULL_PRICE', 'adults': 1, 'children': 1, 'infants': 0, 'paymentMethod': 'flutterwave', 'departure_date': '2026-09-04', 'return_date': '2026-09-11'}
2026-08-12 06:29:47 - GeoTravelGlobalLogger - INFO     - [logger.py:345] - 🔍 _request START - Current self.headers: {'Content-Type': 'application/json', 'Accept': 'application/json', 'X-Client-Type': 'retail', 'Cookie': 'retail_access_token=eyJhbGciOiJIUzI1NiIsInR5cCI6IkpXVCJ9.eyJpZCI6MTUxLCJ1c2VyVHlwZSI6IlJFVEFJTCIsImlhdCI6MTc4NjUxNjE4NiwiZXhwIjoxNzg2NTU5Mzg2fQ.5a6Ktp3C3pQ-0llH1tXG1W1oFfGdm4Uqjz5Zfwkr7EE'}
2026-08-12 06:29:47 - GeoTravelGlobalLogger - INFO     - [logger.py:345] - 🔍 _request - kwargs headers: {}
2026-08-12 06:29:47 - GeoTravelGlobalLogger - INFO     - [logger.py:345] - 🔍 _request FINAL headers being sent: {'Content-Type': 'application/json', 'Accept': 'application/json', 'X-Client-Type': 'retail', 'Cookie': 'retail_access_token=eyJhbGciOiJIUzI1NiIsInR5cCI6IkpXVCJ9.eyJpZCI6MTUxLCJ1c2VyVHlwZSI6IlJFVEFJTCIsImlhdCI6MTc4NjUxNjE4NiwiZXhwIjoxNzg2NTU5Mzg2fQ.5a6Ktp3C3pQ-0llH1tXG1W1oFfGdm4Uqjz5Zfwkr7EE'}
2026-08-12 06:29:47 - GeoTravelGlobalLogger - INFO     - [logger.py:345] - API Request: POST https://api.stg.gowithgeo.com/api/package/book
2026-08-12 06:29:48 - GeoTravelGlobalLogger - INFO     - [logger.py:345] - API Response: 200
2026-08-12 06:29:48 - GeoTravelGlobalLogger - INFO     - [logger.py:345] - SUCCESS: ✅ Verified user_id = 151 is present
2026-08-12 06:29:48 - GeoTravelGlobalLogger - INFO     - [logger.py:345] - ✅ flutterwave - paymentLink present
2026-08-12 06:29:50 - GeoTravelGlobalLogger - INFO     - [logger.py:345] - 🔍 _request START - Current self.headers: {'Content-Type': 'application/json', 'Accept': 'application/json', 'X-Client-Type': 'retail', 'Cookie': 'retail_access_token=eyJhbGciOiJIUzI1NiIsInR5cCI6IkpXVCJ9.eyJpZCI6MTUxLCJ1c2VyVHlwZSI6IlJFVEFJTCIsImlhdCI6MTc4NjUxNjE4NiwiZXhwIjoxNzg2NTU5Mzg2fQ.5a6Ktp3C3pQ-0llH1tXG1W1oFfGdm4Uqjz5Zfwkr7EE'}
2026-08-12 06:29:50 - GeoTravelGlobalLogger - INFO     - [logger.py:345] - 🔍 _request - kwargs headers: {}
2026-08-12 06:29:50 - GeoTravelGlobalLogger - INFO     - [logger.py:345] - 🔍 _request FINAL headers being sent: {'Content-Type': 'application/json', 'Accept': 'application/json', 'X-Client-Type': 'retail', 'Cookie': 'retail_access_token=eyJhbGciOiJIUzI1NiIsInR5cCI6IkpXVCJ9.eyJpZCI6MTUxLCJ1c2VyVHlwZSI6IlJFVEFJTCIsImlhdCI6MTc4NjUxNjE4NiwiZXhwIjoxNzg2NTU5Mzg2fQ.5a6Ktp3C3pQ-0llH1tXG1W1oFfGdm4Uqjz5Zfwkr7EE'}
2026-08-12 06:29:50 - GeoTravelGlobalLogger - INFO     - [logger.py:345] - API Request: GET https://api.stg.gowithgeo.com/api/package/user/booked-packages
2026-08-12 06:29:51 - GeoTravelGlobalLogger - INFO     - [logger.py:345] - API Response: 200
2026-08-12 06:29:51 - GeoTravelGlobalLogger - INFO     - [logger.py:345] - SUCCESS: ✅ Total bookings increased from 650 to 651
2026-08-12 06:29:51 - GeoTravelGlobalLogger - INFO     - [logger.py:345] - ✅ New booking ID 2040 confirmed via total items increase
2026-08-12 06:29:51 - GeoTravelGlobalLogger - INFO     - [logger.py:345] - SUCCESS: ✅ Authenticated PRIVATE within 30 days (full payment) test passed
2026-08-12 06:29:51 - GeoTravelGlobalLogger - INFO     - [logger.py:345] - ✅ Saved test-specific logs: reports/logs/src_tests_api_tests_test_package_api.py_TestPackageAPI_test_authenticated_booking_private_within_30_days_full_payment_062951.log
2026-08-12 06:29:51 - GeoTravelGlobalLogger - INFO     - [logger.py:345] - Test result added: src/tests/api_tests/test_package_api.py::TestPackageAPI::test_authenticated_booking_private_within_30_days_full_payment - PASS (Duration: 4.36s)
2026-08-12 06:29:51 - GeoTravelGlobalLogger - INFO     - [logger.py:345] - Added test result to API SMOKE TEST: src/tests/api_tests/test_package_api.py::TestPackageAPI::test_authenticated_booking_private_within_30_days_full_payment - PASS
2026-08-12 06:29:51 - GeoTravelGlobalLogger - INFO     - [logger.py:345] - Retrieved credentials from environment for: geo.qa.bot@gmail.com
2026-08-12 06:29:51 - GeoTravelGlobalLogger - INFO     - [logger.py:345] - Attempting login with email: geo.qa.bot@gmail.com
2026-08-12 06:29:51 - GeoTravelGlobalLogger - INFO     - [logger.py:345] - 🔍 _request START - Current self.headers: {'Content-Type': 'application/json', 'Accept': 'application/json', 'X-Client-Type': 'retail'}
2026-08-12 06:29:51 - GeoTravelGlobalLogger - INFO     - [logger.py:345] - 🔍 _request - kwargs headers: {}
2026-08-12 06:29:51 - GeoTravelGlobalLogger - INFO     - [logger.py:345] - 🔍 _request FINAL headers being sent: {'Content-Type': 'application/json', 'Accept': 'application/json', 'X-Client-Type': 'retail'}
2026-08-12 06:29:51 - GeoTravelGlobalLogger - INFO     - [logger.py:345] - API Request: POST https://api.stg.gowithgeo.com/api/auth/login
2026-08-12 06:29:51 - GeoTravelGlobalLogger - INFO     - [logger.py:345] - API Response: 200
2026-08-12 06:29:51 - GeoTravelGlobalLogger - INFO     - [logger.py:345] - Token extracted via cookies (length: 167, valid)
2026-08-12 06:29:51 - GeoTravelGlobalLogger - INFO     - [logger.py:345] - ✅ Auth token set from cookies (Cookie header)
2026-08-12 06:29:51 - GeoTravelGlobalLogger - INFO     - [logger.py:345] - SUCCESS: ✅ Login successful - token set via cookies
2026-08-12 06:29:51 - GeoTravelGlobalLogger - INFO     - [logger.py:345] - SUCCESS: ✅ Authenticated successfully (token length: 167)
2026-08-12 06:29:51 - GeoTravelGlobalLogger - INFO     - [logger.py:345] - ✅ Auth token set from cookies (Cookie header)
2026-08-12 06:29:51 - GeoTravelGlobalLogger - INFO     - [logger.py:345] - ✅ Auth token set from cookies (Cookie header)
2026-08-12 06:29:51 - GeoTravelGlobalLogger - INFO     - [logger.py:345] - === Testing PRIVATE within 30 days - Lockdown Payment Should FAIL ===
2026-08-12 06:29:51 - GeoTravelGlobalLogger - INFO     - [logger.py:345] - 🔍 _request START - Current self.headers: {'Content-Type': 'application/json', 'Accept': 'application/json', 'X-Client-Type': 'retail', 'Cookie': 'retail_access_token=eyJhbGciOiJIUzI1NiIsInR5cCI6IkpXVCJ9.eyJpZCI6MTUxLCJ1c2VyVHlwZSI6IlJFVEFJTCIsImlhdCI6MTc4NjUxNjE5MSwiZXhwIjoxNzg2NTU5MzkxfQ._k1LxDA5fbVWV2vjauTvj5TCqhYTNmtb-pm4ZnqSoNg'}
2026-08-12 06:29:51 - GeoTravelGlobalLogger - INFO     - [logger.py:345] - 🔍 _request - kwargs headers: {}
2026-08-12 06:29:51 - GeoTravelGlobalLogger - INFO     - [logger.py:345] - 🔍 _request FINAL headers being sent: {'Content-Type': 'application/json', 'Accept': 'application/json', 'X-Client-Type': 'retail', 'Cookie': 'retail_access_token=eyJhbGciOiJIUzI1NiIsInR5cCI6IkpXVCJ9.eyJpZCI6MTUxLCJ1c2VyVHlwZSI6IlJFVEFJTCIsImlhdCI6MTc4NjUxNjE5MSwiZXhwIjoxNzg2NTU5MzkxfQ._k1LxDA5fbVWV2vjauTvj5TCqhYTNmtb-pm4ZnqSoNg'}
2026-08-12 06:29:51 - GeoTravelGlobalLogger - INFO     - [logger.py:345] - API Request: GET https://api.stg.gowithgeo.com/api/package/all
2026-08-12 06:29:51 - GeoTravelGlobalLogger - INFO     - [logger.py:345] - API Response: 200
2026-08-12 06:29:51 - GeoTravelGlobalLogger - INFO     - [logger.py:345] - 📦 Selected package: Christmas Eve (ID: 15)
2026-08-12 06:29:51 - GeoTravelGlobalLogger - INFO     - [logger.py:345] - 📅 Departure in 28 days
2026-08-12 06:29:51 - GeoTravelGlobalLogger - INFO     - [logger.py:345] - 📦 Attempting LOCKDOWN payment within 30 days (should fail): {'package': 15, 'full_name': 'GEO Bot', 'email': 'geo.qa.bot@gmail.com', 'phone': '1234567890', 'pricing_text': 'Personalized', 'payment_mode': 'LOCKDOWN', 'adults': 2, 'children': 0, 'infants': 0, 'paymentMethod': 'manual payment', 'departure_date': '2026-09-09', 'return_date': '2026-09-16'}
2026-08-12 06:29:51 - GeoTravelGlobalLogger - INFO     - [logger.py:345] - 🔍 _request START - Current self.headers: {'Content-Type': 'application/json', 'Accept': 'application/json', 'X-Client-Type': 'retail', 'Cookie': 'retail_access_token=eyJhbGciOiJIUzI1NiIsInR5cCI6IkpXVCJ9.eyJpZCI6MTUxLCJ1c2VyVHlwZSI6IlJFVEFJTCIsImlhdCI6MTc4NjUxNjE5MSwiZXhwIjoxNzg2NTU5MzkxfQ._k1LxDA5fbVWV2vjauTvj5TCqhYTNmtb-pm4ZnqSoNg'}
2026-08-12 06:29:51 - GeoTravelGlobalLogger - INFO     - [logger.py:345] - 🔍 _request - kwargs headers: {}
2026-08-12 06:29:51 - GeoTravelGlobalLogger - INFO     - [logger.py:345] - 🔍 _request FINAL headers being sent: {'Content-Type': 'application/json', 'Accept': 'application/json', 'X-Client-Type': 'retail', 'Cookie': 'retail_access_token=eyJhbGciOiJIUzI1NiIsInR5cCI6IkpXVCJ9.eyJpZCI6MTUxLCJ1c2VyVHlwZSI6IlJFVEFJTCIsImlhdCI6MTc4NjUxNjE5MSwiZXhwIjoxNzg2NTU5MzkxfQ._k1LxDA5fbVWV2vjauTvj5TCqhYTNmtb-pm4ZnqSoNg'}
2026-08-12 06:29:51 - GeoTravelGlobalLogger - INFO     - [logger.py:345] - API Request: POST https://api.stg.gowithgeo.com/api/package/book
2026-08-12 06:29:51 - GeoTravelGlobalLogger - INFO     - [logger.py:345] - API Response: 400
2026-08-12 06:29:51 - GeoTravelGlobalLogger - INFO     - [logger.py:345] - SUCCESS: ✅ Correctly got 400: 'Full payment is required for departure dates within 30 days.'
2026-08-12 06:29:51 - GeoTravelGlobalLogger - INFO     - [logger.py:345] - ✅ Saved test-specific logs: reports/logs/src_tests_api_tests_test_package_api.py_TestPackageAPI_test_authenticated_booking_private_within_30_days_lockdown_fails_062951.log
2026-08-12 06:29:51 - GeoTravelGlobalLogger - INFO     - [logger.py:345] - Test result added: src/tests/api_tests/test_package_api.py::TestPackageAPI::test_authenticated_booking_private_within_30_days_lockdown_fails - PASS (Duration: 0.42s)
2026-08-12 06:29:51 - GeoTravelGlobalLogger - INFO     - [logger.py:345] - Added test result to API SMOKE TEST: src/tests/api_tests/test_package_api.py::TestPackageAPI::test_authenticated_booking_private_within_30_days_lockdown_fails - PASS
2026-08-12 06:29:51 - GeoTravelGlobalLogger - WARNING  - [logger.py:360] - ⚠️ Invalid token provided to set_auth_token()
2026-08-12 06:29:51 - GeoTravelGlobalLogger - INFO     - [logger.py:345] - Retrieved credentials from environment for: geo.qa.bot@gmail.com
2026-08-12 06:29:51 - GeoTravelGlobalLogger - INFO     - [logger.py:345] - Attempting login with email: geo.qa.bot@gmail.com
2026-08-12 06:29:51 - GeoTravelGlobalLogger - INFO     - [logger.py:345] - 🔍 _request START - Current self.headers: {'Content-Type': 'application/json', 'Accept': 'application/json', 'X-Client-Type': 'retail'}
2026-08-12 06:29:51 - GeoTravelGlobalLogger - INFO     - [logger.py:345] - 🔍 _request - kwargs headers: {}
2026-08-12 06:29:51 - GeoTravelGlobalLogger - INFO     - [logger.py:345] - 🔍 _request FINAL headers being sent: {'Content-Type': 'application/json', 'Accept': 'application/json', 'X-Client-Type': 'retail'}
2026-08-12 06:29:51 - GeoTravelGlobalLogger - INFO     - [logger.py:345] - API Request: POST https://api.stg.gowithgeo.com/api/auth/login
2026-08-12 06:29:52 - GeoTravelGlobalLogger - INFO     - [logger.py:345] - API Response: 200
2026-08-12 06:29:52 - GeoTravelGlobalLogger - INFO     - [logger.py:345] - Token extracted via cookies (length: 167, valid)
2026-08-12 06:29:52 - GeoTravelGlobalLogger - INFO     - [logger.py:345] - ✅ Auth token set from cookies (Cookie header)
2026-08-12 06:29:52 - GeoTravelGlobalLogger - INFO     - [logger.py:345] - SUCCESS: ✅ Login successful - token set via cookies
2026-08-12 06:29:52 - GeoTravelGlobalLogger - INFO     - [logger.py:345] - SUCCESS: ✅ Authenticated successfully (token length: 167)
2026-08-12 06:29:52 - GeoTravelGlobalLogger - INFO     - [logger.py:345] - ✅ Auth token set from cookies (Cookie header)
2026-08-12 06:29:52 - GeoTravelGlobalLogger - INFO     - [logger.py:345] - ✅ Auth token set from cookies (Cookie header)
2026-08-12 06:29:52 - GeoTravelGlobalLogger - INFO     - [logger.py:345] - === Testing UNAUTHENTICATED GROUP - Full Payment ===
2026-08-12 06:29:52 - GeoTravelGlobalLogger - INFO     - [logger.py:345] - 🔍 _request START - Current self.headers: {'Content-Type': 'application/json', 'Accept': 'application/json', 'X-Client-Type': 'retail'}
2026-08-12 06:29:52 - GeoTravelGlobalLogger - INFO     - [logger.py:345] - 🔍 _request - kwargs headers: {}
2026-08-12 06:29:52 - GeoTravelGlobalLogger - INFO     - [logger.py:345] - 🔍 _request FINAL headers being sent: {'Content-Type': 'application/json', 'Accept': 'application/json', 'X-Client-Type': 'retail'}
2026-08-12 06:29:52 - GeoTravelGlobalLogger - INFO     - [logger.py:345] - API Request: GET https://api.stg.gowithgeo.com/api/package/all
2026-08-12 06:29:52 - GeoTravelGlobalLogger - INFO     - [logger.py:345] - API Response: 200
2026-08-12 06:29:52 - GeoTravelGlobalLogger - INFO     - [logger.py:345] - 📦 Selected package: Qatar Christmas Package (ID: 16)
2026-08-12 06:29:52 - GeoTravelGlobalLogger - INFO     - [logger.py:345] - 🔍 _request START - Current self.headers: {'Content-Type': 'application/json', 'Accept': 'application/json', 'X-Client-Type': 'retail', 'Cookie': 'retail_access_token=eyJhbGciOiJIUzI1NiIsInR5cCI6IkpXVCJ9.eyJpZCI6MTUxLCJ1c2VyVHlwZSI6IlJFVEFJTCIsImlhdCI6MTc4NjUxNjE5MiwiZXhwIjoxNzg2NTU5MzkyfQ.JwQPCYi-mlszezVkeOXGJ-4ptUBzQauAXr5cv-qoXEU'}
2026-08-12 06:29:52 - GeoTravelGlobalLogger - INFO     - [logger.py:345] - 🔍 _request - kwargs headers: {}
2026-08-12 06:29:52 - GeoTravelGlobalLogger - INFO     - [logger.py:345] - 🔍 _request FINAL headers being sent: {'Content-Type': 'application/json', 'Accept': 'application/json', 'X-Client-Type': 'retail', 'Cookie': 'retail_access_token=eyJhbGciOiJIUzI1NiIsInR5cCI6IkpXVCJ9.eyJpZCI6MTUxLCJ1c2VyVHlwZSI6IlJFVEFJTCIsImlhdCI6MTc4NjUxNjE5MiwiZXhwIjoxNzg2NTU5MzkyfQ.JwQPCYi-mlszezVkeOXGJ-4ptUBzQauAXr5cv-qoXEU'}
2026-08-12 06:29:52 - GeoTravelGlobalLogger - INFO     - [logger.py:345] - API Request: GET https://api.stg.gowithgeo.com/api/package/user/booked-packages
2026-08-12 06:29:52 - GeoTravelGlobalLogger - INFO     - [logger.py:345] - API Response: 200
2026-08-12 06:29:52 - GeoTravelGlobalLogger - INFO     - [logger.py:345] - 📦 Payload: {'package': 16, 'full_name': 'Unauth Test User 4100', 'email': 'unauth6993@test.com', 'phone': '+234730981729', 'pricing_text': 'Early bird', 'payment_mode': 'FULL_PRICE', 'adults': 3, 'children': 1, 'infants': 0, 'paymentMethod': 'paystack'}
2026-08-12 06:29:52 - GeoTravelGlobalLogger - INFO     - [logger.py:345] - 🔍 _request START - Current self.headers: {'Content-Type': 'application/json', 'Accept': 'application/json', 'X-Client-Type': 'retail'}
2026-08-12 06:29:52 - GeoTravelGlobalLogger - INFO     - [logger.py:345] - 🔍 _request - kwargs headers: {}
2026-08-12 06:29:52 - GeoTravelGlobalLogger - INFO     - [logger.py:345] - 🔍 _request FINAL headers being sent: {'Content-Type': 'application/json', 'Accept': 'application/json', 'X-Client-Type': 'retail'}
2026-08-12 06:29:52 - GeoTravelGlobalLogger - INFO     - [logger.py:345] - API Request: POST https://api.stg.gowithgeo.com/api/package/book
2026-08-12 06:29:53 - GeoTravelGlobalLogger - INFO     - [logger.py:345] - API Response: 200
2026-08-12 06:29:53 - GeoTravelGlobalLogger - INFO     - [logger.py:345] - SUCCESS: ✅ Verified user_id = null for unauthenticated booking
2026-08-12 06:29:53 - GeoTravelGlobalLogger - INFO     - [logger.py:345] - ✅ paystack - paymentLink present
2026-08-12 06:29:55 - GeoTravelGlobalLogger - INFO     - [logger.py:345] - 🔍 _request START - Current self.headers: {'Content-Type': 'application/json', 'Accept': 'application/json', 'X-Client-Type': 'retail', 'Cookie': 'retail_access_token=eyJhbGciOiJIUzI1NiIsInR5cCI6IkpXVCJ9.eyJpZCI6MTUxLCJ1c2VyVHlwZSI6IlJFVEFJTCIsImlhdCI6MTc4NjUxNjE5MiwiZXhwIjoxNzg2NTU5MzkyfQ.JwQPCYi-mlszezVkeOXGJ-4ptUBzQauAXr5cv-qoXEU'}
2026-08-12 06:29:55 - GeoTravelGlobalLogger - INFO     - [logger.py:345] - 🔍 _request - kwargs headers: {}
2026-08-12 06:29:55 - GeoTravelGlobalLogger - INFO     - [logger.py:345] - 🔍 _request FINAL headers being sent: {'Content-Type': 'application/json', 'Accept': 'application/json', 'X-Client-Type': 'retail', 'Cookie': 'retail_access_token=eyJhbGciOiJIUzI1NiIsInR5cCI6IkpXVCJ9.eyJpZCI6MTUxLCJ1c2VyVHlwZSI6IlJFVEFJTCIsImlhdCI6MTc4NjUxNjE5MiwiZXhwIjoxNzg2NTU5MzkyfQ.JwQPCYi-mlszezVkeOXGJ-4ptUBzQauAXr5cv-qoXEU'}
2026-08-12 06:29:55 - GeoTravelGlobalLogger - INFO     - [logger.py:345] - API Request: GET https://api.stg.gowithgeo.com/api/package/user/booked-packages
2026-08-12 06:29:55 - GeoTravelGlobalLogger - INFO     - [logger.py:345] - API Response: 200
2026-08-12 06:29:55 - GeoTravelGlobalLogger - INFO     - [logger.py:345] - SUCCESS: ✅ Authenticated user's bookings unchanged (50)
2026-08-12 06:29:55 - GeoTravelGlobalLogger - INFO     - [logger.py:345] - SUCCESS: ✅ Unauthenticated booking ID 2041 not found in user bookings
2026-08-12 06:29:55 - GeoTravelGlobalLogger - INFO     - [logger.py:345] - SUCCESS: ✅ Unauthenticated GROUP full payment test passed
2026-08-12 06:29:55 - GeoTravelGlobalLogger - INFO     - [logger.py:345] - ✅ Saved test-specific logs: reports/logs/src_tests_api_tests_test_package_api.py_TestPackageAPI_test_unauthenticated_booking_group_full_payment_062955.log
2026-08-12 06:29:55 - GeoTravelGlobalLogger - INFO     - [logger.py:345] - Test result added: src/tests/api_tests/test_package_api.py::TestPackageAPI::test_unauthenticated_booking_group_full_payment - PASS (Duration: 3.88s)
2026-08-12 06:29:55 - GeoTravelGlobalLogger - INFO     - [logger.py:345] - Added test result to API SMOKE TEST: src/tests/api_tests/test_package_api.py::TestPackageAPI::test_unauthenticated_booking_group_full_payment - PASS
2026-08-12 06:29:55 - GeoTravelGlobalLogger - WARNING  - [logger.py:360] - ⚠️ Invalid token provided to set_auth_token()
2026-08-12 06:29:55 - GeoTravelGlobalLogger - INFO     - [logger.py:345] - Retrieved credentials from environment for: geo.qa.bot@gmail.com
2026-08-12 06:29:55 - GeoTravelGlobalLogger - INFO     - [logger.py:345] - Attempting login with email: geo.qa.bot@gmail.com
2026-08-12 06:29:55 - GeoTravelGlobalLogger - INFO     - [logger.py:345] - 🔍 _request START - Current self.headers: {'Content-Type': 'application/json', 'Accept': 'application/json', 'X-Client-Type': 'retail'}
2026-08-12 06:29:55 - GeoTravelGlobalLogger - INFO     - [logger.py:345] - 🔍 _request - kwargs headers: {}
2026-08-12 06:29:55 - GeoTravelGlobalLogger - INFO     - [logger.py:345] - 🔍 _request FINAL headers being sent: {'Content-Type': 'application/json', 'Accept': 'application/json', 'X-Client-Type': 'retail'}
2026-08-12 06:29:55 - GeoTravelGlobalLogger - INFO     - [logger.py:345] - API Request: POST https://api.stg.gowithgeo.com/api/auth/login
2026-08-12 06:29:56 - GeoTravelGlobalLogger - INFO     - [logger.py:345] - API Response: 200
2026-08-12 06:29:56 - GeoTravelGlobalLogger - INFO     - [logger.py:345] - Token extracted via cookies (length: 167, valid)
2026-08-12 06:29:56 - GeoTravelGlobalLogger - INFO     - [logger.py:345] - ✅ Auth token set from cookies (Cookie header)
2026-08-12 06:29:56 - GeoTravelGlobalLogger - INFO     - [logger.py:345] - SUCCESS: ✅ Login successful - token set via cookies
2026-08-12 06:29:56 - GeoTravelGlobalLogger - INFO     - [logger.py:345] - SUCCESS: ✅ Authenticated successfully (token length: 167)
2026-08-12 06:29:56 - GeoTravelGlobalLogger - INFO     - [logger.py:345] - ✅ Auth token set from cookies (Cookie header)
2026-08-12 06:29:56 - GeoTravelGlobalLogger - INFO     - [logger.py:345] - ✅ Auth token set from cookies (Cookie header)
2026-08-12 06:29:56 - GeoTravelGlobalLogger - INFO     - [logger.py:345] - === Testing UNAUTHENTICATED GROUP - Lockdown Payment ===
2026-08-12 06:29:56 - GeoTravelGlobalLogger - INFO     - [logger.py:345] - 🔍 _request START - Current self.headers: {'Content-Type': 'application/json', 'Accept': 'application/json', 'X-Client-Type': 'retail'}
2026-08-12 06:29:56 - GeoTravelGlobalLogger - INFO     - [logger.py:345] - 🔍 _request - kwargs headers: {}
2026-08-12 06:29:56 - GeoTravelGlobalLogger - INFO     - [logger.py:345] - 🔍 _request FINAL headers being sent: {'Content-Type': 'application/json', 'Accept': 'application/json', 'X-Client-Type': 'retail'}
2026-08-12 06:29:56 - GeoTravelGlobalLogger - INFO     - [logger.py:345] - API Request: GET https://api.stg.gowithgeo.com/api/package/all
2026-08-12 06:29:56 - GeoTravelGlobalLogger - INFO     - [logger.py:345] - API Response: 200
2026-08-12 06:29:56 - GeoTravelGlobalLogger - INFO     - [logger.py:345] - 📦 Selected package: Qatar Christmas Package (ID: 16)
2026-08-12 06:29:56 - GeoTravelGlobalLogger - INFO     - [logger.py:345] - 🔍 _request START - Current self.headers: {'Content-Type': 'application/json', 'Accept': 'application/json', 'X-Client-Type': 'retail', 'Cookie': 'retail_access_token=eyJhbGciOiJIUzI1NiIsInR5cCI6IkpXVCJ9.eyJpZCI6MTUxLCJ1c2VyVHlwZSI6IlJFVEFJTCIsImlhdCI6MTc4NjUxNjE5NiwiZXhwIjoxNzg2NTU5Mzk2fQ.26p8pmevMZJ3yr1XNi1d0iMUT29KDyQq-RR7k1p7kSo'}
2026-08-12 06:29:56 - GeoTravelGlobalLogger - INFO     - [logger.py:345] - 🔍 _request - kwargs headers: {}
2026-08-12 06:29:56 - GeoTravelGlobalLogger - INFO     - [logger.py:345] - 🔍 _request FINAL headers being sent: {'Content-Type': 'application/json', 'Accept': 'application/json', 'X-Client-Type': 'retail', 'Cookie': 'retail_access_token=eyJhbGciOiJIUzI1NiIsInR5cCI6IkpXVCJ9.eyJpZCI6MTUxLCJ1c2VyVHlwZSI6IlJFVEFJTCIsImlhdCI6MTc4NjUxNjE5NiwiZXhwIjoxNzg2NTU5Mzk2fQ.26p8pmevMZJ3yr1XNi1d0iMUT29KDyQq-RR7k1p7kSo'}
2026-08-12 06:29:56 - GeoTravelGlobalLogger - INFO     - [logger.py:345] - API Request: GET https://api.stg.gowithgeo.com/api/package/user/booked-packages
2026-08-12 06:29:56 - GeoTravelGlobalLogger - INFO     - [logger.py:345] - API Response: 200
2026-08-12 06:29:56 - GeoTravelGlobalLogger - INFO     - [logger.py:345] - 📦 Payload: {'package': 16, 'full_name': 'Unauth Test User 4886', 'email': 'unauth8906@test.com', 'phone': '+234748711041', 'pricing_text': 'Early bird', 'payment_mode': 'LOCKDOWN', 'adults': 3, 'children': 0, 'infants': 0, 'paymentMethod': 'flutterwave'}
2026-08-12 06:29:56 - GeoTravelGlobalLogger - INFO     - [logger.py:345] - 🔍 _request START - Current self.headers: {'Content-Type': 'application/json', 'Accept': 'application/json', 'X-Client-Type': 'retail'}
2026-08-12 06:29:56 - GeoTravelGlobalLogger - INFO     - [logger.py:345] - 🔍 _request - kwargs headers: {}
2026-08-12 06:29:56 - GeoTravelGlobalLogger - INFO     - [logger.py:345] - 🔍 _request FINAL headers being sent: {'Content-Type': 'application/json', 'Accept': 'application/json', 'X-Client-Type': 'retail'}
2026-08-12 06:29:56 - GeoTravelGlobalLogger - INFO     - [logger.py:345] - API Request: POST https://api.stg.gowithgeo.com/api/package/book
2026-08-12 06:29:57 - GeoTravelGlobalLogger - INFO     - [logger.py:345] - API Response: 200
2026-08-12 06:29:57 - GeoTravelGlobalLogger - INFO     - [logger.py:345] - SUCCESS: ✅ Verified user_id = null for unauthenticated booking
2026-08-12 06:29:57 - GeoTravelGlobalLogger - INFO     - [logger.py:345] - ✅ flutterwave - paymentLink present
2026-08-12 06:29:59 - GeoTravelGlobalLogger - INFO     - [logger.py:345] - 🔍 _request START - Current self.headers: {'Content-Type': 'application/json', 'Accept': 'application/json', 'X-Client-Type': 'retail', 'Cookie': 'retail_access_token=eyJhbGciOiJIUzI1NiIsInR5cCI6IkpXVCJ9.eyJpZCI6MTUxLCJ1c2VyVHlwZSI6IlJFVEFJTCIsImlhdCI6MTc4NjUxNjE5NiwiZXhwIjoxNzg2NTU5Mzk2fQ.26p8pmevMZJ3yr1XNi1d0iMUT29KDyQq-RR7k1p7kSo'}
2026-08-12 06:29:59 - GeoTravelGlobalLogger - INFO     - [logger.py:345] - 🔍 _request - kwargs headers: {}
2026-08-12 06:29:59 - GeoTravelGlobalLogger - INFO     - [logger.py:345] - 🔍 _request FINAL headers being sent: {'Content-Type': 'application/json', 'Accept': 'application/json', 'X-Client-Type': 'retail', 'Cookie': 'retail_access_token=eyJhbGciOiJIUzI1NiIsInR5cCI6IkpXVCJ9.eyJpZCI6MTUxLCJ1c2VyVHlwZSI6IlJFVEFJTCIsImlhdCI6MTc4NjUxNjE5NiwiZXhwIjoxNzg2NTU5Mzk2fQ.26p8pmevMZJ3yr1XNi1d0iMUT29KDyQq-RR7k1p7kSo'}
2026-08-12 06:29:59 - GeoTravelGlobalLogger - INFO     - [logger.py:345] - API Request: GET https://api.stg.gowithgeo.com/api/package/user/booked-packages
2026-08-12 06:29:59 - GeoTravelGlobalLogger - INFO     - [logger.py:345] - API Response: 200
2026-08-12 06:29:59 - GeoTravelGlobalLogger - INFO     - [logger.py:345] - SUCCESS: ✅ Authenticated user's bookings unchanged (50)
2026-08-12 06:29:59 - GeoTravelGlobalLogger - INFO     - [logger.py:345] - SUCCESS: ✅ Unauthenticated booking ID 2042 not found in user bookings
2026-08-12 06:29:59 - GeoTravelGlobalLogger - INFO     - [logger.py:345] - SUCCESS: ✅ Unauthenticated GROUP lockdown payment test passed
2026-08-12 06:29:59 - GeoTravelGlobalLogger - INFO     - [logger.py:345] - ✅ Saved test-specific logs: reports/logs/src_tests_api_tests_test_package_api.py_TestPackageAPI_test_unauthenticated_booking_group_lockdown_payment_062959.log
2026-08-12 06:29:59 - GeoTravelGlobalLogger - INFO     - [logger.py:345] - Test result added: src/tests/api_tests/test_package_api.py::TestPackageAPI::test_unauthenticated_booking_group_lockdown_payment - PASS (Duration: 3.57s)
2026-08-12 06:29:59 - GeoTravelGlobalLogger - INFO     - [logger.py:345] - Added test result to API SMOKE TEST: src/tests/api_tests/test_package_api.py::TestPackageAPI::test_unauthenticated_booking_group_lockdown_payment - PASS
2026-08-12 06:29:59 - GeoTravelGlobalLogger - WARNING  - [logger.py:360] - ⚠️ Invalid token provided to set_auth_token()
2026-08-12 06:29:59 - GeoTravelGlobalLogger - INFO     - [logger.py:345] - Retrieved credentials from environment for: geo.qa.bot@gmail.com
2026-08-12 06:29:59 - GeoTravelGlobalLogger - INFO     - [logger.py:345] - Attempting login with email: geo.qa.bot@gmail.com
2026-08-12 06:29:59 - GeoTravelGlobalLogger - INFO     - [logger.py:345] - 🔍 _request START - Current self.headers: {'Content-Type': 'application/json', 'Accept': 'application/json', 'X-Client-Type': 'retail'}
2026-08-12 06:29:59 - GeoTravelGlobalLogger - INFO     - [logger.py:345] - 🔍 _request - kwargs headers: {}
2026-08-12 06:29:59 - GeoTravelGlobalLogger - INFO     - [logger.py:345] - 🔍 _request FINAL headers being sent: {'Content-Type': 'application/json', 'Accept': 'application/json', 'X-Client-Type': 'retail'}
2026-08-12 06:29:59 - GeoTravelGlobalLogger - INFO     - [logger.py:345] - API Request: POST https://api.stg.gowithgeo.com/api/auth/login
2026-08-12 06:30:00 - GeoTravelGlobalLogger - INFO     - [logger.py:345] - API Response: 200
2026-08-12 06:30:00 - GeoTravelGlobalLogger - INFO     - [logger.py:345] - Token extracted via cookies (length: 167, valid)
2026-08-12 06:30:00 - GeoTravelGlobalLogger - INFO     - [logger.py:345] - ✅ Auth token set from cookies (Cookie header)
2026-08-12 06:30:00 - GeoTravelGlobalLogger - INFO     - [logger.py:345] - SUCCESS: ✅ Login successful - token set via cookies
2026-08-12 06:30:00 - GeoTravelGlobalLogger - INFO     - [logger.py:345] - SUCCESS: ✅ Authenticated successfully (token length: 167)
2026-08-12 06:30:00 - GeoTravelGlobalLogger - INFO     - [logger.py:345] - ✅ Auth token set from cookies (Cookie header)
2026-08-12 06:30:00 - GeoTravelGlobalLogger - INFO     - [logger.py:345] - ✅ Auth token set from cookies (Cookie header)
2026-08-12 06:30:00 - GeoTravelGlobalLogger - INFO     - [logger.py:345] - === Testing UNAUTHENTICATED GROUP - Deal Price ===
2026-08-12 06:30:00 - GeoTravelGlobalLogger - INFO     - [logger.py:345] - 🔍 _request START - Current self.headers: {'Content-Type': 'application/json', 'Accept': 'application/json', 'X-Client-Type': 'retail'}
2026-08-12 06:30:00 - GeoTravelGlobalLogger - INFO     - [logger.py:345] - 🔍 _request - kwargs headers: {}
2026-08-12 06:30:00 - GeoTravelGlobalLogger - INFO     - [logger.py:345] - 🔍 _request FINAL headers being sent: {'Content-Type': 'application/json', 'Accept': 'application/json', 'X-Client-Type': 'retail'}
2026-08-12 06:30:00 - GeoTravelGlobalLogger - INFO     - [logger.py:345] - API Request: GET https://api.stg.gowithgeo.com/api/package/all
2026-08-12 06:30:00 - GeoTravelGlobalLogger - INFO     - [logger.py:345] - API Response: 200
2026-08-12 06:30:00 - GeoTravelGlobalLogger - INFO     - [logger.py:345] - 📦 Selected package with deal: Lagos Group Adventure – Discover Kenya's Heart in 5 Days (ID: 13)
2026-08-12 06:30:00 - GeoTravelGlobalLogger - INFO     - [logger.py:345] - 🔍 _request START - Current self.headers: {'Content-Type': 'application/json', 'Accept': 'application/json', 'X-Client-Type': 'retail', 'Cookie': 'retail_access_token=eyJhbGciOiJIUzI1NiIsInR5cCI6IkpXVCJ9.eyJpZCI6MTUxLCJ1c2VyVHlwZSI6IlJFVEFJTCIsImlhdCI6MTc4NjUxNjIwMCwiZXhwIjoxNzg2NTU5NDAwfQ.W-rZncljQIemx7D3aJMDaKZ88lcMYnX50bksD6vfvlA'}
2026-08-12 06:30:00 - GeoTravelGlobalLogger - INFO     - [logger.py:345] - 🔍 _request - kwargs headers: {}
2026-08-12 06:30:00 - GeoTravelGlobalLogger - INFO     - [logger.py:345] - 🔍 _request FINAL headers being sent: {'Content-Type': 'application/json', 'Accept': 'application/json', 'X-Client-Type': 'retail', 'Cookie': 'retail_access_token=eyJhbGciOiJIUzI1NiIsInR5cCI6IkpXVCJ9.eyJpZCI6MTUxLCJ1c2VyVHlwZSI6IlJFVEFJTCIsImlhdCI6MTc4NjUxNjIwMCwiZXhwIjoxNzg2NTU5NDAwfQ.W-rZncljQIemx7D3aJMDaKZ88lcMYnX50bksD6vfvlA'}
2026-08-12 06:30:00 - GeoTravelGlobalLogger - INFO     - [logger.py:345] - API Request: GET https://api.stg.gowithgeo.com/api/package/user/booked-packages
2026-08-12 06:30:00 - GeoTravelGlobalLogger - INFO     - [logger.py:345] - API Response: 200
2026-08-12 06:30:00 - GeoTravelGlobalLogger - INFO     - [logger.py:345] - 📦 Payload: {'package': 13, 'full_name': 'Unauth Test User 9644', 'email': 'unauth1149@test.com', 'phone': '+234722226571', 'pricing_text': 'Group of Four', 'payment_mode': 'DEAL_PRICE', 'adults': 2, 'children': 1, 'infants': 0, 'paymentMethod': 'paystack'}
2026-08-12 06:30:00 - GeoTravelGlobalLogger - INFO     - [logger.py:345] - 🔍 _request START - Current self.headers: {'Content-Type': 'application/json', 'Accept': 'application/json', 'X-Client-Type': 'retail'}
2026-08-12 06:30:00 - GeoTravelGlobalLogger - INFO     - [logger.py:345] - 🔍 _request - kwargs headers: {}
2026-08-12 06:30:00 - GeoTravelGlobalLogger - INFO     - [logger.py:345] - 🔍 _request FINAL headers being sent: {'Content-Type': 'application/json', 'Accept': 'application/json', 'X-Client-Type': 'retail'}
2026-08-12 06:30:00 - GeoTravelGlobalLogger - INFO     - [logger.py:345] - API Request: POST https://api.stg.gowithgeo.com/api/package/book
2026-08-12 06:30:02 - GeoTravelGlobalLogger - INFO     - [logger.py:345] - API Response: 200
2026-08-12 06:30:02 - GeoTravelGlobalLogger - INFO     - [logger.py:345] - SUCCESS: ✅ Verified user_id = null for unauthenticated booking
2026-08-12 06:30:02 - GeoTravelGlobalLogger - INFO     - [logger.py:345] - ✅ paystack - paymentLink present
2026-08-12 06:30:04 - GeoTravelGlobalLogger - INFO     - [logger.py:345] - 🔍 _request START - Current self.headers: {'Content-Type': 'application/json', 'Accept': 'application/json', 'X-Client-Type': 'retail', 'Cookie': 'retail_access_token=eyJhbGciOiJIUzI1NiIsInR5cCI6IkpXVCJ9.eyJpZCI6MTUxLCJ1c2VyVHlwZSI6IlJFVEFJTCIsImlhdCI6MTc4NjUxNjIwMCwiZXhwIjoxNzg2NTU5NDAwfQ.W-rZncljQIemx7D3aJMDaKZ88lcMYnX50bksD6vfvlA'}
2026-08-12 06:30:04 - GeoTravelGlobalLogger - INFO     - [logger.py:345] - 🔍 _request - kwargs headers: {}
2026-08-12 06:30:04 - GeoTravelGlobalLogger - INFO     - [logger.py:345] - 🔍 _request FINAL headers being sent: {'Content-Type': 'application/json', 'Accept': 'application/json', 'X-Client-Type': 'retail', 'Cookie': 'retail_access_token=eyJhbGciOiJIUzI1NiIsInR5cCI6IkpXVCJ9.eyJpZCI6MTUxLCJ1c2VyVHlwZSI6IlJFVEFJTCIsImlhdCI6MTc4NjUxNjIwMCwiZXhwIjoxNzg2NTU5NDAwfQ.W-rZncljQIemx7D3aJMDaKZ88lcMYnX50bksD6vfvlA'}
2026-08-12 06:30:04 - GeoTravelGlobalLogger - INFO     - [logger.py:345] - API Request: GET https://api.stg.gowithgeo.com/api/package/user/booked-packages
2026-08-12 06:30:04 - GeoTravelGlobalLogger - INFO     - [logger.py:345] - API Response: 200
2026-08-12 06:30:04 - GeoTravelGlobalLogger - INFO     - [logger.py:345] - SUCCESS: ✅ Authenticated user's bookings unchanged (50)
2026-08-12 06:30:04 - GeoTravelGlobalLogger - INFO     - [logger.py:345] - SUCCESS: ✅ Unauthenticated booking ID 2043 not found in user bookings
2026-08-12 06:30:04 - GeoTravelGlobalLogger - INFO     - [logger.py:345] - SUCCESS: ✅ Unauthenticated GROUP deal price test passed
2026-08-12 06:30:04 - GeoTravelGlobalLogger - INFO     - [logger.py:345] - ✅ Saved test-specific logs: reports/logs/src_tests_api_tests_test_package_api.py_TestPackageAPI_test_unauthenticated_booking_group_deal_price_063004.log
2026-08-12 06:30:04 - GeoTravelGlobalLogger - INFO     - [logger.py:345] - Test result added: src/tests/api_tests/test_package_api.py::TestPackageAPI::test_unauthenticated_booking_group_deal_price - PASS (Duration: 4.29s)
2026-08-12 06:30:04 - GeoTravelGlobalLogger - INFO     - [logger.py:345] - Added test result to API SMOKE TEST: src/tests/api_tests/test_package_api.py::TestPackageAPI::test_unauthenticated_booking_group_deal_price - PASS
2026-08-12 06:30:04 - GeoTravelGlobalLogger - WARNING  - [logger.py:360] - ⚠️ Invalid token provided to set_auth_token()
2026-08-12 06:30:04 - GeoTravelGlobalLogger - INFO     - [logger.py:345] - Retrieved credentials from environment for: geo.qa.bot@gmail.com
2026-08-12 06:30:04 - GeoTravelGlobalLogger - INFO     - [logger.py:345] - Attempting login with email: geo.qa.bot@gmail.com
2026-08-12 06:30:04 - GeoTravelGlobalLogger - INFO     - [logger.py:345] - 🔍 _request START - Current self.headers: {'Content-Type': 'application/json', 'Accept': 'application/json', 'X-Client-Type': 'retail'}
2026-08-12 06:30:04 - GeoTravelGlobalLogger - INFO     - [logger.py:345] - 🔍 _request - kwargs headers: {}
2026-08-12 06:30:04 - GeoTravelGlobalLogger - INFO     - [logger.py:345] - 🔍 _request FINAL headers being sent: {'Content-Type': 'application/json', 'Accept': 'application/json', 'X-Client-Type': 'retail'}
2026-08-12 06:30:04 - GeoTravelGlobalLogger - INFO     - [logger.py:345] - API Request: POST https://api.stg.gowithgeo.com/api/auth/login
2026-08-12 06:30:04 - GeoTravelGlobalLogger - INFO     - [logger.py:345] - API Response: 200
2026-08-12 06:30:04 - GeoTravelGlobalLogger - INFO     - [logger.py:345] - Token extracted via cookies (length: 167, valid)
2026-08-12 06:30:04 - GeoTravelGlobalLogger - INFO     - [logger.py:345] - ✅ Auth token set from cookies (Cookie header)
2026-08-12 06:30:04 - GeoTravelGlobalLogger - INFO     - [logger.py:345] - SUCCESS: ✅ Login successful - token set via cookies
2026-08-12 06:30:04 - GeoTravelGlobalLogger - INFO     - [logger.py:345] - SUCCESS: ✅ Authenticated successfully (token length: 167)
2026-08-12 06:30:04 - GeoTravelGlobalLogger - INFO     - [logger.py:345] - ✅ Auth token set from cookies (Cookie header)
2026-08-12 06:30:04 - GeoTravelGlobalLogger - INFO     - [logger.py:345] - ✅ Auth token set from cookies (Cookie header)
2026-08-12 06:30:04 - GeoTravelGlobalLogger - INFO     - [logger.py:345] - === Testing UNAUTHENTICATED PRIVATE - Future Departure (>30 days) ===
2026-08-12 06:30:04 - GeoTravelGlobalLogger - INFO     - [logger.py:345] - 🔍 _request START - Current self.headers: {'Content-Type': 'application/json', 'Accept': 'application/json', 'X-Client-Type': 'retail'}
2026-08-12 06:30:04 - GeoTravelGlobalLogger - INFO     - [logger.py:345] - 🔍 _request - kwargs headers: {}
2026-08-12 06:30:04 - GeoTravelGlobalLogger - INFO     - [logger.py:345] - 🔍 _request FINAL headers being sent: {'Content-Type': 'application/json', 'Accept': 'application/json', 'X-Client-Type': 'retail'}
2026-08-12 06:30:04 - GeoTravelGlobalLogger - INFO     - [logger.py:345] - API Request: GET https://api.stg.gowithgeo.com/api/package/all
2026-08-12 06:30:05 - GeoTravelGlobalLogger - INFO     - [logger.py:345] - API Response: 200
2026-08-12 06:30:05 - GeoTravelGlobalLogger - INFO     - [logger.py:345] - 📦 Selected package: Sweet Sensation (ID: 11)
2026-08-12 06:30:05 - GeoTravelGlobalLogger - INFO     - [logger.py:345] - 📅 Selected departure: 2026-12-14 (>30 days away)
2026-08-12 06:30:05 - GeoTravelGlobalLogger - INFO     - [logger.py:345] - 🔍 _request START - Current self.headers: {'Content-Type': 'application/json', 'Accept': 'application/json', 'X-Client-Type': 'retail', 'Cookie': 'retail_access_token=eyJhbGciOiJIUzI1NiIsInR5cCI6IkpXVCJ9.eyJpZCI6MTUxLCJ1c2VyVHlwZSI6IlJFVEFJTCIsImlhdCI6MTc4NjUxNjIwNCwiZXhwIjoxNzg2NTU5NDA0fQ.JT7WI5MmWsU--C4AcDAAPRbhLrIxBo_u2K689Le7Vb0'}
2026-08-12 06:30:05 - GeoTravelGlobalLogger - INFO     - [logger.py:345] - 🔍 _request - kwargs headers: {}
2026-08-12 06:30:05 - GeoTravelGlobalLogger - INFO     - [logger.py:345] - 🔍 _request FINAL headers being sent: {'Content-Type': 'application/json', 'Accept': 'application/json', 'X-Client-Type': 'retail', 'Cookie': 'retail_access_token=eyJhbGciOiJIUzI1NiIsInR5cCI6IkpXVCJ9.eyJpZCI6MTUxLCJ1c2VyVHlwZSI6IlJFVEFJTCIsImlhdCI6MTc4NjUxNjIwNCwiZXhwIjoxNzg2NTU5NDA0fQ.JT7WI5MmWsU--C4AcDAAPRbhLrIxBo_u2K689Le7Vb0'}
2026-08-12 06:30:05 - GeoTravelGlobalLogger - INFO     - [logger.py:345] - API Request: GET https://api.stg.gowithgeo.com/api/package/user/booked-packages
2026-08-12 06:30:05 - GeoTravelGlobalLogger - INFO     - [logger.py:345] - API Response: 200
2026-08-12 06:30:05 - GeoTravelGlobalLogger - INFO     - [logger.py:345] - 📦 Payload: {'package': 11, 'full_name': 'Unauth Test User 9911', 'email': 'unauth7608@test.com', 'phone': '+234715028531', 'pricing_text': 'Family Trip', 'payment_mode': 'FULL_PRICE', 'adults': 3, 'children': 1, 'infants': 0, 'paymentMethod': 'paystack', 'departure_date': '2026-12-14', 'return_date': '2026-12-21'}
2026-08-12 06:30:05 - GeoTravelGlobalLogger - INFO     - [logger.py:345] - 🔍 _request START - Current self.headers: {'Content-Type': 'application/json', 'Accept': 'application/json', 'X-Client-Type': 'retail'}
2026-08-12 06:30:05 - GeoTravelGlobalLogger - INFO     - [logger.py:345] - 🔍 _request - kwargs headers: {}
2026-08-12 06:30:05 - GeoTravelGlobalLogger - INFO     - [logger.py:345] - 🔍 _request FINAL headers being sent: {'Content-Type': 'application/json', 'Accept': 'application/json', 'X-Client-Type': 'retail'}
2026-08-12 06:30:05 - GeoTravelGlobalLogger - INFO     - [logger.py:345] - API Request: POST https://api.stg.gowithgeo.com/api/package/book
2026-08-12 06:30:06 - GeoTravelGlobalLogger - INFO     - [logger.py:345] - API Response: 200
2026-08-12 06:30:06 - GeoTravelGlobalLogger - INFO     - [logger.py:345] - SUCCESS: ✅ Verified user_id = null for unauthenticated booking
2026-08-12 06:30:06 - GeoTravelGlobalLogger - INFO     - [logger.py:345] - ✅ paystack - paymentLink present
2026-08-12 06:30:08 - GeoTravelGlobalLogger - INFO     - [logger.py:345] - 🔍 _request START - Current self.headers: {'Content-Type': 'application/json', 'Accept': 'application/json', 'X-Client-Type': 'retail', 'Cookie': 'retail_access_token=eyJhbGciOiJIUzI1NiIsInR5cCI6IkpXVCJ9.eyJpZCI6MTUxLCJ1c2VyVHlwZSI6IlJFVEFJTCIsImlhdCI6MTc4NjUxNjIwNCwiZXhwIjoxNzg2NTU5NDA0fQ.JT7WI5MmWsU--C4AcDAAPRbhLrIxBo_u2K689Le7Vb0'}
2026-08-12 06:30:08 - GeoTravelGlobalLogger - INFO     - [logger.py:345] - 🔍 _request - kwargs headers: {}
2026-08-12 06:30:08 - GeoTravelGlobalLogger - INFO     - [logger.py:345] - 🔍 _request FINAL headers being sent: {'Content-Type': 'application/json', 'Accept': 'application/json', 'X-Client-Type': 'retail', 'Cookie': 'retail_access_token=eyJhbGciOiJIUzI1NiIsInR5cCI6IkpXVCJ9.eyJpZCI6MTUxLCJ1c2VyVHlwZSI6IlJFVEFJTCIsImlhdCI6MTc4NjUxNjIwNCwiZXhwIjoxNzg2NTU5NDA0fQ.JT7WI5MmWsU--C4AcDAAPRbhLrIxBo_u2K689Le7Vb0'}
2026-08-12 06:30:08 - GeoTravelGlobalLogger - INFO     - [logger.py:345] - API Request: GET https://api.stg.gowithgeo.com/api/package/user/booked-packages
2026-08-12 06:30:09 - GeoTravelGlobalLogger - INFO     - [logger.py:345] - API Response: 200
2026-08-12 06:30:09 - GeoTravelGlobalLogger - INFO     - [logger.py:345] - SUCCESS: ✅ Authenticated user's bookings unchanged (50)
2026-08-12 06:30:09 - GeoTravelGlobalLogger - INFO     - [logger.py:345] - SUCCESS: ✅ Unauthenticated booking ID 2044 not found in user bookings
2026-08-12 06:30:09 - GeoTravelGlobalLogger - INFO     - [logger.py:345] - SUCCESS: ✅ Unauthenticated PRIVATE future departure test passed
2026-08-12 06:30:09 - GeoTravelGlobalLogger - INFO     - [logger.py:345] - ✅ Saved test-specific logs: reports/logs/src_tests_api_tests_test_package_api.py_TestPackageAPI_test_unauthenticated_booking_private_future_departure_063009.log
2026-08-12 06:30:09 - GeoTravelGlobalLogger - INFO     - [logger.py:345] - Test result added: src/tests/api_tests/test_package_api.py::TestPackageAPI::test_unauthenticated_booking_private_future_departure - PASS (Duration: 4.46s)
2026-08-12 06:30:09 - GeoTravelGlobalLogger - INFO     - [logger.py:345] - Added test result to API SMOKE TEST: src/tests/api_tests/test_package_api.py::TestPackageAPI::test_unauthenticated_booking_private_future_departure - PASS
2026-08-12 06:30:09 - GeoTravelGlobalLogger - WARNING  - [logger.py:360] - ⚠️ Invalid token provided to set_auth_token()
2026-08-12 06:30:09 - GeoTravelGlobalLogger - INFO     - [logger.py:345] - Retrieved credentials from environment for: geo.qa.bot@gmail.com
2026-08-12 06:30:09 - GeoTravelGlobalLogger - INFO     - [logger.py:345] - Attempting login with email: geo.qa.bot@gmail.com
2026-08-12 06:30:09 - GeoTravelGlobalLogger - INFO     - [logger.py:345] - 🔍 _request START - Current self.headers: {'Content-Type': 'application/json', 'Accept': 'application/json', 'X-Client-Type': 'retail'}
2026-08-12 06:30:09 - GeoTravelGlobalLogger - INFO     - [logger.py:345] - 🔍 _request - kwargs headers: {}
2026-08-12 06:30:09 - GeoTravelGlobalLogger - INFO     - [logger.py:345] - 🔍 _request FINAL headers being sent: {'Content-Type': 'application/json', 'Accept': 'application/json', 'X-Client-Type': 'retail'}
2026-08-12 06:30:09 - GeoTravelGlobalLogger - INFO     - [logger.py:345] - API Request: POST https://api.stg.gowithgeo.com/api/auth/login
2026-08-12 06:30:09 - GeoTravelGlobalLogger - INFO     - [logger.py:345] - API Response: 200
2026-08-12 06:30:09 - GeoTravelGlobalLogger - INFO     - [logger.py:345] - Token extracted via cookies (length: 167, valid)
2026-08-12 06:30:09 - GeoTravelGlobalLogger - INFO     - [logger.py:345] - ✅ Auth token set from cookies (Cookie header)
2026-08-12 06:30:09 - GeoTravelGlobalLogger - INFO     - [logger.py:345] - SUCCESS: ✅ Login successful - token set via cookies
2026-08-12 06:30:09 - GeoTravelGlobalLogger - INFO     - [logger.py:345] - SUCCESS: ✅ Authenticated successfully (token length: 167)
2026-08-12 06:30:09 - GeoTravelGlobalLogger - INFO     - [logger.py:345] - ✅ Auth token set from cookies (Cookie header)
2026-08-12 06:30:09 - GeoTravelGlobalLogger - INFO     - [logger.py:345] - ✅ Auth token set from cookies (Cookie header)
2026-08-12 06:30:09 - GeoTravelGlobalLogger - INFO     - [logger.py:345] - === Testing UNAUTHENTICATED PRIVATE - Within 30 Days (Full Payment Required) ===
2026-08-12 06:30:09 - GeoTravelGlobalLogger - INFO     - [logger.py:345] - 🔍 _request START - Current self.headers: {'Content-Type': 'application/json', 'Accept': 'application/json', 'X-Client-Type': 'retail'}
2026-08-12 06:30:09 - GeoTravelGlobalLogger - INFO     - [logger.py:345] - 🔍 _request - kwargs headers: {}
2026-08-12 06:30:09 - GeoTravelGlobalLogger - INFO     - [logger.py:345] - 🔍 _request FINAL headers being sent: {'Content-Type': 'application/json', 'Accept': 'application/json', 'X-Client-Type': 'retail'}
2026-08-12 06:30:09 - GeoTravelGlobalLogger - INFO     - [logger.py:345] - API Request: GET https://api.stg.gowithgeo.com/api/package/all
2026-08-12 06:30:09 - GeoTravelGlobalLogger - INFO     - [logger.py:345] - API Response: 200
2026-08-12 06:30:09 - GeoTravelGlobalLogger - INFO     - [logger.py:345] - 📦 Selected package: Christmas Eve (ID: 15)
2026-08-12 06:30:09 - GeoTravelGlobalLogger - INFO     - [logger.py:345] - 📅 Departure in 20 days
2026-08-12 06:30:09 - GeoTravelGlobalLogger - INFO     - [logger.py:345] - 🔍 _request START - Current self.headers: {'Content-Type': 'application/json', 'Accept': 'application/json', 'X-Client-Type': 'retail', 'Cookie': 'retail_access_token=eyJhbGciOiJIUzI1NiIsInR5cCI6IkpXVCJ9.eyJpZCI6MTUxLCJ1c2VyVHlwZSI6IlJFVEFJTCIsImlhdCI6MTc4NjUxNjIwOSwiZXhwIjoxNzg2NTU5NDA5fQ.ie8_2vtsYkRwZ9wYN45m7jzAVeeN8KvDhAVmoA-9Ka0'}
2026-08-12 06:30:09 - GeoTravelGlobalLogger - INFO     - [logger.py:345] - 🔍 _request - kwargs headers: {}
2026-08-12 06:30:09 - GeoTravelGlobalLogger - INFO     - [logger.py:345] - 🔍 _request FINAL headers being sent: {'Content-Type': 'application/json', 'Accept': 'application/json', 'X-Client-Type': 'retail', 'Cookie': 'retail_access_token=eyJhbGciOiJIUzI1NiIsInR5cCI6IkpXVCJ9.eyJpZCI6MTUxLCJ1c2VyVHlwZSI6IlJFVEFJTCIsImlhdCI6MTc4NjUxNjIwOSwiZXhwIjoxNzg2NTU5NDA5fQ.ie8_2vtsYkRwZ9wYN45m7jzAVeeN8KvDhAVmoA-9Ka0'}
2026-08-12 06:30:09 - GeoTravelGlobalLogger - INFO     - [logger.py:345] - API Request: GET https://api.stg.gowithgeo.com/api/package/user/booked-packages
2026-08-12 06:30:10 - GeoTravelGlobalLogger - INFO     - [logger.py:345] - API Response: 200
2026-08-12 06:30:10 - GeoTravelGlobalLogger - INFO     - [logger.py:345] - 📦 Payload: {'package': 15, 'full_name': 'Unauth Test User 5392', 'email': 'unauth3544@test.com', 'phone': '+234796685951', 'pricing_text': 'Personalized', 'payment_mode': 'FULL_PRICE', 'adults': 2, 'children': 0, 'infants': 0, 'paymentMethod': 'paystack', 'departure_date': '2026-09-01', 'return_date': '2026-09-08'}
2026-08-12 06:30:10 - GeoTravelGlobalLogger - INFO     - [logger.py:345] - 🔍 _request START - Current self.headers: {'Content-Type': 'application/json', 'Accept': 'application/json', 'X-Client-Type': 'retail'}
2026-08-12 06:30:10 - GeoTravelGlobalLogger - INFO     - [logger.py:345] - 🔍 _request - kwargs headers: {}
2026-08-12 06:30:10 - GeoTravelGlobalLogger - INFO     - [logger.py:345] - 🔍 _request FINAL headers being sent: {'Content-Type': 'application/json', 'Accept': 'application/json', 'X-Client-Type': 'retail'}
2026-08-12 06:30:10 - GeoTravelGlobalLogger - INFO     - [logger.py:345] - API Request: POST https://api.stg.gowithgeo.com/api/package/book
2026-08-12 06:30:11 - GeoTravelGlobalLogger - INFO     - [logger.py:345] - API Response: 200
2026-08-12 06:30:11 - GeoTravelGlobalLogger - INFO     - [logger.py:345] - SUCCESS: ✅ Verified user_id = null for unauthenticated booking
2026-08-12 06:30:11 - GeoTravelGlobalLogger - INFO     - [logger.py:345] - ✅ paystack - paymentLink present
2026-08-12 06:30:13 - GeoTravelGlobalLogger - INFO     - [logger.py:345] - 🔍 _request START - Current self.headers: {'Content-Type': 'application/json', 'Accept': 'application/json', 'X-Client-Type': 'retail', 'Cookie': 'retail_access_token=eyJhbGciOiJIUzI1NiIsInR5cCI6IkpXVCJ9.eyJpZCI6MTUxLCJ1c2VyVHlwZSI6IlJFVEFJTCIsImlhdCI6MTc4NjUxNjIwOSwiZXhwIjoxNzg2NTU5NDA5fQ.ie8_2vtsYkRwZ9wYN45m7jzAVeeN8KvDhAVmoA-9Ka0'}
2026-08-12 06:30:13 - GeoTravelGlobalLogger - INFO     - [logger.py:345] - 🔍 _request - kwargs headers: {}
2026-08-12 06:30:13 - GeoTravelGlobalLogger - INFO     - [logger.py:345] - 🔍 _request FINAL headers being sent: {'Content-Type': 'application/json', 'Accept': 'application/json', 'X-Client-Type': 'retail', 'Cookie': 'retail_access_token=eyJhbGciOiJIUzI1NiIsInR5cCI6IkpXVCJ9.eyJpZCI6MTUxLCJ1c2VyVHlwZSI6IlJFVEFJTCIsImlhdCI6MTc4NjUxNjIwOSwiZXhwIjoxNzg2NTU5NDA5fQ.ie8_2vtsYkRwZ9wYN45m7jzAVeeN8KvDhAVmoA-9Ka0'}
2026-08-12 06:30:13 - GeoTravelGlobalLogger - INFO     - [logger.py:345] - API Request: GET https://api.stg.gowithgeo.com/api/package/user/booked-packages
2026-08-12 06:30:13 - GeoTravelGlobalLogger - INFO     - [logger.py:345] - API Response: 200
2026-08-12 06:30:13 - GeoTravelGlobalLogger - INFO     - [logger.py:345] - SUCCESS: ✅ Authenticated user's bookings unchanged (50)
2026-08-12 06:30:13 - GeoTravelGlobalLogger - INFO     - [logger.py:345] - SUCCESS: ✅ Unauthenticated booking ID 2045 not found in user bookings
2026-08-12 06:30:13 - GeoTravelGlobalLogger - INFO     - [logger.py:345] - SUCCESS: ✅ Unauthenticated PRIVATE within 30 days (full payment) test passed
2026-08-12 06:30:13 - GeoTravelGlobalLogger - INFO     - [logger.py:345] - ✅ Saved test-specific logs: reports/logs/src_tests_api_tests_test_package_api.py_TestPackageAPI_test_unauthenticated_booking_private_within_30_days_full_payment_063013.log
2026-08-12 06:30:13 - GeoTravelGlobalLogger - INFO     - [logger.py:345] - Test result added: src/tests/api_tests/test_package_api.py::TestPackageAPI::test_unauthenticated_booking_private_within_30_days_full_payment - PASS (Duration: 3.82s)
2026-08-12 06:30:13 - GeoTravelGlobalLogger - INFO     - [logger.py:345] - Added test result to API SMOKE TEST: src/tests/api_tests/test_package_api.py::TestPackageAPI::test_unauthenticated_booking_private_within_30_days_full_payment - PASS
2026-08-12 06:30:13 - GeoTravelGlobalLogger - INFO     - [logger.py:345] - Retrieved credentials from environment for: geo.qa.bot@gmail.com
2026-08-12 06:30:13 - GeoTravelGlobalLogger - INFO     - [logger.py:345] - Attempting login with email: geo.qa.bot@gmail.com
2026-08-12 06:30:13 - GeoTravelGlobalLogger - INFO     - [logger.py:345] - 🔍 _request START - Current self.headers: {'Content-Type': 'application/json', 'Accept': 'application/json', 'X-Client-Type': 'retail'}
2026-08-12 06:30:13 - GeoTravelGlobalLogger - INFO     - [logger.py:345] - 🔍 _request - kwargs headers: {}
2026-08-12 06:30:13 - GeoTravelGlobalLogger - INFO     - [logger.py:345] - 🔍 _request FINAL headers being sent: {'Content-Type': 'application/json', 'Accept': 'application/json', 'X-Client-Type': 'retail'}
2026-08-12 06:30:13 - GeoTravelGlobalLogger - INFO     - [logger.py:345] - API Request: POST https://api.stg.gowithgeo.com/api/auth/login
2026-08-12 06:30:13 - GeoTravelGlobalLogger - INFO     - [logger.py:345] - API Response: 200
2026-08-12 06:30:13 - GeoTravelGlobalLogger - INFO     - [logger.py:345] - Token extracted via cookies (length: 167, valid)
2026-08-12 06:30:13 - GeoTravelGlobalLogger - INFO     - [logger.py:345] - ✅ Auth token set from cookies (Cookie header)
2026-08-12 06:30:13 - GeoTravelGlobalLogger - INFO     - [logger.py:345] - SUCCESS: ✅ Login successful - token set via cookies
2026-08-12 06:30:13 - GeoTravelGlobalLogger - INFO     - [logger.py:345] - SUCCESS: ✅ Authenticated successfully (token length: 167)
2026-08-12 06:30:13 - GeoTravelGlobalLogger - INFO     - [logger.py:345] - ✅ Auth token set from cookies (Cookie header)
2026-08-12 06:30:13 - GeoTravelGlobalLogger - INFO     - [logger.py:345] - ✅ Auth token set from cookies (Cookie header)
2026-08-12 06:30:13 - GeoTravelGlobalLogger - INFO     - [logger.py:345] - === Testing Get User Booked Packages ===
2026-08-12 06:30:13 - GeoTravelGlobalLogger - INFO     - [logger.py:345] - 🔍 _request START - Current self.headers: {'Content-Type': 'application/json', 'Accept': 'application/json', 'X-Client-Type': 'retail', 'Cookie': 'retail_access_token=eyJhbGciOiJIUzI1NiIsInR5cCI6IkpXVCJ9.eyJpZCI6MTUxLCJ1c2VyVHlwZSI6IlJFVEFJTCIsImlhdCI6MTc4NjUxNjIxMywiZXhwIjoxNzg2NTU5NDEzfQ.dTIyYZmZIh9sUPCPteiQvMfpldWUlFUOcPrkZXS8Cco'}
2026-08-12 06:30:13 - GeoTravelGlobalLogger - INFO     - [logger.py:345] - 🔍 _request - kwargs headers: {}
2026-08-12 06:30:13 - GeoTravelGlobalLogger - INFO     - [logger.py:345] - 🔍 _request FINAL headers being sent: {'Content-Type': 'application/json', 'Accept': 'application/json', 'X-Client-Type': 'retail', 'Cookie': 'retail_access_token=eyJhbGciOiJIUzI1NiIsInR5cCI6IkpXVCJ9.eyJpZCI6MTUxLCJ1c2VyVHlwZSI6IlJFVEFJTCIsImlhdCI6MTc4NjUxNjIxMywiZXhwIjoxNzg2NTU5NDEzfQ.dTIyYZmZIh9sUPCPteiQvMfpldWUlFUOcPrkZXS8Cco'}
2026-08-12 06:30:13 - GeoTravelGlobalLogger - INFO     - [logger.py:345] - API Request: GET https://api.stg.gowithgeo.com/api/package/user/booked-packages
2026-08-12 06:30:14 - GeoTravelGlobalLogger - INFO     - [logger.py:345] - API Response: 200
2026-08-12 06:30:14 - GeoTravelGlobalLogger - INFO     - [logger.py:345] - SUCCESS: ✅ Get user booked packages successful
2026-08-12 06:30:14 - GeoTravelGlobalLogger - INFO     - [logger.py:345] - 🔍 _request START - Current self.headers: {'Content-Type': 'application/json', 'Accept': 'application/json', 'X-Client-Type': 'retail', 'Cookie': 'retail_access_token=eyJhbGciOiJIUzI1NiIsInR5cCI6IkpXVCJ9.eyJpZCI6MTUxLCJ1c2VyVHlwZSI6IlJFVEFJTCIsImlhdCI6MTc4NjUxNjIxMywiZXhwIjoxNzg2NTU5NDEzfQ.dTIyYZmZIh9sUPCPteiQvMfpldWUlFUOcPrkZXS8Cco'}
2026-08-12 06:30:14 - GeoTravelGlobalLogger - INFO     - [logger.py:345] - 🔍 _request - kwargs headers: {}
2026-08-12 06:30:14 - GeoTravelGlobalLogger - INFO     - [logger.py:345] - 🔍 _request FINAL headers being sent: {'Content-Type': 'application/json', 'Accept': 'application/json', 'X-Client-Type': 'retail', 'Cookie': 'retail_access_token=eyJhbGciOiJIUzI1NiIsInR5cCI6IkpXVCJ9.eyJpZCI6MTUxLCJ1c2VyVHlwZSI6IlJFVEFJTCIsImlhdCI6MTc4NjUxNjIxMywiZXhwIjoxNzg2NTU5NDEzfQ.dTIyYZmZIh9sUPCPteiQvMfpldWUlFUOcPrkZXS8Cco'}
2026-08-12 06:30:14 - GeoTravelGlobalLogger - INFO     - [logger.py:345] - API Request: GET https://api.stg.gowithgeo.com/api/package/user/booked-packages
2026-08-12 06:30:14 - GeoTravelGlobalLogger - INFO     - [logger.py:345] - API Response: 200
2026-08-12 06:30:14 - GeoTravelGlobalLogger - INFO     - [logger.py:345] - SUCCESS: ✅ Pagination test passed
2026-08-12 06:30:14 - GeoTravelGlobalLogger - INFO     - [logger.py:345] - ✅ Saved test-specific logs: reports/logs/src_tests_api_tests_test_package_api.py_TestPackageAPI_test_get_user_booked_packages_063014.log
2026-08-12 06:30:14 - GeoTravelGlobalLogger - INFO     - [logger.py:345] - Test result added: src/tests/api_tests/test_package_api.py::TestPackageAPI::test_get_user_booked_packages - PASS (Duration: 0.62s)
2026-08-12 06:30:14 - GeoTravelGlobalLogger - INFO     - [logger.py:345] - Added test result to API SMOKE TEST: src/tests/api_tests/test_package_api.py::TestPackageAPI::test_get_user_booked_packages - PASS
2026-08-12 06:30:14 - GeoTravelGlobalLogger - INFO     - [logger.py:345] - Retrieved credentials from environment for: geo.qa.bot@gmail.com
2026-08-12 06:30:14 - GeoTravelGlobalLogger - INFO     - [logger.py:345] - Attempting login with email: geo.qa.bot@gmail.com
2026-08-12 06:30:14 - GeoTravelGlobalLogger - INFO     - [logger.py:345] - 🔍 _request START - Current self.headers: {'Content-Type': 'application/json', 'Accept': 'application/json', 'X-Client-Type': 'retail'}
2026-08-12 06:30:14 - GeoTravelGlobalLogger - INFO     - [logger.py:345] - 🔍 _request - kwargs headers: {}
2026-08-12 06:30:14 - GeoTravelGlobalLogger - INFO     - [logger.py:345] - 🔍 _request FINAL headers being sent: {'Content-Type': 'application/json', 'Accept': 'application/json', 'X-Client-Type': 'retail'}
2026-08-12 06:30:14 - GeoTravelGlobalLogger - INFO     - [logger.py:345] - API Request: POST https://api.stg.gowithgeo.com/api/auth/login
2026-08-12 06:30:14 - GeoTravelGlobalLogger - INFO     - [logger.py:345] - API Response: 200
2026-08-12 06:30:14 - GeoTravelGlobalLogger - INFO     - [logger.py:345] - Token extracted via cookies (length: 167, valid)
2026-08-12 06:30:14 - GeoTravelGlobalLogger - INFO     - [logger.py:345] - ✅ Auth token set from cookies (Cookie header)
2026-08-12 06:30:14 - GeoTravelGlobalLogger - INFO     - [logger.py:345] - SUCCESS: ✅ Login successful - token set via cookies
2026-08-12 06:30:14 - GeoTravelGlobalLogger - INFO     - [logger.py:345] - SUCCESS: ✅ Authenticated successfully (token length: 167)
2026-08-12 06:30:14 - GeoTravelGlobalLogger - INFO     - [logger.py:345] - ✅ Auth token set from cookies (Cookie header)
2026-08-12 06:30:14 - GeoTravelGlobalLogger - INFO     - [logger.py:345] - ✅ Auth token set from cookies (Cookie header)
2026-08-12 06:30:14 - GeoTravelGlobalLogger - INFO     - [logger.py:345] - === Testing Get User Booked Packages Analytics ===
2026-08-12 06:30:14 - GeoTravelGlobalLogger - INFO     - [logger.py:345] - 🔍 _request START - Current self.headers: {'Content-Type': 'application/json', 'Accept': 'application/json', 'X-Client-Type': 'retail', 'Cookie': 'retail_access_token=eyJhbGciOiJIUzI1NiIsInR5cCI6IkpXVCJ9.eyJpZCI6MTUxLCJ1c2VyVHlwZSI6IlJFVEFJTCIsImlhdCI6MTc4NjUxNjIxNCwiZXhwIjoxNzg2NTU5NDE0fQ.K8zU-PmX5S9KdvuMktXidcvdDuSt-LVkIfTapGUyiPE'}
2026-08-12 06:30:14 - GeoTravelGlobalLogger - INFO     - [logger.py:345] - 🔍 _request - kwargs headers: {}
2026-08-12 06:30:14 - GeoTravelGlobalLogger - INFO     - [logger.py:345] - 🔍 _request FINAL headers being sent: {'Content-Type': 'application/json', 'Accept': 'application/json', 'X-Client-Type': 'retail', 'Cookie': 'retail_access_token=eyJhbGciOiJIUzI1NiIsInR5cCI6IkpXVCJ9.eyJpZCI6MTUxLCJ1c2VyVHlwZSI6IlJFVEFJTCIsImlhdCI6MTc4NjUxNjIxNCwiZXhwIjoxNzg2NTU5NDE0fQ.K8zU-PmX5S9KdvuMktXidcvdDuSt-LVkIfTapGUyiPE'}
2026-08-12 06:30:14 - GeoTravelGlobalLogger - INFO     - [logger.py:345] - API Request: GET https://api.stg.gowithgeo.com/api/package/user/booked-packages-analytics
2026-08-12 06:30:14 - GeoTravelGlobalLogger - INFO     - [logger.py:345] - API Response: 200
2026-08-12 06:30:14 - GeoTravelGlobalLogger - INFO     - [logger.py:345] - SUCCESS: ✅ Get user bookings analytics successful
2026-08-12 06:30:14 - GeoTravelGlobalLogger - INFO     - [logger.py:345] - ✅ Saved test-specific logs: reports/logs/src_tests_api_tests_test_package_api.py_TestPackageAPI_test_get_user_booked_packages_analytics_063014.log
2026-08-12 06:30:14 - GeoTravelGlobalLogger - INFO     - [logger.py:345] - Test result added: src/tests/api_tests/test_package_api.py::TestPackageAPI::test_get_user_booked_packages_analytics - PASS (Duration: 0.33s)
2026-08-12 06:30:14 - GeoTravelGlobalLogger - INFO     - [logger.py:345] - Added test result to API SMOKE TEST: src/tests/api_tests/test_package_api.py::TestPackageAPI::test_get_user_booked_packages_analytics - PASS
2026-08-12 06:30:14 - GeoTravelGlobalLogger - INFO     - [logger.py:345] - 🚀 Starting TestVisaEnquiryAPI test
2026-08-12 06:30:14 - GeoTravelGlobalLogger - INFO     - [logger.py:345] - === Testing Create Visa Enquiry - Without Auth ===
2026-08-12 06:30:14 - GeoTravelGlobalLogger - INFO     - [logger.py:345] - 🔍 _request START - Current self.headers: {'Content-Type': 'application/json', 'Accept': 'application/json', 'X-Client-Type': 'retail'}
2026-08-12 06:30:14 - GeoTravelGlobalLogger - INFO     - [logger.py:345] - 🔍 _request - kwargs headers: {}
2026-08-12 06:30:14 - GeoTravelGlobalLogger - INFO     - [logger.py:345] - 🔍 _request FINAL headers being sent: {'Content-Type': 'application/json', 'Accept': 'application/json', 'X-Client-Type': 'retail'}
2026-08-12 06:30:14 - GeoTravelGlobalLogger - INFO     - [logger.py:345] - API Request: POST https://api.stg.gowithgeo.com/api/visa/create
2026-08-12 06:30:15 - GeoTravelGlobalLogger - INFO     - [logger.py:345] - API Response: 200
2026-08-12 06:30:15 - GeoTravelGlobalLogger - INFO     - [logger.py:345] - SUCCESS: ✅ Visa enquiry created successfully without auth!
2026-08-12 06:30:15 - GeoTravelGlobalLogger - INFO     - [logger.py:345] - 📋 Visa ID: 3909, User ID: None (correctly null)
2026-08-12 06:30:15 - GeoTravelGlobalLogger - INFO     - [logger.py:345] - 📋 Type: Student, Country: Tanzania
2026-08-12 06:30:15 - GeoTravelGlobalLogger - INFO     - [logger.py:345] - ✅ Saved test-specific logs: reports/logs/src_tests_api_tests_test_visa_api.py_TestVisaEnquiryAPI_test_create_visa_enquiry_without_auth_063015.log
2026-08-12 06:30:15 - GeoTravelGlobalLogger - INFO     - [logger.py:345] - Test result added: src/tests/api_tests/test_visa_api.py::TestVisaEnquiryAPI::test_create_visa_enquiry_without_auth - PASS (Duration: 0.32s)
2026-08-12 06:30:15 - GeoTravelGlobalLogger - INFO     - [logger.py:345] - Added test result to API SMOKE TEST: src/tests/api_tests/test_visa_api.py::TestVisaEnquiryAPI::test_create_visa_enquiry_without_auth - PASS
2026-08-12 06:30:15 - GeoTravelGlobalLogger - INFO     - [logger.py:345] - ✅ TestVisaEnquiryAPI test completed
2026-08-12 06:30:15 - GeoTravelGlobalLogger - INFO     - [logger.py:345] - 🚀 Starting TestVisaEnquiryAPI test
2026-08-12 06:30:15 - GeoTravelGlobalLogger - INFO     - [logger.py:345] - Retrieved credentials from environment for: geo.qa.bot@gmail.com
2026-08-12 06:30:15 - GeoTravelGlobalLogger - INFO     - [logger.py:345] - Attempting login with email: geo.qa.bot@gmail.com
2026-08-12 06:30:15 - GeoTravelGlobalLogger - INFO     - [logger.py:345] - 🔍 _request START - Current self.headers: {'Content-Type': 'application/json', 'Accept': 'application/json', 'X-Client-Type': 'retail'}
2026-08-12 06:30:15 - GeoTravelGlobalLogger - INFO     - [logger.py:345] - 🔍 _request - kwargs headers: {}
2026-08-12 06:30:15 - GeoTravelGlobalLogger - INFO     - [logger.py:345] - 🔍 _request FINAL headers being sent: {'Content-Type': 'application/json', 'Accept': 'application/json', 'X-Client-Type': 'retail'}
2026-08-12 06:30:15 - GeoTravelGlobalLogger - INFO     - [logger.py:345] - API Request: POST https://api.stg.gowithgeo.com/api/auth/login
2026-08-12 06:30:15 - GeoTravelGlobalLogger - INFO     - [logger.py:345] - API Response: 200
2026-08-12 06:30:15 - GeoTravelGlobalLogger - INFO     - [logger.py:345] - Token extracted via cookies (length: 167, valid)
2026-08-12 06:30:15 - GeoTravelGlobalLogger - INFO     - [logger.py:345] - ✅ Auth token set from cookies (Cookie header)
2026-08-12 06:30:15 - GeoTravelGlobalLogger - INFO     - [logger.py:345] - SUCCESS: ✅ Login successful - token set via cookies
2026-08-12 06:30:15 - GeoTravelGlobalLogger - INFO     - [logger.py:345] - SUCCESS: ✅ Authenticated successfully (token length: 167)
2026-08-12 06:30:15 - GeoTravelGlobalLogger - INFO     - [logger.py:345] - ✅ Auth token set from cookies (Cookie header)
2026-08-12 06:30:15 - GeoTravelGlobalLogger - INFO     - [logger.py:345] - ✅ Auth token set from cookies (Cookie header)
2026-08-12 06:30:15 - GeoTravelGlobalLogger - INFO     - [logger.py:345] - === Testing Create Visa Enquiry - With Auth ===
2026-08-12 06:30:15 - GeoTravelGlobalLogger - INFO     - [logger.py:345] - 🔍 _request START - Current self.headers: {'Content-Type': 'application/json', 'Accept': 'application/json', 'X-Client-Type': 'retail', 'Cookie': 'retail_access_token=eyJhbGciOiJIUzI1NiIsInR5cCI6IkpXVCJ9.eyJpZCI6MTUxLCJ1c2VyVHlwZSI6IlJFVEFJTCIsImlhdCI6MTc4NjUxNjIxNSwiZXhwIjoxNzg2NTU5NDE1fQ.tJxhkt8qjNkg9eIglmdxnxbkPGlrhdUjTPosORhrKVQ'}
2026-08-12 06:30:15 - GeoTravelGlobalLogger - INFO     - [logger.py:345] - 🔍 _request - kwargs headers: {}
2026-08-12 06:30:15 - GeoTravelGlobalLogger - INFO     - [logger.py:345] - 🔍 _request FINAL headers being sent: {'Content-Type': 'application/json', 'Accept': 'application/json', 'X-Client-Type': 'retail', 'Cookie': 'retail_access_token=eyJhbGciOiJIUzI1NiIsInR5cCI6IkpXVCJ9.eyJpZCI6MTUxLCJ1c2VyVHlwZSI6IlJFVEFJTCIsImlhdCI6MTc4NjUxNjIxNSwiZXhwIjoxNzg2NTU5NDE1fQ.tJxhkt8qjNkg9eIglmdxnxbkPGlrhdUjTPosORhrKVQ'}
2026-08-12 06:30:15 - GeoTravelGlobalLogger - INFO     - [logger.py:345] - API Request: POST https://api.stg.gowithgeo.com/api/visa/create
2026-08-12 06:30:16 - GeoTravelGlobalLogger - INFO     - [logger.py:345] - API Response: 200
2026-08-12 06:30:16 - GeoTravelGlobalLogger - INFO     - [logger.py:345] - SUCCESS: ✅ Visa enquiry created successfully with auth!
2026-08-12 06:30:16 - GeoTravelGlobalLogger - INFO     - [logger.py:345] - 📋 Visa ID: 3910, User ID: 151
2026-08-12 06:30:16 - GeoTravelGlobalLogger - INFO     - [logger.py:345] - ✅ Saved test-specific logs: reports/logs/src_tests_api_tests_test_visa_api.py_TestVisaEnquiryAPI_test_create_visa_enquiry_with_auth_063016.log
2026-08-12 06:30:16 - GeoTravelGlobalLogger - INFO     - [logger.py:345] - Test result added: src/tests/api_tests/test_visa_api.py::TestVisaEnquiryAPI::test_create_visa_enquiry_with_auth - PASS (Duration: 0.57s)
2026-08-12 06:30:16 - GeoTravelGlobalLogger - INFO     - [logger.py:345] - Added test result to API SMOKE TEST: src/tests/api_tests/test_visa_api.py::TestVisaEnquiryAPI::test_create_visa_enquiry_with_auth - PASS
2026-08-12 06:30:16 - GeoTravelGlobalLogger - INFO     - [logger.py:345] - ✅ TestVisaEnquiryAPI test completed
2026-08-12 06:30:16 - GeoTravelGlobalLogger - INFO     - [logger.py:345] - 🚀 Starting TestVisaEnquiryAPI test
2026-08-12 06:30:16 - GeoTravelGlobalLogger - INFO     - [logger.py:345] - === Testing Create Visa Enquiry - Missing first_name ===
2026-08-12 06:30:16 - GeoTravelGlobalLogger - INFO     - [logger.py:345] - 🔍 _request START - Current self.headers: {'Content-Type': 'application/json', 'Accept': 'application/json', 'X-Client-Type': 'retail'}
2026-08-12 06:30:16 - GeoTravelGlobalLogger - INFO     - [logger.py:345] - 🔍 _request - kwargs headers: {}
2026-08-12 06:30:16 - GeoTravelGlobalLogger - INFO     - [logger.py:345] - 🔍 _request FINAL headers being sent: {'Content-Type': 'application/json', 'Accept': 'application/json', 'X-Client-Type': 'retail'}
2026-08-12 06:30:16 - GeoTravelGlobalLogger - INFO     - [logger.py:345] - API Request: POST https://api.stg.gowithgeo.com/api/visa/create
2026-08-12 06:30:16 - GeoTravelGlobalLogger - INFO     - [logger.py:345] - API Response: 200
2026-08-12 06:30:16 - GeoTravelGlobalLogger - WARNING  - [logger.py:360] - ⚠️ Field 'first_name' is NOT required: accepted with 200
2026-08-12 06:30:16 - GeoTravelGlobalLogger - INFO     - [logger.py:345] -   Field 'first_name' in response: None
2026-08-12 06:30:16 - GeoTravelGlobalLogger - INFO     - [logger.py:345] - ✅ Saved test-specific logs: reports/logs/src_tests_api_tests_test_visa_api.py_TestVisaEnquiryAPI_test_create_visa_enquiry_missing_required_fields[first_name]_063016.log
2026-08-12 06:30:16 - GeoTravelGlobalLogger - INFO     - [logger.py:345] - Test result added: src/tests/api_tests/test_visa_api.py::TestVisaEnquiryAPI::test_create_visa_enquiry_missing_required_fields[first_name] - PASS (Duration: 0.32s)
2026-08-12 06:30:16 - GeoTravelGlobalLogger - INFO     - [logger.py:345] - Added test result to API SMOKE TEST: src/tests/api_tests/test_visa_api.py::TestVisaEnquiryAPI::test_create_visa_enquiry_missing_required_fields[first_name] - PASS
2026-08-12 06:30:16 - GeoTravelGlobalLogger - INFO     - [logger.py:345] - ✅ TestVisaEnquiryAPI test completed
2026-08-12 06:30:16 - GeoTravelGlobalLogger - INFO     - [logger.py:345] - 🚀 Starting TestVisaEnquiryAPI test
2026-08-12 06:30:16 - GeoTravelGlobalLogger - INFO     - [logger.py:345] - === Testing Create Visa Enquiry - Missing last_name ===
2026-08-12 06:30:16 - GeoTravelGlobalLogger - INFO     - [logger.py:345] - 🔍 _request START - Current self.headers: {'Content-Type': 'application/json', 'Accept': 'application/json', 'X-Client-Type': 'retail'}
2026-08-12 06:30:16 - GeoTravelGlobalLogger - INFO     - [logger.py:345] - 🔍 _request - kwargs headers: {}
2026-08-12 06:30:16 - GeoTravelGlobalLogger - INFO     - [logger.py:345] - 🔍 _request FINAL headers being sent: {'Content-Type': 'application/json', 'Accept': 'application/json', 'X-Client-Type': 'retail'}
2026-08-12 06:30:16 - GeoTravelGlobalLogger - INFO     - [logger.py:345] - API Request: POST https://api.stg.gowithgeo.com/api/visa/create
2026-08-12 06:30:16 - GeoTravelGlobalLogger - INFO     - [logger.py:345] - API Response: 200
2026-08-12 06:30:16 - GeoTravelGlobalLogger - WARNING  - [logger.py:360] - ⚠️ Field 'last_name' is NOT required: accepted with 200
2026-08-12 06:30:16 - GeoTravelGlobalLogger - INFO     - [logger.py:345] -   Field 'last_name' in response: None
2026-08-12 06:30:16 - GeoTravelGlobalLogger - INFO     - [logger.py:345] - ✅ Saved test-specific logs: reports/logs/src_tests_api_tests_test_visa_api.py_TestVisaEnquiryAPI_test_create_visa_enquiry_missing_required_fields[last_name]_063016.log
2026-08-12 06:30:16 - GeoTravelGlobalLogger - INFO     - [logger.py:345] - Test result added: src/tests/api_tests/test_visa_api.py::TestVisaEnquiryAPI::test_create_visa_enquiry_missing_required_fields[last_name] - PASS (Duration: 0.32s)
2026-08-12 06:30:16 - GeoTravelGlobalLogger - INFO     - [logger.py:345] - Added test result to API SMOKE TEST: src/tests/api_tests/test_visa_api.py::TestVisaEnquiryAPI::test_create_visa_enquiry_missing_required_fields[last_name] - PASS
2026-08-12 06:30:16 - GeoTravelGlobalLogger - INFO     - [logger.py:345] - ✅ TestVisaEnquiryAPI test completed
2026-08-12 06:30:16 - GeoTravelGlobalLogger - INFO     - [logger.py:345] - 🚀 Starting TestVisaEnquiryAPI test
2026-08-12 06:30:16 - GeoTravelGlobalLogger - INFO     - [logger.py:345] - === Testing Create Visa Enquiry - Missing email ===
2026-08-12 06:30:16 - GeoTravelGlobalLogger - INFO     - [logger.py:345] - 🔍 _request START - Current self.headers: {'Content-Type': 'application/json', 'Accept': 'application/json', 'X-Client-Type': 'retail'}
2026-08-12 06:30:16 - GeoTravelGlobalLogger - INFO     - [logger.py:345] - 🔍 _request - kwargs headers: {}
2026-08-12 06:30:16 - GeoTravelGlobalLogger - INFO     - [logger.py:345] - 🔍 _request FINAL headers being sent: {'Content-Type': 'application/json', 'Accept': 'application/json', 'X-Client-Type': 'retail'}
2026-08-12 06:30:16 - GeoTravelGlobalLogger - INFO     - [logger.py:345] - API Request: POST https://api.stg.gowithgeo.com/api/visa/create
2026-08-12 06:30:16 - GeoTravelGlobalLogger - INFO     - [logger.py:345] - API Response: 400
2026-08-12 06:30:16 - GeoTravelGlobalLogger - INFO     - [logger.py:345] - SUCCESS: ✅ Missing required field 'email' correctly rejected with 400
2026-08-12 06:30:16 - GeoTravelGlobalLogger - INFO     - [logger.py:345] - ✅ Saved test-specific logs: reports/logs/src_tests_api_tests_test_visa_api.py_TestVisaEnquiryAPI_test_create_visa_enquiry_missing_required_fields[email]_063016.log
2026-08-12 06:30:16 - GeoTravelGlobalLogger - INFO     - [logger.py:345] - Test result added: src/tests/api_tests/test_visa_api.py::TestVisaEnquiryAPI::test_create_visa_enquiry_missing_required_fields[email] - PASS (Duration: 0.06s)
2026-08-12 06:30:16 - GeoTravelGlobalLogger - INFO     - [logger.py:345] - Added test result to API SMOKE TEST: src/tests/api_tests/test_visa_api.py::TestVisaEnquiryAPI::test_create_visa_enquiry_missing_required_fields[email] - PASS
2026-08-12 06:30:16 - GeoTravelGlobalLogger - INFO     - [logger.py:345] - ✅ TestVisaEnquiryAPI test completed
2026-08-12 06:30:16 - GeoTravelGlobalLogger - INFO     - [logger.py:345] - 🚀 Starting TestVisaEnquiryAPI test
2026-08-12 06:30:16 - GeoTravelGlobalLogger - INFO     - [logger.py:345] - === Testing Create Visa Enquiry - Missing phoneNumber ===
2026-08-12 06:30:16 - GeoTravelGlobalLogger - INFO     - [logger.py:345] - 🔍 _request START - Current self.headers: {'Content-Type': 'application/json', 'Accept': 'application/json', 'X-Client-Type': 'retail'}
2026-08-12 06:30:16 - GeoTravelGlobalLogger - INFO     - [logger.py:345] - 🔍 _request - kwargs headers: {}
2026-08-12 06:30:16 - GeoTravelGlobalLogger - INFO     - [logger.py:345] - 🔍 _request FINAL headers being sent: {'Content-Type': 'application/json', 'Accept': 'application/json', 'X-Client-Type': 'retail'}
2026-08-12 06:30:16 - GeoTravelGlobalLogger - INFO     - [logger.py:345] - API Request: POST https://api.stg.gowithgeo.com/api/visa/create
2026-08-12 06:30:16 - GeoTravelGlobalLogger - INFO     - [logger.py:345] - API Response: 400
2026-08-12 06:30:16 - GeoTravelGlobalLogger - INFO     - [logger.py:345] - SUCCESS: ✅ Missing required field 'phoneNumber' correctly rejected with 400
2026-08-12 06:30:16 - GeoTravelGlobalLogger - INFO     - [logger.py:345] - ✅ Saved test-specific logs: reports/logs/src_tests_api_tests_test_visa_api.py_TestVisaEnquiryAPI_test_create_visa_enquiry_missing_required_fields[phoneNumber]_063016.log
2026-08-12 06:30:16 - GeoTravelGlobalLogger - INFO     - [logger.py:345] - Test result added: src/tests/api_tests/test_visa_api.py::TestVisaEnquiryAPI::test_create_visa_enquiry_missing_required_fields[phoneNumber] - PASS (Duration: 0.05s)
2026-08-12 06:30:16 - GeoTravelGlobalLogger - INFO     - [logger.py:345] - Added test result to API SMOKE TEST: src/tests/api_tests/test_visa_api.py::TestVisaEnquiryAPI::test_create_visa_enquiry_missing_required_fields[phoneNumber] - PASS
2026-08-12 06:30:16 - GeoTravelGlobalLogger - INFO     - [logger.py:345] - ✅ TestVisaEnquiryAPI test completed
2026-08-12 06:30:16 - GeoTravelGlobalLogger - INFO     - [logger.py:345] - 🚀 Starting TestVisaEnquiryAPI test
2026-08-12 06:30:16 - GeoTravelGlobalLogger - INFO     - [logger.py:345] - === Testing Create Visa Enquiry - Missing visaCountry ===
2026-08-12 06:30:16 - GeoTravelGlobalLogger - INFO     - [logger.py:345] - 🔍 _request START - Current self.headers: {'Content-Type': 'application/json', 'Accept': 'application/json', 'X-Client-Type': 'retail'}
2026-08-12 06:30:16 - GeoTravelGlobalLogger - INFO     - [logger.py:345] - 🔍 _request - kwargs headers: {}
2026-08-12 06:30:16 - GeoTravelGlobalLogger - INFO     - [logger.py:345] - 🔍 _request FINAL headers being sent: {'Content-Type': 'application/json', 'Accept': 'application/json', 'X-Client-Type': 'retail'}
2026-08-12 06:30:16 - GeoTravelGlobalLogger - INFO     - [logger.py:345] - API Request: POST https://api.stg.gowithgeo.com/api/visa/create
2026-08-12 06:30:16 - GeoTravelGlobalLogger - INFO     - [logger.py:345] - API Response: 400
2026-08-12 06:30:16 - GeoTravelGlobalLogger - INFO     - [logger.py:345] - SUCCESS: ✅ Missing required field 'visaCountry' correctly rejected with 400
2026-08-12 06:30:16 - GeoTravelGlobalLogger - INFO     - [logger.py:345] - ✅ Saved test-specific logs: reports/logs/src_tests_api_tests_test_visa_api.py_TestVisaEnquiryAPI_test_create_visa_enquiry_missing_required_fields[visaCountry]_063016.log
2026-08-12 06:30:16 - GeoTravelGlobalLogger - INFO     - [logger.py:345] - Test result added: src/tests/api_tests/test_visa_api.py::TestVisaEnquiryAPI::test_create_visa_enquiry_missing_required_fields[visaCountry] - PASS (Duration: 0.06s)
2026-08-12 06:30:16 - GeoTravelGlobalLogger - INFO     - [logger.py:345] - Added test result to API SMOKE TEST: src/tests/api_tests/test_visa_api.py::TestVisaEnquiryAPI::test_create_visa_enquiry_missing_required_fields[visaCountry] - PASS
2026-08-12 06:30:16 - GeoTravelGlobalLogger - INFO     - [logger.py:345] - ✅ TestVisaEnquiryAPI test completed
2026-08-12 06:30:16 - GeoTravelGlobalLogger - INFO     - [logger.py:345] - 🚀 Starting TestVisaEnquiryAPI test
2026-08-12 06:30:16 - GeoTravelGlobalLogger - INFO     - [logger.py:345] - === Testing Create Visa Enquiry - Missing travel_date ===
2026-08-12 06:30:16 - GeoTravelGlobalLogger - INFO     - [logger.py:345] - 🔍 _request START - Current self.headers: {'Content-Type': 'application/json', 'Accept': 'application/json', 'X-Client-Type': 'retail'}
2026-08-12 06:30:16 - GeoTravelGlobalLogger - INFO     - [logger.py:345] - 🔍 _request - kwargs headers: {}
2026-08-12 06:30:16 - GeoTravelGlobalLogger - INFO     - [logger.py:345] - 🔍 _request FINAL headers being sent: {'Content-Type': 'application/json', 'Accept': 'application/json', 'X-Client-Type': 'retail'}
2026-08-12 06:30:16 - GeoTravelGlobalLogger - INFO     - [logger.py:345] - API Request: POST https://api.stg.gowithgeo.com/api/visa/create
2026-08-12 06:30:17 - GeoTravelGlobalLogger - INFO     - [logger.py:345] - API Response: 400
2026-08-12 06:30:17 - GeoTravelGlobalLogger - INFO     - [logger.py:345] - SUCCESS: ✅ Missing required field 'travel_date' correctly rejected with 400
2026-08-12 06:30:17 - GeoTravelGlobalLogger - INFO     - [logger.py:345] - ✅ Saved test-specific logs: reports/logs/src_tests_api_tests_test_visa_api.py_TestVisaEnquiryAPI_test_create_visa_enquiry_missing_required_fields[travel_date]_063017.log
2026-08-12 06:30:17 - GeoTravelGlobalLogger - INFO     - [logger.py:345] - Test result added: src/tests/api_tests/test_visa_api.py::TestVisaEnquiryAPI::test_create_visa_enquiry_missing_required_fields[travel_date] - PASS (Duration: 0.05s)
2026-08-12 06:30:17 - GeoTravelGlobalLogger - INFO     - [logger.py:345] - Added test result to API SMOKE TEST: src/tests/api_tests/test_visa_api.py::TestVisaEnquiryAPI::test_create_visa_enquiry_missing_required_fields[travel_date] - PASS
2026-08-12 06:30:17 - GeoTravelGlobalLogger - INFO     - [logger.py:345] - ✅ TestVisaEnquiryAPI test completed
2026-08-12 06:30:17 - GeoTravelGlobalLogger - INFO     - [logger.py:345] - 🚀 Starting TestVisaEnquiryAPI test
2026-08-12 06:30:17 - GeoTravelGlobalLogger - INFO     - [logger.py:345] - === Testing Create Visa Enquiry - Missing agree ===
2026-08-12 06:30:17 - GeoTravelGlobalLogger - INFO     - [logger.py:345] - 🔍 _request START - Current self.headers: {'Content-Type': 'application/json', 'Accept': 'application/json', 'X-Client-Type': 'retail'}
2026-08-12 06:30:17 - GeoTravelGlobalLogger - INFO     - [logger.py:345] - 🔍 _request - kwargs headers: {}
2026-08-12 06:30:17 - GeoTravelGlobalLogger - INFO     - [logger.py:345] - 🔍 _request FINAL headers being sent: {'Content-Type': 'application/json', 'Accept': 'application/json', 'X-Client-Type': 'retail'}
2026-08-12 06:30:17 - GeoTravelGlobalLogger - INFO     - [logger.py:345] - API Request: POST https://api.stg.gowithgeo.com/api/visa/create
2026-08-12 06:30:17 - GeoTravelGlobalLogger - INFO     - [logger.py:345] - API Response: 400
2026-08-12 06:30:17 - GeoTravelGlobalLogger - INFO     - [logger.py:345] - SUCCESS: ✅ Missing required field 'agree' correctly rejected with 400
2026-08-12 06:30:17 - GeoTravelGlobalLogger - INFO     - [logger.py:345] - ✅ Saved test-specific logs: reports/logs/src_tests_api_tests_test_visa_api.py_TestVisaEnquiryAPI_test_create_visa_enquiry_missing_required_fields[agree]_063017.log
2026-08-12 06:30:17 - GeoTravelGlobalLogger - INFO     - [logger.py:345] - Test result added: src/tests/api_tests/test_visa_api.py::TestVisaEnquiryAPI::test_create_visa_enquiry_missing_required_fields[agree] - PASS (Duration: 0.06s)
2026-08-12 06:30:17 - GeoTravelGlobalLogger - INFO     - [logger.py:345] - Added test result to API SMOKE TEST: src/tests/api_tests/test_visa_api.py::TestVisaEnquiryAPI::test_create_visa_enquiry_missing_required_fields[agree] - PASS
2026-08-12 06:30:17 - GeoTravelGlobalLogger - INFO     - [logger.py:345] - ✅ TestVisaEnquiryAPI test completed
2026-08-12 06:30:17 - GeoTravelGlobalLogger - INFO     - [logger.py:345] - 🚀 Starting TestVisaEnquiryAPI test
2026-08-12 06:30:17 - GeoTravelGlobalLogger - INFO     - [logger.py:345] - === Testing Create Visa Enquiry - Missing type ===
2026-08-12 06:30:17 - GeoTravelGlobalLogger - INFO     - [logger.py:345] - 🔍 _request START - Current self.headers: {'Content-Type': 'application/json', 'Accept': 'application/json', 'X-Client-Type': 'retail'}
2026-08-12 06:30:17 - GeoTravelGlobalLogger - INFO     - [logger.py:345] - 🔍 _request - kwargs headers: {}
2026-08-12 06:30:17 - GeoTravelGlobalLogger - INFO     - [logger.py:345] - 🔍 _request FINAL headers being sent: {'Content-Type': 'application/json', 'Accept': 'application/json', 'X-Client-Type': 'retail'}
2026-08-12 06:30:17 - GeoTravelGlobalLogger - INFO     - [logger.py:345] - API Request: POST https://api.stg.gowithgeo.com/api/visa/create
2026-08-12 06:30:17 - GeoTravelGlobalLogger - INFO     - [logger.py:345] - API Response: 400
2026-08-12 06:30:17 - GeoTravelGlobalLogger - INFO     - [logger.py:345] - SUCCESS: ✅ Missing required field 'type' correctly rejected with 400
2026-08-12 06:30:17 - GeoTravelGlobalLogger - INFO     - [logger.py:345] - ✅ Saved test-specific logs: reports/logs/src_tests_api_tests_test_visa_api.py_TestVisaEnquiryAPI_test_create_visa_enquiry_missing_required_fields[type]_063017.log
2026-08-12 06:30:17 - GeoTravelGlobalLogger - INFO     - [logger.py:345] - Test result added: src/tests/api_tests/test_visa_api.py::TestVisaEnquiryAPI::test_create_visa_enquiry_missing_required_fields[type] - PASS (Duration: 0.05s)
2026-08-12 06:30:17 - GeoTravelGlobalLogger - INFO     - [logger.py:345] - Added test result to API SMOKE TEST: src/tests/api_tests/test_visa_api.py::TestVisaEnquiryAPI::test_create_visa_enquiry_missing_required_fields[type] - PASS
2026-08-12 06:30:17 - GeoTravelGlobalLogger - INFO     - [logger.py:345] - ✅ TestVisaEnquiryAPI test completed
2026-08-12 06:30:17 - GeoTravelGlobalLogger - INFO     - [logger.py:345] - 🚀 Starting TestVisaEnquiryAPI test
2026-08-12 06:30:17 - GeoTravelGlobalLogger - INFO     - [logger.py:345] - === Testing Create Visa Enquiry - Invalid Type: InvalidType ===
2026-08-12 06:30:17 - GeoTravelGlobalLogger - INFO     - [logger.py:345] - 🔍 _request START - Current self.headers: {'Content-Type': 'application/json', 'Accept': 'application/json', 'X-Client-Type': 'retail'}
2026-08-12 06:30:17 - GeoTravelGlobalLogger - INFO     - [logger.py:345] - 🔍 _request - kwargs headers: {}
2026-08-12 06:30:17 - GeoTravelGlobalLogger - INFO     - [logger.py:345] - 🔍 _request FINAL headers being sent: {'Content-Type': 'application/json', 'Accept': 'application/json', 'X-Client-Type': 'retail'}
2026-08-12 06:30:17 - GeoTravelGlobalLogger - INFO     - [logger.py:345] - API Request: POST https://api.stg.gowithgeo.com/api/visa/create
2026-08-12 06:30:17 - GeoTravelGlobalLogger - INFO     - [logger.py:345] - API Response: 400
2026-08-12 06:30:17 - GeoTravelGlobalLogger - INFO     - [logger.py:345] - SUCCESS: ✅ Invalid visa type 'InvalidType' correctly rejected
2026-08-12 06:30:17 - GeoTravelGlobalLogger - INFO     - [logger.py:345] - ✅ Saved test-specific logs: reports/logs/src_tests_api_tests_test_visa_api.py_TestVisaEnquiryAPI_test_create_visa_enquiry_invalid_type[InvalidType]_063017.log
2026-08-12 06:30:17 - GeoTravelGlobalLogger - INFO     - [logger.py:345] - Test result added: src/tests/api_tests/test_visa_api.py::TestVisaEnquiryAPI::test_create_visa_enquiry_invalid_type[InvalidType] - PASS (Duration: 0.05s)
2026-08-12 06:30:17 - GeoTravelGlobalLogger - INFO     - [logger.py:345] - Added test result to API SMOKE TEST: src/tests/api_tests/test_visa_api.py::TestVisaEnquiryAPI::test_create_visa_enquiry_invalid_type[InvalidType] - PASS
2026-08-12 06:30:17 - GeoTravelGlobalLogger - INFO     - [logger.py:345] - ✅ TestVisaEnquiryAPI test completed
2026-08-12 06:30:17 - GeoTravelGlobalLogger - INFO     - [logger.py:345] - 🚀 Starting TestVisaEnquiryAPI test
2026-08-12 06:30:17 - GeoTravelGlobalLogger - INFO     - [logger.py:345] - === Testing Create Visa Enquiry - Invalid Type:  ===
2026-08-12 06:30:17 - GeoTravelGlobalLogger - INFO     - [logger.py:345] - 🔍 _request START - Current self.headers: {'Content-Type': 'application/json', 'Accept': 'application/json', 'X-Client-Type': 'retail'}
2026-08-12 06:30:17 - GeoTravelGlobalLogger - INFO     - [logger.py:345] - 🔍 _request - kwargs headers: {}
2026-08-12 06:30:17 - GeoTravelGlobalLogger - INFO     - [logger.py:345] - 🔍 _request FINAL headers being sent: {'Content-Type': 'application/json', 'Accept': 'application/json', 'X-Client-Type': 'retail'}
2026-08-12 06:30:17 - GeoTravelGlobalLogger - INFO     - [logger.py:345] - API Request: POST https://api.stg.gowithgeo.com/api/visa/create
2026-08-12 06:30:17 - GeoTravelGlobalLogger - INFO     - [logger.py:345] - API Response: 400
2026-08-12 06:30:17 - GeoTravelGlobalLogger - INFO     - [logger.py:345] - SUCCESS: ✅ Invalid visa type '' correctly rejected
2026-08-12 06:30:17 - GeoTravelGlobalLogger - INFO     - [logger.py:345] - ✅ Saved test-specific logs: reports/logs/src_tests_api_tests_test_visa_api.py_TestVisaEnquiryAPI_test_create_visa_enquiry_invalid_type[]_063017.log
2026-08-12 06:30:17 - GeoTravelGlobalLogger - INFO     - [logger.py:345] - Test result added: src/tests/api_tests/test_visa_api.py::TestVisaEnquiryAPI::test_create_visa_enquiry_invalid_type[] - PASS (Duration: 0.05s)
2026-08-12 06:30:17 - GeoTravelGlobalLogger - INFO     - [logger.py:345] - Added test result to API SMOKE TEST: src/tests/api_tests/test_visa_api.py::TestVisaEnquiryAPI::test_create_visa_enquiry_invalid_type[] - PASS
2026-08-12 06:30:17 - GeoTravelGlobalLogger - INFO     - [logger.py:345] - ✅ TestVisaEnquiryAPI test completed
2026-08-12 06:30:17 - GeoTravelGlobalLogger - INFO     - [logger.py:345] - 🚀 Starting TestVisaEnquiryAPI test
2026-08-12 06:30:17 - GeoTravelGlobalLogger - INFO     - [logger.py:345] - === Testing Create Visa Enquiry - Invalid Type: Vacation ===
2026-08-12 06:30:17 - GeoTravelGlobalLogger - INFO     - [logger.py:345] - 🔍 _request START - Current self.headers: {'Content-Type': 'application/json', 'Accept': 'application/json', 'X-Client-Type': 'retail'}
2026-08-12 06:30:17 - GeoTravelGlobalLogger - INFO     - [logger.py:345] - 🔍 _request - kwargs headers: {}
2026-08-12 06:30:17 - GeoTravelGlobalLogger - INFO     - [logger.py:345] - 🔍 _request FINAL headers being sent: {'Content-Type': 'application/json', 'Accept': 'application/json', 'X-Client-Type': 'retail'}
2026-08-12 06:30:17 - GeoTravelGlobalLogger - INFO     - [logger.py:345] - API Request: POST https://api.stg.gowithgeo.com/api/visa/create
2026-08-12 06:30:17 - GeoTravelGlobalLogger - INFO     - [logger.py:345] - API Response: 400
2026-08-12 06:30:17 - GeoTravelGlobalLogger - INFO     - [logger.py:345] - SUCCESS: ✅ Invalid visa type 'Vacation' correctly rejected
2026-08-12 06:30:17 - GeoTravelGlobalLogger - INFO     - [logger.py:345] - ✅ Saved test-specific logs: reports/logs/src_tests_api_tests_test_visa_api.py_TestVisaEnquiryAPI_test_create_visa_enquiry_invalid_type[Vacation]_063017.log
2026-08-12 06:30:17 - GeoTravelGlobalLogger - INFO     - [logger.py:345] - Test result added: src/tests/api_tests/test_visa_api.py::TestVisaEnquiryAPI::test_create_visa_enquiry_invalid_type[Vacation] - PASS (Duration: 0.14s)
2026-08-12 06:30:17 - GeoTravelGlobalLogger - INFO     - [logger.py:345] - Added test result to API SMOKE TEST: src/tests/api_tests/test_visa_api.py::TestVisaEnquiryAPI::test_create_visa_enquiry_invalid_type[Vacation] - PASS
2026-08-12 06:30:17 - GeoTravelGlobalLogger - INFO     - [logger.py:345] - ✅ TestVisaEnquiryAPI test completed
2026-08-12 06:30:17 - GeoTravelGlobalLogger - INFO     - [logger.py:345] - 🚀 Starting TestVisaEnquiryAPI test
2026-08-12 06:30:17 - GeoTravelGlobalLogger - INFO     - [logger.py:345] - === Testing Create Visa Enquiry - Invalid Dates ===
2026-08-12 06:30:17 - GeoTravelGlobalLogger - INFO     - [logger.py:345] - Testing: Past travel date
2026-08-12 06:30:17 - GeoTravelGlobalLogger - INFO     - [logger.py:345] - 🔍 _request START - Current self.headers: {'Content-Type': 'application/json', 'Accept': 'application/json', 'X-Client-Type': 'retail'}
2026-08-12 06:30:17 - GeoTravelGlobalLogger - INFO     - [logger.py:345] - 🔍 _request - kwargs headers: {}
2026-08-12 06:30:17 - GeoTravelGlobalLogger - INFO     - [logger.py:345] - 🔍 _request FINAL headers being sent: {'Content-Type': 'application/json', 'Accept': 'application/json', 'X-Client-Type': 'retail'}
2026-08-12 06:30:17 - GeoTravelGlobalLogger - INFO     - [logger.py:345] - API Request: POST https://api.stg.gowithgeo.com/api/visa/create
2026-08-12 06:30:17 - GeoTravelGlobalLogger - INFO     - [logger.py:345] - API Response: 200
2026-08-12 06:30:17 - GeoTravelGlobalLogger - WARNING  - [logger.py:360] - ⚠️ Past travel date: Unexpected status 200
2026-08-12 06:30:17 - GeoTravelGlobalLogger - INFO     - [logger.py:345] - Testing: Invalid date format
2026-08-12 06:30:17 - GeoTravelGlobalLogger - INFO     - [logger.py:345] - 🔍 _request START - Current self.headers: {'Content-Type': 'application/json', 'Accept': 'application/json', 'X-Client-Type': 'retail'}
2026-08-12 06:30:17 - GeoTravelGlobalLogger - INFO     - [logger.py:345] - 🔍 _request - kwargs headers: {}
2026-08-12 06:30:17 - GeoTravelGlobalLogger - INFO     - [logger.py:345] - 🔍 _request FINAL headers being sent: {'Content-Type': 'application/json', 'Accept': 'application/json', 'X-Client-Type': 'retail'}
2026-08-12 06:30:17 - GeoTravelGlobalLogger - INFO     - [logger.py:345] - API Request: POST https://api.stg.gowithgeo.com/api/visa/create
2026-08-12 06:30:17 - GeoTravelGlobalLogger - INFO     - [logger.py:345] - API Response: 400
2026-08-12 06:30:17 - GeoTravelGlobalLogger - INFO     - [logger.py:345] - SUCCESS: ✅ Invalid date format: Correctly rejected
2026-08-12 06:30:17 - GeoTravelGlobalLogger - INFO     - [logger.py:345] - Testing: Empty date
2026-08-12 06:30:17 - GeoTravelGlobalLogger - INFO     - [logger.py:345] - 🔍 _request START - Current self.headers: {'Content-Type': 'application/json', 'Accept': 'application/json', 'X-Client-Type': 'retail'}
2026-08-12 06:30:17 - GeoTravelGlobalLogger - INFO     - [logger.py:345] - 🔍 _request - kwargs headers: {}
2026-08-12 06:30:17 - GeoTravelGlobalLogger - INFO     - [logger.py:345] - 🔍 _request FINAL headers being sent: {'Content-Type': 'application/json', 'Accept': 'application/json', 'X-Client-Type': 'retail'}
2026-08-12 06:30:17 - GeoTravelGlobalLogger - INFO     - [logger.py:345] - API Request: POST https://api.stg.gowithgeo.com/api/visa/create
2026-08-12 06:30:17 - GeoTravelGlobalLogger - INFO     - [logger.py:345] - API Response: 400
2026-08-12 06:30:17 - GeoTravelGlobalLogger - INFO     - [logger.py:345] - SUCCESS: ✅ Empty date: Correctly rejected
2026-08-12 06:30:17 - GeoTravelGlobalLogger - INFO     - [logger.py:345] - ✅ Saved test-specific logs: reports/logs/src_tests_api_tests_test_visa_api.py_TestVisaEnquiryAPI_test_create_visa_enquiry_invalid_dates_063017.log
2026-08-12 06:30:17 - GeoTravelGlobalLogger - INFO     - [logger.py:345] - Test result added: src/tests/api_tests/test_visa_api.py::TestVisaEnquiryAPI::test_create_visa_enquiry_invalid_dates - PASS (Duration: 0.34s)
2026-08-12 06:30:17 - GeoTravelGlobalLogger - INFO     - [logger.py:345] - Added test result to API SMOKE TEST: src/tests/api_tests/test_visa_api.py::TestVisaEnquiryAPI::test_create_visa_enquiry_invalid_dates - PASS
2026-08-12 06:30:17 - GeoTravelGlobalLogger - INFO     - [logger.py:345] - ✅ TestVisaEnquiryAPI test completed
2026-08-12 06:30:17 - GeoTravelGlobalLogger - INFO     - [logger.py:345] - 🚀 Starting TestVisaEnquiryAPI test
2026-08-12 06:30:17 - GeoTravelGlobalLogger - INFO     - [logger.py:345] - === Testing Make Payment (Flutterwave) - Without Auth ===
2026-08-12 06:30:17 - GeoTravelGlobalLogger - INFO     - [logger.py:345] - 🔍 _request START - Current self.headers: {'Content-Type': 'application/json', 'Accept': 'application/json', 'X-Client-Type': 'retail'}
2026-08-12 06:30:17 - GeoTravelGlobalLogger - INFO     - [logger.py:345] - 🔍 _request - kwargs headers: {}
2026-08-12 06:30:17 - GeoTravelGlobalLogger - INFO     - [logger.py:345] - 🔍 _request FINAL headers being sent: {'Content-Type': 'application/json', 'Accept': 'application/json', 'X-Client-Type': 'retail'}
2026-08-12 06:30:17 - GeoTravelGlobalLogger - INFO     - [logger.py:345] - API Request: POST https://api.stg.gowithgeo.com/api/visa/create
2026-08-12 06:30:18 - GeoTravelGlobalLogger - INFO     - [logger.py:345] - API Response: 200
2026-08-12 06:30:18 - GeoTravelGlobalLogger - INFO     - [logger.py:345] - 🔍 _request START - Current self.headers: {'Content-Type': 'application/json', 'Accept': 'application/json', 'X-Client-Type': 'retail'}
2026-08-12 06:30:18 - GeoTravelGlobalLogger - INFO     - [logger.py:345] - 🔍 _request - kwargs headers: {}
2026-08-12 06:30:18 - GeoTravelGlobalLogger - INFO     - [logger.py:345] - 🔍 _request FINAL headers being sent: {'Content-Type': 'application/json', 'Accept': 'application/json', 'X-Client-Type': 'retail'}
2026-08-12 06:30:18 - GeoTravelGlobalLogger - INFO     - [logger.py:345] - API Request: POST https://api.stg.gowithgeo.com/api/visa/payment
2026-08-12 06:30:18 - GeoTravelGlobalLogger - INFO     - [logger.py:345] - API Response: 200
2026-08-12 06:30:18 - GeoTravelGlobalLogger - INFO     - [logger.py:345] - SUCCESS: ✅ Flutterwave payment initiated successfully!
2026-08-12 06:30:18 - GeoTravelGlobalLogger - INFO     - [logger.py:345] - 📋 Payment link: https://checkout-v2.dev-flutterwave.com/v3/hosted/pay/218d41803f66d5063a46
2026-08-12 06:30:19 - GeoTravelGlobalLogger - INFO     - [logger.py:345] - SUCCESS: ✅ Payment link verification: Payment link is valid and points to Flutterwave
2026-08-12 06:30:19 - GeoTravelGlobalLogger - INFO     - [logger.py:345] - ✅ Saved test-specific logs: reports/logs/src_tests_api_tests_test_visa_api.py_TestVisaEnquiryAPI_test_make_payment_flutterwave_without_auth_063019.log
2026-08-12 06:30:19 - GeoTravelGlobalLogger - INFO     - [logger.py:345] - Test result added: src/tests/api_tests/test_visa_api.py::TestVisaEnquiryAPI::test_make_payment_flutterwave_without_auth - PASS (Duration: 1.35s)
2026-08-12 06:30:19 - GeoTravelGlobalLogger - INFO     - [logger.py:345] - Added test result to API SMOKE TEST: src/tests/api_tests/test_visa_api.py::TestVisaEnquiryAPI::test_make_payment_flutterwave_without_auth - PASS
2026-08-12 06:30:19 - GeoTravelGlobalLogger - INFO     - [logger.py:345] - ✅ TestVisaEnquiryAPI test completed
2026-08-12 06:30:19 - GeoTravelGlobalLogger - INFO     - [logger.py:345] - 🚀 Starting TestVisaEnquiryAPI test
2026-08-12 06:30:19 - GeoTravelGlobalLogger - INFO     - [logger.py:345] - === Testing Make Payment (Paystack) - Without Auth ===
2026-08-12 06:30:19 - GeoTravelGlobalLogger - INFO     - [logger.py:345] - 🔍 _request START - Current self.headers: {'Content-Type': 'application/json', 'Accept': 'application/json', 'X-Client-Type': 'retail'}
2026-08-12 06:30:19 - GeoTravelGlobalLogger - INFO     - [logger.py:345] - 🔍 _request - kwargs headers: {}
2026-08-12 06:30:19 - GeoTravelGlobalLogger - INFO     - [logger.py:345] - 🔍 _request FINAL headers being sent: {'Content-Type': 'application/json', 'Accept': 'application/json', 'X-Client-Type': 'retail'}
2026-08-12 06:30:19 - GeoTravelGlobalLogger - INFO     - [logger.py:345] - API Request: POST https://api.stg.gowithgeo.com/api/visa/create
2026-08-12 06:30:19 - GeoTravelGlobalLogger - INFO     - [logger.py:345] - API Response: 200
2026-08-12 06:30:19 - GeoTravelGlobalLogger - INFO     - [logger.py:345] - 🔍 _request START - Current self.headers: {'Content-Type': 'application/json', 'Accept': 'application/json', 'X-Client-Type': 'retail'}
2026-08-12 06:30:19 - GeoTravelGlobalLogger - INFO     - [logger.py:345] - 🔍 _request - kwargs headers: {}
2026-08-12 06:30:19 - GeoTravelGlobalLogger - INFO     - [logger.py:345] - 🔍 _request FINAL headers being sent: {'Content-Type': 'application/json', 'Accept': 'application/json', 'X-Client-Type': 'retail'}
2026-08-12 06:30:19 - GeoTravelGlobalLogger - INFO     - [logger.py:345] - API Request: POST https://api.stg.gowithgeo.com/api/visa/payment
2026-08-12 06:30:20 - GeoTravelGlobalLogger - INFO     - [logger.py:345] - API Response: 200
2026-08-12 06:30:20 - GeoTravelGlobalLogger - INFO     - [logger.py:345] - SUCCESS: ✅ Paystack payment initiated successfully!
2026-08-12 06:30:20 - GeoTravelGlobalLogger - INFO     - [logger.py:345] - 📋 Payment link: https://checkout.paystack.com/zpq7ombaqlurnl2
2026-08-12 06:30:20 - GeoTravelGlobalLogger - INFO     - [logger.py:345] - SUCCESS: ✅ Payment link verification: Payment link is valid and points to Flutterwave
2026-08-12 06:30:20 - GeoTravelGlobalLogger - INFO     - [logger.py:345] - ✅ Saved test-specific logs: reports/logs/src_tests_api_tests_test_visa_api.py_TestVisaEnquiryAPI_test_make_payment_paystack_without_auth_063020.log
2026-08-12 06:30:20 - GeoTravelGlobalLogger - INFO     - [logger.py:345] - Test result added: src/tests/api_tests/test_visa_api.py::TestVisaEnquiryAPI::test_make_payment_paystack_without_auth - PASS (Duration: 1.28s)
2026-08-12 06:30:20 - GeoTravelGlobalLogger - INFO     - [logger.py:345] - Added test result to API SMOKE TEST: src/tests/api_tests/test_visa_api.py::TestVisaEnquiryAPI::test_make_payment_paystack_without_auth - PASS
2026-08-12 06:30:20 - GeoTravelGlobalLogger - INFO     - [logger.py:345] - ✅ TestVisaEnquiryAPI test completed
2026-08-12 06:30:20 - GeoTravelGlobalLogger - INFO     - [logger.py:345] - 🚀 Starting TestVisaEnquiryAPI test
2026-08-12 06:30:20 - GeoTravelGlobalLogger - INFO     - [logger.py:345] - === Testing Make Payment (Bank Transfer) - Without Auth ===
2026-08-12 06:30:20 - GeoTravelGlobalLogger - INFO     - [logger.py:345] - 🔍 _request START - Current self.headers: {'Content-Type': 'application/json', 'Accept': 'application/json', 'X-Client-Type': 'retail'}
2026-08-12 06:30:20 - GeoTravelGlobalLogger - INFO     - [logger.py:345] - 🔍 _request - kwargs headers: {}
2026-08-12 06:30:20 - GeoTravelGlobalLogger - INFO     - [logger.py:345] - 🔍 _request FINAL headers being sent: {'Content-Type': 'application/json', 'Accept': 'application/json', 'X-Client-Type': 'retail'}
2026-08-12 06:30:20 - GeoTravelGlobalLogger - INFO     - [logger.py:345] - API Request: POST https://api.stg.gowithgeo.com/api/visa/create
2026-08-12 06:30:20 - GeoTravelGlobalLogger - INFO     - [logger.py:345] - API Response: 200
2026-08-12 06:30:20 - GeoTravelGlobalLogger - INFO     - [logger.py:345] - 🔍 _request START - Current self.headers: {'Content-Type': 'application/json', 'Accept': 'application/json', 'X-Client-Type': 'retail'}
2026-08-12 06:30:20 - GeoTravelGlobalLogger - INFO     - [logger.py:345] - 🔍 _request - kwargs headers: {}
2026-08-12 06:30:20 - GeoTravelGlobalLogger - INFO     - [logger.py:345] - 🔍 _request FINAL headers being sent: {'Content-Type': 'application/json', 'Accept': 'application/json', 'X-Client-Type': 'retail'}
2026-08-12 06:30:20 - GeoTravelGlobalLogger - INFO     - [logger.py:345] - API Request: POST https://api.stg.gowithgeo.com/api/visa/payment
2026-08-12 06:30:21 - GeoTravelGlobalLogger - INFO     - [logger.py:345] - API Response: 200
2026-08-12 06:30:21 - GeoTravelGlobalLogger - INFO     - [logger.py:345] - SUCCESS: ✅ Bank Transfer payment initiated successfully!
2026-08-12 06:30:21 - GeoTravelGlobalLogger - INFO     - [logger.py:345] - 📋 Amount to pay: 25000
2026-08-12 06:30:21 - GeoTravelGlobalLogger - INFO     - [logger.py:345] - 📋 Reference: 3d954e99-1264-438c-a246-46e5e0c82d06
2026-08-12 06:30:21 - GeoTravelGlobalLogger - INFO     - [logger.py:345] - ✅ Saved test-specific logs: reports/logs/src_tests_api_tests_test_visa_api.py_TestVisaEnquiryAPI_test_make_payment_bank_transfer_without_auth_063021.log
2026-08-12 06:30:21 - GeoTravelGlobalLogger - INFO     - [logger.py:345] - Test result added: src/tests/api_tests/test_visa_api.py::TestVisaEnquiryAPI::test_make_payment_bank_transfer_without_auth - PASS (Duration: 0.67s)
2026-08-12 06:30:21 - GeoTravelGlobalLogger - INFO     - [logger.py:345] - Added test result to API SMOKE TEST: src/tests/api_tests/test_visa_api.py::TestVisaEnquiryAPI::test_make_payment_bank_transfer_without_auth - PASS
2026-08-12 06:30:21 - GeoTravelGlobalLogger - INFO     - [logger.py:345] - ✅ TestVisaEnquiryAPI test completed
2026-08-12 06:30:21 - GeoTravelGlobalLogger - INFO     - [logger.py:345] - 🚀 Starting TestVisaEnquiryAPI test
2026-08-12 06:30:21 - GeoTravelGlobalLogger - INFO     - [logger.py:345] - Retrieved credentials from environment for: geo.qa.bot@gmail.com
2026-08-12 06:30:21 - GeoTravelGlobalLogger - INFO     - [logger.py:345] - Attempting login with email: geo.qa.bot@gmail.com
2026-08-12 06:30:21 - GeoTravelGlobalLogger - INFO     - [logger.py:345] - 🔍 _request START - Current self.headers: {'Content-Type': 'application/json', 'Accept': 'application/json', 'X-Client-Type': 'retail'}
2026-08-12 06:30:21 - GeoTravelGlobalLogger - INFO     - [logger.py:345] - 🔍 _request - kwargs headers: {}
2026-08-12 06:30:21 - GeoTravelGlobalLogger - INFO     - [logger.py:345] - 🔍 _request FINAL headers being sent: {'Content-Type': 'application/json', 'Accept': 'application/json', 'X-Client-Type': 'retail'}
2026-08-12 06:30:21 - GeoTravelGlobalLogger - INFO     - [logger.py:345] - API Request: POST https://api.stg.gowithgeo.com/api/auth/login
2026-08-12 06:30:21 - GeoTravelGlobalLogger - INFO     - [logger.py:345] - API Response: 200
2026-08-12 06:30:21 - GeoTravelGlobalLogger - INFO     - [logger.py:345] - Token extracted via cookies (length: 167, valid)
2026-08-12 06:30:21 - GeoTravelGlobalLogger - INFO     - [logger.py:345] - ✅ Auth token set from cookies (Cookie header)
2026-08-12 06:30:21 - GeoTravelGlobalLogger - INFO     - [logger.py:345] - SUCCESS: ✅ Login successful - token set via cookies
2026-08-12 06:30:21 - GeoTravelGlobalLogger - INFO     - [logger.py:345] - SUCCESS: ✅ Authenticated successfully (token length: 167)
2026-08-12 06:30:21 - GeoTravelGlobalLogger - INFO     - [logger.py:345] - ✅ Auth token set from cookies (Cookie header)
2026-08-12 06:30:21 - GeoTravelGlobalLogger - INFO     - [logger.py:345] - ✅ Auth token set from cookies (Cookie header)
2026-08-12 06:30:21 - GeoTravelGlobalLogger - INFO     - [logger.py:345] - === Testing Make Payment (Flutterwave) - With Auth ===
2026-08-12 06:30:21 - GeoTravelGlobalLogger - INFO     - [logger.py:345] - 🔍 _request START - Current self.headers: {'Content-Type': 'application/json', 'Accept': 'application/json', 'X-Client-Type': 'retail', 'Cookie': 'retail_access_token=eyJhbGciOiJIUzI1NiIsInR5cCI6IkpXVCJ9.eyJpZCI6MTUxLCJ1c2VyVHlwZSI6IlJFVEFJTCIsImlhdCI6MTc4NjUxNjIyMSwiZXhwIjoxNzg2NTU5NDIxfQ.wkQLbojWDgnQ-B_Ys0n1oh0iRcT5d0uKvoVipWcH2iQ'}
2026-08-12 06:30:21 - GeoTravelGlobalLogger - INFO     - [logger.py:345] - 🔍 _request - kwargs headers: {}
2026-08-12 06:30:21 - GeoTravelGlobalLogger - INFO     - [logger.py:345] - 🔍 _request FINAL headers being sent: {'Content-Type': 'application/json', 'Accept': 'application/json', 'X-Client-Type': 'retail', 'Cookie': 'retail_access_token=eyJhbGciOiJIUzI1NiIsInR5cCI6IkpXVCJ9.eyJpZCI6MTUxLCJ1c2VyVHlwZSI6IlJFVEFJTCIsImlhdCI6MTc4NjUxNjIyMSwiZXhwIjoxNzg2NTU5NDIxfQ.wkQLbojWDgnQ-B_Ys0n1oh0iRcT5d0uKvoVipWcH2iQ'}
2026-08-12 06:30:21 - GeoTravelGlobalLogger - INFO     - [logger.py:345] - API Request: POST https://api.stg.gowithgeo.com/api/visa/create
2026-08-12 06:30:21 - GeoTravelGlobalLogger - INFO     - [logger.py:345] - API Response: 200
2026-08-12 06:30:21 - GeoTravelGlobalLogger - INFO     - [logger.py:345] - 🔍 _request START - Current self.headers: {'Content-Type': 'application/json', 'Accept': 'application/json', 'X-Client-Type': 'retail', 'Cookie': 'retail_access_token=eyJhbGciOiJIUzI1NiIsInR5cCI6IkpXVCJ9.eyJpZCI6MTUxLCJ1c2VyVHlwZSI6IlJFVEFJTCIsImlhdCI6MTc4NjUxNjIyMSwiZXhwIjoxNzg2NTU5NDIxfQ.wkQLbojWDgnQ-B_Ys0n1oh0iRcT5d0uKvoVipWcH2iQ'}
2026-08-12 06:30:21 - GeoTravelGlobalLogger - INFO     - [logger.py:345] - 🔍 _request - kwargs headers: {}
2026-08-12 06:30:21 - GeoTravelGlobalLogger - INFO     - [logger.py:345] - 🔍 _request FINAL headers being sent: {'Content-Type': 'application/json', 'Accept': 'application/json', 'X-Client-Type': 'retail', 'Cookie': 'retail_access_token=eyJhbGciOiJIUzI1NiIsInR5cCI6IkpXVCJ9.eyJpZCI6MTUxLCJ1c2VyVHlwZSI6IlJFVEFJTCIsImlhdCI6MTc4NjUxNjIyMSwiZXhwIjoxNzg2NTU5NDIxfQ.wkQLbojWDgnQ-B_Ys0n1oh0iRcT5d0uKvoVipWcH2iQ'}
2026-08-12 06:30:21 - GeoTravelGlobalLogger - INFO     - [logger.py:345] - API Request: POST https://api.stg.gowithgeo.com/api/visa/payment
2026-08-12 06:30:22 - GeoTravelGlobalLogger - INFO     - [logger.py:345] - API Response: 200
2026-08-12 06:30:22 - GeoTravelGlobalLogger - INFO     - [logger.py:345] - SUCCESS: ✅ Flutterwave payment initiated successfully with auth!
2026-08-12 06:30:22 - GeoTravelGlobalLogger - INFO     - [logger.py:345] - 📋 Payment link: https://checkout-v2.dev-flutterwave.com/v3/hosted/pay/b86aa6115e634e553a03
2026-08-12 06:30:22 - GeoTravelGlobalLogger - INFO     - [logger.py:345] - ✅ Saved test-specific logs: reports/logs/src_tests_api_tests_test_visa_api.py_TestVisaEnquiryAPI_test_make_payment_flutterwave_with_auth_063022.log
2026-08-12 06:30:22 - GeoTravelGlobalLogger - INFO     - [logger.py:345] - Test result added: src/tests/api_tests/test_visa_api.py::TestVisaEnquiryAPI::test_make_payment_flutterwave_with_auth - PASS (Duration: 1.31s)
2026-08-12 06:30:22 - GeoTravelGlobalLogger - INFO     - [logger.py:345] - Added test result to API SMOKE TEST: src/tests/api_tests/test_visa_api.py::TestVisaEnquiryAPI::test_make_payment_flutterwave_with_auth - PASS
2026-08-12 06:30:22 - GeoTravelGlobalLogger - INFO     - [logger.py:345] - ✅ TestVisaEnquiryAPI test completed
2026-08-12 06:30:22 - GeoTravelGlobalLogger - INFO     - [logger.py:345] - 🚀 Starting TestVisaEnquiryAPI test
2026-08-12 06:30:22 - GeoTravelGlobalLogger - INFO     - [logger.py:345] - Retrieved credentials from environment for: geo.qa.bot@gmail.com
2026-08-12 06:30:22 - GeoTravelGlobalLogger - INFO     - [logger.py:345] - Attempting login with email: geo.qa.bot@gmail.com
2026-08-12 06:30:22 - GeoTravelGlobalLogger - INFO     - [logger.py:345] - 🔍 _request START - Current self.headers: {'Content-Type': 'application/json', 'Accept': 'application/json', 'X-Client-Type': 'retail'}
2026-08-12 06:30:22 - GeoTravelGlobalLogger - INFO     - [logger.py:345] - 🔍 _request - kwargs headers: {}
2026-08-12 06:30:22 - GeoTravelGlobalLogger - INFO     - [logger.py:345] - 🔍 _request FINAL headers being sent: {'Content-Type': 'application/json', 'Accept': 'application/json', 'X-Client-Type': 'retail'}
2026-08-12 06:30:22 - GeoTravelGlobalLogger - INFO     - [logger.py:345] - API Request: POST https://api.stg.gowithgeo.com/api/auth/login
2026-08-12 06:30:22 - GeoTravelGlobalLogger - INFO     - [logger.py:345] - API Response: 200
2026-08-12 06:30:22 - GeoTravelGlobalLogger - INFO     - [logger.py:345] - Token extracted via cookies (length: 167, valid)
2026-08-12 06:30:22 - GeoTravelGlobalLogger - INFO     - [logger.py:345] - ✅ Auth token set from cookies (Cookie header)
2026-08-12 06:30:22 - GeoTravelGlobalLogger - INFO     - [logger.py:345] - SUCCESS: ✅ Login successful - token set via cookies
2026-08-12 06:30:22 - GeoTravelGlobalLogger - INFO     - [logger.py:345] - SUCCESS: ✅ Authenticated successfully (token length: 167)
2026-08-12 06:30:22 - GeoTravelGlobalLogger - INFO     - [logger.py:345] - ✅ Auth token set from cookies (Cookie header)
2026-08-12 06:30:22 - GeoTravelGlobalLogger - INFO     - [logger.py:345] - ✅ Auth token set from cookies (Cookie header)
2026-08-12 06:30:22 - GeoTravelGlobalLogger - INFO     - [logger.py:345] - === Testing Make Payment (Paystack) - With Auth ===
2026-08-12 06:30:22 - GeoTravelGlobalLogger - INFO     - [logger.py:345] - 🔍 _request START - Current self.headers: {'Content-Type': 'application/json', 'Accept': 'application/json', 'X-Client-Type': 'retail', 'Cookie': 'retail_access_token=eyJhbGciOiJIUzI1NiIsInR5cCI6IkpXVCJ9.eyJpZCI6MTUxLCJ1c2VyVHlwZSI6IlJFVEFJTCIsImlhdCI6MTc4NjUxNjIyMiwiZXhwIjoxNzg2NTU5NDIyfQ.Yw4S26z6yUSDBLJRM3GnidQ6u3iKNtAFF03itukDhL4'}
2026-08-12 06:30:22 - GeoTravelGlobalLogger - INFO     - [logger.py:345] - 🔍 _request - kwargs headers: {}
2026-08-12 06:30:22 - GeoTravelGlobalLogger - INFO     - [logger.py:345] - 🔍 _request FINAL headers being sent: {'Content-Type': 'application/json', 'Accept': 'application/json', 'X-Client-Type': 'retail', 'Cookie': 'retail_access_token=eyJhbGciOiJIUzI1NiIsInR5cCI6IkpXVCJ9.eyJpZCI6MTUxLCJ1c2VyVHlwZSI6IlJFVEFJTCIsImlhdCI6MTc4NjUxNjIyMiwiZXhwIjoxNzg2NTU5NDIyfQ.Yw4S26z6yUSDBLJRM3GnidQ6u3iKNtAFF03itukDhL4'}
2026-08-12 06:30:22 - GeoTravelGlobalLogger - INFO     - [logger.py:345] - API Request: POST https://api.stg.gowithgeo.com/api/visa/create
2026-08-12 06:30:23 - GeoTravelGlobalLogger - INFO     - [logger.py:345] - API Response: 200
2026-08-12 06:30:23 - GeoTravelGlobalLogger - INFO     - [logger.py:345] - 🔍 _request START - Current self.headers: {'Content-Type': 'application/json', 'Accept': 'application/json', 'X-Client-Type': 'retail', 'Cookie': 'retail_access_token=eyJhbGciOiJIUzI1NiIsInR5cCI6IkpXVCJ9.eyJpZCI6MTUxLCJ1c2VyVHlwZSI6IlJFVEFJTCIsImlhdCI6MTc4NjUxNjIyMiwiZXhwIjoxNzg2NTU5NDIyfQ.Yw4S26z6yUSDBLJRM3GnidQ6u3iKNtAFF03itukDhL4'}
2026-08-12 06:30:23 - GeoTravelGlobalLogger - INFO     - [logger.py:345] - 🔍 _request - kwargs headers: {}
2026-08-12 06:30:23 - GeoTravelGlobalLogger - INFO     - [logger.py:345] - 🔍 _request FINAL headers being sent: {'Content-Type': 'application/json', 'Accept': 'application/json', 'X-Client-Type': 'retail', 'Cookie': 'retail_access_token=eyJhbGciOiJIUzI1NiIsInR5cCI6IkpXVCJ9.eyJpZCI6MTUxLCJ1c2VyVHlwZSI6IlJFVEFJTCIsImlhdCI6MTc4NjUxNjIyMiwiZXhwIjoxNzg2NTU5NDIyfQ.Yw4S26z6yUSDBLJRM3GnidQ6u3iKNtAFF03itukDhL4'}
2026-08-12 06:30:23 - GeoTravelGlobalLogger - INFO     - [logger.py:345] - API Request: POST https://api.stg.gowithgeo.com/api/visa/payment
2026-08-12 06:30:24 - GeoTravelGlobalLogger - INFO     - [logger.py:345] - API Response: 200
2026-08-12 06:30:24 - GeoTravelGlobalLogger - INFO     - [logger.py:345] - SUCCESS: ✅ Paystack payment initiated successfully with auth!
2026-08-12 06:30:24 - GeoTravelGlobalLogger - INFO     - [logger.py:345] - 📋 Payment link: https://checkout.paystack.com/p62tg6xlef830eh
2026-08-12 06:30:24 - GeoTravelGlobalLogger - INFO     - [logger.py:345] - ✅ Saved test-specific logs: reports/logs/src_tests_api_tests_test_visa_api.py_TestVisaEnquiryAPI_test_make_payment_paystack_with_auth_063024.log
2026-08-12 06:30:24 - GeoTravelGlobalLogger - INFO     - [logger.py:345] - Test result added: src/tests/api_tests/test_visa_api.py::TestVisaEnquiryAPI::test_make_payment_paystack_with_auth - PASS (Duration: 1.46s)
2026-08-12 06:30:24 - GeoTravelGlobalLogger - INFO     - [logger.py:345] - Added test result to API SMOKE TEST: src/tests/api_tests/test_visa_api.py::TestVisaEnquiryAPI::test_make_payment_paystack_with_auth - PASS
2026-08-12 06:30:24 - GeoTravelGlobalLogger - INFO     - [logger.py:345] - ✅ TestVisaEnquiryAPI test completed
2026-08-12 06:30:24 - GeoTravelGlobalLogger - INFO     - [logger.py:345] - 🚀 Starting TestVisaEnquiryAPI test
2026-08-12 06:30:24 - GeoTravelGlobalLogger - INFO     - [logger.py:345] - Retrieved credentials from environment for: geo.qa.bot@gmail.com
2026-08-12 06:30:24 - GeoTravelGlobalLogger - INFO     - [logger.py:345] - Attempting login with email: geo.qa.bot@gmail.com
2026-08-12 06:30:24 - GeoTravelGlobalLogger - INFO     - [logger.py:345] - 🔍 _request START - Current self.headers: {'Content-Type': 'application/json', 'Accept': 'application/json', 'X-Client-Type': 'retail'}
2026-08-12 06:30:24 - GeoTravelGlobalLogger - INFO     - [logger.py:345] - 🔍 _request - kwargs headers: {}
2026-08-12 06:30:24 - GeoTravelGlobalLogger - INFO     - [logger.py:345] - 🔍 _request FINAL headers being sent: {'Content-Type': 'application/json', 'Accept': 'application/json', 'X-Client-Type': 'retail'}
2026-08-12 06:30:24 - GeoTravelGlobalLogger - INFO     - [logger.py:345] - API Request: POST https://api.stg.gowithgeo.com/api/auth/login
2026-08-12 06:30:24 - GeoTravelGlobalLogger - INFO     - [logger.py:345] - API Response: 200
2026-08-12 06:30:24 - GeoTravelGlobalLogger - INFO     - [logger.py:345] - Token extracted via cookies (length: 167, valid)
2026-08-12 06:30:24 - GeoTravelGlobalLogger - INFO     - [logger.py:345] - ✅ Auth token set from cookies (Cookie header)
2026-08-12 06:30:24 - GeoTravelGlobalLogger - INFO     - [logger.py:345] - SUCCESS: ✅ Login successful - token set via cookies
2026-08-12 06:30:24 - GeoTravelGlobalLogger - INFO     - [logger.py:345] - SUCCESS: ✅ Authenticated successfully (token length: 167)
2026-08-12 06:30:24 - GeoTravelGlobalLogger - INFO     - [logger.py:345] - ✅ Auth token set from cookies (Cookie header)
2026-08-12 06:30:24 - GeoTravelGlobalLogger - INFO     - [logger.py:345] - ✅ Auth token set from cookies (Cookie header)
2026-08-12 06:30:24 - GeoTravelGlobalLogger - INFO     - [logger.py:345] - === Testing Make Payment (Bank Transfer) - With Auth ===
2026-08-12 06:30:24 - GeoTravelGlobalLogger - INFO     - [logger.py:345] - 🔍 _request START - Current self.headers: {'Content-Type': 'application/json', 'Accept': 'application/json', 'X-Client-Type': 'retail', 'Cookie': 'retail_access_token=eyJhbGciOiJIUzI1NiIsInR5cCI6IkpXVCJ9.eyJpZCI6MTUxLCJ1c2VyVHlwZSI6IlJFVEFJTCIsImlhdCI6MTc4NjUxNjIyNCwiZXhwIjoxNzg2NTU5NDI0fQ.vjt_LHg0laf1RtPnXkMxnBZ_dGX6tca0QG4eXaAOXoI'}
2026-08-12 06:30:24 - GeoTravelGlobalLogger - INFO     - [logger.py:345] - 🔍 _request - kwargs headers: {}
2026-08-12 06:30:24 - GeoTravelGlobalLogger - INFO     - [logger.py:345] - 🔍 _request FINAL headers being sent: {'Content-Type': 'application/json', 'Accept': 'application/json', 'X-Client-Type': 'retail', 'Cookie': 'retail_access_token=eyJhbGciOiJIUzI1NiIsInR5cCI6IkpXVCJ9.eyJpZCI6MTUxLCJ1c2VyVHlwZSI6IlJFVEFJTCIsImlhdCI6MTc4NjUxNjIyNCwiZXhwIjoxNzg2NTU5NDI0fQ.vjt_LHg0laf1RtPnXkMxnBZ_dGX6tca0QG4eXaAOXoI'}
2026-08-12 06:30:24 - GeoTravelGlobalLogger - INFO     - [logger.py:345] - API Request: POST https://api.stg.gowithgeo.com/api/visa/create
2026-08-12 06:30:25 - GeoTravelGlobalLogger - INFO     - [logger.py:345] - API Response: 200
2026-08-12 06:30:25 - GeoTravelGlobalLogger - INFO     - [logger.py:345] - 🔍 _request START - Current self.headers: {'Content-Type': 'application/json', 'Accept': 'application/json', 'X-Client-Type': 'retail', 'Cookie': 'retail_access_token=eyJhbGciOiJIUzI1NiIsInR5cCI6IkpXVCJ9.eyJpZCI6MTUxLCJ1c2VyVHlwZSI6IlJFVEFJTCIsImlhdCI6MTc4NjUxNjIyNCwiZXhwIjoxNzg2NTU5NDI0fQ.vjt_LHg0laf1RtPnXkMxnBZ_dGX6tca0QG4eXaAOXoI'}
2026-08-12 06:30:25 - GeoTravelGlobalLogger - INFO     - [logger.py:345] - 🔍 _request - kwargs headers: {}
2026-08-12 06:30:25 - GeoTravelGlobalLogger - INFO     - [logger.py:345] - 🔍 _request FINAL headers being sent: {'Content-Type': 'application/json', 'Accept': 'application/json', 'X-Client-Type': 'retail', 'Cookie': 'retail_access_token=eyJhbGciOiJIUzI1NiIsInR5cCI6IkpXVCJ9.eyJpZCI6MTUxLCJ1c2VyVHlwZSI6IlJFVEFJTCIsImlhdCI6MTc4NjUxNjIyNCwiZXhwIjoxNzg2NTU5NDI0fQ.vjt_LHg0laf1RtPnXkMxnBZ_dGX6tca0QG4eXaAOXoI'}
2026-08-12 06:30:25 - GeoTravelGlobalLogger - INFO     - [logger.py:345] - API Request: POST https://api.stg.gowithgeo.com/api/visa/payment
2026-08-12 06:30:25 - GeoTravelGlobalLogger - INFO     - [logger.py:345] - API Response: 200
2026-08-12 06:30:25 - GeoTravelGlobalLogger - INFO     - [logger.py:345] - SUCCESS: ✅ Bank Transfer payment initiated successfully!
2026-08-12 06:30:25 - GeoTravelGlobalLogger - INFO     - [logger.py:345] - 📋 Amount to pay: 25000
2026-08-12 06:30:25 - GeoTravelGlobalLogger - INFO     - [logger.py:345] - 📋 Reference: 66522d1b-379c-4c5b-aea1-52e5998d6d48
2026-08-12 06:30:25 - GeoTravelGlobalLogger - INFO     - [logger.py:345] - ✅ Saved test-specific logs: reports/logs/src_tests_api_tests_test_visa_api.py_TestVisaEnquiryAPI_test_make_payment_bank_transfer_with_auth_063025.log
2026-08-12 06:30:25 - GeoTravelGlobalLogger - INFO     - [logger.py:345] - Test result added: src/tests/api_tests/test_visa_api.py::TestVisaEnquiryAPI::test_make_payment_bank_transfer_with_auth - PASS (Duration: 1.10s)
2026-08-12 06:30:25 - GeoTravelGlobalLogger - INFO     - [logger.py:345] - Added test result to API SMOKE TEST: src/tests/api_tests/test_visa_api.py::TestVisaEnquiryAPI::test_make_payment_bank_transfer_with_auth - PASS
2026-08-12 06:30:25 - GeoTravelGlobalLogger - INFO     - [logger.py:345] - ✅ TestVisaEnquiryAPI test completed
2026-08-12 06:30:25 - GeoTravelGlobalLogger - INFO     - [logger.py:345] - 🚀 Starting TestVisaEnquiryAPI test
2026-08-12 06:30:25 - GeoTravelGlobalLogger - INFO     - [logger.py:345] - === Testing Make Payment - Invalid Visa ID ===
2026-08-12 06:30:25 - GeoTravelGlobalLogger - INFO     - [logger.py:345] - 🔍 _request START - Current self.headers: {'Content-Type': 'application/json', 'Accept': 'application/json', 'X-Client-Type': 'retail'}
2026-08-12 06:30:25 - GeoTravelGlobalLogger - INFO     - [logger.py:345] - 🔍 _request - kwargs headers: {}
2026-08-12 06:30:25 - GeoTravelGlobalLogger - INFO     - [logger.py:345] - 🔍 _request FINAL headers being sent: {'Content-Type': 'application/json', 'Accept': 'application/json', 'X-Client-Type': 'retail'}
2026-08-12 06:30:25 - GeoTravelGlobalLogger - INFO     - [logger.py:345] - API Request: POST https://api.stg.gowithgeo.com/api/visa/payment
2026-08-12 06:30:25 - GeoTravelGlobalLogger - INFO     - [logger.py:345] - API Response: 404
2026-08-12 06:30:25 - GeoTravelGlobalLogger - INFO     - [logger.py:345] - SUCCESS: ✅ Invalid visa ID correctly rejected with 404
2026-08-12 06:30:25 - GeoTravelGlobalLogger - INFO     - [logger.py:345] - ✅ Saved test-specific logs: reports/logs/src_tests_api_tests_test_visa_api.py_TestVisaEnquiryAPI_test_make_payment_invalid_visa_id_063025.log
2026-08-12 06:30:25 - GeoTravelGlobalLogger - INFO     - [logger.py:345] - Test result added: src/tests/api_tests/test_visa_api.py::TestVisaEnquiryAPI::test_make_payment_invalid_visa_id - PASS (Duration: 0.14s)
2026-08-12 06:30:25 - GeoTravelGlobalLogger - INFO     - [logger.py:345] - Added test result to API SMOKE TEST: src/tests/api_tests/test_visa_api.py::TestVisaEnquiryAPI::test_make_payment_invalid_visa_id - PASS
2026-08-12 06:30:25 - GeoTravelGlobalLogger - INFO     - [logger.py:345] - ✅ TestVisaEnquiryAPI test completed
2026-08-12 06:30:25 - GeoTravelGlobalLogger - INFO     - [logger.py:345] - 🚀 Starting TestVisaEnquiryAPI test
2026-08-12 06:30:25 - GeoTravelGlobalLogger - INFO     - [logger.py:345] - === Testing Make Payment - Invalid Method ===
2026-08-12 06:30:25 - GeoTravelGlobalLogger - INFO     - [logger.py:345] - Testing invalid payment method: 'PayPal'
2026-08-12 06:30:25 - GeoTravelGlobalLogger - INFO     - [logger.py:345] - 🔍 _request START - Current self.headers: {'Content-Type': 'application/json', 'Accept': 'application/json', 'X-Client-Type': 'retail'}
2026-08-12 06:30:25 - GeoTravelGlobalLogger - INFO     - [logger.py:345] - 🔍 _request - kwargs headers: {}
2026-08-12 06:30:25 - GeoTravelGlobalLogger - INFO     - [logger.py:345] - 🔍 _request FINAL headers being sent: {'Content-Type': 'application/json', 'Accept': 'application/json', 'X-Client-Type': 'retail'}
2026-08-12 06:30:25 - GeoTravelGlobalLogger - INFO     - [logger.py:345] - API Request: POST https://api.stg.gowithgeo.com/api/visa/create
2026-08-12 06:30:26 - GeoTravelGlobalLogger - INFO     - [logger.py:345] - API Response: 200
2026-08-12 06:30:26 - GeoTravelGlobalLogger - INFO     - [logger.py:345] - 🔍 _request START - Current self.headers: {'Content-Type': 'application/json', 'Accept': 'application/json', 'X-Client-Type': 'retail'}
2026-08-12 06:30:26 - GeoTravelGlobalLogger - INFO     - [logger.py:345] - 🔍 _request - kwargs headers: {}
2026-08-12 06:30:26 - GeoTravelGlobalLogger - INFO     - [logger.py:345] - 🔍 _request FINAL headers being sent: {'Content-Type': 'application/json', 'Accept': 'application/json', 'X-Client-Type': 'retail'}
2026-08-12 06:30:26 - GeoTravelGlobalLogger - INFO     - [logger.py:345] - API Request: POST https://api.stg.gowithgeo.com/api/visa/payment
2026-08-12 06:30:26 - GeoTravelGlobalLogger - INFO     - [logger.py:345] - API Response: 400
2026-08-12 06:30:26 - GeoTravelGlobalLogger - INFO     - [logger.py:345] - SUCCESS: ✅ Invalid payment method 'PayPal' correctly rejected
2026-08-12 06:30:26 - GeoTravelGlobalLogger - INFO     - [logger.py:345] - Testing invalid payment method: 'CreditCard'
2026-08-12 06:30:26 - GeoTravelGlobalLogger - INFO     - [logger.py:345] - 🔍 _request START - Current self.headers: {'Content-Type': 'application/json', 'Accept': 'application/json', 'X-Client-Type': 'retail'}
2026-08-12 06:30:26 - GeoTravelGlobalLogger - INFO     - [logger.py:345] - 🔍 _request - kwargs headers: {}
2026-08-12 06:30:26 - GeoTravelGlobalLogger - INFO     - [logger.py:345] - 🔍 _request FINAL headers being sent: {'Content-Type': 'application/json', 'Accept': 'application/json', 'X-Client-Type': 'retail'}
2026-08-12 06:30:26 - GeoTravelGlobalLogger - INFO     - [logger.py:345] - API Request: POST https://api.stg.gowithgeo.com/api/visa/create
2026-08-12 06:30:26 - GeoTravelGlobalLogger - INFO     - [logger.py:345] - API Response: 200
2026-08-12 06:30:26 - GeoTravelGlobalLogger - INFO     - [logger.py:345] - 🔍 _request START - Current self.headers: {'Content-Type': 'application/json', 'Accept': 'application/json', 'X-Client-Type': 'retail'}
2026-08-12 06:30:26 - GeoTravelGlobalLogger - INFO     - [logger.py:345] - 🔍 _request - kwargs headers: {}
2026-08-12 06:30:26 - GeoTravelGlobalLogger - INFO     - [logger.py:345] - 🔍 _request FINAL headers being sent: {'Content-Type': 'application/json', 'Accept': 'application/json', 'X-Client-Type': 'retail'}
2026-08-12 06:30:26 - GeoTravelGlobalLogger - INFO     - [logger.py:345] - API Request: POST https://api.stg.gowithgeo.com/api/visa/payment
2026-08-12 06:30:26 - GeoTravelGlobalLogger - INFO     - [logger.py:345] - API Response: 400
2026-08-12 06:30:26 - GeoTravelGlobalLogger - INFO     - [logger.py:345] - SUCCESS: ✅ Invalid payment method 'CreditCard' correctly rejected
2026-08-12 06:30:26 - GeoTravelGlobalLogger - INFO     - [logger.py:345] - Testing invalid payment method: ''
2026-08-12 06:30:26 - GeoTravelGlobalLogger - INFO     - [logger.py:345] - 🔍 _request START - Current self.headers: {'Content-Type': 'application/json', 'Accept': 'application/json', 'X-Client-Type': 'retail'}
2026-08-12 06:30:26 - GeoTravelGlobalLogger - INFO     - [logger.py:345] - 🔍 _request - kwargs headers: {}
2026-08-12 06:30:26 - GeoTravelGlobalLogger - INFO     - [logger.py:345] - 🔍 _request FINAL headers being sent: {'Content-Type': 'application/json', 'Accept': 'application/json', 'X-Client-Type': 'retail'}
2026-08-12 06:30:26 - GeoTravelGlobalLogger - INFO     - [logger.py:345] - API Request: POST https://api.stg.gowithgeo.com/api/visa/create
2026-08-12 06:30:26 - GeoTravelGlobalLogger - INFO     - [logger.py:345] - API Response: 200
2026-08-12 06:30:26 - GeoTravelGlobalLogger - INFO     - [logger.py:345] - 🔍 _request START - Current self.headers: {'Content-Type': 'application/json', 'Accept': 'application/json', 'X-Client-Type': 'retail'}
2026-08-12 06:30:26 - GeoTravelGlobalLogger - INFO     - [logger.py:345] - 🔍 _request - kwargs headers: {}
2026-08-12 06:30:26 - GeoTravelGlobalLogger - INFO     - [logger.py:345] - 🔍 _request FINAL headers being sent: {'Content-Type': 'application/json', 'Accept': 'application/json', 'X-Client-Type': 'retail'}
2026-08-12 06:30:26 - GeoTravelGlobalLogger - INFO     - [logger.py:345] - API Request: POST https://api.stg.gowithgeo.com/api/visa/payment
2026-08-12 06:30:26 - GeoTravelGlobalLogger - INFO     - [logger.py:345] - API Response: 400
2026-08-12 06:30:26 - GeoTravelGlobalLogger - INFO     - [logger.py:345] - SUCCESS: ✅ Invalid payment method '' correctly rejected
2026-08-12 06:30:26 - GeoTravelGlobalLogger - INFO     - [logger.py:345] - ✅ Saved test-specific logs: reports/logs/src_tests_api_tests_test_visa_api.py_TestVisaEnquiryAPI_test_make_payment_invalid_method_063026.log
2026-08-12 06:30:26 - GeoTravelGlobalLogger - INFO     - [logger.py:345] - Test result added: src/tests/api_tests/test_visa_api.py::TestVisaEnquiryAPI::test_make_payment_invalid_method - PASS (Duration: 0.89s)
2026-08-12 06:30:26 - GeoTravelGlobalLogger - INFO     - [logger.py:345] - Added test result to API SMOKE TEST: src/tests/api_tests/test_visa_api.py::TestVisaEnquiryAPI::test_make_payment_invalid_method - PASS
2026-08-12 06:30:26 - GeoTravelGlobalLogger - INFO     - [logger.py:345] - ✅ TestVisaEnquiryAPI test completed
2026-08-12 06:30:26 - GeoTravelGlobalLogger - INFO     - [logger.py:345] - 🚀 Starting TestVisaEnquiryAPI test
2026-08-12 06:30:26 - GeoTravelGlobalLogger - INFO     - [logger.py:345] - Retrieved credentials from environment for: geo.qa.bot@gmail.com
2026-08-12 06:30:26 - GeoTravelGlobalLogger - INFO     - [logger.py:345] - Attempting login with email: geo.qa.bot@gmail.com
2026-08-12 06:30:26 - GeoTravelGlobalLogger - INFO     - [logger.py:345] - 🔍 _request START - Current self.headers: {'Content-Type': 'application/json', 'Accept': 'application/json', 'X-Client-Type': 'retail'}
2026-08-12 06:30:26 - GeoTravelGlobalLogger - INFO     - [logger.py:345] - 🔍 _request - kwargs headers: {}
2026-08-12 06:30:26 - GeoTravelGlobalLogger - INFO     - [logger.py:345] - 🔍 _request FINAL headers being sent: {'Content-Type': 'application/json', 'Accept': 'application/json', 'X-Client-Type': 'retail'}
2026-08-12 06:30:26 - GeoTravelGlobalLogger - INFO     - [logger.py:345] - API Request: POST https://api.stg.gowithgeo.com/api/auth/login
2026-08-12 06:30:27 - GeoTravelGlobalLogger - INFO     - [logger.py:345] - API Response: 200
2026-08-12 06:30:27 - GeoTravelGlobalLogger - INFO     - [logger.py:345] - Token extracted via cookies (length: 167, valid)
2026-08-12 06:30:27 - GeoTravelGlobalLogger - INFO     - [logger.py:345] - ✅ Auth token set from cookies (Cookie header)
2026-08-12 06:30:27 - GeoTravelGlobalLogger - INFO     - [logger.py:345] - SUCCESS: ✅ Login successful - token set via cookies
2026-08-12 06:30:27 - GeoTravelGlobalLogger - INFO     - [logger.py:345] - SUCCESS: ✅ Authenticated successfully (token length: 167)
2026-08-12 06:30:27 - GeoTravelGlobalLogger - INFO     - [logger.py:345] - ✅ Auth token set from cookies (Cookie header)
2026-08-12 06:30:27 - GeoTravelGlobalLogger - INFO     - [logger.py:345] - ✅ Auth token set from cookies (Cookie header)
2026-08-12 06:30:27 - GeoTravelGlobalLogger - INFO     - [logger.py:345] - === Testing Get User Visa Applications - With Auth ===
2026-08-12 06:30:27 - GeoTravelGlobalLogger - INFO     - [logger.py:345] - 🔍 _request START - Current self.headers: {'Content-Type': 'application/json', 'Accept': 'application/json', 'X-Client-Type': 'retail', 'Cookie': 'retail_access_token=eyJhbGciOiJIUzI1NiIsInR5cCI6IkpXVCJ9.eyJpZCI6MTUxLCJ1c2VyVHlwZSI6IlJFVEFJTCIsImlhdCI6MTc4NjUxNjIyNywiZXhwIjoxNzg2NTU5NDI3fQ.tebs5UFdpbHPO4LiiprxS9qH8Ko7gpthrgHz7g_mP4c'}
2026-08-12 06:30:27 - GeoTravelGlobalLogger - INFO     - [logger.py:345] - 🔍 _request - kwargs headers: {}
2026-08-12 06:30:27 - GeoTravelGlobalLogger - INFO     - [logger.py:345] - 🔍 _request FINAL headers being sent: {'Content-Type': 'application/json', 'Accept': 'application/json', 'X-Client-Type': 'retail', 'Cookie': 'retail_access_token=eyJhbGciOiJIUzI1NiIsInR5cCI6IkpXVCJ9.eyJpZCI6MTUxLCJ1c2VyVHlwZSI6IlJFVEFJTCIsImlhdCI6MTc4NjUxNjIyNywiZXhwIjoxNzg2NTU5NDI3fQ.tebs5UFdpbHPO4LiiprxS9qH8Ko7gpthrgHz7g_mP4c'}
2026-08-12 06:30:27 - GeoTravelGlobalLogger - INFO     - [logger.py:345] - API Request: GET https://api.stg.gowithgeo.com/api/visa/all/user
2026-08-12 06:30:27 - GeoTravelGlobalLogger - INFO     - [logger.py:345] - API Response: 200
2026-08-12 06:30:27 - GeoTravelGlobalLogger - INFO     - [logger.py:345] - 📋 Found 10 visa applications
2026-08-12 06:30:27 - GeoTravelGlobalLogger - INFO     - [logger.py:345] - 📋 Pagination: Page 1 of 111
2026-08-12 06:30:27 - GeoTravelGlobalLogger - INFO     - [logger.py:345] -   Visa 1: ID=3919, Country=QATAR, Status=Submitted
2026-08-12 06:30:27 - GeoTravelGlobalLogger - INFO     - [logger.py:345] -   Visa 2: ID=3918, Country=QATAR, Status=Submitted
2026-08-12 06:30:27 - GeoTravelGlobalLogger - INFO     - [logger.py:345] -   Visa 3: ID=3917, Country=QATAR, Status=Submitted
2026-08-12 06:30:27 - GeoTravelGlobalLogger - INFO     - [logger.py:345] - SUCCESS: ✅ Successfully retrieved user visa applications
2026-08-12 06:30:27 - GeoTravelGlobalLogger - INFO     - [logger.py:345] - ✅ Saved test-specific logs: reports/logs/src_tests_api_tests_test_visa_api.py_TestVisaEnquiryAPI_test_get_user_visa_applications_with_auth_063027.log
2026-08-12 06:30:27 - GeoTravelGlobalLogger - INFO     - [logger.py:345] - Test result added: src/tests/api_tests/test_visa_api.py::TestVisaEnquiryAPI::test_get_user_visa_applications_with_auth - PASS (Duration: 0.34s)
2026-08-12 06:30:27 - GeoTravelGlobalLogger - INFO     - [logger.py:345] - Added test result to API SMOKE TEST: src/tests/api_tests/test_visa_api.py::TestVisaEnquiryAPI::test_get_user_visa_applications_with_auth - PASS
2026-08-12 06:30:27 - GeoTravelGlobalLogger - INFO     - [logger.py:345] - ✅ TestVisaEnquiryAPI test completed
2026-08-12 06:30:27 - GeoTravelGlobalLogger - INFO     - [logger.py:345] - 🚀 Starting TestVisaEnquiryAPI test
2026-08-12 06:30:27 - GeoTravelGlobalLogger - INFO     - [logger.py:345] - === Testing Get User Visa Applications - Without Auth ===
2026-08-12 06:30:27 - GeoTravelGlobalLogger - INFO     - [logger.py:345] - 🔍 _request START - Current self.headers: {'Content-Type': 'application/json', 'Accept': 'application/json', 'X-Client-Type': 'retail'}
2026-08-12 06:30:27 - GeoTravelGlobalLogger - INFO     - [logger.py:345] - 🔍 _request - kwargs headers: {}
2026-08-12 06:30:27 - GeoTravelGlobalLogger - INFO     - [logger.py:345] - 🔍 _request FINAL headers being sent: {'Content-Type': 'application/json', 'Accept': 'application/json', 'X-Client-Type': 'retail'}
2026-08-12 06:30:27 - GeoTravelGlobalLogger - INFO     - [logger.py:345] - API Request: GET https://api.stg.gowithgeo.com/api/visa/all/user
2026-08-12 06:30:27 - GeoTravelGlobalLogger - INFO     - [logger.py:345] - API Response: 401
2026-08-12 06:30:27 - GeoTravelGlobalLogger - INFO     - [logger.py:345] - SUCCESS: ✅ Unauthenticated access correctly rejected with 401
2026-08-12 06:30:27 - GeoTravelGlobalLogger - INFO     - [logger.py:345] - ✅ Saved test-specific logs: reports/logs/src_tests_api_tests_test_visa_api.py_TestVisaEnquiryAPI_test_get_user_visa_applications_without_auth_063027.log
2026-08-12 06:30:27 - GeoTravelGlobalLogger - INFO     - [logger.py:345] - Test result added: src/tests/api_tests/test_visa_api.py::TestVisaEnquiryAPI::test_get_user_visa_applications_without_auth - PASS (Duration: 0.06s)
2026-08-12 06:30:27 - GeoTravelGlobalLogger - INFO     - [logger.py:345] - Added test result to API SMOKE TEST: src/tests/api_tests/test_visa_api.py::TestVisaEnquiryAPI::test_get_user_visa_applications_without_auth - PASS
2026-08-12 06:30:27 - GeoTravelGlobalLogger - INFO     - [logger.py:345] - ✅ TestVisaEnquiryAPI test completed
2026-08-12 06:30:27 - GeoTravelGlobalLogger - INFO     - [logger.py:345] - 🚀 Starting TestVisaEnquiryAPI test
2026-08-12 06:30:27 - GeoTravelGlobalLogger - INFO     - [logger.py:345] - Retrieved credentials from environment for: geo.qa.bot@gmail.com
2026-08-12 06:30:27 - GeoTravelGlobalLogger - INFO     - [logger.py:345] - Attempting login with email: geo.qa.bot@gmail.com
2026-08-12 06:30:27 - GeoTravelGlobalLogger - INFO     - [logger.py:345] - 🔍 _request START - Current self.headers: {'Content-Type': 'application/json', 'Accept': 'application/json', 'X-Client-Type': 'retail'}
2026-08-12 06:30:27 - GeoTravelGlobalLogger - INFO     - [logger.py:345] - 🔍 _request - kwargs headers: {}
2026-08-12 06:30:27 - GeoTravelGlobalLogger - INFO     - [logger.py:345] - 🔍 _request FINAL headers being sent: {'Content-Type': 'application/json', 'Accept': 'application/json', 'X-Client-Type': 'retail'}
2026-08-12 06:30:27 - GeoTravelGlobalLogger - INFO     - [logger.py:345] - API Request: POST https://api.stg.gowithgeo.com/api/auth/login
2026-08-12 06:30:27 - GeoTravelGlobalLogger - INFO     - [logger.py:345] - API Response: 200
2026-08-12 06:30:27 - GeoTravelGlobalLogger - INFO     - [logger.py:345] - Token extracted via cookies (length: 167, valid)
2026-08-12 06:30:27 - GeoTravelGlobalLogger - INFO     - [logger.py:345] - ✅ Auth token set from cookies (Cookie header)
2026-08-12 06:30:27 - GeoTravelGlobalLogger - INFO     - [logger.py:345] - SUCCESS: ✅ Login successful - token set via cookies
2026-08-12 06:30:27 - GeoTravelGlobalLogger - INFO     - [logger.py:345] - SUCCESS: ✅ Authenticated successfully (token length: 167)
2026-08-12 06:30:27 - GeoTravelGlobalLogger - INFO     - [logger.py:345] - ✅ Auth token set from cookies (Cookie header)
2026-08-12 06:30:27 - GeoTravelGlobalLogger - INFO     - [logger.py:345] - ✅ Auth token set from cookies (Cookie header)
2026-08-12 06:30:27 - GeoTravelGlobalLogger - INFO     - [logger.py:345] - === Testing Get User Visa Applications - With Filters ===
2026-08-12 06:30:27 - GeoTravelGlobalLogger - INFO     - [logger.py:345] - Testing: Status filter - Submitted
2026-08-12 06:30:27 - GeoTravelGlobalLogger - INFO     - [logger.py:345] - 🔍 _request START - Current self.headers: {'Content-Type': 'application/json', 'Accept': 'application/json', 'X-Client-Type': 'retail', 'Cookie': 'retail_access_token=eyJhbGciOiJIUzI1NiIsInR5cCI6IkpXVCJ9.eyJpZCI6MTUxLCJ1c2VyVHlwZSI6IlJFVEFJTCIsImlhdCI6MTc4NjUxNjIyNywiZXhwIjoxNzg2NTU5NDI3fQ.tebs5UFdpbHPO4LiiprxS9qH8Ko7gpthrgHz7g_mP4c'}
2026-08-12 06:30:27 - GeoTravelGlobalLogger - INFO     - [logger.py:345] - 🔍 _request - kwargs headers: {}
2026-08-12 06:30:27 - GeoTravelGlobalLogger - INFO     - [logger.py:345] - 🔍 _request FINAL headers being sent: {'Content-Type': 'application/json', 'Accept': 'application/json', 'X-Client-Type': 'retail', 'Cookie': 'retail_access_token=eyJhbGciOiJIUzI1NiIsInR5cCI6IkpXVCJ9.eyJpZCI6MTUxLCJ1c2VyVHlwZSI6IlJFVEFJTCIsImlhdCI6MTc4NjUxNjIyNywiZXhwIjoxNzg2NTU5NDI3fQ.tebs5UFdpbHPO4LiiprxS9qH8Ko7gpthrgHz7g_mP4c'}
2026-08-12 06:30:27 - GeoTravelGlobalLogger - INFO     - [logger.py:345] - API Request: GET https://api.stg.gowithgeo.com/api/visa/all/user
2026-08-12 06:30:28 - GeoTravelGlobalLogger - INFO     - [logger.py:345] - API Response: 200
2026-08-12 06:30:28 - GeoTravelGlobalLogger - INFO     - [logger.py:345] -   ✅ Filter applied: {'name': 'Status filter - Submitted', 'status': 'Submitted'}, Found: 20 applications
2026-08-12 06:30:28 - GeoTravelGlobalLogger - INFO     - [logger.py:345] - Testing: Status filter - InProgress
2026-08-12 06:30:28 - GeoTravelGlobalLogger - INFO     - [logger.py:345] - 🔍 _request START - Current self.headers: {'Content-Type': 'application/json', 'Accept': 'application/json', 'X-Client-Type': 'retail', 'Cookie': 'retail_access_token=eyJhbGciOiJIUzI1NiIsInR5cCI6IkpXVCJ9.eyJpZCI6MTUxLCJ1c2VyVHlwZSI6IlJFVEFJTCIsImlhdCI6MTc4NjUxNjIyNywiZXhwIjoxNzg2NTU5NDI3fQ.tebs5UFdpbHPO4LiiprxS9qH8Ko7gpthrgHz7g_mP4c'}
2026-08-12 06:30:28 - GeoTravelGlobalLogger - INFO     - [logger.py:345] - 🔍 _request - kwargs headers: {}
2026-08-12 06:30:28 - GeoTravelGlobalLogger - INFO     - [logger.py:345] - 🔍 _request FINAL headers being sent: {'Content-Type': 'application/json', 'Accept': 'application/json', 'X-Client-Type': 'retail', 'Cookie': 'retail_access_token=eyJhbGciOiJIUzI1NiIsInR5cCI6IkpXVCJ9.eyJpZCI6MTUxLCJ1c2VyVHlwZSI6IlJFVEFJTCIsImlhdCI6MTc4NjUxNjIyNywiZXhwIjoxNzg2NTU5NDI3fQ.tebs5UFdpbHPO4LiiprxS9qH8Ko7gpthrgHz7g_mP4c'}
2026-08-12 06:30:28 - GeoTravelGlobalLogger - INFO     - [logger.py:345] - API Request: GET https://api.stg.gowithgeo.com/api/visa/all/user
2026-08-12 06:30:28 - GeoTravelGlobalLogger - INFO     - [logger.py:345] - API Response: 200
2026-08-12 06:30:28 - GeoTravelGlobalLogger - INFO     - [logger.py:345] -   ✅ Filter applied: {'name': 'Status filter - InProgress', 'status': 'InProgress'}, Found: 0 applications
2026-08-12 06:30:28 - GeoTravelGlobalLogger - INFO     - [logger.py:345] - Testing: Type filter - Tourist
2026-08-12 06:30:28 - GeoTravelGlobalLogger - INFO     - [logger.py:345] - 🔍 _request START - Current self.headers: {'Content-Type': 'application/json', 'Accept': 'application/json', 'X-Client-Type': 'retail', 'Cookie': 'retail_access_token=eyJhbGciOiJIUzI1NiIsInR5cCI6IkpXVCJ9.eyJpZCI6MTUxLCJ1c2VyVHlwZSI6IlJFVEFJTCIsImlhdCI6MTc4NjUxNjIyNywiZXhwIjoxNzg2NTU5NDI3fQ.tebs5UFdpbHPO4LiiprxS9qH8Ko7gpthrgHz7g_mP4c'}
2026-08-12 06:30:28 - GeoTravelGlobalLogger - INFO     - [logger.py:345] - 🔍 _request - kwargs headers: {}
2026-08-12 06:30:28 - GeoTravelGlobalLogger - INFO     - [logger.py:345] - 🔍 _request FINAL headers being sent: {'Content-Type': 'application/json', 'Accept': 'application/json', 'X-Client-Type': 'retail', 'Cookie': 'retail_access_token=eyJhbGciOiJIUzI1NiIsInR5cCI6IkpXVCJ9.eyJpZCI6MTUxLCJ1c2VyVHlwZSI6IlJFVEFJTCIsImlhdCI6MTc4NjUxNjIyNywiZXhwIjoxNzg2NTU5NDI3fQ.tebs5UFdpbHPO4LiiprxS9qH8Ko7gpthrgHz7g_mP4c'}
2026-08-12 06:30:28 - GeoTravelGlobalLogger - INFO     - [logger.py:345] - API Request: GET https://api.stg.gowithgeo.com/api/visa/all/user
2026-08-12 06:30:28 - GeoTravelGlobalLogger - INFO     - [logger.py:345] - API Response: 200
2026-08-12 06:30:28 - GeoTravelGlobalLogger - INFO     - [logger.py:345] -   ✅ Filter applied: {'name': 'Type filter - Tourist', 'type': 'Tourist'}, Found: 20 applications
2026-08-12 06:30:28 - GeoTravelGlobalLogger - INFO     - [logger.py:345] - Testing: Type filter - Business
2026-08-12 06:30:28 - GeoTravelGlobalLogger - INFO     - [logger.py:345] - 🔍 _request START - Current self.headers: {'Content-Type': 'application/json', 'Accept': 'application/json', 'X-Client-Type': 'retail', 'Cookie': 'retail_access_token=eyJhbGciOiJIUzI1NiIsInR5cCI6IkpXVCJ9.eyJpZCI6MTUxLCJ1c2VyVHlwZSI6IlJFVEFJTCIsImlhdCI6MTc4NjUxNjIyNywiZXhwIjoxNzg2NTU5NDI3fQ.tebs5UFdpbHPO4LiiprxS9qH8Ko7gpthrgHz7g_mP4c'}
2026-08-12 06:30:28 - GeoTravelGlobalLogger - INFO     - [logger.py:345] - 🔍 _request - kwargs headers: {}
2026-08-12 06:30:28 - GeoTravelGlobalLogger - INFO     - [logger.py:345] - 🔍 _request FINAL headers being sent: {'Content-Type': 'application/json', 'Accept': 'application/json', 'X-Client-Type': 'retail', 'Cookie': 'retail_access_token=eyJhbGciOiJIUzI1NiIsInR5cCI6IkpXVCJ9.eyJpZCI6MTUxLCJ1c2VyVHlwZSI6IlJFVEFJTCIsImlhdCI6MTc4NjUxNjIyNywiZXhwIjoxNzg2NTU5NDI3fQ.tebs5UFdpbHPO4LiiprxS9qH8Ko7gpthrgHz7g_mP4c'}
2026-08-12 06:30:28 - GeoTravelGlobalLogger - INFO     - [logger.py:345] - API Request: GET https://api.stg.gowithgeo.com/api/visa/all/user
2026-08-12 06:30:28 - GeoTravelGlobalLogger - INFO     - [logger.py:345] - API Response: 200
2026-08-12 06:30:28 - GeoTravelGlobalLogger - INFO     - [logger.py:345] -   ✅ Filter applied: {'name': 'Type filter - Business', 'type': 'Business'}, Found: 10 applications
2026-08-12 06:30:28 - GeoTravelGlobalLogger - INFO     - [logger.py:345] - Testing: Combined filters
2026-08-12 06:30:28 - GeoTravelGlobalLogger - INFO     - [logger.py:345] - 🔍 _request START - Current self.headers: {'Content-Type': 'application/json', 'Accept': 'application/json', 'X-Client-Type': 'retail', 'Cookie': 'retail_access_token=eyJhbGciOiJIUzI1NiIsInR5cCI6IkpXVCJ9.eyJpZCI6MTUxLCJ1c2VyVHlwZSI6IlJFVEFJTCIsImlhdCI6MTc4NjUxNjIyNywiZXhwIjoxNzg2NTU5NDI3fQ.tebs5UFdpbHPO4LiiprxS9qH8Ko7gpthrgHz7g_mP4c'}
2026-08-12 06:30:28 - GeoTravelGlobalLogger - INFO     - [logger.py:345] - 🔍 _request - kwargs headers: {}
2026-08-12 06:30:28 - GeoTravelGlobalLogger - INFO     - [logger.py:345] - 🔍 _request FINAL headers being sent: {'Content-Type': 'application/json', 'Accept': 'application/json', 'X-Client-Type': 'retail', 'Cookie': 'retail_access_token=eyJhbGciOiJIUzI1NiIsInR5cCI6IkpXVCJ9.eyJpZCI6MTUxLCJ1c2VyVHlwZSI6IlJFVEFJTCIsImlhdCI6MTc4NjUxNjIyNywiZXhwIjoxNzg2NTU5NDI3fQ.tebs5UFdpbHPO4LiiprxS9qH8Ko7gpthrgHz7g_mP4c'}
2026-08-12 06:30:28 - GeoTravelGlobalLogger - INFO     - [logger.py:345] - API Request: GET https://api.stg.gowithgeo.com/api/visa/all/user
2026-08-12 06:30:29 - GeoTravelGlobalLogger - INFO     - [logger.py:345] - API Response: 200
2026-08-12 06:30:29 - GeoTravelGlobalLogger - INFO     - [logger.py:345] -   ✅ Filter applied: {'name': 'Combined filters', 'status': 'Submitted', 'type': 'Work', 'limit': 5}, Found: 3 applications
2026-08-12 06:30:29 - GeoTravelGlobalLogger - INFO     - [logger.py:345] - Testing: Date range filter
2026-08-12 06:30:29 - GeoTravelGlobalLogger - INFO     - [logger.py:345] - 🔍 _request START - Current self.headers: {'Content-Type': 'application/json', 'Accept': 'application/json', 'X-Client-Type': 'retail', 'Cookie': 'retail_access_token=eyJhbGciOiJIUzI1NiIsInR5cCI6IkpXVCJ9.eyJpZCI6MTUxLCJ1c2VyVHlwZSI6IlJFVEFJTCIsImlhdCI6MTc4NjUxNjIyNywiZXhwIjoxNzg2NTU5NDI3fQ.tebs5UFdpbHPO4LiiprxS9qH8Ko7gpthrgHz7g_mP4c'}
2026-08-12 06:30:29 - GeoTravelGlobalLogger - INFO     - [logger.py:345] - 🔍 _request - kwargs headers: {}
2026-08-12 06:30:29 - GeoTravelGlobalLogger - INFO     - [logger.py:345] - 🔍 _request FINAL headers being sent: {'Content-Type': 'application/json', 'Accept': 'application/json', 'X-Client-Type': 'retail', 'Cookie': 'retail_access_token=eyJhbGciOiJIUzI1NiIsInR5cCI6IkpXVCJ9.eyJpZCI6MTUxLCJ1c2VyVHlwZSI6IlJFVEFJTCIsImlhdCI6MTc4NjUxNjIyNywiZXhwIjoxNzg2NTU5NDI3fQ.tebs5UFdpbHPO4LiiprxS9qH8Ko7gpthrgHz7g_mP4c'}
2026-08-12 06:30:29 - GeoTravelGlobalLogger - INFO     - [logger.py:345] - API Request: GET https://api.stg.gowithgeo.com/api/visa/all/user
2026-08-12 06:30:29 - GeoTravelGlobalLogger - INFO     - [logger.py:345] - API Response: 200
2026-08-12 06:30:29 - GeoTravelGlobalLogger - INFO     - [logger.py:345] -   ✅ Filter applied: {'name': 'Date range filter', 'start_date': '2025-01-01', 'end_date': '2025-12-31'}, Found: 0 applications
2026-08-12 06:30:29 - GeoTravelGlobalLogger - INFO     - [logger.py:345] - ✅ Saved test-specific logs: reports/logs/src_tests_api_tests_test_visa_api.py_TestVisaEnquiryAPI_test_get_user_visa_applications_with_filters_063029.log
2026-08-12 06:30:29 - GeoTravelGlobalLogger - INFO     - [logger.py:345] - Test result added: src/tests/api_tests/test_visa_api.py::TestVisaEnquiryAPI::test_get_user_visa_applications_with_filters - PASS (Duration: 1.42s)
2026-08-12 06:30:29 - GeoTravelGlobalLogger - INFO     - [logger.py:345] - Added test result to API SMOKE TEST: src/tests/api_tests/test_visa_api.py::TestVisaEnquiryAPI::test_get_user_visa_applications_with_filters - PASS
2026-08-12 06:30:29 - GeoTravelGlobalLogger - INFO     - [logger.py:345] - ✅ TestVisaEnquiryAPI test completed
2026-08-12 06:30:29 - GeoTravelGlobalLogger - INFO     - [logger.py:345] - 🚀 Starting TestVisaEnquiryAPI test
2026-08-12 06:30:29 - GeoTravelGlobalLogger - INFO     - [logger.py:345] - Retrieved credentials from environment for: geo.qa.bot@gmail.com
2026-08-12 06:30:29 - GeoTravelGlobalLogger - INFO     - [logger.py:345] - Attempting login with email: geo.qa.bot@gmail.com
2026-08-12 06:30:29 - GeoTravelGlobalLogger - INFO     - [logger.py:345] - 🔍 _request START - Current self.headers: {'Content-Type': 'application/json', 'Accept': 'application/json', 'X-Client-Type': 'retail'}
2026-08-12 06:30:29 - GeoTravelGlobalLogger - INFO     - [logger.py:345] - 🔍 _request - kwargs headers: {}
2026-08-12 06:30:29 - GeoTravelGlobalLogger - INFO     - [logger.py:345] - 🔍 _request FINAL headers being sent: {'Content-Type': 'application/json', 'Accept': 'application/json', 'X-Client-Type': 'retail'}
2026-08-12 06:30:29 - GeoTravelGlobalLogger - INFO     - [logger.py:345] - API Request: POST https://api.stg.gowithgeo.com/api/auth/login
2026-08-12 06:30:29 - GeoTravelGlobalLogger - INFO     - [logger.py:345] - API Response: 200
2026-08-12 06:30:29 - GeoTravelGlobalLogger - INFO     - [logger.py:345] - Token extracted via cookies (length: 167, valid)
2026-08-12 06:30:29 - GeoTravelGlobalLogger - INFO     - [logger.py:345] - ✅ Auth token set from cookies (Cookie header)
2026-08-12 06:30:29 - GeoTravelGlobalLogger - INFO     - [logger.py:345] - SUCCESS: ✅ Login successful - token set via cookies
2026-08-12 06:30:29 - GeoTravelGlobalLogger - INFO     - [logger.py:345] - SUCCESS: ✅ Authenticated successfully (token length: 167)
2026-08-12 06:30:29 - GeoTravelGlobalLogger - INFO     - [logger.py:345] - ✅ Auth token set from cookies (Cookie header)
2026-08-12 06:30:29 - GeoTravelGlobalLogger - INFO     - [logger.py:345] - ✅ Auth token set from cookies (Cookie header)
2026-08-12 06:30:29 - GeoTravelGlobalLogger - INFO     - [logger.py:345] - === Testing User Visa Applications Pagination ===
2026-08-12 06:30:29 - GeoTravelGlobalLogger - INFO     - [logger.py:345] - Testing pagination: Page 1, Limit 5
2026-08-12 06:30:29 - GeoTravelGlobalLogger - INFO     - [logger.py:345] - 🔍 _request START - Current self.headers: {'Content-Type': 'application/json', 'Accept': 'application/json', 'X-Client-Type': 'retail', 'Cookie': 'retail_access_token=eyJhbGciOiJIUzI1NiIsInR5cCI6IkpXVCJ9.eyJpZCI6MTUxLCJ1c2VyVHlwZSI6IlJFVEFJTCIsImlhdCI6MTc4NjUxNjIyOSwiZXhwIjoxNzg2NTU5NDI5fQ.NvoDzjJzKkO54KsIH_aVghFU5gMjrQYJjle3lYl_c1I'}
2026-08-12 06:30:29 - GeoTravelGlobalLogger - INFO     - [logger.py:345] - 🔍 _request - kwargs headers: {}
2026-08-12 06:30:29 - GeoTravelGlobalLogger - INFO     - [logger.py:345] - 🔍 _request FINAL headers being sent: {'Content-Type': 'application/json', 'Accept': 'application/json', 'X-Client-Type': 'retail', 'Cookie': 'retail_access_token=eyJhbGciOiJIUzI1NiIsInR5cCI6IkpXVCJ9.eyJpZCI6MTUxLCJ1c2VyVHlwZSI6IlJFVEFJTCIsImlhdCI6MTc4NjUxNjIyOSwiZXhwIjoxNzg2NTU5NDI5fQ.NvoDzjJzKkO54KsIH_aVghFU5gMjrQYJjle3lYl_c1I'}
2026-08-12 06:30:29 - GeoTravelGlobalLogger - INFO     - [logger.py:345] - API Request: GET https://api.stg.gowithgeo.com/api/visa/all/user
2026-08-12 06:30:29 - GeoTravelGlobalLogger - INFO     - [logger.py:345] - API Response: 200
2026-08-12 06:30:29 - GeoTravelGlobalLogger - INFO     - [logger.py:345] -   ✅ Page 1, Items per page: 5
2026-08-12 06:30:29 - GeoTravelGlobalLogger - INFO     - [logger.py:345] - Testing pagination: Page 1, Limit 10
2026-08-12 06:30:29 - GeoTravelGlobalLogger - INFO     - [logger.py:345] - 🔍 _request START - Current self.headers: {'Content-Type': 'application/json', 'Accept': 'application/json', 'X-Client-Type': 'retail', 'Cookie': 'retail_access_token=eyJhbGciOiJIUzI1NiIsInR5cCI6IkpXVCJ9.eyJpZCI6MTUxLCJ1c2VyVHlwZSI6IlJFVEFJTCIsImlhdCI6MTc4NjUxNjIyOSwiZXhwIjoxNzg2NTU5NDI5fQ.NvoDzjJzKkO54KsIH_aVghFU5gMjrQYJjle3lYl_c1I'}
2026-08-12 06:30:29 - GeoTravelGlobalLogger - INFO     - [logger.py:345] - 🔍 _request - kwargs headers: {}
2026-08-12 06:30:29 - GeoTravelGlobalLogger - INFO     - [logger.py:345] - 🔍 _request FINAL headers being sent: {'Content-Type': 'application/json', 'Accept': 'application/json', 'X-Client-Type': 'retail', 'Cookie': 'retail_access_token=eyJhbGciOiJIUzI1NiIsInR5cCI6IkpXVCJ9.eyJpZCI6MTUxLCJ1c2VyVHlwZSI6IlJFVEFJTCIsImlhdCI6MTc4NjUxNjIyOSwiZXhwIjoxNzg2NTU5NDI5fQ.NvoDzjJzKkO54KsIH_aVghFU5gMjrQYJjle3lYl_c1I'}
2026-08-12 06:30:29 - GeoTravelGlobalLogger - INFO     - [logger.py:345] - API Request: GET https://api.stg.gowithgeo.com/api/visa/all/user
2026-08-12 06:30:30 - GeoTravelGlobalLogger - INFO     - [logger.py:345] - API Response: 200
2026-08-12 06:30:30 - GeoTravelGlobalLogger - INFO     - [logger.py:345] -   ✅ Page 1, Items per page: 10
2026-08-12 06:30:30 - GeoTravelGlobalLogger - INFO     - [logger.py:345] - Testing pagination: Page 2, Limit 5
2026-08-12 06:30:30 - GeoTravelGlobalLogger - INFO     - [logger.py:345] - 🔍 _request START - Current self.headers: {'Content-Type': 'application/json', 'Accept': 'application/json', 'X-Client-Type': 'retail', 'Cookie': 'retail_access_token=eyJhbGciOiJIUzI1NiIsInR5cCI6IkpXVCJ9.eyJpZCI6MTUxLCJ1c2VyVHlwZSI6IlJFVEFJTCIsImlhdCI6MTc4NjUxNjIyOSwiZXhwIjoxNzg2NTU5NDI5fQ.NvoDzjJzKkO54KsIH_aVghFU5gMjrQYJjle3lYl_c1I'}
2026-08-12 06:30:30 - GeoTravelGlobalLogger - INFO     - [logger.py:345] - 🔍 _request - kwargs headers: {}
2026-08-12 06:30:30 - GeoTravelGlobalLogger - INFO     - [logger.py:345] - 🔍 _request FINAL headers being sent: {'Content-Type': 'application/json', 'Accept': 'application/json', 'X-Client-Type': 'retail', 'Cookie': 'retail_access_token=eyJhbGciOiJIUzI1NiIsInR5cCI6IkpXVCJ9.eyJpZCI6MTUxLCJ1c2VyVHlwZSI6IlJFVEFJTCIsImlhdCI6MTc4NjUxNjIyOSwiZXhwIjoxNzg2NTU5NDI5fQ.NvoDzjJzKkO54KsIH_aVghFU5gMjrQYJjle3lYl_c1I'}
2026-08-12 06:30:30 - GeoTravelGlobalLogger - INFO     - [logger.py:345] - API Request: GET https://api.stg.gowithgeo.com/api/visa/all/user
2026-08-12 06:30:30 - GeoTravelGlobalLogger - INFO     - [logger.py:345] - API Response: 200
2026-08-12 06:30:30 - GeoTravelGlobalLogger - INFO     - [logger.py:345] -   ✅ Page 2, Items per page: 5
2026-08-12 06:30:30 - GeoTravelGlobalLogger - INFO     - [logger.py:345] - ✅ Saved test-specific logs: reports/logs/src_tests_api_tests_test_visa_api.py_TestVisaEnquiryAPI_test_get_user_visa_applications_pagination_063030.log
2026-08-12 06:30:30 - GeoTravelGlobalLogger - INFO     - [logger.py:345] - Test result added: src/tests/api_tests/test_visa_api.py::TestVisaEnquiryAPI::test_get_user_visa_applications_pagination - PASS (Duration: 0.63s)
2026-08-12 06:30:30 - GeoTravelGlobalLogger - INFO     - [logger.py:345] - Added test result to API SMOKE TEST: src/tests/api_tests/test_visa_api.py::TestVisaEnquiryAPI::test_get_user_visa_applications_pagination - PASS
2026-08-12 06:30:30 - GeoTravelGlobalLogger - INFO     - [logger.py:345] - ✅ TestVisaEnquiryAPI test completed
2026-08-12 06:30:30 - GeoTravelGlobalLogger - INFO     - [logger.py:345] - 🚀 Starting TestVisaEnquiryAPI test
2026-08-12 06:30:30 - GeoTravelGlobalLogger - INFO     - [logger.py:345] - Retrieved credentials from environment for: geo.qa.bot@gmail.com
2026-08-12 06:30:30 - GeoTravelGlobalLogger - INFO     - [logger.py:345] - Attempting login with email: geo.qa.bot@gmail.com
2026-08-12 06:30:30 - GeoTravelGlobalLogger - INFO     - [logger.py:345] - 🔍 _request START - Current self.headers: {'Content-Type': 'application/json', 'Accept': 'application/json', 'X-Client-Type': 'retail'}
2026-08-12 06:30:30 - GeoTravelGlobalLogger - INFO     - [logger.py:345] - 🔍 _request - kwargs headers: {}
2026-08-12 06:30:30 - GeoTravelGlobalLogger - INFO     - [logger.py:345] - 🔍 _request FINAL headers being sent: {'Content-Type': 'application/json', 'Accept': 'application/json', 'X-Client-Type': 'retail'}
2026-08-12 06:30:30 - GeoTravelGlobalLogger - INFO     - [logger.py:345] - API Request: POST https://api.stg.gowithgeo.com/api/auth/login
2026-08-12 06:30:30 - GeoTravelGlobalLogger - INFO     - [logger.py:345] - API Response: 200
2026-08-12 06:30:30 - GeoTravelGlobalLogger - INFO     - [logger.py:345] - Token extracted via cookies (length: 167, valid)
2026-08-12 06:30:30 - GeoTravelGlobalLogger - INFO     - [logger.py:345] - ✅ Auth token set from cookies (Cookie header)
2026-08-12 06:30:30 - GeoTravelGlobalLogger - INFO     - [logger.py:345] - SUCCESS: ✅ Login successful - token set via cookies
2026-08-12 06:30:30 - GeoTravelGlobalLogger - INFO     - [logger.py:345] - SUCCESS: ✅ Authenticated successfully (token length: 167)
2026-08-12 06:30:30 - GeoTravelGlobalLogger - INFO     - [logger.py:345] - ✅ Auth token set from cookies (Cookie header)
2026-08-12 06:30:30 - GeoTravelGlobalLogger - INFO     - [logger.py:345] - ✅ Auth token set from cookies (Cookie header)
2026-08-12 06:30:30 - GeoTravelGlobalLogger - INFO     - [logger.py:345] - === Testing Get Visa Application by ID - With Auth ===
2026-08-12 06:30:30 - GeoTravelGlobalLogger - INFO     - [logger.py:345] - 🔍 _request START - Current self.headers: {'Content-Type': 'application/json', 'Accept': 'application/json', 'X-Client-Type': 'retail', 'Cookie': 'retail_access_token=eyJhbGciOiJIUzI1NiIsInR5cCI6IkpXVCJ9.eyJpZCI6MTUxLCJ1c2VyVHlwZSI6IlJFVEFJTCIsImlhdCI6MTc4NjUxNjIzMCwiZXhwIjoxNzg2NTU5NDMwfQ.WashC6O2Rmv5qHD195UWGfAQrf94EkTtIzbnF0FL264'}
2026-08-12 06:30:30 - GeoTravelGlobalLogger - INFO     - [logger.py:345] - 🔍 _request - kwargs headers: {}
2026-08-12 06:30:30 - GeoTravelGlobalLogger - INFO     - [logger.py:345] - 🔍 _request FINAL headers being sent: {'Content-Type': 'application/json', 'Accept': 'application/json', 'X-Client-Type': 'retail', 'Cookie': 'retail_access_token=eyJhbGciOiJIUzI1NiIsInR5cCI6IkpXVCJ9.eyJpZCI6MTUxLCJ1c2VyVHlwZSI6IlJFVEFJTCIsImlhdCI6MTc4NjUxNjIzMCwiZXhwIjoxNzg2NTU5NDMwfQ.WashC6O2Rmv5qHD195UWGfAQrf94EkTtIzbnF0FL264'}
2026-08-12 06:30:30 - GeoTravelGlobalLogger - INFO     - [logger.py:345] - API Request: GET https://api.stg.gowithgeo.com/api/visa/all/user
2026-08-12 06:30:30 - GeoTravelGlobalLogger - INFO     - [logger.py:345] - API Response: 200
2026-08-12 06:30:30 - GeoTravelGlobalLogger - INFO     - [logger.py:345] - 🔍 _request START - Current self.headers: {'Content-Type': 'application/json', 'Accept': 'application/json', 'X-Client-Type': 'retail', 'Cookie': 'retail_access_token=eyJhbGciOiJIUzI1NiIsInR5cCI6IkpXVCJ9.eyJpZCI6MTUxLCJ1c2VyVHlwZSI6IlJFVEFJTCIsImlhdCI6MTc4NjUxNjIzMCwiZXhwIjoxNzg2NTU5NDMwfQ.WashC6O2Rmv5qHD195UWGfAQrf94EkTtIzbnF0FL264'}
2026-08-12 06:30:30 - GeoTravelGlobalLogger - INFO     - [logger.py:345] - 🔍 _request - kwargs headers: {}
2026-08-12 06:30:30 - GeoTravelGlobalLogger - INFO     - [logger.py:345] - 🔍 _request FINAL headers being sent: {'Content-Type': 'application/json', 'Accept': 'application/json', 'X-Client-Type': 'retail', 'Cookie': 'retail_access_token=eyJhbGciOiJIUzI1NiIsInR5cCI6IkpXVCJ9.eyJpZCI6MTUxLCJ1c2VyVHlwZSI6IlJFVEFJTCIsImlhdCI6MTc4NjUxNjIzMCwiZXhwIjoxNzg2NTU5NDMwfQ.WashC6O2Rmv5qHD195UWGfAQrf94EkTtIzbnF0FL264'}
2026-08-12 06:30:30 - GeoTravelGlobalLogger - INFO     - [logger.py:345] - API Request: GET https://api.stg.gowithgeo.com/api/visa
2026-08-12 06:30:30 - GeoTravelGlobalLogger - INFO     - [logger.py:345] - API Response: 200
2026-08-12 06:30:30 - GeoTravelGlobalLogger - INFO     - [logger.py:345] - SUCCESS: ✅ Successfully retrieved visa application 3919
2026-08-12 06:30:30 - GeoTravelGlobalLogger - INFO     - [logger.py:345] - Response: {'status': 'success', 'message': 'Visa retrieved successful', 'data': {'id': 3919, 'visaCountry': 'QATAR', 'first_name': 'QA Bot', 'last_name': 'GEO', 'travel_date': '2026-08-13', 'email': 'geo.qa.bot@gmail.com', 'phoneNumber': '7080702920', 'nationality': 'Nigeria', 'passportAvailable': 'Yes', 'invoice_id': 4570, 'paymentStatus': 'UNPAID', 'user_id': 151, 'enquiryStatus': 'Submitted', 'message': 'I would like to travel for business purposes', 'amount': 25000, 'agree': True, 'application_id': 'VISA-001093', 'type': 'Tourist', 'appointment_date': None, 'passport_bio_page': None, 'bank_statement': None, 'travel_itinerary': None, 'flight_reservation': None, 'accommodation_proof': None, 'last_updated': '2026-08-12T06:30:24.973Z', 'booking_code': 'GV-MSPPMTMEEB2Q3ZKR', 'createdAt': '2026-08-12T06:30:24.973Z', 'updatedAt': '2026-08-12T06:30:25.501Z'}}
2026-08-12 06:30:30 - GeoTravelGlobalLogger - INFO     - [logger.py:345] - ✅ Saved test-specific logs: reports/logs/src_tests_api_tests_test_visa_api.py_TestVisaEnquiryAPI_test_get_visa_application_by_id_with_auth_063030.log
2026-08-12 06:30:30 - GeoTravelGlobalLogger - INFO     - [logger.py:345] - Test result added: src/tests/api_tests/test_visa_api.py::TestVisaEnquiryAPI::test_get_visa_application_by_id_with_auth - PASS (Duration: 0.43s)
2026-08-12 06:30:30 - GeoTravelGlobalLogger - INFO     - [logger.py:345] - Added test result to API SMOKE TEST: src/tests/api_tests/test_visa_api.py::TestVisaEnquiryAPI::test_get_visa_application_by_id_with_auth - PASS
2026-08-12 06:30:30 - GeoTravelGlobalLogger - INFO     - [logger.py:345] - ✅ TestVisaEnquiryAPI test completed
2026-08-12 06:30:30 - GeoTravelGlobalLogger - INFO     - [logger.py:345] - 🚀 Starting TestVisaEnquiryAPI test
2026-08-12 06:30:30 - GeoTravelGlobalLogger - INFO     - [logger.py:345] - === Testing Get Visa Application by ID - Without Auth ===
2026-08-12 06:30:30 - GeoTravelGlobalLogger - INFO     - [logger.py:345] - 🔍 _request START - Current self.headers: {'Content-Type': 'application/json', 'Accept': 'application/json', 'X-Client-Type': 'retail'}
2026-08-12 06:30:30 - GeoTravelGlobalLogger - INFO     - [logger.py:345] - 🔍 _request - kwargs headers: {}
2026-08-12 06:30:30 - GeoTravelGlobalLogger - INFO     - [logger.py:345] - 🔍 _request FINAL headers being sent: {'Content-Type': 'application/json', 'Accept': 'application/json', 'X-Client-Type': 'retail'}
2026-08-12 06:30:30 - GeoTravelGlobalLogger - INFO     - [logger.py:345] - API Request: GET https://api.stg.gowithgeo.com/api/visa
2026-08-12 06:30:31 - GeoTravelGlobalLogger - INFO     - [logger.py:345] - API Response: 401
2026-08-12 06:30:31 - GeoTravelGlobalLogger - INFO     - [logger.py:345] - SUCCESS: ✅ Unauthenticated access correctly rejected with 401
2026-08-12 06:30:31 - GeoTravelGlobalLogger - INFO     - [logger.py:345] - ✅ Saved test-specific logs: reports/logs/src_tests_api_tests_test_visa_api.py_TestVisaEnquiryAPI_test_get_visa_application_by_id_without_auth_063031.log
2026-08-12 06:30:31 - GeoTravelGlobalLogger - INFO     - [logger.py:345] - Test result added: src/tests/api_tests/test_visa_api.py::TestVisaEnquiryAPI::test_get_visa_application_by_id_without_auth - PASS (Duration: 0.05s)
2026-08-12 06:30:31 - GeoTravelGlobalLogger - INFO     - [logger.py:345] - Added test result to API SMOKE TEST: src/tests/api_tests/test_visa_api.py::TestVisaEnquiryAPI::test_get_visa_application_by_id_without_auth - PASS
2026-08-12 06:30:31 - GeoTravelGlobalLogger - INFO     - [logger.py:345] - ✅ TestVisaEnquiryAPI test completed
2026-08-12 06:30:31 - GeoTravelGlobalLogger - INFO     - [logger.py:345] - 🚀 Starting TestVisaEnquiryAPI test
2026-08-12 06:30:31 - GeoTravelGlobalLogger - INFO     - [logger.py:345] - Retrieved credentials from environment for: geo.qa.bot@gmail.com
2026-08-12 06:30:31 - GeoTravelGlobalLogger - INFO     - [logger.py:345] - Attempting login with email: geo.qa.bot@gmail.com
2026-08-12 06:30:31 - GeoTravelGlobalLogger - INFO     - [logger.py:345] - 🔍 _request START - Current self.headers: {'Content-Type': 'application/json', 'Accept': 'application/json', 'X-Client-Type': 'retail'}
2026-08-12 06:30:31 - GeoTravelGlobalLogger - INFO     - [logger.py:345] - 🔍 _request - kwargs headers: {}
2026-08-12 06:30:31 - GeoTravelGlobalLogger - INFO     - [logger.py:345] - 🔍 _request FINAL headers being sent: {'Content-Type': 'application/json', 'Accept': 'application/json', 'X-Client-Type': 'retail'}
2026-08-12 06:30:31 - GeoTravelGlobalLogger - INFO     - [logger.py:345] - API Request: POST https://api.stg.gowithgeo.com/api/auth/login
2026-08-12 06:30:31 - GeoTravelGlobalLogger - INFO     - [logger.py:345] - API Response: 200
2026-08-12 06:30:31 - GeoTravelGlobalLogger - INFO     - [logger.py:345] - Token extracted via cookies (length: 167, valid)
2026-08-12 06:30:31 - GeoTravelGlobalLogger - INFO     - [logger.py:345] - ✅ Auth token set from cookies (Cookie header)
2026-08-12 06:30:31 - GeoTravelGlobalLogger - INFO     - [logger.py:345] - SUCCESS: ✅ Login successful - token set via cookies
2026-08-12 06:30:31 - GeoTravelGlobalLogger - INFO     - [logger.py:345] - SUCCESS: ✅ Authenticated successfully (token length: 167)
2026-08-12 06:30:31 - GeoTravelGlobalLogger - INFO     - [logger.py:345] - ✅ Auth token set from cookies (Cookie header)
2026-08-12 06:30:31 - GeoTravelGlobalLogger - INFO     - [logger.py:345] - ✅ Auth token set from cookies (Cookie header)
2026-08-12 06:30:31 - GeoTravelGlobalLogger - INFO     - [logger.py:345] - === Testing Complete Visa Flow - With Auth ===
2026-08-12 06:30:31 - GeoTravelGlobalLogger - INFO     - [logger.py:345] - === Flow for FLUTTERWAVE ===
2026-08-12 06:30:31 - GeoTravelGlobalLogger - INFO     - [logger.py:345] - Step 1: Creating visa enquiry...
2026-08-12 06:30:31 - GeoTravelGlobalLogger - INFO     - [logger.py:345] - 🔍 _request START - Current self.headers: {'Content-Type': 'application/json', 'Accept': 'application/json', 'X-Client-Type': 'retail', 'Cookie': 'retail_access_token=eyJhbGciOiJIUzI1NiIsInR5cCI6IkpXVCJ9.eyJpZCI6MTUxLCJ1c2VyVHlwZSI6IlJFVEFJTCIsImlhdCI6MTc4NjUxNjIzMSwiZXhwIjoxNzg2NTU5NDMxfQ.M5ZJbr6dMupG2RUfcTILDq280p_3hiN2RfiBcY34m9E'}
2026-08-12 06:30:31 - GeoTravelGlobalLogger - INFO     - [logger.py:345] - 🔍 _request - kwargs headers: {}
2026-08-12 06:30:31 - GeoTravelGlobalLogger - INFO     - [logger.py:345] - 🔍 _request FINAL headers being sent: {'Content-Type': 'application/json', 'Accept': 'application/json', 'X-Client-Type': 'retail', 'Cookie': 'retail_access_token=eyJhbGciOiJIUzI1NiIsInR5cCI6IkpXVCJ9.eyJpZCI6MTUxLCJ1c2VyVHlwZSI6IlJFVEFJTCIsImlhdCI6MTc4NjUxNjIzMSwiZXhwIjoxNzg2NTU5NDMxfQ.M5ZJbr6dMupG2RUfcTILDq280p_3hiN2RfiBcY34m9E'}
2026-08-12 06:30:31 - GeoTravelGlobalLogger - INFO     - [logger.py:345] - API Request: POST https://api.stg.gowithgeo.com/api/visa/create
2026-08-12 06:30:31 - GeoTravelGlobalLogger - INFO     - [logger.py:345] - API Response: 200
2026-08-12 06:30:31 - GeoTravelGlobalLogger - INFO     - [logger.py:345] - SUCCESS: ✅ Visa enquiry created: ID=3923
2026-08-12 06:30:31 - GeoTravelGlobalLogger - INFO     - [logger.py:345] - Step 2: Verifying visa appears in user's applications...
2026-08-12 06:30:31 - GeoTravelGlobalLogger - INFO     - [logger.py:345] - 🔍 _request START - Current self.headers: {'Content-Type': 'application/json', 'Accept': 'application/json', 'X-Client-Type': 'retail', 'Cookie': 'retail_access_token=eyJhbGciOiJIUzI1NiIsInR5cCI6IkpXVCJ9.eyJpZCI6MTUxLCJ1c2VyVHlwZSI6IlJFVEFJTCIsImlhdCI6MTc4NjUxNjIzMSwiZXhwIjoxNzg2NTU5NDMxfQ.M5ZJbr6dMupG2RUfcTILDq280p_3hiN2RfiBcY34m9E'}
2026-08-12 06:30:31 - GeoTravelGlobalLogger - INFO     - [logger.py:345] - 🔍 _request - kwargs headers: {}
2026-08-12 06:30:31 - GeoTravelGlobalLogger - INFO     - [logger.py:345] - 🔍 _request FINAL headers being sent: {'Content-Type': 'application/json', 'Accept': 'application/json', 'X-Client-Type': 'retail', 'Cookie': 'retail_access_token=eyJhbGciOiJIUzI1NiIsInR5cCI6IkpXVCJ9.eyJpZCI6MTUxLCJ1c2VyVHlwZSI6IlJFVEFJTCIsImlhdCI6MTc4NjUxNjIzMSwiZXhwIjoxNzg2NTU5NDMxfQ.M5ZJbr6dMupG2RUfcTILDq280p_3hiN2RfiBcY34m9E'}
2026-08-12 06:30:31 - GeoTravelGlobalLogger - INFO     - [logger.py:345] - API Request: GET https://api.stg.gowithgeo.com/api/visa/all/user
2026-08-12 06:30:32 - GeoTravelGlobalLogger - INFO     - [logger.py:345] - API Response: 200
2026-08-12 06:30:32 - GeoTravelGlobalLogger - INFO     - [logger.py:345] - SUCCESS: ✅ Visa found in user's applications
2026-08-12 06:30:32 - GeoTravelGlobalLogger - INFO     - [logger.py:345] - Step 3: Initiating payment via FLUTTERWAVE
2026-08-12 06:30:32 - GeoTravelGlobalLogger - INFO     - [logger.py:345] - 🔍 _request START - Current self.headers: {'Content-Type': 'application/json', 'Accept': 'application/json', 'X-Client-Type': 'retail', 'Cookie': 'retail_access_token=eyJhbGciOiJIUzI1NiIsInR5cCI6IkpXVCJ9.eyJpZCI6MTUxLCJ1c2VyVHlwZSI6IlJFVEFJTCIsImlhdCI6MTc4NjUxNjIzMSwiZXhwIjoxNzg2NTU5NDMxfQ.M5ZJbr6dMupG2RUfcTILDq280p_3hiN2RfiBcY34m9E'}
2026-08-12 06:30:32 - GeoTravelGlobalLogger - INFO     - [logger.py:345] - 🔍 _request - kwargs headers: {}
2026-08-12 06:30:32 - GeoTravelGlobalLogger - INFO     - [logger.py:345] - 🔍 _request FINAL headers being sent: {'Content-Type': 'application/json', 'Accept': 'application/json', 'X-Client-Type': 'retail', 'Cookie': 'retail_access_token=eyJhbGciOiJIUzI1NiIsInR5cCI6IkpXVCJ9.eyJpZCI6MTUxLCJ1c2VyVHlwZSI6IlJFVEFJTCIsImlhdCI6MTc4NjUxNjIzMSwiZXhwIjoxNzg2NTU5NDMxfQ.M5ZJbr6dMupG2RUfcTILDq280p_3hiN2RfiBcY34m9E'}
2026-08-12 06:30:32 - GeoTravelGlobalLogger - INFO     - [logger.py:345] - API Request: POST https://api.stg.gowithgeo.com/api/visa/payment
2026-08-12 06:30:32 - GeoTravelGlobalLogger - INFO     - [logger.py:345] - API Response: 200
2026-08-12 06:30:33 - GeoTravelGlobalLogger - INFO     - [logger.py:345] - SUCCESS: ✅ Flutterwave payment link generated and verified
2026-08-12 06:30:33 - GeoTravelGlobalLogger - INFO     - [logger.py:345] - === Flow for MANUAL PAYMENT ===
2026-08-12 06:30:33 - GeoTravelGlobalLogger - INFO     - [logger.py:345] - Step 1: Creating visa enquiry...
2026-08-12 06:30:33 - GeoTravelGlobalLogger - INFO     - [logger.py:345] - 🔍 _request START - Current self.headers: {'Content-Type': 'application/json', 'Accept': 'application/json', 'X-Client-Type': 'retail', 'Cookie': 'retail_access_token=eyJhbGciOiJIUzI1NiIsInR5cCI6IkpXVCJ9.eyJpZCI6MTUxLCJ1c2VyVHlwZSI6IlJFVEFJTCIsImlhdCI6MTc4NjUxNjIzMSwiZXhwIjoxNzg2NTU5NDMxfQ.M5ZJbr6dMupG2RUfcTILDq280p_3hiN2RfiBcY34m9E'}
2026-08-12 06:30:33 - GeoTravelGlobalLogger - INFO     - [logger.py:345] - 🔍 _request - kwargs headers: {}
2026-08-12 06:30:33 - GeoTravelGlobalLogger - INFO     - [logger.py:345] - 🔍 _request FINAL headers being sent: {'Content-Type': 'application/json', 'Accept': 'application/json', 'X-Client-Type': 'retail', 'Cookie': 'retail_access_token=eyJhbGciOiJIUzI1NiIsInR5cCI6IkpXVCJ9.eyJpZCI6MTUxLCJ1c2VyVHlwZSI6IlJFVEFJTCIsImlhdCI6MTc4NjUxNjIzMSwiZXhwIjoxNzg2NTU5NDMxfQ.M5ZJbr6dMupG2RUfcTILDq280p_3hiN2RfiBcY34m9E'}
2026-08-12 06:30:33 - GeoTravelGlobalLogger - INFO     - [logger.py:345] - API Request: POST https://api.stg.gowithgeo.com/api/visa/create
2026-08-12 06:30:33 - GeoTravelGlobalLogger - INFO     - [logger.py:345] - API Response: 200
2026-08-12 06:30:33 - GeoTravelGlobalLogger - INFO     - [logger.py:345] - SUCCESS: ✅ Visa enquiry created: ID=3924
2026-08-12 06:30:33 - GeoTravelGlobalLogger - INFO     - [logger.py:345] - Step 2: Verifying visa appears in user's applications...
2026-08-12 06:30:33 - GeoTravelGlobalLogger - INFO     - [logger.py:345] - 🔍 _request START - Current self.headers: {'Content-Type': 'application/json', 'Accept': 'application/json', 'X-Client-Type': 'retail', 'Cookie': 'retail_access_token=eyJhbGciOiJIUzI1NiIsInR5cCI6IkpXVCJ9.eyJpZCI6MTUxLCJ1c2VyVHlwZSI6IlJFVEFJTCIsImlhdCI6MTc4NjUxNjIzMSwiZXhwIjoxNzg2NTU5NDMxfQ.M5ZJbr6dMupG2RUfcTILDq280p_3hiN2RfiBcY34m9E'}
2026-08-12 06:30:33 - GeoTravelGlobalLogger - INFO     - [logger.py:345] - 🔍 _request - kwargs headers: {}
2026-08-12 06:30:33 - GeoTravelGlobalLogger - INFO     - [logger.py:345] - 🔍 _request FINAL headers being sent: {'Content-Type': 'application/json', 'Accept': 'application/json', 'X-Client-Type': 'retail', 'Cookie': 'retail_access_token=eyJhbGciOiJIUzI1NiIsInR5cCI6IkpXVCJ9.eyJpZCI6MTUxLCJ1c2VyVHlwZSI6IlJFVEFJTCIsImlhdCI6MTc4NjUxNjIzMSwiZXhwIjoxNzg2NTU5NDMxfQ.M5ZJbr6dMupG2RUfcTILDq280p_3hiN2RfiBcY34m9E'}
2026-08-12 06:30:33 - GeoTravelGlobalLogger - INFO     - [logger.py:345] - API Request: GET https://api.stg.gowithgeo.com/api/visa/all/user
2026-08-12 06:30:34 - GeoTravelGlobalLogger - INFO     - [logger.py:345] - API Response: 200
2026-08-12 06:30:34 - GeoTravelGlobalLogger - INFO     - [logger.py:345] - SUCCESS: ✅ Visa found in user's applications
2026-08-12 06:30:34 - GeoTravelGlobalLogger - INFO     - [logger.py:345] - Step 3: Initiating payment via MANUAL PAYMENT
2026-08-12 06:30:34 - GeoTravelGlobalLogger - INFO     - [logger.py:345] - 🔍 _request START - Current self.headers: {'Content-Type': 'application/json', 'Accept': 'application/json', 'X-Client-Type': 'retail', 'Cookie': 'retail_access_token=eyJhbGciOiJIUzI1NiIsInR5cCI6IkpXVCJ9.eyJpZCI6MTUxLCJ1c2VyVHlwZSI6IlJFVEFJTCIsImlhdCI6MTc4NjUxNjIzMSwiZXhwIjoxNzg2NTU5NDMxfQ.M5ZJbr6dMupG2RUfcTILDq280p_3hiN2RfiBcY34m9E'}
2026-08-12 06:30:34 - GeoTravelGlobalLogger - INFO     - [logger.py:345] - 🔍 _request - kwargs headers: {}
2026-08-12 06:30:34 - GeoTravelGlobalLogger - INFO     - [logger.py:345] - 🔍 _request FINAL headers being sent: {'Content-Type': 'application/json', 'Accept': 'application/json', 'X-Client-Type': 'retail', 'Cookie': 'retail_access_token=eyJhbGciOiJIUzI1NiIsInR5cCI6IkpXVCJ9.eyJpZCI6MTUxLCJ1c2VyVHlwZSI6IlJFVEFJTCIsImlhdCI6MTc4NjUxNjIzMSwiZXhwIjoxNzg2NTU5NDMxfQ.M5ZJbr6dMupG2RUfcTILDq280p_3hiN2RfiBcY34m9E'}
2026-08-12 06:30:34 - GeoTravelGlobalLogger - INFO     - [logger.py:345] - API Request: POST https://api.stg.gowithgeo.com/api/visa/payment
2026-08-12 06:30:34 - GeoTravelGlobalLogger - INFO     - [logger.py:345] - API Response: 200
2026-08-12 06:30:34 - GeoTravelGlobalLogger - INFO     - [logger.py:345] - SUCCESS: ✅ Manual payment correctly returned no payment link
2026-08-12 06:30:34 - GeoTravelGlobalLogger - INFO     - [logger.py:345] - SUCCESS: 🎉 Complete visa flow test passed for BOTH payment methods
2026-08-12 06:30:34 - GeoTravelGlobalLogger - INFO     - [logger.py:345] - ✅ Saved test-specific logs: reports/logs/src_tests_api_tests_test_visa_api.py_TestVisaEnquiryAPI_test_complete_visa_flow_with_auth_063034.log
2026-08-12 06:30:34 - GeoTravelGlobalLogger - INFO     - [logger.py:345] - Test result added: src/tests/api_tests/test_visa_api.py::TestVisaEnquiryAPI::test_complete_visa_flow_with_auth - PASS (Duration: 3.30s)
2026-08-12 06:30:34 - GeoTravelGlobalLogger - INFO     - [logger.py:345] - Added test result to API SMOKE TEST: src/tests/api_tests/test_visa_api.py::TestVisaEnquiryAPI::test_complete_visa_flow_with_auth - PASS
2026-08-12 06:30:34 - GeoTravelGlobalLogger - INFO     - [logger.py:345] - ✅ TestVisaEnquiryAPI test completed
2026-08-12 06:30:34 - GeoTravelGlobalLogger - INFO     - [logger.py:345] - 🚀 Starting TestVisaEnquiryAPI test
2026-08-12 06:30:34 - GeoTravelGlobalLogger - INFO     - [logger.py:345] - === Testing Complete Visa Flow - WITHOUT Auth ===
2026-08-12 06:30:34 - GeoTravelGlobalLogger - INFO     - [logger.py:345] - --- Flow for FLUTTERWAVE ---
2026-08-12 06:30:34 - GeoTravelGlobalLogger - INFO     - [logger.py:345] - 🔍 _request START - Current self.headers: {'Content-Type': 'application/json', 'Accept': 'application/json', 'X-Client-Type': 'retail'}
2026-08-12 06:30:34 - GeoTravelGlobalLogger - INFO     - [logger.py:345] - 🔍 _request - kwargs headers: {}
2026-08-12 06:30:34 - GeoTravelGlobalLogger - INFO     - [logger.py:345] - 🔍 _request FINAL headers being sent: {'Content-Type': 'application/json', 'Accept': 'application/json', 'X-Client-Type': 'retail'}
2026-08-12 06:30:34 - GeoTravelGlobalLogger - INFO     - [logger.py:345] - API Request: POST https://api.stg.gowithgeo.com/api/visa/create
2026-08-12 06:30:34 - GeoTravelGlobalLogger - INFO     - [logger.py:345] - API Response: 200
2026-08-12 06:30:34 - GeoTravelGlobalLogger - INFO     - [logger.py:345] - SUCCESS: ✅ Visa enquiry created: ID=3925, User ID=None
2026-08-12 06:30:34 - GeoTravelGlobalLogger - INFO     - [logger.py:345] - 🔍 _request START - Current self.headers: {'Content-Type': 'application/json', 'Accept': 'application/json', 'X-Client-Type': 'retail'}
2026-08-12 06:30:34 - GeoTravelGlobalLogger - INFO     - [logger.py:345] - 🔍 _request - kwargs headers: {}
2026-08-12 06:30:34 - GeoTravelGlobalLogger - INFO     - [logger.py:345] - 🔍 _request FINAL headers being sent: {'Content-Type': 'application/json', 'Accept': 'application/json', 'X-Client-Type': 'retail'}
2026-08-12 06:30:34 - GeoTravelGlobalLogger - INFO     - [logger.py:345] - API Request: GET https://api.stg.gowithgeo.com/api/visa/all/user
2026-08-12 06:30:34 - GeoTravelGlobalLogger - INFO     - [logger.py:345] - API Response: 401
2026-08-12 06:30:34 - GeoTravelGlobalLogger - INFO     - [logger.py:345] - SUCCESS: ✅ Unauthenticated access correctly rejected (401)
2026-08-12 06:30:34 - GeoTravelGlobalLogger - INFO     - [logger.py:345] - 🔍 _request START - Current self.headers: {'Content-Type': 'application/json', 'Accept': 'application/json', 'X-Client-Type': 'retail'}
2026-08-12 06:30:34 - GeoTravelGlobalLogger - INFO     - [logger.py:345] - 🔍 _request - kwargs headers: {}
2026-08-12 06:30:34 - GeoTravelGlobalLogger - INFO     - [logger.py:345] - 🔍 _request FINAL headers being sent: {'Content-Type': 'application/json', 'Accept': 'application/json', 'X-Client-Type': 'retail'}
2026-08-12 06:30:34 - GeoTravelGlobalLogger - INFO     - [logger.py:345] - API Request: POST https://api.stg.gowithgeo.com/api/visa/payment
2026-08-12 06:30:35 - GeoTravelGlobalLogger - INFO     - [logger.py:345] - API Response: 200
2026-08-12 06:30:35 - GeoTravelGlobalLogger - INFO     - [logger.py:345] - SUCCESS: ✅ Flutterwave payment link generated and verified without auth
2026-08-12 06:30:35 - GeoTravelGlobalLogger - INFO     - [logger.py:345] - --- Flow for MANUAL PAYMENT ---
2026-08-12 06:30:35 - GeoTravelGlobalLogger - INFO     - [logger.py:345] - 🔍 _request START - Current self.headers: {'Content-Type': 'application/json', 'Accept': 'application/json', 'X-Client-Type': 'retail'}
2026-08-12 06:30:35 - GeoTravelGlobalLogger - INFO     - [logger.py:345] - 🔍 _request - kwargs headers: {}
2026-08-12 06:30:35 - GeoTravelGlobalLogger - INFO     - [logger.py:345] - 🔍 _request FINAL headers being sent: {'Content-Type': 'application/json', 'Accept': 'application/json', 'X-Client-Type': 'retail'}
2026-08-12 06:30:35 - GeoTravelGlobalLogger - INFO     - [logger.py:345] - API Request: POST https://api.stg.gowithgeo.com/api/visa/create
2026-08-12 06:30:36 - GeoTravelGlobalLogger - INFO     - [logger.py:345] - API Response: 200
2026-08-12 06:30:36 - GeoTravelGlobalLogger - INFO     - [logger.py:345] - SUCCESS: ✅ Visa enquiry created: ID=3926, User ID=None
2026-08-12 06:30:36 - GeoTravelGlobalLogger - INFO     - [logger.py:345] - 🔍 _request START - Current self.headers: {'Content-Type': 'application/json', 'Accept': 'application/json', 'X-Client-Type': 'retail'}
2026-08-12 06:30:36 - GeoTravelGlobalLogger - INFO     - [logger.py:345] - 🔍 _request - kwargs headers: {}
2026-08-12 06:30:36 - GeoTravelGlobalLogger - INFO     - [logger.py:345] - 🔍 _request FINAL headers being sent: {'Content-Type': 'application/json', 'Accept': 'application/json', 'X-Client-Type': 'retail'}
2026-08-12 06:30:36 - GeoTravelGlobalLogger - INFO     - [logger.py:345] - API Request: GET https://api.stg.gowithgeo.com/api/visa/all/user
2026-08-12 06:30:36 - GeoTravelGlobalLogger - INFO     - [logger.py:345] - API Response: 401
2026-08-12 06:30:36 - GeoTravelGlobalLogger - INFO     - [logger.py:345] - SUCCESS: ✅ Unauthenticated access correctly rejected (401)
2026-08-12 06:30:36 - GeoTravelGlobalLogger - INFO     - [logger.py:345] - 🔍 _request START - Current self.headers: {'Content-Type': 'application/json', 'Accept': 'application/json', 'X-Client-Type': 'retail'}
2026-08-12 06:30:36 - GeoTravelGlobalLogger - INFO     - [logger.py:345] - 🔍 _request - kwargs headers: {}
2026-08-12 06:30:36 - GeoTravelGlobalLogger - INFO     - [logger.py:345] - 🔍 _request FINAL headers being sent: {'Content-Type': 'application/json', 'Accept': 'application/json', 'X-Client-Type': 'retail'}
2026-08-12 06:30:36 - GeoTravelGlobalLogger - INFO     - [logger.py:345] - API Request: POST https://api.stg.gowithgeo.com/api/visa/payment
2026-08-12 06:30:36 - GeoTravelGlobalLogger - INFO     - [logger.py:345] - API Response: 200
2026-08-12 06:30:36 - GeoTravelGlobalLogger - INFO     - [logger.py:345] - SUCCESS: ✅ Manual payment initialized without auth: Amount=25000, Reference=b707c9ec-4c68-4e63-be3f-af192a42c064
2026-08-12 06:30:36 - GeoTravelGlobalLogger - INFO     - [logger.py:345] - SUCCESS: ✅ Complete visa flow without auth test passed for BOTH payment methods
2026-08-12 06:30:36 - GeoTravelGlobalLogger - INFO     - [logger.py:345] - ✅ Saved test-specific logs: reports/logs/src_tests_api_tests_test_visa_api.py_TestVisaEnquiryAPI_test_complete_visa_flow_without_auth_063036.log
